filename,hotspot,hotspots
imgFC366_png.rf.e05ed1662a22653a1c5c6abb3ed77b0f.jpg,1,0
imgFC233_png.rf.d727995f60121475b5e75f1c0a969a8f.jpg,1,0
imgFC772_png.rf.1e2c188e13835c5f943f7b6dea2c2e78.jpg,1,0
imgFC899_png.rf.89ec003bb34319902d56efc00d4e2889.jpg,1,0
imgFC677_png.rf.59feff7346edead781b9e1f766b34ce9.jpg,1,0
imgFC313_png.rf.da3c43f9fb0c2979993c14493a7e500b.jpg,1,0
imgFC233_png.rf.29e376b52ed6f5a56f095503717edda0.jpg,1,0
imgFC222_png.rf.1301f5cdafa7938e73a8d9f4f158d56f.jpg,1,0
imgFC91_png.rf.f0b5b4b1f908bf5f4c677796aee4dbdc.jpg,1,0
imgFC78_png.rf.931279a6cd34790ac4c8969f617a50aa.jpg,1,0
imgFC525_png.rf.63139bc7478b5580ffd18560a6df5e05.jpg,1,0
imgFC366_png.rf.4336072de2f080ef17370fa40ac0c33d.jpg,1,0
imgFC233_png.rf.8d1a47a19f7e830bbaafcf3257c7f036.jpg,1,0
imgFC258_png.rf.4f4d589b5e818b92370cfead8645b617.jpg,1,0
imgFC715_png.rf.f523cbf48a564c06aac75af23a9bad9e.jpg,1,0
imgFC23_png.rf.cdb340cac9fddf9dcd83096236ea5329.jpg,1,0
imgFC880_png.rf.7bf00709ebad19fb0665f5c08a5a915c.jpg,1,0
imgFC625_png.rf.d450a83aba77d6a15ce97208604ba473.jpg,1,0
imgFC478_png.rf.0308f74cb7c700a5c52ebaf9b502142f.jpg,1,0
imgFC274_png.rf.0c0920fb1cd6d23eed01f627896161e8.jpg,1,0
imgFC715_png.rf.fe27f61ab4a6e437f2caef7bc0bbf6b1.jpg,1,0
imgFC714_png.rf.9692f0b5542468deebfdef76362f401b.jpg,1,0
imgFC870_png.rf.ea832f09871e035fc95ff1db7307e685.jpg,1,0
imgFC185_png.rf.8181b91a8d2de158cb03d454ac3b806c.jpg,1,0
imgFC203_png.rf.1acfbd10a6c36c6e244bccc754154a3c.jpg,1,0
imgFC313_png.rf.ba157387486adb54877730e62ac5aec0.jpg,1,0
imgFC755_png.rf.96474fe5274068bb3e20287ca883fe34.jpg,1,0
imgFC907_png.rf.412fdbc26ecc2b8c0f24b06490cf41fa.jpg,1,0
imgFC304_png.rf.7f5ca9e50f64fdf937e267dd3650daab.jpg,1,0
imgFC520_png.rf.4e23f708bfa29eea0fa730ee9cd93f59.jpg,1,0
imgFC570_png.rf.2640b462fa8beb0a34ae6bc8dbd22c31.jpg,1,0
imgFC714_png.rf.d5afdc6b821daf1ae9a403bb0f42e3e7.jpg,1,0
imgFC982_png.rf.798761571f1f4938ca5d0c8ab2a6b202.jpg,1,0
imgFC755_png.rf.d2e52b658ac8c71534645990539a51f2.jpg,1,0
imgFC875_png.rf.c9068373aeed64613499faa520dc2245.jpg,1,0
imgFC74_png.rf.01469bd486648e61676a6fa8dc306253.jpg,1,0
imgFC150_png.rf.e2ed3d13cba991d3aba87101943f9be8.jpg,1,0
imgFC875_png.rf.62bbd180f845a7670950d8ce0b2580de.jpg,1,0
imgFC865_png.rf.8d6ab53eecf5f14deb3d74ee4d88240f.jpg,1,0
imgFC222_png.rf.1e3dcac2ebc5773a3136f58e635b442d.jpg,1,0
imgFC1000_png.rf.8b66654f025ddc5e069277271534f414.jpg,1,0
imgFC74_png.rf.232e678cdeb37503825ef9ea1b5a39e8.jpg,1,0
imgFC766_png.rf.080122802f8d274c3adef30348be964b.jpg,1,0
imgFC759_png.rf.cea8cdef9c25fd8b37de5446a2410bbd.jpg,1,0
imgFC280_png.rf.942319a5f2fed4a1993fd9fac8caa10b.jpg,1,0
imgFC575_png.rf.2f2a896a95b49316d7b1d6db14b9b89f.jpg,1,0
imgFC870_png.rf.1f78f869ed9ac3815021a957f03e8418.jpg,1,0
imgFC894_png.rf.69839b752735f3dc8b8fa75f03764cb9.jpg,1,0
imgFC295_png.rf.ccd38803fdb0e5206b4b9c5f56817003.jpg,1,0
imgFC865_png.rf.84570ae54647d3feeaad4246aa62d6cf.jpg,1,0
imgFC982_png.rf.31101331e46ceeaae166931ee2fd878a.jpg,1,0
imgFC366_png.rf.e8731a01684b2aa50db60c280e6cfc6c.jpg,1,0
imgFC993_png.rf.60414bb1949750929fbb7e9f8d9ce053.jpg,1,0
imgFC575_png.rf.648eca45ce137258e033cc0eb7f092b6.jpg,1,0
imgFC1000_png.rf.9fe81b8ff19993445612bfeff788cc11.jpg,1,0
imgFC338_png.rf.3eccb221d20f899fd8c599b4c0292a09.jpg,1,0
imgFC192_png.rf.384d4a602a0becef8270dcd8dfc3b11b.jpg,1,0
imgFC919_png.rf.1638cb7e93252336c93603277234c8ed.jpg,1,0
imgFC246_png.rf.4b2f11dd762178d8f1495355dd615610.jpg,1,0
imgFC280_png.rf.21fd2a1fcfd3e9ee1214046d9579c57c.jpg,1,0
imgFC620_png.rf.a80ae3ccd57705ebfdeecd6e086a8957.jpg,1,0
imgFC1004_png.rf.44d08b566f0a494fe66426e3cd87678b.jpg,1,0
imgFC941_png.rf.9669489131bed4420eee36e8d900ea9b.jpg,1,0
imgFC312_png.rf.8f092c1678fd61c540e9cea9c2ce71bd.jpg,1,0
imgFC124_png.rf.3f0db77c20352e2e80ac489e0ae5477a.jpg,1,0
imgFC774_png.rf.13f4208747e24a51f17f66edad75e434.jpg,1,0
imgFC705_png.rf.744ae6fe55ae64ddaf5ce86fb2c4fd24.jpg,1,0
imgFC473_png.rf.4b8343114b070ed3e1808f48989d9bee.jpg,1,0
imgFC677_png.rf.431b4d339276200e8bae5c8f2f5286b2.jpg,1,0
imgFC185_png.rf.322e05250e2cd899cd28adaee1ca5a72.jpg,1,0
imgFC129_png.rf.12b9b2271edac51a6923e41425f1588b.jpg,1,0
imgFC691_png.rf.af31af2e221c3ecc87e7b7a3f28ea9ac.jpg,1,0
imgFC352_png.rf.48a20e6c5c16e64dcd58685f5955cd68.jpg,1,0
imgFC171_png.rf.670396752092390d39a5295b4a90772c.jpg,1,0
imgFC700_png.rf.6f2d49bc99090ca4798151fabbcc1901.jpg,1,0
imgFC835_png.rf.a31b2fd272e3f6b770a5292197d94200.jpg,1,0
imgFC624_png.rf.9ae30686c1dd8cb80cc1dfd658aacead.jpg,1,0
imgFC719_png.rf.87e3f9657c75d358e572fe6dcb320540.jpg,1,0
imgFC253_png.rf.b0174e3e4d0794ef5b70e7685c2eb9e1.jpg,1,0
imgFC503_png.rf.b54df34aacd92c2ab584c9baa00782aa.jpg,1,0
imgFC899_png.rf.478e84fd42dbd0592e4103b97b9b284c.jpg,1,0
imgFC978_png.rf.0108edafa4e4dd72d0d563f714f66c4c.jpg,1,0
imgFC42_png.rf.3675eb2c7b6321c84abc48136e45762c.jpg,1,0
imgFC347_png.rf.090da391457eafdbdf83f2f8aca2e365.jpg,1,0
imgFC309_png.rf.779b828a25caf090ae293241627b0762.jpg,1,0
imgFC668_png.rf.84235d9698b4c7e41c7ad00831bcbc5e.jpg,1,0
imgFC698_png.rf.72e982b80df06f9eafbae10abf973417.jpg,1,0
imgFC907_png.rf.b7682068c90407a7a5a82fb6f62b3546.jpg,1,0
imgFC847_png.rf.6e5c3adebbe0241484ff27e233a28ac9.jpg,1,0
imgFC672_png.rf.d9ab8c2060011378edb75a981732bd1f.jpg,1,0
imgFC637_png.rf.cae3e78c9633de26c9ff437048dd7a9b.jpg,1,0
imgFC730_png.rf.6859ea4e97fb4531c9ca42aaf8c335de.jpg,1,0
imgFC23_png.rf.faeee184ef9ab001f03648a3e5367a38.jpg,1,0
imgFC397_png.rf.86460fdd5c78dac7654718fa0afb7d1d.jpg,1,0
imgFC993_png.rf.1feb4e445344d32fde1cc33c38959cd3.jpg,1,0
imgFC67_png.rf.8ab492944658cd5551f101308c7a21d4.jpg,1,0
imgFC166_png.rf.6f263471703dbda778a654b2e407e146.jpg,1,0
imgFC332_png.rf.d0a531047f7b878e87bb379b377398e5.jpg,1,0
imgFC269_png.rf.e31aede7e64737c8048aea993c81330e.jpg,1,0
imgFC782_png.rf.221635a4355f65cfe168b6f860af7261.jpg,1,0
imgFC22_png.rf.a600904eec843d17cbaf5353c2e7791e.jpg,1,0
imgFC570_png.rf.e5728f8ba7dab13937fa67cf23a2fe98.jpg,1,0
imgFC625_png.rf.1fd9b11bd881f78db9d3943f1dec5475.jpg,1,0
imgFC860_png.rf.723365da68356a710227e8e9755aa859.jpg,1,0
imgFC703_png.rf.41971fb6f8779c9d6aec2e87255977a4.jpg,1,0
imgFC25_png.rf.29b79f7683d63bdf4538bfa825e1d4cd.jpg,1,0
imgFC524_png.rf.0800fedd89f48ec96eaf2bcb1f7a13bd.jpg,1,0
imgFC85_png.rf.da8f56eb1b7a32c2c8db500df2bec199.jpg,1,0
imgFC912_png.rf.ac872e976c47b7f3d6f79e429096e706.jpg,1,0
imgFC430_png.rf.da916bad398f7a5a8decdade02109680.jpg,1,0
imgFC620_png.rf.45a591cc63910a89e9aef3c44a5ab9e9.jpg,1,0
imgFC676_png.rf.a27cd2ec3c39a0208a3642eb02bf3b94.jpg,1,0
imgFC445_png.rf.aca8c1acb2251ce4381f145b9e098486.jpg,1,0
imgFC192_png.rf.e6b9fbf148fe34e60e216a437ed9f785.jpg,1,0
imgFC246_png.rf.4cf018332bab39683cf5ab74f1498c7d.jpg,1,0
imgFC1002_png.rf.68484ee35edd9bc086e36399f0dc4404.jpg,1,0
imgFC417_png.rf.8dc0da6c0912b239bbdd384e9267093e.jpg,1,0
imgFC555_png.rf.35c7a8b645aa5a77362aa0893d7d98e4.jpg,1,0
imgFC432_png.rf.a525b8373dc6f030ec6510061a87c135.jpg,1,0
imgFC276_png.rf.8b359272f301ba4c6cb165e6197cd70d.jpg,1,0
imgFC755_png.rf.7aa9a07e755cbc30da269a636ae563b8.jpg,1,0
imgFC493_png.rf.1a1cb166250318e1a16298fea582a16e.jpg,1,0
imgFC104_png.rf.2613140f31e5b8f29a6a47363a15368b.jpg,1,0
imgFC520_png.rf.8bd676c4d4df0e6abba207024c1779fb.jpg,1,0
imgFC317_png.rf.af1c8a9e260e9078e209401633e4ade1.jpg,1,0
imgFC721_png.rf.b2dcdc70ed6253b81d92f30cc206ca39.jpg,1,0
imgFC426_png.rf.34d6bd3c65006f59f6077bc267701343.jpg,1,0
imgFC104_png.rf.b2a20e03a0ab16265e468beaaea05784.jpg,1,0
imgFC432_png.rf.d887edeb9f120beffacf72e476e29b38.jpg,1,0
imgFC500_png.rf.625bb5d5313f4025ca9630b7de38bf32.jpg,1,0
imgFC276_png.rf.dca1f18a8ef1318a36129d4ddcdce651.jpg,1,0
imgFC721_png.rf.931ebc21eb5fb54f06ea3b8da10d2223.jpg,1,0
imgFC57_png.rf.be00d23fcf0a6603ac067de65cba299a.jpg,1,0
imgFC22_png.rf.8b282675d08810c4cfa034e5a559647a.jpg,1,0
imgFC500_png.rf.b603d8dfa7219073755e3b3e57be7db2.jpg,1,0
imgFC676_png.rf.fdbf51e3c582a1ddf5d6102fcac8636b.jpg,1,0
imgFC705_png.rf.6ea669e2b7948220c47a2d9d91e59917.jpg,1,0
imgFC274_png.rf.957324da8343cbcf8f4e645483556fba.jpg,1,0
imgFC166_png.rf.463df5ac034757a8b4f0cd53dacc7d96.jpg,1,0
imgFC253_png.rf.7c1591d1fb1809e68419e9ba3a27e2d0.jpg,1,0
imgFC912_png.rf.b843611f02f68341946427b0aa257496.jpg,1,0
imgFC637_png.rf.dbc2871510dc9e37d4a519e0114be204.jpg,1,0
imgFC397_png.rf.2bbe536468f869e8ad23bccaf2036edd.jpg,1,0
imgFC821_png.rf.3e8d68296f0f431404c88ca4791e705f.jpg,1,0
imgFC417_png.rf.bb4c149ceeb0c1aff344e2e7cd2d32ea.jpg,1,0
imgFC760_png.rf.d4fafe3863d263d7d10238812bb1c29f.jpg,1,0
imgFC1004_png.rf.744db3046cb8909b117ba1a9ed2bf5ef.jpg,1,0
imgFC625_png.rf.88cd959265e36d135fe4de7736e8b574.jpg,1,0
imgFC332_png.rf.062a49f2e9ebc055f6e2c693a1981142.jpg,1,0
imgFC119_png.rf.d197aca52989cc2ee2acf4c561bb6f33.jpg,1,0
imgFC500_png.rf.95f72151783f4d377ad0e477513d38b8.jpg,1,0
imgFC309_png.rf.ff30f7c71a239305b89318b222896742.jpg,1,0
imgFC129_png.rf.565632056a65795609b55c27a19ddfdd.jpg,1,0
imgFC119_png.rf.5853e4594567c36fd0a14cd4aaa96d13.jpg,1,0
imgFC85_png.rf.02d6f883a3064e4313c6b352a6ecfd51.jpg,1,0
imgFC309_png.rf.d77ab44c9a7d569ea32cd803b4a80e2f.jpg,1,0
imgFC885_png.rf.e3137b5ad6c049ac831f0d06b881a5c1.jpg,1,0
imgFC276_png.rf.df9c175ec7c0457721259f56d9db2f7c.jpg,1,0
imgFC860_png.rf.9992873d3531053043e65aaaa7ca5609.jpg,1,0
imgFC295_png.rf.1d5cfbd2a3cc9fed252bff5e8b263622.jpg,1,0
imgFC570_png.rf.f239dec9638241b4069e3e94d11d370b.jpg,1,0
imgFC703_png.rf.95302d1511f2b792aa0da5ca503a55f3.jpg,1,0
imgFC332_png.rf.47108c464a5490b53b064b8979eae9e8.jpg,1,0
imgFC246_png.rf.880053e594cb2b6e7407ec3d5eedfe68.jpg,1,0
imgFC620_png.rf.b5a5c836105bfc96c1865c447cb21d9b.jpg,1,0
imgFC821_png.rf.8aaa032a0319a5b2625f880ea5ae9973.jpg,1,0
imgFC67_png.rf.1406b6a634ff26713c1bcc628c457e4c.jpg,1,0
imgFC672_png.rf.3338ae0fb2271a696b6f41fc4bfb8fbd.jpg,1,0
imgFC672_png.rf.4b3985360392f8cd2451135d60dbf88a.jpg,1,0
imgFC269_png.rf.7005970cf44a94680f6eb13894e4613b.jpg,1,0
imgFC993_png.rf.9dfdf0c0aadce4b33468f67cebb95a9e.jpg,1,0
imgFC253_png.rf.9c7e9187cf7843ffdbe7f465ce44cf92.jpg,1,0
imgFC124_png.rf.1dd0e480bbf6c124a7b60d1bbe92ca71.jpg,1,0
imgFC67_png.rf.20f175f873ec500354f23e1232b15bcc.jpg,1,0
imgFC721_png.rf.95501b643b6fd1203213fb3f766b413d.jpg,1,0
imgFC503_png.rf.cb04c94877ad8df086a72d9846a4ec67.jpg,1,0
imgFC794_png.rf.2dcd425b51e99054f0251b3fa502db18.jpg,1,0
imgFC99_png.rf.2034b2fdc8ef24ad26d6b5ab48b09540.jpg,1,0
imgFC520_png.rf.b9ca6028166bb67223a447317b4502c0.jpg,1,0
imgFC323_png.rf.25a27c4a821d935578bc23b82f8a69b0.jpg,1,0
imgFC397_png.rf.aad6143a54cd9061b96de076bcf1b776.jpg,1,0
imgFC700_png.rf.ea92f27ae4945b2908d05f184eefb8a3.jpg,1,0
imgFC958_png.rf.25a6aa375d37cadad042fe38229c654c.jpg,1,0
imgFC823_png.rf.8e90a86d76684e2abea671fcdae16103.jpg,1,0
imgFC590_png.rf.513dfa0041a17588dfc4b61ed79394dd.jpg,1,0
imgFC691_png.rf.b798a90c154cca0e1bb798cf97b4c2ba.jpg,1,0
imgFC1004_png.rf.25cafa8a67851ba777d7688e6516c1d6.jpg,1,0
imgFC637_png.rf.85d7b216cb14538a7b6b210829ad65e9.jpg,1,0
imgFC821_png.rf.29e9aac1e965a3e19955894de0e7ca7a.jpg,1,0
imgFC860_png.rf.b286b5ce6e56b8d06ac4a8dfa6abc9eb.jpg,1,0
imgFC192_png.rf.baeddf27433f3f4fce3137948a3cf9d0.jpg,1,0
imgFC907_png.rf.1a0cdf1874fba73957cd9824116bd8d3.jpg,1,0
imgFC85_png.rf.5ef41649ef97b03c4a6e80fb76e91532.jpg,1,0
imgFC119_png.rf.d1a5e0be6ca988ef58c5feb6c22c6a27.jpg,1,0
imgFC166_png.rf.cfbc47247b6af9dc82be9b229a4ba30b.jpg,1,0
imgFC766_png.rf.d233f330116cc85fab088df728066247.jpg,1,0
imgFC1002_png.rf.3ace519756acb34277a3ed2e8affdcfc.jpg,1,0
imgFC22_png.rf.ac7328c57b06033267b3380954ab66f5.jpg,1,0
imgFC719_png.rf.61599eb891dda7a1155ea7dd16370df0.jpg,1,0
imgFC943_png.rf.05f2edd25fb663d1a258ce2d5ead0dab.jpg,1,0
imgFC312_png.rf.2429393485a8a8d13f0e7e8564569e6a.jpg,1,0
imgFC941_png.rf.57dd02bce6413c9f85b7ce8fc7b5eb8d.jpg,1,0
imgFC124_png.rf.434abece8a2f7a5b5313864088f3467e.jpg,1,0
imgFC903_png.rf.b1682ef5fa5a32536617a891e07fdb20.jpg,1,0
imgFC318_png.rf.9fe987920bc0ef67113607bdec7b6107.jpg,1,0
imgFC129_png.rf.5fd86f224c3b02b9fbb056f6ddfbccab.jpg,1,0
imgFC1002_png.rf.1dd90348c8fab5934bebb628dc0c288c.jpg,1,0
imgFC432_png.rf.7d7338cf256c5219af8243c4bc5097c9.jpg,1,0
imgFC624_png.rf.a44e73f4643dc6103aaa73a41f4261db.jpg,1,0
imgFC104_png.rf.f0f63cfc82e189e3f2710ae4636d47fa.jpg,1,0
imgFC847_png.rf.bcab6518ff7d351097efe7f205f8197e.jpg,1,0
imgFC794_png.rf.202f9252739c057c1048f09f9a648d65.jpg,1,0
imgFC117_png.rf.b32d7ef3febcfa9761015bbd5ec4f9ec.jpg,1,0
imgFC430_png.rf.dd65812704a9e63ef32901da7f3f69ca.jpg,1,0
imgFC590_png.rf.8f867049754a2a11098b92cf8c492c3c.jpg,1,0
imgFC676_png.rf.ec25fde8109ae09cbd02db5642459726.jpg,1,0
imgFC53_png.rf.a3a45e31a63ac192fbe4c07e0cf9e8eb.jpg,1,0
imgFC705_png.rf.fbdfe1db145a624bf64858ac3ce3044d.jpg,1,0
imgFC958_png.rf.cf5440ad180d13fe41b7d1a3b350dc44.jpg,1,0
imgFC703_png.rf.8fb573751d428c6065b29df52324346a.jpg,1,0
imgFC782_png.rf.6799e21ad21b6b4fe5c0c396ec7dfd54.jpg,1,0
imgFC524_png.rf.eb6e951fd4e2fdc933ad5a33ada6bde0.jpg,1,0
imgFC25_png.rf.376b1209c10896a6cb560dfd2267d41a.jpg,1,0
imgFC42_png.rf.5471e5b075d43e912140d379616638fa.jpg,1,0
imgFC668_png.rf.8967c6d5e520295c4943fffb3812ca0e.jpg,1,0
imgFC493_png.rf.e808a7ba1e885431706f6866b3036afa.jpg,1,0
imgFC919_png.rf.9541e9691c45bea1775ea04b25db5c0e.jpg,1,0
imgFC99_png.rf.33c3ecf270e611de25414462a4c29e68.jpg,1,0
imgFC759_png.rf.ad9bc3e55d93e38c3b6582e25f393507.jpg,1,0
imgFC323_png.rf.c0daae0d71e6d20be1bc3c24e0d8e4a8.jpg,1,0
imgFC171_png.rf.f10718d317015f5ce09aff2d276d53a7.jpg,1,0
imgFC347_png.rf.eed072f0a96a291991ab1b34a4ca02a5.jpg,1,0
imgFC445_png.rf.90d11639a1e65a4f909162c55d5a61c4.jpg,1,0
imgFC760_png.rf.bc2be650d20762f9ceb3f579e8b8464c.jpg,1,0
imgFC445_png.rf.fd46dc8a99e5a5193ebef250afc725ca.jpg,1,0
imgFC782_png.rf.27c73801dd87b72cd26739f75e330475.jpg,1,0
imgFC169_png.rf.68aee2154579505c80860c54bcb365dc.jpg,1,0
imgFC978_png.rf.f2160c87ab9eabc8f783cfe4b1c629c6.jpg,1,0
imgFC391_png.rf.75ce01e61f2492a55ccee7a0efdb9e6e.jpg,1,0
imgFC430_png.rf.c4b7a141d88b22ac77b23be219b304ba.jpg,1,0
imgFC473_png.rf.6218696488d70cb9253229cfb92ff006.jpg,1,0
imgFC668_png.rf.a5cf70c694ad9544dc70bb698ea5989e.jpg,1,0
imgFC943_png.rf.c76095dec9451071f06a46b1deb0daec.jpg,1,0
imgFC912_png.rf.666f87d57e063fca3ef12b6761ae8cdd.jpg,1,0
imgFC555_png.rf.26aaba3210f9529f3fadc5a83a249911.jpg,1,0
imgFC852_png.rf.3372ca6eca8a391728f0c1dee27a170a.jpg,1,0
imgFC691_png.rf.16ee0f56f0e17dfeb914a49b48c5d633.jpg,1,0
imgFC57_png.rf.e512971bcba3289089f142d63d2ba567.jpg,1,0
imgFC979_png.rf.f6103f17df546e3f957248ce751e950f.jpg,1,0
imgFC795_png.rf.f3948a1c3176a1b670e7ee7d86249e32.jpg,1,0
imgFC719_png.rf.735b88de7d5c475821f92aadf47ae45b.jpg,1,0
imgFC941_png.rf.8f7db53dd0a057145af7c700f98e1368.jpg,1,0
imgFC493_png.rf.0e48488753f47752d9931d9d2471ce0e.jpg,1,0
imgFC99_png.rf.0e6ad37ed3f8327646a0d394f8540ba9.jpg,1,0
imgFC42_png.rf.82900942ac16d08915148266cea08b60.jpg,1,0
imgFC590_png.rf.9a34a84c1d28ec706f0ae98c79b1e1c0.jpg,1,0
imgFC391_png.rf.fab1ad4027a14770117323d6ec72905f.jpg,1,0
imgFC25_png.rf.ed053423ac64b5a59f295dcb6903b031.jpg,1,0
imgFC117_png.rf.2f7fe23f4d6b65eab85b05300bd3d96e.jpg,1,0
imgFC847_png.rf.058664012dccc02f6cb18f4340d342fd.jpg,1,0
imgFC958_png.rf.03a569c382600a6a8b38cebdc5137a05.jpg,1,0
imgFC295_png.rf.678dce38e28f90f04fc5ba5c75c9ca48.jpg,1,0
imgFC730_png.rf.a5e95d8651401821a4142be96d1cf9cc.jpg,1,0
imgFC978_png.rf.b2272ea87e379c0264d09d00a085cebc.jpg,1,0
imgFC384_png.rf.a626f8ee0dbad9805e8bf0fc3539701f.jpg,1,0
imgFC152_png.rf.bce2dbcf6998dcf07512f615e92b9572.jpg,1,0
imgFC417_png.rf.412eb535f44b750aa9656edf773490e0.jpg,1,0
imgFC182_png.rf.9eeeaca862710f28d1e88c7c093286c4.jpg,1,0
imgFC524_png.rf.cb1517707d93fe01fbe0da8bcfe73c6b.jpg,1,0
imgFC943_png.rf.e8f38cacbbf4aaef5c504ba0ed7d87bd.jpg,1,0
imgFC700_png.rf.2bdf472eb3b931ae3c01416a0ea58af7.jpg,1,0
imgFC169_png.rf.973ea65e82de8e66247311f70482be35.jpg,1,0
imgFC353_png.rf.d97dcdf707425f9410c0f8ffe1dc64b1.jpg,1,0
imgFC835_png.rf.a9934a7af2c0824940d183ecf6a999ac.jpg,1,0
imgFC903_png.rf.8828f13b8d0e69cc041b1b13eb159aad.jpg,1,0
imgFC171_png.rf.eec61aafcc193a477f2d12e621915108.jpg,1,0
imgFC23_png.rf.327f0012d6e34ae8b5f007756a702d7d.jpg,1,0
imgFC312_png.rf.3b59adaca47f2d8832bbe2e37b8f4aa5.jpg,1,0
imgFC323_png.rf.21251a74d01ac947ab0eb2cd4174cad4.jpg,1,0
imgFC318_png.rf.d7988e0db47aca3f7a1a70aa9c9a574b.jpg,1,0
imgFC766_png.rf.4b16fe018b1fd41bc20cb051de61cbde.jpg,1,0
imgFC108_png.rf.58ba14635e190e44f22a332a66656056.jpg,1,0
imgFC710_png.rf.e182b6c357549df0f59832db55ff67f9.jpg,1,0
imgFC353_png.rf.0f2c9347a3cde1ba38f65bc6ed840f7b.jpg,1,0
imgFC823_png.rf.9a68cd356311acced78eccc42d1ae073.jpg,1,0
imgFC698_png.rf.be4ec8d3b37e52cf1ba4a137a3513383.jpg,1,0
imgFC903_png.rf.c290adf2024e4852ee64531c7531f8fa.jpg,1,0
imgFC850_png.rf.fe1e03ac75f99253209c88532989fb72.jpg,1,0
imgFC555_png.rf.622c08f36905786405eb6cc325f03ced.jpg,1,0
imgFC117_png.rf.9f59b26a98c5b08f1c4fee1967a024a3.jpg,1,0
imgFC885_png.rf.2d66604030d51c43f62547206a220025.jpg,1,0
imgFC624_png.rf.3a6515fc7ab0cbb03618069f2fa8a219.jpg,1,0
imgFC318_png.rf.297a8f0c0a908cffedc94e8048818dde.jpg,1,0
imgFC919_png.rf.2c5df5d75b67abeb5878bc5c547fd22f.jpg,1,0
imgFC232_png.rf.852dd3ba6706bfe582c79c0db24cb7d4.jpg,1,0
imgFC823_png.rf.b1248be44f294a21e9169e22d75e9dd8.jpg,1,0
imgFC565_png.rf.b36a2816622b7d9cbcb3bc589f60e628.jpg,1,0
imgFC726_png.rf.2eafc69cacb8df2e70e3947c0155697a.jpg,1,0
imgFC599_png.rf.9b49ca865a2869114004e5b4408a60ba.jpg,1,0
imgFC920_png.rf.764e3824a4b3776794ed0c281eb3718b.jpg,1,0
imgFC497_png.rf.ccd02464d178910d5375bb9687e51177.jpg,1,0
imgFC454_png.rf.b414bf1464bd5d09c8f9bf119d4bc5d0.jpg,1,0
imgFC437_png.rf.a1176c24e30fbd4312fe764177d4a360.jpg,1,0
imgFC461_png.rf.6f61a38b07bf4b3720fda1dde2746d55.jpg,1,0
imgFC656_png.rf.37ae04647d019080c69dcef3abe0fecc.jpg,1,0
imgFC383_png.rf.84782fbeb5456317523c112084698ede.jpg,1,0
imgFC628_png.rf.6d3598808b9f15292d7e2fd7200566a7.jpg,1,0
imgFC775_png.rf.9ec903912995314514f0a6dd2775c1c0.jpg,1,0
imgFC273_png.rf.7a1dcabc9ae5943cf0a853a574932b11.jpg,1,0
imgFC767_png.rf.54c28b6a730e12ddcc1cf99711aad383.jpg,1,0
imgFC964_png.rf.6ee39e735978f1a2df8e523b52cdce58.jpg,1,0
imgFC197_png.rf.742a892c152617b6d065241d7a279912.jpg,1,0
imgFC496_png.rf.41f7a475431d2b1a1ff94b6bd3c1df8c.jpg,1,0
imgFC475_png.rf.b310e3c033452d8b315cd1b579e40d1f.jpg,1,0
imgFC321_png.rf.caaa0f55b8c66a13aedb16ffced0a300.jpg,1,0
imgFC433_png.rf.b12c1c47c11bb771e28d8c7541535bb6.jpg,1,0
imgFC408_png.rf.2b1a1f70775d6c0f7a76781986cf8eb6.jpg,1,0
imgFC949_png.rf.8db1bf4607f21f3473d59b3021c52db5.jpg,1,0
imgFC114_png.rf.3e04cec0e82619542deac61c60972c11.jpg,1,0
imgFC940_png.rf.826c12abaae70d5971501ffade5f3ba7.jpg,1,0
imgFC600_png.rf.832add7bff2b3b0d06e31909a7bc5821.jpg,1,0
imgFC20_png.rf.d3b7899b3cd30019aa00b2c43508c790.jpg,1,0
imgFC272_png.rf.645c166fdd9ac00e1e8a75c098a683e6.jpg,1,0
imgFC830_png.rf.97ff3a94482ad2e2cbf41219e2ada3b2.jpg,1,0
imgFC819_png.rf.a48c8f5e7ade9cf81e61daee79dfed82.jpg,1,0
imgFC986_png.rf.1502a6b2af92b0a44751848558f853b9.jpg,1,0
imgFC294_png.rf.5e0a687c596de4f23f85e15b9f26a27b.jpg,1,0
imgFC257_png.rf.a858c2dbbdeabeb0d12c0d27bc9d0949.jpg,1,0
imgFC552_png.rf.a05a835fa029a24046f1e9be304db890.jpg,1,0
imgFC771_png.rf.b33b6e9064481356ed5f00eca7e35c89.jpg,1,0
imgFC331_png.rf.0f173af77d079e62542dbff18478b6ca.jpg,1,0
imgFC561_png.rf.a7028ac419b8d652387d2181288977d6.jpg,1,0
imgFC556_png.rf.ea525b802d55004b5047ebcaaa753a9a.jpg,1,0
imgFC15_png.rf.bb02c8145d72c3120e4517997c646a49.jpg,1,0
imgFC963_png.rf.282439a476236c45188f4c83e287f22e.jpg,1,0
imgFC296_png.rf.c1404a2d508fadf4dce87b32d9d37ebe.jpg,1,0
imgFC132_png.rf.39a3da1002f9fb9cfab3c6779c1f3fc4.jpg,1,0
imgFC930_png.rf.f0c987a2c0860ca27d7841bcbf3517b6.jpg,1,0
imgFC535_png.rf.525281707df0b14637f0f392184d3c4e.jpg,1,0
imgFC122_png.rf.5473420e2b6177f1f7355aeb291f3b3f.jpg,1,0
imgFC793_png.rf.dfa1980e7a2ee3aaec31f79dc7f6974a.jpg,1,0
imgFC357_png.rf.05fb570cd459d07c61567471c7d0563a.jpg,1,0
imgFC764_png.rf.55dfc55d5ee8080bad40982094a9dbb0.jpg,1,0
imgFC839_png.rf.fde991b3db80eaea00119f9b829bed0c.jpg,1,0
imgFC974_png.rf.17850e9d29490164052f0784b39e49a2.jpg,1,0
imgFC284_png.rf.04d0e7461e08c1bf983d40e4cc1d6a19.jpg,1,0
imgFC655_png.rf.0e26b84ab35e71fa116f2a034cf2ed03.jpg,1,0
imgFC793_png.rf.67ee75d2014b914a105aaf7c9e51fb27.jpg,1,0
imgFC948_png.rf.2c7ecac725dfceabe76f24cf0e976179.jpg,1,0
imgFC599_png.rf.937a569cf77b968345f8b854e061996f.jpg,1,0
imgFC492_png.rf.858ab9e172400f5a1f017a1f70dc0e6e.jpg,1,0
imgFC848_png.rf.9eb885414e3a952a2ed12910a65d1a78.jpg,1,0
imgFC768_png.rf.626ccd58bd7d98204d26069ae39adb8f.jpg,1,0
imgFC957_png.rf.dca75bcb96822e95e8f3adccd5c2e4cb.jpg,1,0
imgFC191_png.rf.a4cb252bdc5743064bae20467d95742e.jpg,1,0
imgFC489_png.rf.a431edfd37702f32648706afc0af67ba.jpg,1,0
imgFC349_png.rf.7569a28842246c1e78800f8893c5817a.jpg,1,0
imgFC932_png.rf.b0aa7684ef78866ab5e763db4e795f6e.jpg,1,0
imgFC405_png.rf.0bc1c096660e003a62e3ec21f348c7cd.jpg,1,0
imgFC485_png.rf.ed8507da92a2ddcc7260a0aa0bb1191c.jpg,1,0
imgFC927_png.rf.99bfc1e7d67a8d9c5cb12033739c0148.jpg,1,0
imgFC357_png.rf.6440661ffeb3c3fb005fa3d37bdb0509.jpg,1,0
imgFC948_png.rf.4e50a6f4c3ac2e401decce2db3ce6b83.jpg,1,0
imgFC920_png.rf.8fffc5df5facb41b17d7c6f79fd326be.jpg,1,0
imgFC717_png.rf.f8da76b8c777e2086b9acf164c21f46b.jpg,1,0
imgFC251_png.rf.5e1496a6ef63b41b97dcb04c86e35226.jpg,1,0
imgFC771_png.rf.3219962fcdf6cd15d9a125b75aa3f612.jpg,1,0
imgFC957_png.rf.64350a8036dddfac0acdef0e398789d5.jpg,1,0
imgFC849_png.rf.ef88e5a4f4a839b834cdc91f8ecd9772.jpg,1,0
imgFC848_png.rf.740d4c772f18ef6f1308a85e8e8ed21e.jpg,1,0
imgFC674_png.rf.05cdc00127ddf21d3bf55cad22434a19.jpg,1,0
imgFC287_png.rf.13b9355a41c6eeb3b7ed4f29a4c3cf8e.jpg,1,0
imgFC284_png.rf.0d5beee85f697e47a9b19ff0599b6e7b.jpg,1,0
imgFC831_png.rf.354db0799a262dca7c143cd9e24d5ece.jpg,1,0
imgFC461_png.rf.51a50b00784da7143a168364cc942fee.jpg,1,0
imgFC305_png.rf.79420ef9044d443f553f24fddd5ea13a.jpg,1,0
imgFC321_png.rf.e5ddb32376b1de9a0a44ae949bfe7487.jpg,1,0
imgFC497_png.rf.532564f99c6381055d0c76ed768ea107.jpg,1,0
imgFC546_png.rf.289e941155dacc0d3adcf6bde37750a7.jpg,1,0
imgFC876_png.rf.234254eae23948fe2f05bdfbf37be2d1.jpg,1,0
imgFC647_png.rf.483e28bbfefe6ec3f4dd846ece35ca7f.jpg,1,0
imgFC292_png.rf.94cd1a48e0dd5febbfab2cfc89a01b76.jpg,1,0
imgFC720_png.rf.5f001d742f0eac09a49299b1e9d9d715.jpg,1,0
imgFC886_png.rf.a875f017fed85d525f662c8ef8a0595e.jpg,1,0
imgFC713_png.rf.ee397e009c66847094826815b78960f2.jpg,1,0
imgFC111_png.rf.d00d7bc1580d7a6b4dbb7f1717ed60fc.jpg,1,0
imgFC179_png.rf.d66e7914e64a61d7da88ee8f5513f468.jpg,1,0
imgFC652_png.rf.5487496bb48dd92b6441e87a90a83fb5.jpg,1,0
imgFC273_png.rf.7043b724e58ae04134e0241fac444f43.jpg,1,0
imgFC331_png.rf.ad6b8e28430526a2e6fad0ca5d442771.jpg,1,0
imgFC588_png.rf.017380bbabc0604ae2f6c06b8f33a73f.jpg,1,0
imgFC245_png.rf.9a59ecb53c17b2f935da93adbaed6df3.jpg,1,0
imgFC248_png.rf.d862c4832915872ea25d6e7bcafda47d.jpg,1,0
imgFC949_png.rf.bbe4a4d3f5fcad0cc2d39c1dbdaaa1d1.jpg,1,0
imgFC696_png.rf.57913b3fbc84eec74c8d33efc23d9bcb.jpg,1,0
imgFC752_png.rf.4182c27114bb205dc9ce04d8af93a8cd.jpg,1,0
imgFC836_png.rf.c6edf867b293b7ceea2238e192300092.jpg,1,0
imgFC490_png.rf.3472c2858ecc31577774db3345793198.jpg,1,0
imgFC980_png.rf.e9e7b65a5f09edb283f4afefb62f4b33.jpg,1,0
imgFC902_png.rf.d777d00319ea63c71220d6ba38af2853.jpg,1,0
imgFC763_png.rf.e17f5579c798d6e4cde74b66f5b29da2.jpg,1,0
imgFC530_png.rf.8570d2883707cb5fe38fbaca3923a3da.jpg,1,0
imgFC16_png.rf.c9213011b2eaf7349d76a69c878a3593.jpg,1,0
imgFC107_png.rf.420412cbd4a80752c654d5f2afdd1c46.jpg,1,0
imgFC648_png.rf.ffc251b2aca3c37c818615aaab5e8030.jpg,1,0
imgFC933_png.rf.db23806e64306d9684f71c563cd17411.jpg,1,0
imgFC595_png.rf.1335fe12853365f37434571344c6d498.jpg,1,0
imgFC853_png.rf.48033693f492cfaebe9c66a9d3f88c45.jpg,1,0
imgFC111_png.rf.75964474f130860d9e44abbff712b28e.jpg,1,0
imgFC477_png.rf.aba2be1b08b0021056ae0773f050ef8c.jpg,1,0
imgFC194_png.rf.1fb93357e4919db8a21b10b184131717.jpg,1,0
imgFC458_png.rf.3ee2bf4b60d65523e4ce5f1bccd13c4e.jpg,1,0
imgFC157_png.rf.ee1abb9c512ef65effedabff35ccf667.jpg,1,0
imgFC551_png.rf.257a870f1b7aacf28262f8151235475a.jpg,1,0
imgFC362_png.rf.4a4de90a93ed51e887333f3b40c1ad81.jpg,1,0
imgFC814_png.rf.8bffdbdf74d4c0d5da2b18446cdf1f3c.jpg,1,0
imgFC462_png.rf.1588bb2c8bd7387a79d479f3281ffa66.jpg,1,0
imgFC904_png.rf.e49a1a499ce563452745b682155675fb.jpg,1,0
imgFC523_png.rf.d7ebaf6cd4a0d31d3b464756562ab5da.jpg,1,0
imgFC832_png.rf.efa47412e0513b1d1ea813afb53347a5.jpg,1,0
imgFC969_png.rf.bf5ffb3ff3d156e26b576aef9ccd8dee.jpg,1,0
imgFC289_png.rf.f7158f4f9e3934d3eba201500409d6f4.jpg,1,0
imgFC992_png.rf.a7f766e32f61ae9e42ab8222da014d45.jpg,1,0
imgFC12_png.rf.8851c4083e87c9177020a0ab34375f17.jpg,1,0
imgFC102_png.rf.79701b40c9e4a8dd44f7c89d575dbecb.jpg,1,0
imgFC970_png.rf.590ddc88fda0b5b3239f893f8ba4fa49.jpg,1,0
imgFC160_png.rf.a3d1813d7b121877298bee27e4583be3.jpg,1,0
imgFC591_png.rf.6313264a65ffeacb349dce69322f8210.jpg,1,0
imgFC291_png.rf.b62f8a6f4cf23579bce321a4e791a688.jpg,1,0
imgFC62_png.rf.79636427b284624517a7d52ff44cea3c.jpg,1,0
imgFC550_png.rf.0fbb741ca747e9fee09f6b07922c0619.jpg,1,0
imgFC187_png.rf.a6abf4faef5c82612948f06d885b3585.jpg,1,0
imgFC893_png.rf.0d1338f41d9f38e19ae0b93f1073c703.jpg,1,0
imgFC580_png.rf.e305cfbac870dc9cf144339cd15cdeb4.jpg,1,0
imgFC290_png.rf.4f29df03017e570ddf05fd0c35f716d7.jpg,1,0
imgFC632_png.rf.fedf6db349d05917131883ebf4bd7b57.jpg,1,0
imgFC31_png.rf.22ee553a397a84884f23b0cdf9d58e3b.jpg,1,0
imgFC146_png.rf.7d93fa2161dbd4f8f27ec2e8ab61fc0a.jpg,1,0
imgFC688_png.rf.5c6983726efb41687a7abcb02c9157e1.jpg,1,0
imgFC526_png.rf.a6a9ad24c00d833607cafe490ca8deab.jpg,1,0
imgFC421_png.rf.e3dcd60e8bf433524dfe85889c7ccf88.jpg,1,0
imgFC925_png.rf.c9a4902d3dfa4eb71817e8440d931b96.jpg,1,0
imgFC209_png.rf.17683a8eb68acaa7354f0966cb8f00ba.jpg,1,0
imgFC435_png.rf.742a7aeab31b7ad333aba60359286a22.jpg,1,0
imgFC725_png.rf.ca485d8ef9df69cc39de7b5d94742400.jpg,1,0
imgFC187_png.rf.8be55a1488080cd1cee94ba35533488d.jpg,1,0
imgFC751_png.rf.35819d326c16ab14d722cec79b7bce13.jpg,1,0
imgFC341_png.rf.0e3d0c6c38968bb379bd2f7f1541cb80.jpg,1,0
imgFC748_png.rf.a0a00f51f999c4fbc0fdbf8e9d42119f.jpg,1,0
imgFC975_png.rf.9a189bcea551d98f6a7dfef95b7962f6.jpg,1,0
imgFC723_png.rf.c2848e96454185b8c2bdf5ac6b146630.jpg,1,0
imgFC371_png.rf.967d2b9efb8753e7f869a269fee003eb.jpg,1,0
imgFC747_png.rf.44367b34f7282f5f444dfa5a8a166ed0.jpg,1,0
imgFC867_png.rf.2ae8c7294c482394330d9928bc5cf462.jpg,1,0
imgFC183_png.rf.e77b3a15304d3dbd3f86a4b18ad3a339.jpg,1,0
imgFC340_png.rf.eb739c5b17c3e092a2a24b480d1074fb.jpg,1,0
imgFC262_png.rf.b04cde180c57260c3b87bbfa8e1c955d.jpg,1,0
imgFC66_png.rf.fa7f4e7ac7c825f651b9dc77b882c57e.jpg,1,0
imgFC252_png.rf.5e4b5c79e4354ccfe4f0104d3825f7d0.jpg,1,0
imgFC290_png.rf.cda4065933165882c88b3b486b212069.jpg,1,0
imgFC102_png.rf.70fb190674103a5a2140bed1ab352578.jpg,1,0
imgFC753_png.rf.c074aecaf0ac6b2ace218ee369ede3d8.jpg,1,0
imgFC291_png.rf.de5c8d0ad8485f8a355e8ad87797f6e6.jpg,1,0
imgFC209_png.rf.d96d6cb89b06743c42235e854aac9032.jpg,1,0
imgFC950_png.rf.d8c3183fdc7f0cfc451d62b01925b076.jpg,1,0
imgFC33_png.rf.55d2b3e917a928c3507dc190abc6c225.jpg,1,0
imgFC98_png.rf.66512a03d9042a2c409d9f340290655d.jpg,1,0
imgFC592_png.rf.8180e8e3f4b54cc144ab1bf1910e8ce1.jpg,1,0
imgFC126_png.rf.6fb34d029cf9c12cf94fddbcbb4eb9d8.jpg,1,0
imgFC815_png.rf.a0a66c4a032e721a42a2a3318cfb2634.jpg,1,0
imgFC802_png.rf.1bf388aa70f00066568b0292c6a1d95c.jpg,1,0
imgFC739_png.rf.77192221e1f35b3168a887bde2ac6368.jpg,1,0
imgFC781_png.rf.b4d6270568791f1cfb6eab971114f860.jpg,1,0
imgFC41_png.rf.9e61e3bab93bea561c8624a6171bb07a.jpg,1,0
imgFC44_png.rf.8e494f8b34e1b7b7aad5ab60b7cf9e38.jpg,1,0
imgFC783_png.rf.06a27064027d6f21d307fa3e8ff00d52.jpg,1,0
imgFC739_png.rf.e6cc1c9c9233481ac2a30635e71cc931.jpg,1,0
imgFC139_png.rf.531c80c19d400b4f6e9125a53a46a12f.jpg,1,0
imgFC533_png.rf.07159536d394fed1411afbb5fbd10713.jpg,1,0
imgFC449_png.rf.5d50504d2fa9bab4dae53649408f97e1.jpg,1,0
imgFC745_png.rf.fdfc690ed43cd9e534b03c935730f8ef.jpg,1,0
imgFC416_png.rf.804731023339b4aa82abdfa80fa41537.jpg,1,0
imgFC386_png.rf.80c0bd5c659650a114d5397ddd1d7cd4.jpg,1,0
imgFC658_png.rf.a82a2dac35248f5d97cb97752e6716ad.jpg,1,0
imgFC824_png.rf.d61d7d724a8a634a220ed523f0dad584.jpg,1,0
imgFC968_png.rf.5b2c501c4192bb18f3f66f924fe24144.jpg,1,0
imgFC750_png.rf.361256e26c0cb3945ab8f73c4a9dea0a.jpg,1,0
imgFC995_png.rf.bfa586d78437ab4ec4ea179649eb3145.jpg,1,0
imgFC996_png.rf.fbf7cc1823f6ecff379aa646eb76aeeb.jpg,1,0
imgFC548_png.rf.efb7ba5a5b963e00a90e28d029e8ea77.jpg,1,0
imgFC504_png.rf.652c0b3aae9f0b9de5df08e6db490ae6.jpg,1,0
imgFC788_png.rf.c84d6de7214df64d542c82dedc6e0a16.jpg,1,0
imgFC298_png.rf.a46c9b68aff0cae83cfdb3327bb20ceb.jpg,1,0
imgFC453_png.rf.d7324f5e3eb6102341f0629fa9557c84.jpg,1,0
imgFC358_png.rf.4381dbc807059cbd79efb8970f40cf9c.jpg,1,0
imgFC83_png.rf.2faecf892e1e045afc0e8cc5670badb5.jpg,1,0
imgFC606_png.rf.0c93fb48d1454f33316a3dad78f84c00.jpg,1,0
imgFC874_png.rf.d94f6244bf74da5780ed546dc09f43ee.jpg,1,0
imgFC972_png.rf.7f940f5838e09f7714474d9825d788c4.jpg,1,0
imgFC716_png.rf.72da70e18ae9010d5b83474b5b124ae2.jpg,1,0
imgFC862_png.rf.d5f5f867ed74ba343fee3ccc1cce0017.jpg,1,0
imgFC619_png.rf.8e2d75ea2abadf99d3fe122d577ef61c.jpg,1,0
imgFC31_png.rf.38c88c3b6815af9e4484bf883aea11f4.jpg,1,0
imgFC413_png.rf.c79cccc9af98df0a1a2d687c79b2974e.jpg,1,0
imgFC523_png.rf.6d6ee8125e2c0c9d1913d50946e6dab6.jpg,1,0
imgFC219_png.rf.2cd9a2847d4cf8a0d63052e8f7e73fe1.jpg,1,0
imgFC569_png.rf.83c876f1de79c0969e2540cc30b8b2cd.jpg,1,0
imgFC904_png.rf.f08216c54432e4ce6e2913648fa70fa5.jpg,1,0
imgFC35_png.rf.5a8b7aafc4a2e54f1f6741e4e4aaeebc.jpg,1,0
imgFC383_png.rf.544c8b14798779d8a060d16ee3ad25f9.jpg,1,0
imgFC854_png.rf.f1caa7927a4a5efed5be9fcf6c5d2a97.jpg,1,0
imgFC521_png.rf.882a0f50f62cf7bf31dbc0b255ec8cb4.jpg,1,0
imgFC554_png.rf.435ea48ac97cbc29c07ed1b3d5ff569f.jpg,1,0
imgFC662_png.rf.3a02f7cd4457645619a934ad1d92d9fd.jpg,1,0
imgFC199_png.rf.01b675d2b028d3d00e390f8d258c5539.jpg,1,0
imgFC369_png.rf.fd4eec7a44fb40b051c561efe7786571.jpg,1,0
imgFC716_png.rf.8949bb8fcd68919ffdc52f21e9c28678.jpg,1,0
imgFC211_png.rf.f7661a275262cf92466bd92c21fb6ab6.jpg,1,0
imgFC155_png.rf.70dbd0be88f4a09a8f86c2fd7b14cb09.jpg,1,0
imgFC83_png.rf.a146e70715c7b7666a53be582a07852e.jpg,1,0
imgFC412_png.rf.6c9f1a07e00aee08a9b11873914f28c6.jpg,1,0
imgFC613_png.rf.e6db24b57340cb86257f324e5a785383.jpg,1,0
imgFC859_png.rf.61c0b86a16361e2ba7dfa6574e81304d.jpg,1,0
imgFC868_png.rf.d6da99ab43a360856f4da4d1d40e44a8.jpg,1,0
imgFC311_png.rf.50ada349a57be120840cd88af22328b0.jpg,1,0
imgFC616_png.rf.d3bcbd20b6a7c1dd60bbe6246116f564.jpg,1,0
imgFC738_png.rf.9e07239aec8dfc7d4fddbd7763468357.jpg,1,0
imgFC457_png.rf.7d69fa5dd8d72920bc0e0aa8468f8f17.jpg,1,0
imgFC896_png.rf.4c8f27876252e9c719f02db36fe10e47.jpg,1,0
imgFC343_png.rf.0972859e020bd53b5bbc0bee62c6f147.jpg,1,0
imgFC514_png.rf.8a4fa84b120ee660a43bc25c16498327.jpg,1,0
imgFC86_png.rf.4b2e7998faeb51ac9500dd0bfc18c042.jpg,1,0
imgFC77_png.rf.da9d13b6b62c5b171a4514a14fcddb9b.jpg,1,0
imgFC60_png.rf.958f61b9897091bae40096729e5d9cc0.jpg,1,0
imgFC938_png.rf.2d7f2bad431bd5b806ac597b6b35595e.jpg,1,0
imgFC96_png.rf.f92ebfab9a91eace4bd3cdf6fc8541a8.jpg,1,0
imgFC250_png.rf.07636aba89a37080f93dbe1d77239b02.jpg,1,0
imgFC164_png.rf.cf3fdf2705a9dfd5c21987cdee307b94.jpg,1,0
imgFC971_png.rf.de34d5509c339d247ec8688db85eaba9.jpg,1,0
imgFC957_png.rf.34cfdd102d042c642b58f122d5ac64a5.jpg,1,0
imgFC681_png.rf.f80e2c83cc57c403ce7830107d4bb954.jpg,1,0
imgFC704_png.rf.4f3dc38d94d164612c5bc7d3993b891d.jpg,1,0
imgFC499_png.rf.8dd44654b36232b24901a69f51f63d65.jpg,1,0
imgFC439_png.rf.74c9f007bb36da7a2d6b19e212ff3d09.jpg,1,0
imgFC255_png.rf.3e7280534abaf7849f38f58be6b809ba.jpg,1,0
imgFC260_png.rf.9625117eca1e5313ab63d27f17050015.jpg,1,0
imgFC807_png.rf.670704882d28b204545c3985b9c470e6.jpg,1,0
imgFC911_png.rf.7036a991e1c2b09f360a690081f3e4e8.jpg,1,0
imgFC813_png.rf.2b20c1ad4083d11158510617869b1ff5.jpg,1,0
imgFC393_png.rf.7aab82a96ec21777de4f83e53d2f13fd.jpg,1,0
imgFC761_png.rf.6601ba707972d2c0ec7e06eb8adb81b9.jpg,1,0
imgFC230_png.rf.780fdc39dcb978b3bedb70f7d68f7b6f.jpg,1,0
imgFC319_png.rf.a85ac055503efa34480cb47a15f95a19.jpg,1,0
imgFC17_png.rf.c2dbf36b12708e430e373a2edf737dbc.jpg,1,0
imgFC284_png.rf.c06f62c6c29efa1b847a6b683d99c762.jpg,1,0
imgFC775_png.rf.0e20df5b1e1c6663e4d0d1af9e094bd6.jpg,1,0
imgFC873_png.rf.14183bf9df0418b2650ef127f7c10ea8.jpg,1,0
imgFC591_png.rf.0001803b2595240f78146493fa76162b.jpg,1,0
imgFC492_png.rf.1a05d180631c4b7c9329eca75a7baf81.jpg,1,0
imgFC262_png.rf.adc2a53b02bdc1448f970d67042a6a60.jpg,1,0
imgFC102_png.rf.450bd1c1e7d54ba7f9433f5d07cdb01b.jpg,1,0
imgFC522_png.rf.f337d67f12ab11afdcbe1da489641ab6.jpg,1,0
imgFC191_png.rf.9ee7c9da642f068f89bc17cf98575011.jpg,1,0
imgFC127_png.rf.4a44c6effe6d0f852ee6d76655f0797b.jpg,1,0
imgFC970_png.rf.dba6bdd8109c4b41c7d2cdbf0ea8e8b9.jpg,1,0
imgFC321_png.rf.edf0228416fc17d206352bf8c9f65b41.jpg,1,0
imgFC410_png.rf.89a1cdac1eda1fbb2af054e4e6aa7afb.jpg,1,0
imgFC615_png.rf.c2332b3cc52e0ca5f14b1d6ff03d6a34.jpg,1,0
imgFC209_png.rf.e55f047b85a7aec74f03b5f859f37dd3.jpg,1,0
imgFC927_png.rf.9beed484af3204201563846c1bfdbcf4.jpg,1,0
imgFC764_png.rf.c44fa091aa268f065f73c98ea4f79b36.jpg,1,0
imgFC831_png.rf.7c5746048d293432ed4bfe82f7367f51.jpg,1,0
imgFC893_png.rf.bd4aad969112f01aee5469af5ab65b1a.jpg,1,0
imgFC421_png.rf.86cd00d4d8e4dce86e721d2c3c353342.jpg,1,0
imgFC550_png.rf.9822416c5ce1c4cbc7fd0442cf883406.jpg,1,0
imgFC146_png.rf.9cc8ad3c36a5e3a42249f6a8ce38bee9.jpg,1,0
imgFC832_png.rf.ac17725014e3320e93e84e434e1b12e7.jpg,1,0
imgFC924_png.rf.f52fe183a306f1f90d24f74192cc3386.jpg,1,0
imgFC632_png.rf.d0455f5117cdea34c71844b6b3035cb2.jpg,1,0
imgFC748_png.rf.5ab18def8cc431584f854564bcb507ce.jpg,1,0
imgFC814_png.rf.2ac779c4670674f1b3fbd0ef76ed806f.jpg,1,0
imgFC688_png.rf.5ab1f68e426786420b40c50f5090d388.jpg,1,0
imgFC751_png.rf.56f23dcff0f13d332847fa6abe112571.jpg,1,0
imgFC66_png.rf.3538acadab7aed47db8148e9fe3c3f02.jpg,1,0
imgFC386_png.rf.06d8e06c32b53ec1a10c1142a5ee2c5a.jpg,1,0
imgFC592_png.rf.d2f9c5eb2b28bd5ac3763a19b33bb62d.jpg,1,0
imgFC862_png.rf.234df9eed6143483677dfbd081241f57.jpg,1,0
imgFC867_png.rf.142a6525cbadbcf4149d6268875d43db.jpg,1,0
imgFC580_png.rf.d971ad781d37bbfe46e9ffe8e1283cde.jpg,1,0
imgFC183_png.rf.7e2736488f1d8e33d53e6192486d2392.jpg,1,0
imgFC859_png.rf.efb19a029c880b1839f388066f601ca3.jpg,1,0
imgFC362_png.rf.1fb5cb5dd4fd510a125365689e61133c.jpg,1,0
imgFC781_png.rf.27a88274d0b583621201f589350a0ac9.jpg,1,0
imgFC975_png.rf.bdfca29cfaf588c1ee6e77a84466687a.jpg,1,0
imgFC969_png.rf.2c52192c3bf8a2c94f0207ba68f6668f.jpg,1,0
imgFC62_png.rf.b4c655a1c9271a8ad2aa9dcbe83f41ec.jpg,1,0
imgFC753_png.rf.a23736bf49ab4442b81a649485163a86.jpg,1,0
imgFC989_png.rf.1bf4196b1ffac72017c06b44eef50cbf.jpg,1,0
imgFC526_png.rf.63e2f4785d7695fa3a9ae45faf5a73a7.jpg,1,0
imgFC723_png.rf.968c167f9c8ccf964892ccedd320d886.jpg,1,0
imgFC341_png.rf.32fd5803ac450576360db019aa5ebc35.jpg,1,0
imgFC787_png.rf.ac4091e37c8000627d7daf024cd418e1.jpg,1,0
imgFC939_png.rf.e245cd48841e872b43d42e3cbade5df5.jpg,1,0
imgFC260_png.rf.08649fefcd78acb60aabe86bb690e389.jpg,1,0
imgFC996_png.rf.cbc59359db4a5996abf887cb3b4b67d0.jpg,1,0
imgFC522_png.rf.f7db643dc28f97a758bc82276cb593e3.jpg,1,0
imgFC126_png.rf.a54fa284a0b5f920978be65b0de39980.jpg,1,0
imgFC12_png.rf.e9b998fe4355737250b15a1dd3b6bfd6.jpg,1,0
imgFC453_png.rf.fc07db3b48737e854dee11e0a9cfd184.jpg,1,0
imgFC189_png.rf.b9a8aa34e74404254b95f47acba2ff40.jpg,1,0
imgFC761_png.rf.119ae617841e393311423dba801de70a.jpg,1,0
imgFC950_png.rf.08d30e9df50870f2b4cba409ba15d593.jpg,1,0
imgFC311_png.rf.32667e710a2e8d16fb881200274ddc3a.jpg,1,0
imgFC658_png.rf.1f2a0d41dbc95402c7a6269c3a0433d9.jpg,1,0
imgFC343_png.rf.b62f510f21b584e549f41ee1ba9e0a2f.jpg,1,0
imgFC924_png.rf.2aab74882a2ed610cb80d627ba55f252.jpg,1,0
imgFC655_png.rf.74270df8b64b3e4904aa18f662f4a7ab.jpg,1,0
imgFC738_png.rf.dff66c059325b5ba7bdf5e9dd903910b.jpg,1,0
imgFC813_png.rf.1ac75a1700ac7cb73299fc6e2eadfea1.jpg,1,0
imgFC911_png.rf.a42aaa10c79ac37ff6af825a6f4ff26d.jpg,1,0
imgFC376_png.rf.650497242478691a1b70c934b7f2cccf.jpg,1,0
imgFC457_png.rf.9141da3df1ab119956c579376de399b4.jpg,1,0
imgFC412_png.rf.b0777d0a986b8b887071d93a1c502db0.jpg,1,0
imgFC704_png.rf.b6a7de34b68986809ee2807612b98ecb.jpg,1,0
imgFC514_png.rf.7b1790443e8bbf314ca126aa29986018.jpg,1,0
imgFC607_png.rf.72ac89e94d753ac7b7b0e02ddd3f6d9d.jpg,1,0
imgFC971_png.rf.82fc6f13724da0c2ec761c2aeb43b181.jpg,1,0
imgFC747_png.rf.e2e89548a87622061f945e11d289e71e.jpg,1,0
imgFC807_png.rf.532f9eb9b4e027199ad8e32b2d1bee9e.jpg,1,0
imgFC230_png.rf.175c9fcc539ecba0d26fd9f59bf1083c.jpg,1,0
imgFC655_png.rf.341041e6ef674278dcf915b5781b2843.jpg,1,0
imgFC255_png.rf.e85564c0b9dee7b1d6cd62ad3e858ac4.jpg,1,0
imgFC127_png.rf.f6411ad5d825a6f929699ac28fec042c.jpg,1,0
imgFC896_png.rf.a9de34f8c0803e7a71d477f7c1f4e22b.jpg,1,0
imgFC492_png.rf.fe2abf930431c36c75582bf5f0bb0270.jpg,1,0
imgFC569_png.rf.98842795b2a1167deb2cc429ffe2561d.jpg,1,0
imgFC191_png.rf.6b52c0164e824963ceb77afac4f96442.jpg,1,0
imgFC17_png.rf.568ae91a13840e2b4124bff74b99ffba.jpg,1,0
imgFC98_png.rf.9737841ed0dae1827e7eaea70a648584.jpg,1,0
imgFC96_png.rf.8af6a77b9dcb4ff063acaa65c9a54244.jpg,1,0
imgFC77_png.rf.1ceea645d3589e35a9e021603a5229ed.jpg,1,0
imgFC393_png.rf.1a25f6c36740d4769503f0cc18ccd8f8.jpg,1,0
imgFC764_png.rf.27b9190e31f77891d8e8ba47c45bd5e4.jpg,1,0
imgFC927_png.rf.a04190a702a9645d11eb305cdec28c6a.jpg,1,0
imgFC873_png.rf.4a6c04aeb4c80bf2003c84cca31c49ea.jpg,1,0
imgFC371_png.rf.e682b2764946825815ea7196c1b7e470.jpg,1,0
imgFC60_png.rf.7ee3a7ab3ebb3e4bc8074b77a8b91793.jpg,1,0
imgFC615_png.rf.a851245529fd17123178f30f10a53c39.jpg,1,0
imgFC681_png.rf.600e1245d3d01472458e2383e0f5ec6b.jpg,1,0
imgFC554_png.rf.73cba5ca0f808f943df1cf1a09365762.jpg,1,0
imgFC340_png.rf.6df431238f87ea4e405ae85e2d8fb653.jpg,1,0
imgFC552_png.rf.d986daccf3a5f72fdc7878abad6e9464.jpg,1,0
imgFC925_png.rf.f4e9b6c46d6b5ed6b5c8e9c2e106f37e.jpg,1,0
imgFC337_png.rf.3e0b362d990b21959839af50f504d722.jpg,1,0
imgFC410_png.rf.b23634a11414d08d1a590e0002f00c7b.jpg,1,0
imgFC588_png.rf.a78e65429a252a60aaff11452ac8e7d3.jpg,1,0
imgFC410_png.rf.d965a8738ed97c40ded5813dbe51bd33.jpg,1,0
imgFC725_png.rf.eabe434ea8c792b1d1ccd99255571119.jpg,1,0
imgFC21_png.rf.8469977d558a161360afa6278189153c.jpg,1,0
imgFC952_png.rf.e4c84059698625e45a5a65bb09658028.jpg,1,0
imgFC268_png.rf.b5325e82964eca2b2618c8d51026ab3a.jpg,1,0
imgFC998_png.rf.a70ca13688c8af12bdee3b57abbe994d.jpg,1,0
imgFC79_png.rf.03bcc2d434c99ac785a0e96e1e17ff4a.jpg,1,0
imgFC897_png.rf.a708050f665e9225bfd01334bd8c053b.jpg,1,0
imgFC773_png.rf.720aac9b21157410fed052b23605ae5a.jpg,1,0
imgFC955_png.rf.9216f28a3dff6736d340111c0279563f.jpg,1,0
imgFC992_png.rf.5e3fcbfed3ee5d8cb6d720c313821bdc.jpg,1,0
imgFC216_png.rf.3c7b12950219f7e7c339c996c0390811.jpg,1,0
imgFC576_png.rf.22f565c96705c42404583102986c4440.jpg,1,0
imgFC79_png.rf.135d8a0cc7def7719eb7047bf96142b8.jpg,1,0
imgFC15_png.rf.2ab617d9c222b6673110a56f267658df.jpg,1,0
imgFC724_png.rf.6fbdc6bf96163a0679002cba245dfedb.jpg,1,0
imgFC230_png.rf.5e870cd56e0d60b3220283069d63b06a.jpg,1,0
imgFC467_png.rf.5884c72234e44a9f02a9de0cf81f911c.jpg,1,0
imgFC911_png.rf.42bb37bb34c30f9fa95dabdfece0ed46.jpg,1,0
imgFC511_png.rf.2596a348ded5ded0000d44a3359c1e6f.jpg,1,0
imgFC813_png.rf.fefabdaed1ec339fe62fb3f9dc16cfdb.jpg,1,0
imgFC896_png.rf.564143d73134ef8bb5262ab8fb9a7266.jpg,1,0
imgFC739_png.rf.c3a12cd02c69bd8f014fe512fa03669c.jpg,1,0
imgFC177_png.rf.fac566eeae6812c6f3553e3e484ceba3.jpg,1,0
imgFC409_png.rf.c804ab2d0d397a8ff66499093c6767c8.jpg,1,0
imgFC564_png.rf.2431dc05eebb1890de37632257bf2c0b.jpg,1,0
imgFC836_png.rf.a25a253bd89e84f9d9bf93e98d88c75d.jpg,1,0
imgFC437_png.rf.4e842783da8574831feba916f3af0b7c.jpg,1,0
imgFC490_png.rf.a1e13308730b2733f1f02dfaad30b50c.jpg,1,0
imgFC194_png.rf.5353fe8d26b5f4c4bd683dfde497ddf3.jpg,1,0
imgFC409_png.rf.1565bcc74dd316d4dc833ad427462115.jpg,1,0
imgFC177_png.rf.0ce9d2ee2fa73f254b745f7dfca894f9.jpg,1,0
imgFC514_png.rf.deb5dad8191696ff9f0772a947fd7343.jpg,1,0
imgFC107_png.rf.b55f14b0b440a7545b3174ef6b9be4ac.jpg,1,0
imgFC831_png.rf.29e4b0b75ab02ebbe7ad2bd4c0585426.jpg,1,0
imgFC294_png.rf.20af1a03da2cca17972f70feda072da2.jpg,1,0
imgFC652_png.rf.20f42da8e742bb8fb814b6838571b9a6.jpg,1,0
imgFC720_png.rf.dba14fd3e1523841da13de2fffcecb0c.jpg,1,0
imgFC190_png.rf.4896240cf8e2d1f9ddb9e7be744e5008.jpg,1,0
imgFC955_png.rf.493e3aadab3ce2aad4f4c00bdeee37c6.jpg,1,0
imgFC895_png.rf.4674fc31ed39978a21ba4e362fde7fc4.jpg,1,0
imgFC737_png.rf.5ae9bd7c687134435fa8bf3d455ca981.jpg,1,0
imgFC179_png.rf.95473ae2050e067617ed96846c625407.jpg,1,0
imgFC980_png.rf.9ae7b2a7e3eb645fbd5c1e04a94b23b4.jpg,1,0
imgFC406_png.rf.373f2e9a18e9b12908f16e3c56f3ad53.jpg,1,0
imgFC581_png.rf.724a94ea2aa61fbf376d7abaa1640887.jpg,1,0
imgFC406_png.rf.9f56acd78cb4b739bfbf297871eafa86.jpg,1,0
imgFC602_png.rf.847f2f3eef0e5b27b8869beb01aa6f84.jpg,1,0
imgFC576_png.rf.29e07c4d250d1492340aa57b25b62e1f.jpg,1,0
imgFC928_png.rf.2f1d491964ab526348f68150681d86f9.jpg,1,0
imgFC768_png.rf.562bfb2ac7a207ee75b8d817d92448ac.jpg,1,0
imgFC737_png.rf.b0285022e5f62a511aab267b4f8867e6.jpg,1,0
imgFC120_png.rf.f8df95449370a3fd6bbed911c98e17ad.jpg,1,0
imgFC587_png.rf.c359221463ce6f3045ead0d96bcc4726.jpg,1,0
imgFC938_png.rf.9b3d721644ea34d77838c143ff093ed4.jpg,1,0
imgFC536_png.rf.3b318d979df6f25d82cc20fdcf42cacc.jpg,1,0
imgFC726_png.rf.f767778ffcd4c30095fe4268b0e9cde6.jpg,1,0
imgFC909_png.rf.40f0ee6c44bf11074519dc2baac47813.jpg,1,0
imgFC790_png.rf.048c7e4fa8466407e7559f030489968b.jpg,1,0
imgFC565_png.rf.b9310413053500d09a8451468715bcfa.jpg,1,0
imgFC909_png.rf.747f192b01f44fe605503499281a1343.jpg,1,0
imgFC759_png.rf.a64edaa48451bda97714df7a41d0bbbb.jpg,1,0
imgFC49_png.rf.abf5d7fd418b9fc90caa8f4562a5d545.jpg,1,0
imgFC301_png.rf.06f8335ad918cab088693bf5e83cde29.jpg,1,0
imgFC660_png.rf.13aacaaeed9512e687855d5a4265fd13.jpg,1,0
imgFC961_png.rf.fe303c78ddbb80bb91ab35f351fb984d.jpg,1,0
imgFC505_png.rf.39eb42b55c6db194e36b03a7c08a49b7.jpg,1,0
imgFC850_png.rf.0bb59275df9d65e5f9ec3b1a8238de3e.jpg,1,0
imgFC152_png.rf.5a085209cc4c2b3dc187f037a1cf29fa.jpg,1,0
imgFC221_png.rf.24291692e791070c4b69fbd8099668ca.jpg,1,0
imgFC221_png.rf.6d097966e72d3c23ded175d9313e4284.jpg,1,0
imgFC169_png.rf.269e930186113e68745304334712be20.jpg,1,0
imgFC384_png.rf.e22bfba616e8ebffa2c3d3e5c4137345.jpg,1,0
imgFC960_png.rf.ec94e0f4a8d2c4edaab8186f776dcede.jpg,1,0
imgFC973_png.rf.d0620262413cb3c6c3278b271ff6107e.jpg,1,0
imgFC26_png.rf.b753fc53627fafa3840e7a5118762244.jpg,1,0
imgFC402_png.rf.08dbab5a54e6adb7126127c30479fd09.jpg,1,0
imgFC342_png.rf.d82f8fdb6b84c02ef15244b83f3fcb5c.jpg,1,0
imgFC562_png.rf.4ccd13e1494b13ed5c61b189ce7ffdc7.jpg,1,0
imgFC852_png.rf.914a94f16e6b44239e593cad4dba8ef6.jpg,1,0
imgFC710_png.rf.b3d89b94566340d0bc8867255b813330.jpg,1,0
imgFC108_png.rf.db90a6dd572f08758b8fe338d7354173.jpg,1,0
imgFC54_png.rf.90e1af8c43374db5adc71841f73369cb.jpg,1,0
imgFC954_png.rf.af4e28e533c3f02330c8d79242acdaf9.jpg,1,0
imgFC960_png.rf.46482dcc2294e51149fd47fbc325c84d.jpg,1,0
imgFC979_png.rf.24efb165c022b90baba2f873da4be155.jpg,1,0
imgFC135_png.rf.0b5df8347a41188464e473c07655e97f.jpg,1,0
imgFC507_png.rf.2d1f20e7361d973a44fbef888e2d67bd.jpg,1,0
imgFC866_png.rf.61e0f898e961f3f01edf954fc3efd60a.jpg,1,0
imgFC54_png.rf.a9f7977ad35382bfdc402a2b6445ef31.jpg,1,0
imgFC8_png.rf.6a3434e95c86be812ef7a175a3a719ec.jpg,1,0
imgFC931_png.rf.adda1b54984a5773b6ea4a1a0fbee2ea.jpg,1,0
imgFC10_png.rf.c6749804958fa2efadd86ef656242ac7.jpg,1,0
imgFC391_png.rf.6b85e131713a33471c74e2e64eaacdd8.jpg,1,0
imgFC396_png.rf.e8121b3841659b0fab6d2233ba6b74df.jpg,1,0
imgFC92_png.rf.3b928a3875ba7d3a6e599c34f715268f.jpg,1,0
imgFC808_png.rf.0ae4e85d57db1056b871a5b81340e734.jpg,1,0
imgFC400_png.rf.706efe7ffb3283928831a07c3105ce83.jpg,1,0
imgFC424_png.rf.bde09e928d7b55b537f9c810dd871e01.jpg,1,0
imgFC866_png.rf.136d9c2658ba121f942909fe1187034b.jpg,1,0
imgFC961_png.rf.43319d5730f510610bc53d4f42407870.jpg,1,0
imgFC472_png.rf.defd87a5724beb69d1debf4d813b8417.jpg,1,0
imgFC94_png.rf.df1794d415a5f3d0a56577799ec9c865.jpg,1,0
imgFC795_png.rf.cbb1926e1f3c662ad6c2ec9a607b03d1.jpg,1,0
imgFC754_png.rf.28f19ad017cf26755132fdd0b9bf40fe.jpg,1,0
imgFC84_png.rf.94116a9161223fcbaf3f24818d8d9f1d.jpg,1,0
imgFC507_png.rf.551a2b21c3bcc2871fd729c394a66828.jpg,1,0
imgFC444_png.rf.67bf64e9a12070b14aee2bc690c10ee2.jpg,1,0
imgFC94_png.rf.e4d779cd4e6f5fd9b53a4aa849d6a6f4.jpg,1,0
imgFC8_png.rf.8c975620a66795c44d384ffe52b75b15.jpg,1,0
imgFC223_png.rf.2a40c5f448533b06bcfe11a5e1eaa184.jpg,1,0
imgFC161_png.rf.82463829ea8d1b8c21c72b640929b2e8.jpg,1,0
imgFC708_png.rf.fe26de67f3cc10652f3c88c01d9ec490.jpg,1,0
imgFC736_png.rf.ca724cc2a5d1bf6d685905ef9ca9365d.jpg,1,0
imgFC58_png.rf.dc8ca3ed62e194f8a5809f299b6d7b15.jpg,1,0
imgFC53_png.rf.b602b7ad6f710f5a24fd8dd4e91bdc24.jpg,1,0
imgFC4_png.rf.533bb6a957bdc9b62d4eb0db8508fede.jpg,1,0
imgFC560_png.rf.5e3caa6db42a9b6ee3e53113e20ce2c3.jpg,1,0
imgFC722_png.rf.1b2d920d3464f2b179fb44c58557f37b.jpg,1,0
imgFC885_png.rf.8796fce122ab295f523d4872978fd7b1.jpg,1,0
imgFC232_png.rf.acffa34630b8eded82b899396688ded2.jpg,1,0
imgFC845_png.rf.4a68b13cb01570cd5364c69bc7b96a27.jpg,1,0
imgFC319_png.rf.2a28574507bb323b4e2521a230f878d4.jpg,1,0
imgFC634_png.rf.73b9c78880638a952045d0e121359735.jpg,1,0
imgFC790_png.rf.46713f61358b756540d5aa78f894b8d0.jpg,1,0
imgFC250_png.rf.7c729f643a6e24f2ec58582f8974e6d4.jpg,1,0
imgFC597_png.rf.cfacdaabbb01f8e5578d3955c891c932.jpg,1,0
imgFC692_png.rf.4a24d157239773c19d91dd5ab8d0b26f.jpg,1,0
imgFC934_png.rf.72a901556d7dec90b4dadb5db0fe5ea8.jpg,1,0
imgFC316_png.rf.27a8effc1dba96cbabe9ba803f4dcc86.jpg,1,0
imgFC966_png.rf.7fc760b6d64e8947ff7cabed4c453bba.jpg,1,0
imgFC207_png.rf.41451d5427131d7ef988393b7634c1a1.jpg,1,0
imgFC299_png.rf.4805f3b0cfecb9af5f7a200a4b3fa8eb.jpg,1,0
imgFC96_png.rf.150613d36bacaa8c6b18bbed3aa13992.jpg,1,0
imgFC971_png.rf.db53157b3a36444b2856a56f24ce68bb.jpg,1,0
imgFC657_png.rf.ca73cc92ddeb941b777827b54f90076d.jpg,1,0
imgFC615_png.rf.40a43b04a03282630f667d459e1886fd.jpg,1,0
imgFC499_png.rf.22a0d3b463582a20427649470ab3b06b.jpg,1,0
imgFC260_png.rf.fd657e7bafef448b67f74513ecf49eb6.jpg,1,0
imgFC3_png.rf.fe5ac5893996262a6019806b193d5b74.jpg,1,0
imgFC353_png.rf.18fe5089c2742fcd3dc5583a7228d9f6.jpg,1,0
imgFC548_png.rf.a72633d3977c6445d7d78018f2410b70.jpg,1,0
imgFC182_png.rf.1f8daff4fc53aa559cfe7bc2857e40aa.jpg,1,0
imgFC396_png.rf.e00d86fff0ba8aa7c2c690a13e7a044b.jpg,1,0
imgFC301_png.rf.9dc2d52f3d3ee0ec567170f39361c554.jpg,1,0
imgFC358_png.rf.0a01302ca46fcad54269923aafae6822.jpg,1,0
imgFC873_png.rf.c013cb24f1294fe871dc71f96d0383fa.jpg,1,0
imgFC127_png.rf.9d3c55d0c612c61a95af4b664e43565e.jpg,1,0
imgFC244_png.rf.559bfecc7bcd480a27c919980375dd74.jpg,1,0
imgFC981_png.rf.8690648bc26e83c1b00eb75ef4dd8b7b.jpg,1,0
imgFC19_png.rf.3422f7d9ac79e3c690c19144706415f6.jpg,1,0
imgFC347_png.rf.0b74f420016d845a1a642606d7f8c283.jpg,1,0
imgFC393_png.rf.83f9f73ed414aed66d0d070ea00781ff.jpg,1,0
imgFC255_png.rf.6882c7d1ece7b6d38aced35a007dbc1c.jpg,1,0
imgFC649_png.rf.f2094f579cf1dee184acafb3a29d0e8a.jpg,1,0
imgFC510_png.rf.b0928aff7d666b1ba07363da1ad68e32.jpg,1,0
imgFC542_png.rf.3f90d0c49b90fb95984a4ada14277677.jpg,1,0
imgFC761_png.rf.ce7086921909e0e6c93aa3ed61c725be.jpg,1,0
imgFC60_png.rf.7f85583bbe0e67e18c949ced667e589f.jpg,1,0
imgFC77_png.rf.d1eb66637872dc29469d5f29698a1c62.jpg,1,0
imgFC413_png.rf.214a655f62162ed2ff35e2933326343b.jpg,1,0
imgFC249_png.rf.26ec1230c3220d7d060c5635d57b2d64.jpg,1,0
imgFC160_png.rf.93f266683c5055e88115056124f897c5.jpg,1,0
imgFC681_png.rf.2565523514f4f8dea4ce36078c6275f4.jpg,1,0
imgFC554_png.rf.9548e40992c43587afd6346a610a6e35.jpg,1,0
imgFC854_png.rf.0e49f814705cf52983f134e9be9af3a7.jpg,1,0
imgFC441_png.rf.d703b012b32060e8f30d00df65dc63cf.jpg,1,0
imgFC545_png.rf.46e29d65b2461ce1d06a64c4d9225b68.jpg,1,0
imgFC439_png.rf.fec2956438088ebc5b2d6f9ff31adb92.jpg,1,0
imgFC289_png.rf.df6c9507fb613b07dc05432af23ef3d6.jpg,1,0
imgFC61_png.rf.397cd09bd19ec302a9e5b7cedaa5f3a6.jpg,1,0
imgFC522_png.rf.22d2e4a95696def8c7d30f4d1c52a2db.jpg,1,0
imgFC543_png.rf.2cc7055763dadf975d0e44b14c0b0c25.jpg,1,0
imgFC69_png.rf.e24f44b009b34afba3c7c4b9b5f1ccbc.jpg,1,0
imgFC0_png.rf.895ef6201bdbce1a02b33108c1f96194.jpg,1,0
imgFC922_png.rf.30a804c8f338e966f746cfa688c5d68b.jpg,1,0
imgFC924_png.rf.89449710e303280b8fe294ef22761bc8.jpg,1,0
imgFC17_png.rf.4c023c6bbfcaad259926ac987ca72bdc.jpg,1,0
imgFC746_png.rf.f32904402eb1df3420b94d07d92f0e76.jpg,1,0
imgFC585_png.rf.e42d4d0febe3b0a8ed751e3716014b35.jpg,1,0
imgFC704_png.rf.4fe1120ad6bd781e31786567599e1d5f.jpg,1,0
imgFC807_png.rf.4a2ccc0959fac8589e93062999f07e31.jpg,1,0
imgFC343_png.rf.c222879b4b7c6e6c833553131806b768.jpg,1,0
imgFC367_png.rf.8e8d2ccfcfcf0400cb198ce29553abaa.jpg,1,0
imgFC826_png.rf.3e3554ca82b06df3f7388240a6709ad2.jpg,1,0
imgFC369_png.rf.b3a40f7a9424b574b19265f47a47540e.jpg,1,0
imgFC457_png.rf.b97446d36416bc5f8d74396bf7e1032e.jpg,1,0
imgFC738_png.rf.570d6be2447ff0b789481080cabbf608.jpg,1,0
imgFC311_png.rf.23fc46763595c3ce13cb606feafa2187.jpg,1,0
imgFC574_png.rf.d5c9baca3cd32200487e7d00aff29090.jpg,1,0
imgFC569_png.rf.00f8e3b31f253dc13f1f2ae66fc31aeb.jpg,1,0
imgFC73_png.rf.33ddb78d283eb743e7cf787ddcc708ae.jpg,1,0
imgFC621_png.rf.2018b5c56f4536ae2facd0c65963d05c.jpg,1,0
imgFC164_png.rf.2c3091db82411c79836b1d6943bf21bb.jpg,1,0
imgFC504_png.rf.18e0a240305c765d62eed5e1ff0b9de2.jpg,1,0
imgFC606_png.rf.c77240c744426c97814166c5ee58f69a.jpg,1,0
imgFC416_png.rf.4e4deb7f971fbbcf330547384d37afb0.jpg,1,0
imgFC389_png.rf.660d4b5eb5a7e970e8ac454a37199805.jpg,1,0
imgFC972_png.rf.0aecc89cfe673e82f2e389c805a7a30a.jpg,1,0
imgFC479_png.rf.29714327d9808ed544bf1cbaf21f9058.jpg,1,0
imgFC662_png.rf.09150324b4e60ddd7b6bf02fc63746ab.jpg,1,0
imgFC783_png.rf.5589f3e781be3831f19ca802551b1472.jpg,1,0
imgFC904_png.rf.fef96efc7bac167c281bc82bb6a6ac22.jpg,1,0
imgFC455_png.rf.aa9062ac6165ba7696a7f255880c8497.jpg,1,0
imgFC86_png.rf.b275a9e294e510bb942dced05bfe3e9c.jpg,1,0
imgFC155_png.rf.1bafcda4605e22255873ea5110398e78.jpg,1,0
imgFC533_png.rf.1ab8baffda321ffed2f6dd6b882da306.jpg,1,0
imgFC139_png.rf.09124595ca51889861e1c4931eddcd20.jpg,1,0
imgFC521_png.rf.2dc4954e348f9c738bd8d675bd8c04c2.jpg,1,0
imgFC298_png.rf.bd7681fda81ebc1595f98319c20972cd.jpg,1,0
imgFC211_png.rf.64318536fdb2dd3eca8a22136ad0734d.jpg,1,0
imgFC874_png.rf.d4e6a00c560cc6bae36261d6c0a2390a.jpg,1,0
imgFC523_png.rf.e479cf1188ab8c4a31d9cf686bb3615b.jpg,1,0
imgFC868_png.rf.6d4f24ace85699f87b92f9e1b7a6b47b.jpg,1,0
imgFC44_png.rf.72fb923314bdbf0339f29ee5184cfee7.jpg,1,0
imgFC219_png.rf.dda756dbda8752b20a6370c67c67b01a.jpg,1,0
imgFC449_png.rf.b08527db949f3b4cc8e09634cde23a5f.jpg,1,0
imgFC619_png.rf.f897d175ad5d7e29d8a3c43065aa3d7c.jpg,1,0
imgFC995_png.rf.71a3b808d90f6beabdb81837db4c6ff9.jpg,1,0
imgFC31_png.rf.880a64ac6dba0544850110172e3a0092.jpg,1,0
imgFC802_png.rf.40b7b7a3ad5664d005bb0504fc456db2.jpg,1,0
imgFC788_png.rf.b16db040e0649d1989d071ccf92a4e71.jpg,1,0
imgFC83_png.rf.4830140203d91cf5fb6cd163a4058bd8.jpg,1,0
imgFC968_png.rf.bff550de32236d3e72959b74d21eb52f.jpg,1,0
imgFC824_png.rf.4633d57c7df978890d3cb0b6c2e9e92e.jpg,1,0
imgFC770_png.rf.c9c2e751f3e63311c2c60780bc7260b2.jpg,1,0
imgFC142_png.rf.a76da18fe2e4223c5bb7b927db271664.jpg,1,0
imgFC121_png.rf.bd103b3ccfd2460f7df7a98414ec51f9.jpg,1,0
imgFC629_png.rf.b1fb433e8d7f80a1cd505cfe84f2075f.jpg,1,0
imgFC35_png.rf.c3cfbe459e2d22364f61b89adae2aa15.jpg,1,0
imgFC463_png.rf.dfac723cd0cdaf2302674558d6af01ba.jpg,1,0
imgFC30_png.rf.5b98820c092d485625e1c77b975e1603.jpg,1,0
imgFC468_png.rf.61356d550f0d38d454a03ecd2fcd48c3.jpg,1,0
imgFC13_png.rf.ebac4217dbc65e34f99fa0941ce39ad8.jpg,1,0
imgFC858_png.rf.7090fa23e52f071e4416e76f39b3a3d3.jpg,1,0
imgFC118_png.rf.a3984500cadc10335605816b404539f5.jpg,1,0
imgFC278_png.rf.460c405e41b782f9737b11babb00d507.jpg,1,0
imgFC915_png.rf.b928839b43a0e3b2c5b745e6d3fcba02.jpg,1,0
imgFC685_png.rf.1e2b18b3d970d21068bf14ca174efdc1.jpg,1,0
imgFC797_png.rf.4846a22c8fae173d7c7f755ec86c1972.jpg,1,0
imgFC967_png.rf.4f4ec21e42def1b2ed61c51e18a94d88.jpg,1,0
imgFC227_png.rf.e56453ba5087b42664a3552de824b985.jpg,1,0
imgFC419_png.rf.858adbbbb632cc8bb1c0a312f99ce563.jpg,1,0
imgFC559_png.rf.f864f29be7e193980d8b126f51c62fe5.jpg,1,0
imgFC784_png.rf.56b76f244768fa4e4eb24e3800958d12.jpg,1,0
imgFC97_png.rf.f90ddb16c9e98de88a09771629f490f6.jpg,1,0
imgFC24_png.rf.a649c6e3b777a885a92f5795eb769e3d.jpg,1,0
imgFC798_png.rf.afb4da13de600f37d44134b001bddf07.jpg,1,0
imgFC843_png.rf.f078c0eee70d05ff72246d54baf0c30a.jpg,1,0
imgFC684_png.rf.de9d5bb9b18e1c07577270c4ebe4c2a6.jpg,1,0
imgFC306_png.rf.b54bafc1997a351f7cbd2bdb504ca66d.jpg,1,0
imgFC983_png.rf.38053bd893afaf3cd10bfdb6d35c5d36.jpg,1,0
imgFC215_png.rf.62657201a67dc2fce25356102766f89e.jpg,1,0
imgFC48_png.rf.f0228ee62b31e8665dd48a35efc869be.jpg,1,0
imgFC604_png.rf.ef2544ffb1b1fd5ad568eac87da4db05.jpg,1,0
imgFC864_png.rf.e36b6f87c4db375ba417f59e42b58159.jpg,1,0
imgFC154_png.rf.87c1c1a19f4918fd7ab88ee881612d04.jpg,1,0
imgFC446_png.rf.957a45dceaccfaf0c5ec1bdbb60c46f2.jpg,1,0
imgFC106_png.rf.ef9ca1042ebd0b1956f048d93b630984.jpg,1,0
imgFC539_png.rf.73c4f7503254df91142a5bc8b437766e.jpg,1,0
imgFC935_png.rf.ed22d5a35058fc60b142aa4ee26678e6.jpg,1,0
imgFC653_png.rf.ff0232c5da1a2cd867e538a2a769dd1c.jpg,1,0
imgFC547_png.rf.a2ba5bb290e938b99795a54dde75e99d.jpg,1,0
imgFC642_png.rf.e0ca560a060c81b96be8657ff5ee237c.jpg,1,0
imgFC828_png.rf.cf618f2019d77099b751833d1d38c004.jpg,1,0
imgFC110_png.rf.7e406bfef7fee1c2580550cb5608573f.jpg,1,0
imgFC816_png.rf.4b437e378bd70754b8e90e72e8940902.jpg,1,0
imgFC447_png.rf.366aef1e948f0c82af36a43938f47bd3.jpg,1,0
imgFC890_png.rf.ba216d8e00ebfcaf0feae246564f6354.jpg,1,0
imgFC93_png.rf.50e6c8110a6954d8f4245b8eef5fca57.jpg,1,0
imgFC827_png.rf.807e9de21305b988feed6a3d08d4b5b8.jpg,1,0
imgFC186_png.rf.af49e7d472955ec1b2d2e04125c96320.jpg,1,0
imgFC40_png.rf.97fbb371ee199d90ed687788d580a577.jpg,1,0
imgFC195_png.rf.e029504988db60e11e55e7ee97593bc2.jpg,1,0
imgFC202_png.rf.79ed2129cdde27718b6495341e753392.jpg,1,0
imgFC638_png.rf.09c89b89c6baccf37b439f025206b589.jpg,1,0
imgFC727_png.rf.34bc37525956cd8458085f09711c8ab8.jpg,1,0
imgFC9_png.rf.10dab351fb9885cdacd1357a1666aa84.jpg,1,0
imgFC544_png.rf.66c9dc76c5f19205dc2114eaf58080a4.jpg,1,0
imgFC610_png.rf.5a723d9ee640b7aa848d17dfbffc9119.jpg,1,0
imgFC988_png.rf.c49665dcba44d7752f9efefd192e28d8.jpg,1,0
imgFC910_png.rf.d36eb6a048621d04285ddbcbacb6ed22.jpg,1,0
imgFC921_png.rf.09d7c0fc0d99f50464bcc888db02f23e.jpg,1,0
imgFC464_png.rf.7ab611a68967d87ccb49830aef58f7c7.jpg,1,0
imgFC133_png.rf.2e2af37ca93bf7f2f19303400dc7bf6c.jpg,1,0
imgFC762_png.rf.debcef408894e7c5b82e4fe242f2f6b1.jpg,1,0
imgFC170_png.rf.7e96a5fd49bda61e7027735c1a7c9e2a.jpg,1,0
imgFC264_png.rf.4f88a3d46feec70f6a03e4be294749fa.jpg,1,0
imgFC515_png.rf.c08fd0cb49614ee77c7ca5949974b50e.jpg,1,0
imgFC786_png.rf.8d49ab07f61bd5ec41684888ba84c324.jpg,1,0
imgFC339_png.rf.8eb20a543b94c6271af11f4c67873fe2.jpg,1,0
imgFC506_png.rf.f72aa206ed64bdbcd33f1cb39c735cdd.jpg,1,0
imgFC218_png.rf.d531278b35aefedb95960563723ee6c7.jpg,1,0
imgFC261_png.rf.4a388417c0aa7bce2eeebce33f1f366f.jpg,1,0
imgFC664_png.rf.3e296f07fe27270bfa1dd10214a44c70.jpg,1,0
imgFC137_png.rf.454fad6c1ab0f7c549d74248f21e6b99.jpg,1,0
imgFC680_png.rf.cac83718f720a4133133b24b7a4db3c0.jpg,1,0
imgFC910_png.rf.a6b89e0ea0d6fc3973891e3239b8b323.jpg,1,0
imgFC354_png.rf.4182ac9028fa95b118c7af50745b6a92.jpg,1,0
imgFC846_png.rf.a77133547b829819cb10bb586f5397ed.jpg,1,0
imgFC28_png.rf.e426f94c4e3ea0a8f92a78eb08f6e6f4.jpg,1,0
imgFC1007_png.rf.1a7d969c45447e4a092ca9767c67e754.jpg,1,0
imgFC9_png.rf.0dbd9a5df8d5b0b25d4c96681169a480.jpg,1,0
imgFC63_png.rf.432abe01a2aa9e52b8306bd846e0e914.jpg,1,0
imgFC254_png.rf.9e385c07158b1150d561c9041c2b5a12.jpg,1,0
imgFC298_png.rf.2674212b6ccbe7e30ce92ce952f3e841.jpg,1,0
imgFC282_png.rf.48eb7bda093a236ad8c1ccd5e4ec88ba.jpg,1,0
imgFC401_png.rf.dd3334babc1ee6971631c4bc0617be1d.jpg,1,0
imgFC610_png.rf.c30f64cfa9e1f8ffbf1c3bff4b4ca652.jpg,1,0
imgFC115_png.rf.580af1931093b2ff65b01b53edaf50c4.jpg,1,0
imgFC1008_png.rf.89ceeac94977bf81da648532f509c340.jpg,1,0
imgFC780_png.rf.c4472af6159c3d7028aecc5642846f56.jpg,1,0
imgFC153_png.rf.9a284a50d5ac7b8a32b147a57bd87a8b.jpg,1,0
imgFC139_png.rf.0797e037910c3e03166234bfce2ddf86.jpg,1,0
imgFC776_png.rf.4e119a8b378c97c8d22df2e28d9d9d13.jpg,1,0
imgFC645_png.rf.a75d9ff393d888444fc894ef13ff77c0.jpg,1,0
imgFC825_png.rf.664cbbf946cbdf7e97dc24421faaf012.jpg,1,0
imgFC34_png.rf.6bf48db175ab8454b0acdd1ffc0421d8.jpg,1,0
imgFC822_png.rf.fabff8b99f0cfcb5198c54dbfe48dea4.jpg,1,0
imgFC735_png.rf.d3ae0388e91a02deb0f527c8183d7371.jpg,1,0
imgFC820_png.rf.5c13ed41fd50dc33a2247bbff2dc8053.jpg,1,0
imgFC614_png.rf.174ed550417f5024fc4e2f738b434177.jpg,1,0
imgFC802_png.rf.7b5a4616176a815ffd6827da0a1bb6dd.jpg,1,0
imgFC144_png.rf.b296b6cedca0ef3f493368ede797521a.jpg,1,0
imgFC521_png.rf.361685eab2f9ddc6c61e3c656a0c4bf8.jpg,1,0
imgFC818_png.rf.0e583ec296dd91cada8dfb25f78e1d67.jpg,1,0
imgFC155_png.rf.88da8b8b87cca5f723e5df667957ff70.jpg,1,0
imgFC913_png.rf.999363aecbd1c43704ea655727536a17.jpg,1,0
imgFC415_png.rf.6ccda441cffd7652885990fa0e1aa325.jpg,1,0
imgFC387_png.rf.db61c9de8a07f4f1257496b7a26df9da.jpg,1,0
imgFC346_png.rf.79f0da744d29f1620d7a8b9836fcad01.jpg,1,0
imgFC573_png.rf.15d493e7a48918ef332818d455160a2b.jpg,1,0
imgFC487_png.rf.d4eb93c64c177a68311c6114b258f886.jpg,1,0
imgFC82_png.rf.7e4c900bbab4ab38a35a14692d9d3b79.jpg,1,0
imgFC465_png.rf.ac4333f61b41fae41b9663492de23b06.jpg,1,0
imgFC51_png.rf.0bc26f89995e28855a0d06463796c6b5.jpg,1,0
imgFC815_png.rf.198d87c903b5c7ff4711af2b181d5223.jpg,1,0
imgFC322_png.rf.762661c97c2b023041f0ff94a4779796.jpg,1,0
imgFC952_png.rf.8a8d16b006a1b51787b31f1e2c0e1f52.jpg,1,0
imgFC613_png.rf.4efb4631d9bb85a093875a78657f6cb4.jpg,1,0
imgFC917_png.rf.131de2214eb0fa85c2cb8f37e5ef7722.jpg,1,0
imgFC874_png.rf.723443ae16127c244d26ff1423602fe4.jpg,1,0
imgFC533_png.rf.1033e74a31edf593cc82a2d35f9b71bd.jpg,1,0
imgFC199_png.rf.e1ca6d3827e1fc624f99a30764d0f27c.jpg,1,0
imgFC616_png.rf.afcfba4c932f66d89920a865546c3711.jpg,1,0
imgFC511_png.rf.eda30ac70a090f79d573f848681aa6cf.jpg,1,0
imgFC989_png.rf.aa0c7e0179a6738eddf662a9e61a7ead.jpg,1,0
imgFC460_png.rf.ceb2d2479293a47ab88bacf64075d63e.jpg,1,0
imgFC69_png.rf.f4df321556f2eeaaf318e5c088460a9d.jpg,1,0
imgFC337_png.rf.a4130d73bd283ffcfa2194c2f3c3dd05.jpg,1,0
imgFC219_png.rf.6c8746eacea5b3dc24d0073e6bce12f5.jpg,1,0
imgFC460_png.rf.7ac9e9ca13b6888202f79a31bbb26a09.jpg,1,0
imgFC619_png.rf.72c3575833cb068ee2063cb2198b1caa.jpg,1,0
imgFC995_png.rf.48703f6cc79bb942081679ea44452394.jpg,1,0
imgFC3_png.rf.5b9cf66980a9636eb6ed446aa0e74000.jpg,1,0
imgFC609_png.rf.3d87c735cfd1413626bc631c6c6544bf.jpg,1,0
imgFC49_png.rf.9eb484607d02810c3b85473ea957a15d.jpg,1,0
imgFC420_png.rf.b06bd95bd82167f311892b88614dcff2.jpg,1,0
imgFC402_png.rf.f60e7eda408bb578823e31a458065626.jpg,1,0
imgFC84_png.rf.4cb821235135d89970ae503780c0d615.jpg,1,0
imgFC934_png.rf.6eb87195d50ea62a4954e67929e15b26.jpg,1,0
imgFC400_png.rf.555845f6683fca8db77ec5ac0744dfd1.jpg,1,0
imgFC91_png.rf.9d71002978355703d6a3e9ba91f78f26.jpg,1,0
imgFC135_png.rf.c7cc8a0264b602f78085eae0f532b902.jpg,1,0
imgFC641_png.rf.6bd958faed7c15cda4d3cf2c411717b3.jpg,1,0
imgFC275_png.rf.5605c9cdf7bd1f800caa53bcfcb9313a.jpg,1,0
imgFC2_png.rf.4c93eee5469cdd15bbe96ac4514f7f12.jpg,1,0
imgFC150_png.rf.864c17460be0f253e77010449e22c5f6.jpg,1,0
imgFC385_png.rf.a514ed2478f099448b4e7bc79f31a262.jpg,1,0
imgFC223_png.rf.674b934a6434d9048d26cd201580f354.jpg,1,0
imgFC92_png.rf.b70e91820221930a3408a5ccdcc297a9.jpg,1,0
imgFC926_png.rf.5f13f979753440036484de9289396dee.jpg,1,0
imgFC101_png.rf.f6f4379a8a441586c20c9f95ff5bd165.jpg,1,0
imgFC973_png.rf.ed148026c650d4892c65d6bf6904f136.jpg,1,0
imgFC801_png.rf.4735ecc60450ae16070d2e6ec80e686d.jpg,1,0
imgFC578_png.rf.87f559a65f17d5b174857f2d8f0be911.jpg,1,0
imgFC510_png.rf.679becd4d9ed77e494f1ffcf7871a284.jpg,1,0
imgFC228_png.rf.9c91572fc2305d7a72b1e8e4b5a9ab9b.jpg,1,0
imgFC221_png.rf.af5c14a0f642cee48ff776f900732592.jpg,1,0
imgFC495_png.rf.3d14f1db62a1cf66d9b28ef058760916.jpg,1,0
imgFC708_png.rf.61db9bdaf1d686a8f7562c1f1b1cf4d3.jpg,1,0
imgFC568_png.rf.c642dcf56131760ea86cbd56950ee84b.jpg,1,0
imgFC18_png.rf.ac6d3ca303827cf03bdf0800c67f1339.jpg,1,0
imgFC472_png.rf.37419bb4e2579bb7a4a8c74d701b5aa8.jpg,1,0
imgFC909_png.rf.24fedea08f9908852aa08b36d3e12821.jpg,1,0
imgFC26_png.rf.3f0fb9f8d9c7418676b58f6fd3d872ae.jpg,1,0
imgFC429_png.rf.287af327127013b5da6cd0fb953dc205.jpg,1,0
imgFC749_png.rf.dd5b430a15d771e9bc1fbf92ee97bb66.jpg,1,0
imgFC348_png.rf.b928b5cd15a55ce120365a259dc5c542.jpg,1,0
imgFC161_png.rf.d9b4ac2420426e6bb26c27a620f25ee9.jpg,1,0
imgFC301_png.rf.5bf315972c27764ec3047df0af36d2b0.jpg,1,0
imgFC444_png.rf.69f4a30fd35eaca68a294c0148a80dca.jpg,1,0
imgFC481_png.rf.a3a5eacd23e898f4e92b5d88b744d988.jpg,1,0
imgFC424_png.rf.52cf8b3fcf4374259a85e1800ffa23ea.jpg,1,0
imgFC4_png.rf.2b530105e261dceb8e2e401235f386ff.jpg,1,0
imgFC808_png.rf.1088efe93d4e7e7df33dcd0b2dfaba75.jpg,1,0
imgFC426_png.rf.862c4ab328ab331e328f7074b478e016.jpg,1,0
imgFC529_png.rf.fc6e2fd3e4dfc665fb6f73e6d55943d4.jpg,1,0
imgFC10_png.rf.8ffcf52d29b633966e220018351bca52.jpg,1,0
imgFC749_png.rf.09437b0a427c34a4f27b079d8134a798.jpg,1,0
imgFC510_png.rf.8adf85d501a55238b13595c76a53bd7f.jpg,1,0
imgFC481_png.rf.30502d98daca0dd493f6b4d63f5f5592.jpg,1,0
imgFC135_png.rf.b8cfd548d748170c03e1cdfa492ff390.jpg,1,0
imgFC92_png.rf.e0d7741dfac0d9f38f02dfe8231183c8.jpg,1,0
imgFC979_png.rf.82069616eceaea46ebd433a84d56f5ac.jpg,1,0
imgFC56_png.rf.18716680acdb7e0605cfd66d8adb031e.jpg,1,0
imgFC407_png.rf.2ccb4c7a3801cab33c689a2bb0274658.jpg,1,0
imgFC623_png.rf.37f7b50c79e87641b7c8311a874657e9.jpg,1,0
imgFC342_png.rf.e254010138508dbe77b998c95c151ed9.jpg,1,0
imgFC754_png.rf.4ebf1f3027050d6fa0c88aa08430a06f.jpg,1,0
imgFC327_png.rf.9266a125868cf1e1d35d9fb7bc65cff5.jpg,1,0
imgFC687_png.rf.d5c4504a06be81002eeaaccbccc8f764.jpg,1,0
imgFC18_png.rf.12a69a2591aabb49cb803e48dfe09a99.jpg,1,0
imgFC791_png.rf.367537b3d0e914f90c975ae08f1fa1da.jpg,1,0
imgFC327_png.rf.756e23dcbd70a020b73d383b76b3c647.jpg,1,0
imgFC56_png.rf.856915ce279fe0280eab5da813ca362d.jpg,1,0
imgFC687_png.rf.b61c2803aa2e56812b6a61507815cf60.jpg,1,0
imgFC470_png.rf.b6ec58e17ac38ac21efc868e467cf574.jpg,1,0
imgFC791_png.rf.ab46ed584e4c17e4cf7913fc52265f65.jpg,1,0
imgFC630_png.rf.de7be5bbac2f26be492f5beb9def55a7.jpg,1,0
imgFC370_png.rf.6895661324410f0ba82d967940e753fa.jpg,1,0
imgFC36_png.rf.084a7f3410de21f9aa7311ef5b4315e8.jpg,0,1
imgFC845_png.rf.0a6511a31e3f80ea8ae67ea4a1830c42.jpg,1,0
imgFC370_png.rf.f4b70535917aa0cb835598827bda1efb.jpg,1,0
imgFC852_png.rf.7b3cfbeeb68769036da31a23ec1765a0.jpg,1,0
imgFC560_png.rf.c5bc4f0a84c00ec33a5d5f67cd4328e9.jpg,1,0
imgFC348_png.rf.df20ab35fb63d6b553898364600b50e6.jpg,1,0
imgFC905_png.rf.1539a48a7a8b4bce763376ba9aedf804.jpg,1,0
imgFC400_png.rf.e7244925ea1b5e54559114c7f87f8362.jpg,1,0
imgFC660_png.rf.baf167a0cce52ea3048e9194108692ba.jpg,1,0
imgFC891_png.rf.4582cbf529b856c2ff15f6a4df1b8ad6.jpg,1,0
imgFC892_png.rf.94d0a5e8fec6c7228e5866a91853c541.jpg,1,0
imgFC683_png.rf.d051b653c219dd523b9c8285385abcf0.jpg,1,0
imgFC4_png.rf.ae5c3ecf2601d26ee444546e64a4f9b1.jpg,1,0
imgFC10_png.rf.cd52621dd27512d1f98719e724e259a6.jpg,1,0
imgFC801_png.rf.a151fb384e227c65b2cb716104f03cfa.jpg,1,0
imgFC845_png.rf.080d89a47879eb947c393cd392fca1a7.jpg,1,0
imgFC108_png.rf.6cdb711b794a78e6213c74ede85bdbfd.jpg,1,0
imgFC232_png.rf.f4eb9f027da29fbadf079a2e7ba368a8.jpg,1,0
imgFC424_png.rf.75443877158f7d7d4185762b9bd77fba.jpg,1,0
imgFC212_png.rf.3721bf92f703def6e2a98b2dfbb85dd9.jpg,1,0
imgFC3_png.rf.7ab5097d770bd26ea6ab4e33db11f3ef.jpg,1,0
imgFC223_png.rf.a0ae7d383c5e4d282f4e960318a008d8.jpg,1,0
imgFC934_png.rf.bc761a48e7cf86d9753cda16b83c1a87.jpg,1,0
imgFC565_png.rf.b9861f2df7718c85f5d585973e5a39c7.jpg,1,0
imgFC931_png.rf.a4e9a9d30b7030a5f0f0646dbad41c3c.jpg,1,0
imgFC505_png.rf.5fdb273c976dab4c741429dd7449d860.jpg,1,0
imgFC891_png.rf.46290f18975225b56b4157ffee5da978.jpg,1,0
imgFC58_png.rf.eb8bd43df3e244a811f0ee63ff401b23.jpg,1,0
imgFC375_png.rf.89e1f79ba6826bc380ffad9f66d957a4.jpg,1,0
imgFC18_png.rf.9f132d1125b0c4f85ae7faa1b05db340.jpg,1,0
imgFC320_png.rf.88f6bb5bb3ec1b9281cffd22e9dc5bed.jpg,1,0
imgFC623_png.rf.bd6cdaa102b71d54416ede28046b3b25.jpg,1,0
imgFC68_png.rf.b972030e8b18634e83da4e40da874a64.jpg,1,0
imgFC141_png.rf.ca01e7e677233503e0674b102142f3df.jpg,1,0
imgFC176_png.rf.c252706fff1ca268ba52ba33e9312675.jpg,1,0
imgFC973_png.rf.ce928247edab67c2fbc5beccfb0d84a9.jpg,1,0
imgFC657_png.rf.775104869c0ac3fdbf0b163206f209f0.jpg,1,0
imgFC801_png.rf.a7c080fcd988aa9d52d903c50a665b68.jpg,1,0
imgFC630_png.rf.fe2650278d47e417389641ea6c60eb05.jpg,1,0
imgFC736_png.rf.764e8371e0c973cd687c400f9e94bbf7.jpg,1,0
imgFC495_png.rf.e4bcfc65244749bdb239354e5d6c0b48.jpg,1,0
imgFC641_png.rf.cd59501592e94c20736f2bcb70c12b09.jpg,1,0
imgFC722_png.rf.44e26eebbc1553ca6fa3fca16d840a2c.jpg,1,0
imgFC370_png.rf.a66d49bf75559ff80ca27252790254c5.jpg,1,0
imgFC733_png.rf.1097259481bad519a17fbcd4d68a50b6.jpg,1,0
imgFC741_png.rf.569a5b8d8bb49ca899749154409f84e2.jpg,1,0
imgFC687_png.rf.16760b10281caeaa4d793cdb7307c73d.jpg,1,0
imgFC906_png.rf.e44d95b7cfb29cde20993b9e250a6dae.jpg,1,0
imgFC566_png.rf.af6b72050ff4710acbd9e9e84cd7cfee.jpg,1,0
imgFC683_png.rf.203527c073af9b159e82e63f8a03d12a.jpg,1,0
imgFC966_png.rf.aca70ad85aee743f6998bee91946ebf1.jpg,1,0
imgFC407_png.rf.bf9b749a1bd52e9146a24221c604dece.jpg,1,0
imgFC58_png.rf.91f6464059c7457b53e5158a31a98721.jpg,1,0
imgFC299_png.rf.14f2f4ae771b346ecc9a5ffa937f291f.jpg,1,0
imgFC562_png.rf.579f23d857075cd8555eb278050f8456.jpg,1,0
imgFC722_png.rf.fa9ba3b58bc42bcd035543b28c675c2f.jpg,1,0
imgFC966_png.rf.ca67785e90477ab8a4e0ebbb6ad691c9.jpg,1,0
imgFC916_png.rf.4457510b9d056178e72f4900b3f516f2.jpg,1,0
imgFC327_png.rf.2b97296d3786044c4323a267392fdeb6.jpg,1,0
imgFC683_png.rf.063bf69be3656ca3cb357c4895e5cb59.jpg,1,0
imgFC568_png.rf.a34ecfb510cb50c2cd2d9a86f8756334.jpg,1,0
imgFC641_png.rf.1dff1affc7e5bd4601bde8d38da12113.jpg,1,0
imgFC407_png.rf.bcbf892923c6b734e5222bff0d47cbc9.jpg,1,0
imgFC375_png.rf.a26de429f6183fdb39e31ce17a00d0a3.jpg,1,0
imgFC726_png.rf.f903d26f7b551821f8fb56b7b895a8f3.jpg,1,0
imgFC634_png.rf.c2f80685a87cc281195566b078049722.jpg,1,0
imgFC212_png.rf.7a328d4bfd9ff4b3d09a460bfc9429ab.jpg,1,0
imgFC101_png.rf.9522cb10242f7dd7e18d6285f02c6d7d.jpg,1,0
imgFC228_png.rf.a4c27f6f15ca54a9068feec3f42b5a25.jpg,1,0
imgFC448_png.rf.6fe783fe15bc47a082259cb99208a06c.jpg,1,0
imgFC201_png.rf.0336d083f6ce1edc0629861989d08510.jpg,1,0
imgFC749_png.rf.258626b6c56154a6a3c9f2833263ae2e.jpg,1,0
imgFC634_png.rf.110424103b34649423d74500465b2e6a.jpg,1,0
imgFC495_png.rf.b0a3cae6cf82376a74750400d531c594.jpg,1,0
imgFC68_png.rf.47e55cc90c15cd82f64e1de6114f3b2c.jpg,1,0
imgFC68_png.rf.e0495e4f6521e41ba553ea989b6b95c5.jpg,1,0
imgFC736_png.rf.db0afc240894e7290c5c35b848a083f7.jpg,1,0
imgFC299_png.rf.4df7c51579aaa979cffd84f8dfc1a64d.jpg,1,0
imgFC205_png.rf.22bcfab4384b788716e64bcc837837be.jpg,1,0
imgFC531_png.rf.56d842c39aca00016d5f3581079f4d75.jpg,1,0
imgFC905_png.rf.3dfbc9dddcd25630c4bcc7ff6b08fcdd.jpg,1,0
imgFC212_png.rf.bd8998f4de9cdaa4b8fddf52099ffab2.jpg,1,0
imgFC914_png.rf.28952fcbe09f8690a798da4fb78fedd7.jpg,1,0
imgFC176_png.rf.66ec6909b238f743cc9bed38c39dadc0.jpg,1,0
imgFC348_png.rf.314bda637cc95144e9a1661fe6de3074.jpg,1,0
imgFC205_png.rf.3a75fd11f8bb59974ab521e4bc74f30b.jpg,1,0
imgFC905_png.rf.21adb11b5efda63fe2651de3e8810f03.jpg,1,0
imgFC916_png.rf.291da9d659b00432dd1369da348c42ff.jpg,1,0
imgFC228_png.rf.f7b0c62a7b754476cb598e378e7a908e.jpg,1,0
imgFC429_png.rf.e27c625fb8803ac48f68aac08be3a033.jpg,1,0
imgFC529_png.rf.c332aeb359791dd76ae53b28f08fed24.jpg,1,0
imgFC448_png.rf.097cb82a5bb9be68fd8da302052be76e.jpg,1,0
imgFC892_png.rf.5f3a3498a07c9c0927ff85dafadde9bb.jpg,1,0
imgFC568_png.rf.6862a7fbd4ca20cfe06fa38bbb1a84f1.jpg,1,0
imgFC808_png.rf.053abda39e784a2eebe5e64e4d89014a.jpg,1,0
imgFC176_png.rf.a363ffb9e5e526e91bb0a5d47500b372.jpg,1,0
imgFC472_png.rf.227e8c20d7c536c44f532a1ac1a9c0cd.jpg,1,0
imgFC571_png.rf.59c806633a25291690a28bd77174780b.jpg,1,0
imgFC360_png.rf.8ee9bbfe1ad79e0ee451b29dcc524282.jpg,1,0
imgFC141_png.rf.43b05eb5dc5e2a638916c36af9e5e245.jpg,1,0
imgFC562_png.rf.dd933103e419bf15976c7c8121843905.jpg,1,0
imgFC238_png.rf.554703023641e4193bf4540dc62d8086.jpg,1,0
imgFC906_png.rf.73387c39e1d010b6014faf70120dd5d3.jpg,1,0
imgFC529_png.rf.6e2aa3d7c73842f5c9d3d6926a06e3c9.jpg,1,0
imgFC320_png.rf.c9cd3b31c7b08e9cfe80bf9058ebc531.jpg,1,0
imgFC429_png.rf.835891bd584a883868e60f361c5d47da.jpg,1,0
imgFC754_png.rf.e5bc2233195e367ba5637a653f1663fd.jpg,1,0
imgFC258_png.rf.06c81d88f99a20e4e5a9c8c749e6a3f9.jpg,1,0
imgFC623_png.rf.62d196d464b5eb2066c39338c6d9de9e.jpg,1,0
imgFC385_png.rf.534135f49ab341003806f3774d357ddd.jpg,1,0
imgFC741_png.rf.22a9c7e9f95d3ee0b1917285db377e6f.jpg,1,0
imgFC304_png.rf.37ac3338347ac97efd618fed346ed523.jpg,1,0
imgFC906_png.rf.64a3d1acbd3c1c00522d99c8ea7d54b5.jpg,1,0
imgFC201_png.rf.3812871cde5804309fa87127cb15ff34.jpg,1,0
imgFC914_png.rf.3159c3577ebfd5c3314e1a04afc1765e.jpg,1,0
imgFC2_png.rf.ce9aba6b230747a1e26a469e357f6864.jpg,1,0
imgFC238_png.rf.d28bd6ec7e738c47939e15952b252477.jpg,1,0
imgFC571_png.rf.6a919b779863f02c96369be56661ee68.jpg,1,0
imgFC880_png.rf.4532cb36fad8db9bd000a2113ab73967.jpg,1,0
imgFC91_png.rf.94aed81ed1072a5e767d76643c348c11.jpg,1,0
imgFC101_png.rf.f7d7bd0305a5e38fd1f5675c3d191aa7.jpg,1,0
imgFC481_png.rf.44dd502d93b0d818a3bdee1b68afc67a.jpg,1,0
imgFC527_png.rf.8ef916e95aed253e863db4177f948b07.jpg,1,0
imgFC320_png.rf.f0f5d9271ba4f2291a3ff56093e649da.jpg,1,0
imgFC360_png.rf.0b26fd7d65e8d34a02659a66149d1133.jpg,1,0
imgFC741_png.rf.8c22379fe2ae83628ea5b5de05c45a74.jpg,1,0
imgFC733_png.rf.7082624e64ccae8a92f95e0edf848620.jpg,1,0
imgFC123_png.rf.7f263f46aef4893ea9db2dfc0fd4e11a.jpg,1,0
imgFC693_png.rf.2ac7354d3ee173d36830151b360361d3.jpg,1,0
imgFC733_png.rf.6d1b7bf870acfdfcb33709856de07ac1.jpg,1,0
imgFC833_png.rf.abc009730dc0227ef73d405f9d6a4959.jpg,1,0
imgFC531_png.rf.199aa9f6fd334c040477f5584a1b7d48.jpg,1,0
imgFC403_png.rf.938c1daaf3d03d2d99ea9b27752adbf8.jpg,1,0
imgFC201_png.rf.dbe50d2b00bcb414bcb60373eea907b2.jpg,1,0
imgFC275_png.rf.8ca3c5e3efd59d336a690b7625dcf6f1.jpg,1,0
imgFC203_png.rf.e47ee2c67a6d077ef610cabdc05a559a.jpg,1,0
imgFC420_png.rf.acafd21dbd1515fd418031a06e68e6fe.jpg,1,0
imgFC527_png.rf.46c47e3d73951598f74f848a1cdaf991.jpg,1,0
imgFC601_png.rf.daf93ae09dea0bdc86788cba5f4d9674.jpg,1,0
imgFC833_png.rf.dbd715d1e8517f3424c22811073a981a.jpg,1,0
imgFC123_png.rf.b449bcb6e7a07b8a811e7d5895487de8.jpg,1,0
imgFC892_png.rf.209c9d20dd629314d0ac8f27ffdfb8e5.jpg,1,0
imgFC693_png.rf.ac67f89df2deba1ae7a8f52fe7d0c0ee.jpg,1,0
imgFC609_png.rf.7121983dff9b6b2989f8b8264fe30477.jpg,1,0
imgFC699_png.rf.a8d391df277302212051380e0c121dee.jpg,1,0
imgFC916_png.rf.c152cbd172ddc8fb67cc0813d49a16d9.jpg,1,0
imgFC699_png.rf.17da119d0b95455463fa5e0393147585.jpg,1,0
imgFC56_png.rf.c7a69da6e6fc84dfd272baf389114e46.jpg,1,0
imgFC578_png.rf.0961dbfa04e546103736d938cee2850a.jpg,1,0
imgFC420_png.rf.924b7c5598b092a4afc9bf49e6c6c026.jpg,1,0
imgFC448_png.rf.2620fd532dfd4afd5ef1f64696a7510a.jpg,1,0
imgFC474_png.rf.8c2876e34df1034987473c8d21a90562.jpg,1,0
imgFC803_png.rf.6580140e0c88ee565ad1516b14ce919a.jpg,1,0
imgFC205_png.rf.e543d65dc6d5a314a799b751cb84a963.jpg,1,0
imgFC150_png.rf.1036b0b23e9774dc6e2386e539a7e484.jpg,1,0
imgFC791_png.rf.5e1155ca4b5fc36863ddc626fcdddae1.jpg,1,0
imgFC525_png.rf.77aa0681ccaa9a0215a24f926719d087.jpg,1,0
imgFC531_png.rf.fb3bd24df6084490808b55d4dd2748e7.jpg,1,0
imgFC141_png.rf.37f10f0edd37186d691b8c689e99c399.jpg,1,0
imgFC865_png.rf.329c70ca93ff598de94d905aa210cef4.jpg,1,0
imgFC474_png.rf.530b63d980195a84b40d6416bf63358e.jpg,1,0
imgFC185_png.rf.495d70fed99e24177259b85c5a88f42f.jpg,1,0
imgFC715_png.rf.1c6eb575ce085a35604895caa585009b.jpg,1,0
imgFC914_png.rf.8a0c3cc22427b148667122c321351f99.jpg,1,0
imgFC578_png.rf.0d35230f1aee3d3676174eb335c4856c.jpg,1,0
imgFC677_png.rf.706394e15f7d20c647642f64c925bbf5.jpg,1,0
imgFC470_png.rf.9a833907e8175bb1d7669075af02afd8.jpg,1,0
imgFC474_png.rf.67ebb546e32dda123d376a1a584e3412.jpg,1,0
imgFC123_png.rf.4c8d1086d84f59f7e85e712cf7cc90bb.jpg,1,0
imgFC714_png.rf.3c26036481c29e02d03881f1613a574e.jpg,1,0
imgFC161_png.rf.3dab5ff4a781aadf0c3d7335d3a066c3.jpg,1,0
imgFC36_png.rf.215186ebcff117ea19d05fe58e8c4c9f.jpg,0,1
imgFC527_png.rf.502db0d83860ba71761538487c728ffc.jpg,1,0
imgFC891_png.rf.2a0d31c063611140e4d67b828c463b06.jpg,1,0
imgFC708_png.rf.d8dbc63ca4bcf7a3fa830de11333e2aa.jpg,1,0
imgFC444_png.rf.a2db458d1f34d9a09a5f06fad2284184.jpg,1,0
imgFC630_png.rf.56221cb169b6f0b3cbf530c739e6d6c2.jpg,1,0
imgFC566_png.rf.aa9bf051452b2193fd83b521ccd62e51.jpg,1,0
imgFC352_png.rf.b83fda8c36ee0a61815697c2c9d9227e.jpg,1,0
imgFC269_png.rf.a0f91ca5b678f7355688b3932174e1f7.jpg,1,0
imgFC601_png.rf.ceda1ccea899f78564f89b5c9f720b6d.jpg,1,0
imgFC360_png.rf.bdc03f283b920655e19abaeb1768c2e9.jpg,1,0
imgFC960_png.rf.70b09bf818ffee9ad7321ee8d9dee634.jpg,1,0
imgFC274_png.rf.6ccc27822a34891a4289f951d26d2283.jpg,1,0
imgFC503_png.rf.ba8037fb088b6886c7439c5c5cc03b2d.jpg,1,0
imgFC575_png.rf.c34325cca4528fe04ec0c1a454e389cb.jpg,1,0
imgFC152_png.rf.9d833399a5e6759af68e81dc7bbaf956.jpg,1,0
imgFC94_png.rf.f4b296741786bea34ecea7efff57c218.jpg,1,0
imgFC54_png.rf.a5cc2f5011e27ab4a45009824fbf9886.jpg,1,0
imgFC8_png.rf.264fd171c2fb1cc697742905883da24c.jpg,1,0
imgFC710_png.rf.9027cd5f9df5441651897046db89c510.jpg,1,0
imgFC396_png.rf.e40d607430a7e59a53af381e4f8bd402.jpg,1,0
imgFC660_png.rf.bba55311145f919c2db56ef20d457606.jpg,1,0
imgFC84_png.rf.ac659dcb6fb528e845c7de47a905fb9c.jpg,1,0
imgFC507_png.rf.22fab9b991d6633bb6a82ced2acd1575.jpg,1,0
imgFC384_png.rf.a3ab5414a72df23d81194d1bcc613995.jpg,1,0
imgFC899_png.rf.23cb182aa2ac22c677258de52f9f4da8.jpg,1,0
imgFC772_png.rf.a6a87306a7714fca44e364698f079331.jpg,1,0
imgFC926_png.rf.e6806a0f9375e6e2d52fa51a043133e2.jpg,1,0
imgFC403_png.rf.bfa3f427c155b90f51ef89c7bd28ec53.jpg,1,0
imgFC961_png.rf.e959079bc0a3d92566ccac6f3adcc1ae.jpg,1,0
imgFC866_png.rf.92b30e0862d6dd05815c82d5e532407c.jpg,1,0
imgFC470_png.rf.de58567b1e07d82d2301f58be752ab4b.jpg,1,0
imgFC478_png.rf.f6eb3ef141ce245d083604a0bb646285.jpg,1,0
imgFC222_png.rf.ca49a4e7be6c2cd92d700a8ac229eb3d.jpg,1,0
imgFC275_png.rf.8a2ace83550bf5f1fb2ed84d224c8d26.jpg,1,0
imgFC525_png.rf.3db0e1a60dda9395489aae5d80178951.jpg,1,0
imgFC313_png.rf.f6a78f801510e0f8f6d2f2588ffc7aec.jpg,1,0
imgFC894_png.rf.b286a1122a0e22832fd8e5b5e2bc50c1.jpg,1,0
imgFC478_png.rf.b7fa5528f3442930c7477d39ff11e1b9.jpg,1,0
imgFC894_png.rf.b70c9f02d1aef5370691a9491ca0a17b.jpg,1,0
imgFC338_png.rf.9cda0f040cbd501463e3dd9a7081bdb7.jpg,1,0
imgFC803_png.rf.5fc149beec66ad5fa68a54d78c55ff8e.jpg,1,0
imgFC875_png.rf.efad55f835fed54bf1fb682b81c78380.jpg,1,0
imgFC870_png.rf.4763a1dcf4ff1401d28a6041c60b7003.jpg,1,0
imgFC774_png.rf.df9bffed0346557fb26f5da2e9e3ef55.jpg,1,0
imgFC352_png.rf.8e3d489bcc7e5813f23bfa8ac917b865.jpg,1,0
imgFC280_png.rf.645503d132be332477681818997c45a0.jpg,1,0
imgFC258_png.rf.18c48684b5289faf447d4ea110dfab37.jpg,1,0
imgFC774_png.rf.d64e4628d34172e08045278cf4dbc935.jpg,1,0
imgFC772_png.rf.76e2817a3ed8dbcf348bfcb955ec7957.jpg,1,0
imgFC338_png.rf.ed3f99c4293be7aab5459e76988e82bf.jpg,1,0
imgFC317_png.rf.708baa35b41df1142793af6ea6856e2f.jpg,1,0
imgFC385_png.rf.883e6cf9713957cda4a4cd4fd407b258.jpg,1,0
imgFC78_png.rf.4e147190420dd8c9241a19baa6ac72f6.jpg,1,0
imgFC78_png.rf.bb082e039a80e168069ebc6e95501210.jpg,1,0
imgFC2_png.rf.1625d472730ab4ed5d9c3f208e652a90.jpg,1,0
imgFC74_png.rf.af5d64a5a78e7a4ee1362ccffc9d6bb1.jpg,1,0
imgFC803_png.rf.f43a813bc9240dfc2b873af1831a1a50.jpg,1,0
imgFC1000_png.rf.005664310d833dc979a66d386fd2a6c9.jpg,1,0
imgFC609_png.rf.738bf7dcb9f34e2cb50e1a3941580bfc.jpg,1,0
imgFC702_png.rf.9269d987133fd1dd42366a91ce3e9d62.jpg,1,0
imgFC528_png.rf.d20e5c8e8c20a64e57ac150e41a493d2.jpg,1,0
imgFC769_png.rf.c4a6719d3807ef4a820c2317f96220c8.jpg,1,0
imgFC638_png.rf.84bf8903c01f7214d4f393d8e3b9e181.jpg,1,0
imgFC528_png.rf.6a67ab245b48133a26cf069c2a6f8444.jpg,1,0
imgFC921_png.rf.ee7766c2345254ca1ffccca54d4f5697.jpg,1,0
imgFC282_png.rf.0553b6ecc24eb67f5fdac434d54a9cb7.jpg,1,0
imgFC217_png.rf.ba37743b9457b40110ca4966969f34c3.jpg,1,0
imgFC846_png.rf.19bc4f765f0f1d69e6eafda0064fd221.jpg,1,0
imgFC680_png.rf.11e0777dafe9454860b27eac797af415.jpg,1,0
imgFC822_png.rf.81b75541ddf367b1e4545fcce03461f1.jpg,1,0
imgFC804_png.rf.726326c85c2501d2b4c254cb9499f897.jpg,1,0
imgFC709_png.rf.b4758857523a80cf195d77a652069d35.jpg,1,0
imgFC797_png.rf.c4b1753baa71db748a3954073547d46a.jpg,1,0
imgFC828_png.rf.d812ccbf6869cf323e326b46b75d35c8.jpg,1,0
imgFC820_png.rf.e50ec98e21dd7e842aadda91b1702c05.jpg,1,0
imgFC769_png.rf.4cff800cc7b2aecca66572543a668e6f.jpg,1,0
imgFC267_png.rf.79b3a06b90b96a3276fa9350b6f103d7.jpg,1,0
imgFC686_png.rf.f362956f129a7f55180e22ecfe9c74d5.jpg,1,0
imgFC917_png.rf.32b6f7370fd581c20288021702c7d5a6.jpg,1,0
imgFC509_png.rf.75cb84938ed92d8abf0ff2661affbbe7.jpg,1,0
imgFC339_png.rf.eb798a0fc4a34569994afc59416acf51.jpg,1,0
imgFC780_png.rf.ff106dff17c445bdfe9c34731b5f3226.jpg,1,0
imgFC95_png.rf.1516fa2105f84a2f2c5d1cd6982c4dad.jpg,1,0
imgFC780_png.rf.bfbad2a1cedfd6bbf93ad77b0291da26.jpg,1,0
imgFC303_png.rf.5cb2c6dc38550eef51e2d9f111770298.jpg,1,0
imgFC82_png.rf.a907355a59219b03969ecc03ab288b07.jpg,1,0
imgFC589_png.rf.c0a7a6a90ab027afe24ba61cd170ef5f.jpg,1,0
imgFC664_png.rf.aa9bb1a465d26347ba6dc881946d4b06.jpg,1,0
imgFC603_png.rf.7c100c141ff1ed17442f1f487edeac01.jpg,1,0
imgFC118_png.rf.9aa014629ab0e4a332d51194490d8b11.jpg,1,0
imgFC509_png.rf.f20481aa784dc2b230dd1016c0e2351f.jpg,1,0
imgFC335_png.rf.4e7fe045183a0500f4d6975a2a057faf.jpg,1,0
imgFC388_png.rf.d3a10ff8d8ef027a6396d53af5de4de2.jpg,1,0
imgFC306_png.rf.b2aebd18276a3c6d643c9c690178fd57.jpg,1,0
imgFC618_png.rf.49350e46cdb3594a5ba491d28c1bf35c.jpg,1,0
imgFC864_png.rf.faa17f8082109ccec23fb789acd8e6ac.jpg,1,0
imgFC335_png.rf.1e1fbe590b112fb624e2534423468b94.jpg,1,0
imgFC603_png.rf.bf4296d81c87d382fc1383150c017fdf.jpg,1,0
imgFC267_png.rf.4580ba50d2aaa5fe32062a3783e523db.jpg,1,0
imgFC115_png.rf.13f4d1756214a0b94eb75cc1e064ab60.jpg,1,0
imgFC380_png.rf.c1936c623601c7aac5add4e8137f73f6.jpg,1,0
imgFC380_png.rf.e68181c68f4b8fb010ebdb6398aa9254.jpg,1,0
imgFC325_png.rf.707d185f0debd12ada9b9a775afeaedc.jpg,1,0
imgFC846_png.rf.65a0221e1873beb20d8ae7b9854f2cfd.jpg,1,0
imgFC1007_png.rf.f7438591b429b453944119c6805c6bba.jpg,1,0
imgFC686_png.rf.6e48730e7c24548b587266e38f2dc64b.jpg,1,0
imgFC967_png.rf.aec8d54a016052b7273e5dd10d3edd2d.jpg,1,0
imgFC1008_png.rf.6a8b5c8279f6b90a7fd0dd3d32dcde99.jpg,1,0
imgFC82_png.rf.f534da1a7b15a80def014f1e9529ab47.jpg,1,0
imgFC487_png.rf.7265ff779b35952482377d318f7e80ce.jpg,1,0
imgFC573_png.rf.81901748c769ec661d2c507b62304f51.jpg,1,0
imgFC645_png.rf.7c67f7e7b24c80d675414df32d64cf29.jpg,1,0
imgFC643_png.rf.3a77e95bebf6a285600cc7211c2a7736.jpg,1,0
imgFC645_png.rf.a3b9b9202993c4a1398d93500c2b5620.jpg,1,0
imgFC742_png.rf.262ab7b522850e238d28ead9432c82ec.jpg,1,0
imgFC483_png.rf.b00cef31b0177d5276b47d1519cf1db3.jpg,1,0
imgFC618_png.rf.08c37fa35781d26ee51f5529e1de62f2.jpg,1,0
imgFC594_png.rf.a353ab18a08ace4cb5c7207bb1f8e586.jpg,1,0
imgFC243_png.rf.471fc3e28ff9f2b76f517269ddc78a82.jpg,1,0
imgFC325_png.rf.a984470b8f751d3c257749116791c51f.jpg,1,0
imgFC46_png.rf.32dabc720bb0c53b3c5562392c0073c8.jpg,1,0
imgFC742_png.rf.f57c788c6d41f9f060cd61840f074e6b.jpg,1,0
imgFC213_png.rf.904ab984fb1f0c639e8d9cc51c8edfef.jpg,1,0
imgFC254_png.rf.5f5c125d49742b94ace0b145e5407457.jpg,1,0
imgFC965_png.rf.d05d13dbfa2328af917c0fd8c63636ae.jpg,1,0
imgFC594_png.rf.e385b55fcbc8ae1b8ded55d3411b4bb1.jpg,1,0
imgFC776_png.rf.b0632264d3d1249d12ff11c02f953487.jpg,1,0
imgFC46_png.rf.4439407cbfd44c038ca33be0d52a9294.jpg,1,0
imgFC483_png.rf.87bc4449bf5a9fc132ca0966899ca407.jpg,1,0
imgFC659_png.rf.4acb72d58d3d610045f1e14cdb759650.jpg,1,0
imgFC51_png.rf.f525493a985b13ec5a381e0548e5cc63.jpg,1,0
imgFC267_png.rf.87687f0b49a38483486b478fb6a90ee6.jpg,1,0
imgFC811_png.rf.9662aea559ceb5c8466fc712bf0c4017.jpg,1,0
imgFC804_png.rf.7ef720560e1667deb66be24022153ab6.jpg,1,0
imgFC388_png.rf.a9005a692399a38e77691eb384a2b2d3.jpg,1,0
imgFC243_png.rf.7bbfd5d2f9bd7c9184220c283b2c93e2.jpg,1,0
imgFC659_png.rf.8dd9a3786269975b159292e3e118d64c.jpg,1,0
imgFC46_png.rf.4fe0d111e8cece20993f7a8ce0ef7f22.jpg,1,0
imgFC825_png.rf.4d5daa5918939112fc9313736fbcbc69.jpg,1,0
imgFC589_png.rf.7e591e11a7f25eda1b67e5303e2f4602.jpg,1,0
imgFC618_png.rf.286bbe8c892cc5e0b1ef438cfb4c3089.jpg,1,0
imgFC589_png.rf.c48ce2b62a4db597673515dddd5a69a0.jpg,1,0
imgFC207_png.rf.d054e1f3e6b8e2016082f4bb0ad91a7b.jpg,1,0
imgFC594_png.rf.6ccf25c225b45ec2c58da3cdce92991a.jpg,1,0
imgFC804_png.rf.666a1494a273da4aa7a762213a8cf2e9.jpg,1,0
imgFC659_png.rf.07546a02cfe06313e559e45834ea18c1.jpg,1,0
imgFC686_png.rf.2cf8f5d21058b7e068a2bc182d95ac67.jpg,1,0
imgFC746_png.rf.1a29df4a563d14c7743a9adc724296b3.jpg,1,0
imgFC325_png.rf.fb34344adc085ffd8f9cbc1edb8a6f6c.jpg,1,0
imgFC585_png.rf.68cc2f35893434e9d40983be0e131b73.jpg,1,0
imgFC643_png.rf.212f8ab6e6d8179ab22eae379eaa5628.jpg,1,0
imgFC965_png.rf.5316e5c6a3070df87030e1fa19b54d22.jpg,1,0
imgFC528_png.rf.8df679644194068d8a72089f161b69ce.jpg,1,0
imgFC769_png.rf.b06bfbfd33e1b6726d2f3c769fdb5351.jpg,1,0
imgFC981_png.rf.10fc33f3ac94e7642a246223413fd80b.jpg,1,0
imgFC387_png.rf.30af8b46f68d3038a79f8c7f46bb6378.jpg,1,0
imgFC346_png.rf.387ead2e464efa40b1b7431c3c74103d.jpg,1,0
imgFC692_png.rf.81ee2bda082ffb82bd495d8bc1963328.jpg,1,0
imgFC665_png.rf.1ecc44cd1c32a240d1956f1487815a46.jpg,1,0
imgFC818_png.rf.0ea32c71e8d30b2b870a73487d67fbb6.jpg,1,0
imgFC316_png.rf.4682110446fbf8236331bb37737183f9.jpg,1,0
imgFC662_png.rf.9480bf169eb75ea75541f5bb0239230e.jpg,1,0
imgFC0_png.rf.578165d62d3d0633b87ab65828784e28.jpg,1,0
imgFC654_png.rf.8d19e94ed8bf0176ca41ac6860ec7ddf.jpg,1,0
imgFC649_png.rf.8aedddb4b1e31908dd1c5a8df5ba6166.jpg,1,0
imgFC597_png.rf.1b23684f98bd704fcb6d09d0443ee073.jpg,1,0
imgFC545_png.rf.46a394f0b75ef46401e7eb07c0c2feb2.jpg,1,0
imgFC826_png.rf.631f3ea8a0b44a7edba94a8f56b24628.jpg,1,0
imgFC574_png.rf.73c74cbc39c15e843bac63c60d9147e1.jpg,1,0
imgFC542_png.rf.e362eca161d9069dfc0c0c4a464fc22f.jpg,1,0
imgFC783_png.rf.93ceea033fd32a94bb42baef673e3bc3.jpg,1,0
imgFC61_png.rf.37ee23c789baee0cae2c421355e9904a.jpg,1,0
imgFC441_png.rf.e2bc73e5d71b456e56e0fa373409df63.jpg,1,0
imgFC303_png.rf.7da8187f2873c93d6112912c192654ef.jpg,1,0
imgFC709_png.rf.ca62e7f7bf6ef0dc45898ef5a8261924.jpg,1,0
imgFC513_png.rf.f64c1f5d8ecaa3c8a8891f955e6393be.jpg,1,0
imgFC95_png.rf.4d100a0168054276cfb7743ecf46d83f.jpg,1,0
imgFC217_png.rf.205261cd7f773a290feaeb0f65c378db.jpg,1,0
imgFC513_png.rf.3f2712dc9834376eeb9b06d82c76bec0.jpg,1,0
imgFC580_png.rf.0f4ec1c21f2e6d837437ee88aaa111c9.jpg,1,0
imgFC970_png.rf.c947f3fd501a6d38683c2b2ac5e64383.jpg,1,0
imgFC649_png.rf.01ccb4a0dbcdf27ec7374b68c8f54192.jpg,1,0
imgFC249_png.rf.e7cf7eb67f639ae74ef69d6fa0bb65c2.jpg,1,0
imgFC692_png.rf.b51fb697b5e141236585277246af1a15.jpg,1,0
imgFC922_png.rf.0befed6a19dca66b38f719e0d27e0f39.jpg,1,0
imgFC702_png.rf.9bab0671deb13619a4ac6f12e8a00c05.jpg,1,0
imgFC826_png.rf.7ff6b77a0329469b8d0baefd0dc25ad1.jpg,1,0
imgFC922_png.rf.e6e6e13e5e097ed20dd404b5acb3d57e.jpg,1,0
imgFC207_png.rf.4c13f0d4c26add7b854539643f886129.jpg,1,0
imgFC550_png.rf.857ae7ffeb9a6c0ce3e2f6d9120fd18c.jpg,1,0
imgFC211_png.rf.78879169c7c5ceb01e9e0132d705b98d.jpg,1,0
imgFC753_png.rf.fc971acacfc4c9450b7602fb1feabf4f.jpg,1,0
imgFC606_png.rf.d24375ac2a3281732a7d5deca018af2c.jpg,1,0
imgFC996_png.rf.0c9cef10491d1ae881f342ef83587b22.jpg,1,0
imgFC504_png.rf.beb16b2821d16f21cb834a468fedf369.jpg,1,0
imgFC244_png.rf.8ccab632e8bbf4bf2a588c35a3c1a9ba.jpg,1,0
imgFC421_png.rf.a5b3d1bd1c7eb665e74009d9b21aaa4c.jpg,1,0
imgFC585_png.rf.5c40f72ce29d7cd9809e0752c00f9fdb.jpg,1,0
imgFC244_png.rf.666c61df2eca741db43e43d3baff2fc7.jpg,1,0
imgFC746_png.rf.aed0184d2ea86c442c8887c7467823f8.jpg,1,0
imgFC972_png.rf.7b198edcbc606ea475f327edc2b54c95.jpg,1,0
imgFC805_png.rf.5739392fa3bbf52ba6ed15f7bfd3aca0.jpg,1,0
imgFC597_png.rf.0474f5b124d1b095335c2cbbb4776cc2.jpg,1,0
imgFC146_png.rf.9b993734cc91f9ebf9c8b7c6123a507a.jpg,1,0
imgFC86_png.rf.ac0670f510cda182a03959567f811723.jpg,1,0
imgFC513_png.rf.e76dd7966a0e52cb8f685f085f21d6d7.jpg,1,0
imgFC868_png.rf.2121cd083e5d558be75a17331d78f2a5.jpg,1,0
imgFC316_png.rf.b784637db9801d7359735a26b85c2431.jpg,1,0
imgFC346_png.rf.2859aa28cc86322f66f8ab463eb4903c.jpg,1,0
imgFC388_png.rf.ae31797408926cbddb5f3c4b0d5a9786.jpg,1,0
imgFC805_png.rf.da8d82f466b9c1463c43d3165f25513d.jpg,1,0
imgFC654_png.rf.86808f3072d83e9b36c5e516139cbc76.jpg,1,0
imgFC665_png.rf.f141768e24d0e9f60df6ecde279b8470.jpg,1,0
imgFC805_png.rf.6145b241f02951b22f198a3e7bff8f38.jpg,1,0
imgFC340_png.rf.e723d49ffc27e1dd0f91b15d75342463.jpg,1,0
imgFC925_png.rf.2288dce19cc57b462a97a89628981889.jpg,1,0
imgFC975_png.rf.4030346bdffbb8569a1fa8372406318c.jpg,1,0
imgFC859_png.rf.72f0416684ac0af8fd83e6160151af55.jpg,1,0
imgFC654_png.rf.ef3db1247889453c505e09c97608ae63.jpg,1,0
imgFC665_png.rf.68a449caabe764920d504f4555e2ef46.jpg,1,0
imgFC814_png.rf.ba198ae6dd6cd8059a90134ac47f67df.jpg,1,0
imgFC542_png.rf.f37625fe1458dda501790c9dffc51599.jpg,1,0
imgFC725_png.rf.f1c64e296671cfc4cb5ce6db67e06ee7.jpg,1,0
imgFC781_png.rf.ce6663a91c4577395a152c8bea8f8960.jpg,1,0
imgFC893_png.rf.f0ccf363f7823533a636aa8c77cb6897.jpg,1,0
imgFC73_png.rf.710482d0219d291cb278af020725bf82.jpg,1,0
imgFC371_png.rf.e47ce0cd28be7b5ef1a1d31a8bfa754d.jpg,1,0
imgFC416_png.rf.1fa9965bfe910ff690eaf26d4947a52c.jpg,1,0
imgFC19_png.rf.cee69108c77d851090244df525b2b71f.jpg,1,0
imgFC62_png.rf.d782b714394708c61cf2ac2ec8b414f3.jpg,1,0
imgFC41_png.rf.3810b089fb79e254dd941db2bc27848f.jpg,1,0
imgFC614_png.rf.86c566fa5ff03f7dab76f2643a417535.jpg,1,0
imgFC262_png.rf.b6fcdc3ecd9417f3dd9cc00149113cea.jpg,1,0
imgFC989_png.rf.d6622612db140eab70d10d19a51bb0ec.jpg,1,0
imgFC61_png.rf.79e8c565142d1a2e488cb1d7c1104cc5.jpg,1,0
imgFC776_png.rf.6f56a8b9a8f1170ce92212fa1b8f9489.jpg,1,0
imgFC435_png.rf.24297fd35bee45c053c2939afdc5fa61.jpg,1,0
imgFC981_png.rf.fb63db706994437a5c27a1f05b0009f9.jpg,1,0
imgFC0_png.rf.7f5bb7995d8e2145aacb9c050fe0397b.jpg,1,0
imgFC249_png.rf.8f4c019ac50a1ebd1b3a8deafedcd0ae.jpg,1,0
imgFC825_png.rf.b653dc6dc4d520f30df2ab55200e19a1.jpg,1,0
imgFC41_png.rf.c3993930c0308f086d8e5de338309bfd.jpg,1,0
imgFC818_png.rf.ae09007336953c0fc1493a99b1e925e9.jpg,1,0
imgFC745_png.rf.30be4744d04f857a904ab99c23618516.jpg,1,0
imgFC545_png.rf.c68e78ec0edc5cfd362f578b6284ea51.jpg,1,0
imgFC66_png.rf.e84ed297bc0ba6a71fffbe5919889d4a.jpg,1,0
imgFC153_png.rf.77a9d8a5909691ab500df17b28861d8f.jpg,1,0
imgFC33_png.rf.88af0a19c40c438cd2ff952b156bec3a.jpg,1,0
imgFC387_png.rf.2e33da4507e7281a44231293cede6cec.jpg,1,0
imgFC35_png.rf.7d268bd4f24cf3be1f51d539562d26f6.jpg,1,0
imgFC465_png.rf.6eba6e81c7261a5b4d50cb4cd3930087.jpg,1,0
imgFC509_png.rf.149e4504e58a3ce10b17fcf7698d93ad.jpg,1,0
imgFC824_png.rf.c80a606fe3d4d0ae6004460acf62a1e1.jpg,1,0
imgFC435_png.rf.f2f782285e05ce1e253689210fce682e.jpg,1,0
imgFC303_png.rf.301576e7ff019c5ee06929c445cb9fc5.jpg,1,0
imgFC788_png.rf.db8001cd21121dd2a9e30fd6e78f8a2d.jpg,1,0
imgFC44_png.rf.c1e049dfe2362a27cc3afc0b84fd7bff.jpg,1,0
imgFC441_png.rf.c1dc5d1cf666f79b311534dfa3134559.jpg,1,0
imgFC643_png.rf.e6caf413441442cbe1bfb0d1b48ee929.jpg,1,0
imgFC735_png.rf.c57030aa8cbc989cf700ef13bfc429e3.jpg,1,0
imgFC735_png.rf.34a8fb9223025cecca4f75df578df45e.jpg,1,0
imgFC95_png.rf.3ee89c2b2731675b77b778ef4c05cd43.jpg,1,0
imgFC742_png.rf.4d6a920bcfa9d281e83635e2c69a6f51.jpg,1,0
imgFC709_png.rf.ad03584ef27501d09a01b2d19fc23970.jpg,1,0
imgFC745_png.rf.5311a262ea9f72a36a4f758e711e2fb9.jpg,1,0
imgFC33_png.rf.5d77bc1ad63052085199ad32eb8dd075.jpg,1,0
imgFC543_png.rf.3d26ec061658f9ec2b2e548203fd3422.jpg,1,0
imgFC322_png.rf.611ae52f25285e077128eaafd828a0f4.jpg,1,0
imgFC968_png.rf.8dea85ae82ca1ef3ab23572af74182e6.jpg,1,0
imgFC614_png.rf.da984241519722d2bd3e18fd6cd3c7e4.jpg,1,0
imgFC362_png.rf.fbda53643173d1776a1f98fcf5cff685.jpg,1,0
imgFC526_png.rf.bce13ec303dad9f16be3fe553129f328.jpg,1,0
imgFC335_png.rf.7b787745ff272dd624290a5e282c87e3.jpg,1,0
imgFC702_png.rf.3f3f23da982840e536d65dc20a4e07b7.jpg,1,0
imgFC603_png.rf.dc865c903f1ccef928c772414838de98.jpg,1,0
imgFC462_png.rf.ee3da1d4bb7dd52e512c0522ec1a9451.jpg,1,0
imgFC750_png.rf.b949239d2d4d399858c0ba06e95ee263.jpg,1,0
imgFC969_png.rf.d7f1d3d64a587ea25dbfe7bef1b2886f.jpg,1,0
imgFC358_png.rf.2aaee3eac86c1efbf2914e96403b6e2e.jpg,1,0
imgFC250_png.rf.96473d5f89247156eda103b6971ee2dd.jpg,1,0
imgFC487_png.rf.4cf6938f1c41bbe179c8e23c69284ed4.jpg,1,0
imgFC483_png.rf.3528bab189d7b2892093bec457817915.jpg,1,0
imgFC162_png.rf.abb2bb06fdb5e3770d24a58bac814914.jpg,1,0
imgFC51_png.rf.3efd03021a70ea5ef7f0b02262d1d614.jpg,1,0
imgFC751_png.rf.b0e96f2a5ef1ea6f3452997278078393.jpg,1,0
imgFC548_png.rf.53c30b15fcb6f47c98b0ac208d113fd3.jpg,1,0
imgFC217_png.rf.7165f9ebd0436d95518b9ac740b618f0.jpg,1,0
imgFC573_png.rf.f65e66644ee604350c9c2a29a9b64b72.jpg,1,0
imgFC449_png.rf.127264fab5f0fbff0eb2366d746646c9.jpg,1,0
imgFC367_png.rf.217ac1c93a3a3f14d21d050a02f38cb3.jpg,1,0
imgFC369_png.rf.f8909e5e4e03861e08b00aa571645589.jpg,1,0
imgFC854_png.rf.c9e5041d6bae47b7fd2a74c13e8c2467.jpg,1,0
imgFC153_png.rf.00ae0bf843f2d333dae1d4c13e543eaf.jpg,1,0
imgFC581_png.rf.c5a0dcf783880a9d130732b472fb689d.jpg,1,0
imgFC252_png.rf.4b0587d0bc57eea7eb5d345176194a8a.jpg,1,0
imgFC73_png.rf.b0c2b6d65cfe7ff00c1f7ce8ad9c4e61.jpg,1,0
imgFC832_png.rf.d8f49824c5149e475bf7eff6f7f66969.jpg,1,0
imgFC310_png.rf.127e04851856c71a340463a23939f9f8.jpg,1,0
imgFC536_png.rf.7bc533d3b2e9e4e6c7af897aef4e829c.jpg,1,0
imgFC747_png.rf.0079501b4a936ffd40705fa9b0ee1cfd.jpg,1,0
imgFC19_png.rf.0b88c1c4d0201becb1a0a4a607580014.jpg,1,0
imgFC389_png.rf.f7dfc9c87f09ff1147a8f15d9a60d2a5.jpg,1,0
imgFC939_png.rf.0fcf04be6137b036872a26a75c629ee5.jpg,1,0
imgFC189_png.rf.5a10ecb070b0dde98da4bacd0aa32587.jpg,1,0
imgFC499_png.rf.5d4865af4d916bf798b858be7dcb7e7e.jpg,1,0
imgFC950_png.rf.f544daa100018e483c3f4cfbe03e9760.jpg,1,0
imgFC607_png.rf.00cae4a4c99dbf4397e797c1d3fbbe9d.jpg,1,0
imgFC479_png.rf.6d92c7debc5c7167e281699a41cd82d2.jpg,1,0
imgFC240_png.rf.4acc4ea138521974f59326e0fa6e169c.jpg,1,0
imgFC621_png.rf.90557b81b9f3f54870d1e08e72882b8a.jpg,1,0
imgFC319_png.rf.096289b6b65ac0361882aeb7edd10d5a.jpg,1,0
imgFC724_png.rf.70e0e830e42eb49791259e5852e770b0.jpg,1,0
imgFC992_png.rf.f8e427fdfb302fe7ad06f5ce1c14934a.jpg,1,0
imgFC611_png.rf.8b0d5ec56f02a9168c86be29b1dd5365.jpg,1,0
imgFC413_png.rf.549f8fff686c4e76380cd4fa26049b80.jpg,1,0
imgFC632_png.rf.ff421c170527f1fa77300a8907d7efb8.jpg,1,0
imgFC183_png.rf.8f18cdf736931d2941a2a0613db9d0c8.jpg,1,0
imgFC889_png.rf.e9c8e547d428ecd16868e669b6c3a429.jpg,1,0
imgFC337_png.rf.16bbba3a0aef94d98f4a14535dfe5f80.jpg,1,0
imgFC455_png.rf.e9b8c8690853dadda5dd0bb03ba603f2.jpg,1,0
imgFC591_png.rf.d5d907e6d28c972be1bede2c6a29ef6a.jpg,1,0
imgFC855_png.rf.3a6f1715702531a8e4fbc2fd4c217225.jpg,1,0
imgFC367_png.rf.e1c1c64ba85073b8759ecfb66f3212fe.jpg,1,0
imgFC543_png.rf.6d7064023b331d28af1ff704442a92f1.jpg,1,0
imgFC254_png.rf.538e351e02471e788386adc722140412.jpg,1,0
imgFC621_png.rf.8993efc637f756be5148a15ea4b2bf27.jpg,1,0
imgFC380_png.rf.e4b9274f5a7af59b294ac483034182c6.jpg,1,0
imgFC1008_png.rf.1bd60e8604ebce5055327c157b0771c2.jpg,1,0
imgFC952_png.rf.ec79e0249dfad893dc229538a44bacad.jpg,1,0
imgFC341_png.rf.4ef1c0dece1d22849ff04ce6150a45b7.jpg,1,0
imgFC322_png.rf.21499da6e6602611c137995183cf567e.jpg,1,0
imgFC455_png.rf.9f277f36549465c7ba9692e3216d265c.jpg,1,0
imgFC386_png.rf.733a1f85f4324d66b73d627b68a614ca.jpg,1,0
imgFC21_png.rf.c42885ee209f41ca9eb27855d7b2476e.jpg,1,0
imgFC126_png.rf.8c24d23c78e20b348aa50be2602b7997.jpg,1,0
imgFC867_png.rf.b71542320aa93b56182f990de8a502a5.jpg,1,0
imgFC98_png.rf.e0dd489f0e4e0e2ac7279c295eebc876.jpg,1,0
imgFC787_png.rf.ed7509a6c42aa30987b2dbb82e3acf1a.jpg,1,0
imgFC189_png.rf.ad15ec2958b91236c7c3cf9cca5a69e1.jpg,1,0
imgFC716_png.rf.dbaf5abf8651d3362b7e9a3a7dab5df2.jpg,1,0
imgFC592_png.rf.f6667d2d7049999a7bbf56603c001c53.jpg,1,0
imgFC773_png.rf.8db4eee196ee9bbba99579bd85556565.jpg,1,0
imgFC564_png.rf.7ff919792447129f0dd6c06332ec3fa1.jpg,1,0
imgFC453_png.rf.a5e3a037d7e1d12fbb4d983d2ece19fd.jpg,1,0
imgFC538_png.rf.f810066dae678161795026132c515700.jpg,1,0
imgFC939_png.rf.210bd4700d5845e492d124826fafeeba.jpg,1,0
imgFC607_png.rf.558f0bdacf9c8b6983ac4d3576910cb1.jpg,1,0
imgFC611_png.rf.3c72d4b8851f09ed04d3f3860c5feb0c.jpg,1,0
imgFC479_png.rf.8ecb2e6262e852676861822965b71dc7.jpg,1,0
imgFC787_png.rf.67d179a09084b1c8e786c711f6ee2267.jpg,1,0
imgFC688_png.rf.9602496c15f01a32b5bc005ea4ece517.jpg,1,0
imgFC376_png.rf.b6ebc50ed303c24b7948450d1403ae06.jpg,1,0
imgFC467_png.rf.25f8bf216dcf3441309777b23372462a.jpg,1,0
imgFC834_png.rf.0b882d0aa4a8ef5978e727cc617b942b.jpg,1,0
imgFC162_png.rf.45f662e3207280ae3a9811832b75045a.jpg,1,0
imgFC658_png.rf.a72c80c4d42f78629ec24d9eb2468624.jpg,1,0
imgFC497_png.rf.da1614d284f824b76e7a4829bdd9a57e.jpg,1,0
imgFC266_png.rf.076e12e563cbee651a4fd7f6e5e4fbac.jpg,1,0
imgFC897_png.rf.dccc130978734a4b4c456c0ae39946ab.jpg,1,0
imgFC462_png.rf.d18237a11e7da6aac334b3bd3a833dfa.jpg,1,0
imgFC734_png.rf.88d381fad88eb1ec3ab915f63912d8ab.jpg,1,0
imgFC748_png.rf.6667c66a5302021a015fe30ba7d1d628.jpg,1,0
imgFC71_png.rf.0adcbf894480766f2a9d7d75773b46cc.jpg,1,0
imgFC199_png.rf.e507866b2d4c95877f5b961674974bf1.jpg,1,0
imgFC599_png.rf.df74a1bf0abb9d7e3fb87d42ed279dcf.jpg,1,0
imgFC376_png.rf.2fb320832e1d00876f1793838d47484d.jpg,1,0
imgFC998_png.rf.187681f427e66c210c04b664044d11e4.jpg,1,0
imgFC834_png.rf.ba67aa46d59f2d2e869e007efcf25148.jpg,1,0
imgFC310_png.rf.b9b577a04122817d8d364a492dec7849.jpg,1,0
imgFC156_png.rf.2d0f9b589f46f2fecf1a241ac678031a.jpg,1,0
imgFC6_png.rf.cf2e0ca5c334abdd1df6af6713929cf8.jpg,1,0
imgFC6_png.rf.e87d06432b07f01b1b062d118b27f134.jpg,1,0
imgFC190_png.rf.c9af5b3cf87d3ded8b0734f4ceb3b1a0.jpg,1,0
imgFC156_png.rf.f451a3c1cb70a627f77e5b829b582770.jpg,1,0
imgFC855_png.rf.53345a4f3c453b2d031191e79cc26a8f.jpg,1,0
imgFC596_png.rf.0d29d19caad54a380e62c40622f47e29.jpg,1,0
imgFC862_png.rf.429088777085b504b59dfe0d7065d329.jpg,1,0
imgFC266_png.rf.34d8d1c187ec7a2c4a820363f6e129f3.jpg,1,0
imgFC357_png.rf.64abf299b99656ba0d4c3d4cb04bee8c.jpg,1,0
imgFC15_png.rf.895433fe985bb3d6afe66709e1a51080.jpg,1,0
imgFC882_png.rf.adf7976d1595dc3bf199602d01ba530d.jpg,1,0
imgFC616_png.rf.96bb244d09791f9083c6c8c3988b3f02.jpg,1,0
imgFC948_png.rf.1a442a5fdbe09e57837ca6b7c7469ca0.jpg,1,0
imgFC120_png.rf.6d191e809f03a6f87adca7c70835ceb7.jpg,1,0
imgFC179_png.rf.678236b3e737728724603d60627dc069.jpg,1,0
imgFC848_png.rf.89fe989b5137187b68941e1f3eac026f.jpg,1,0
imgFC750_png.rf.323335938bd1ab7bcae8678fb7d022d1.jpg,1,0
imgFC363_png.rf.5e465091dc29af0de6b21c68d8649f2f.jpg,1,0
imgFC596_png.rf.a88d23b6bf95749e3175eb00a37c749d.jpg,1,0
imgFC920_png.rf.252c46ffb5956daf5ac6965a8e764f62.jpg,1,0
imgFC511_png.rf.c85864a2a6e82f6f7f456046213b85ec.jpg,1,0
imgFC536_png.rf.649ba02f864f3c2b564a2dfc34fbdd16.jpg,1,0
imgFC734_png.rf.b2fc62bcd603f1255c907a34d3c89ae9.jpg,1,0
imgFC89_png.rf.59a864c5f9cfc620cd05cca443e4fa2b.jpg,1,0
imgFC107_png.rf.bc9ceeebe6bb07dd09d8efc22e4ede04.jpg,1,0
imgFC724_png.rf.03aa6c399731a150965768afbea746dd.jpg,1,0
imgFC114_png.rf.73ba5cd218ee7e571dc143af0c12d78b.jpg,1,0
imgFC889_png.rf.6080ee635fb446004b25e496e343eb8c.jpg,1,0
imgFC252_png.rf.462eb27f2a211572d060e67444eb37fe.jpg,1,0
imgFC613_png.rf.bcd6b3ba9c1a7035c6e06bf08b243bb3.jpg,1,0
imgFC273_png.rf.4227331429631d84dfc87e07fe8cadce.jpg,1,0
imgFC723_png.rf.c77f2867756b1107f4bc2c81f34e8007.jpg,1,0
imgFC71_png.rf.c6fbc14a39892c93790b18823b02319c.jpg,1,0
imgFC389_png.rf.6e677cbabe1938634dc387bbe4fea4e0.jpg,1,0
imgFC268_png.rf.276aaf65199f1904f583d527ecb2bf6b.jpg,1,0
imgFC294_png.rf.91b854c6b294c3e16c3890ad98254c71.jpg,1,0
imgFC21_png.rf.ed7b0670ca6b56adcadd91a0fee1187c.jpg,1,0
imgFC552_png.rf.6383dead9ef01d8ddc741526c79056b6.jpg,1,0
imgFC576_png.rf.6d83e5ef7329be73156698170c6555ca.jpg,1,0
imgFC882_png.rf.06a15f415faf4556d79a4a8ba3228e02.jpg,1,0
imgFC953_png.rf.8c6ebd0fe6f40cdb029717cc4fd79b42.jpg,1,0
imgFC538_png.rf.8f24aa39e18607e4b143cad67a21d721.jpg,1,0
imgFC648_png.rf.77cbd32479dc0e4e1b92e6cb97458107.jpg,1,0
imgFC465_png.rf.4b371bb2542fc1841c0fe2e76b781c5a.jpg,1,0
imgFC240_png.rf.d2b8bd43c98cef3ce677031e4b55cf3f.jpg,1,0
imgFC771_png.rf.97bfd0576dc7ed699df243a10dd8a53e.jpg,1,0
imgFC363_png.rf.5dbc4599f3be448302ca415829277cd3.jpg,1,0
imgFC768_png.rf.7e8aedbd69c3e1c81ca2cb3e0c76fa60.jpg,1,0
imgFC581_png.rf.cfc269f5c8e3feedd325742f2ce0e0d4.jpg,1,0
imgFC953_png.rf.aa4e02336d872697093e550d48717717.jpg,1,0
imgFC830_png.rf.ee701ba3b2a9f6a161c2d6a49511ef92.jpg,1,0
imgFC89_png.rf.27276c2a0d86a98a90e52f3da1c11267.jpg,1,0
imgFC588_png.rf.30aa51911adb0064b4b1016f99f7319b.jpg,1,0
imgFC737_png.rf.7303166382a529134bceec09e3e67ad6.jpg,1,0
imgFC156_png.rf.098c01ec178c767526fe63bbf7acd38a.jpg,1,0
imgFC363_png.rf.0efd3eb7fa900c1402d56d5240325174.jpg,1,0
imgFC177_png.rf.8eb67271cc744056a7220397fcc5db92.jpg,1,0
imgFC596_png.rf.5047b87c357bc29bce10009aad386711.jpg,1,0
imgFC793_png.rf.411fa9691a459ee0d4a74661f4d109ee.jpg,1,0
imgFC437_png.rf.36d1b564517ec9bca2f40f54800d2024.jpg,1,0
imgFC266_png.rf.4dfea4804ee14441ed3f4ad50dbd9600.jpg,1,0
imgFC461_png.rf.e94c4d33fa2ccbcbf69bed26de91b1da.jpg,1,0
imgFC535_png.rf.9524fde2a506cdf7785dea624b5c19c7.jpg,1,0
imgFC406_png.rf.57b5970011128fab11f209410bf8b8c6.jpg,1,0
imgFC194_png.rf.31aedc3242e162c91bd4bacfe971ca7c.jpg,1,0
imgFC836_png.rf.c089099cbe67eff343c407b0688a8dc2.jpg,1,0
imgFC257_png.rf.1833381695be928a405dc63705416e2e.jpg,1,0
imgFC114_png.rf.11fbc4f3e82e12569ca0a885b59facfc.jpg,1,0
imgFC652_png.rf.ef10b0fdcd27228aac06f3d27f9a081e.jpg,1,0
imgFC600_png.rf.306eb76dce2b0ea81ca16887eca84552.jpg,1,0
imgFC467_png.rf.044413bf46ddf34ac5834d4fb6b2c9b2.jpg,1,0
imgFC132_png.rf.d163e2a909def38a470c0e0dd013e4e4.jpg,1,0
imgFC940_png.rf.fc464bd4e67920816ce97e81e7744a1b.jpg,1,0
imgFC433_png.rf.3012a3fbf296cea07dc8139289820ff4.jpg,1,0
imgFC882_png.rf.0b68df895ceba86d16cff36da64dc020.jpg,1,0
imgFC980_png.rf.ddd492dbf2d4d69bbd5dc25d1bfb62dc.jpg,1,0
imgFC839_png.rf.86c2b96ceb36c71a2affbb8260006241.jpg,1,0
imgFC720_png.rf.7217cb7bcc47386c3608d1c06f578bf7.jpg,1,0
imgFC331_png.rf.69db0f511653c76cb9270118e66b78b7.jpg,1,0
imgFC773_png.rf.9564e39d687e7b42d53b80e326d7649a.jpg,1,0
imgFC940_png.rf.a4217b280ca76f72c49997f9a5367dd0.jpg,1,0
imgFC767_png.rf.b5a186a78a79bbaa20e84894e47cca62.jpg,1,0
imgFC216_png.rf.0caf263c7db1a06eedc6a3e0e9496fac.jpg,1,0
imgFC964_png.rf.625e51aa85324935a197ca95a866010c.jpg,1,0
imgFC902_png.rf.d86dfa8de647e7a4c3193cd6443e3996.jpg,1,0
imgFC405_png.rf.ab6ddf091942736bf02d3033ad89e52e.jpg,1,0
imgFC546_png.rf.00a1073cdb7dd7b225fa6c19f23f6d59.jpg,1,0
imgFC897_png.rf.46db26be944ca9c0033ff7fa58f17a76.jpg,1,0
imgFC490_png.rf.0ee659d46df08ec78aac4f90a710d9b2.jpg,1,0
imgFC546_png.rf.6bfe017a8e56c6a49107625fe8206d89.jpg,1,0
imgFC930_png.rf.e4e6c5580f374f1a4f5a069c0700256b.jpg,1,0
imgFC433_png.rf.5de4cc05b2ae53474c55f173edeb4e12.jpg,1,0
imgFC647_png.rf.845b686459a6cf2abeb4f1434bbe7477.jpg,1,0
imgFC79_png.rf.4fd089018e9b57acdd96d67a697b1d68.jpg,1,0
imgFC819_png.rf.00f717be35e2c409eb3c302cb141d302.jpg,1,0
imgFC587_png.rf.12cdff0cab12801ded51657a6cbcb7e1.jpg,1,0
imgFC20_png.rf.09b7bd8acf558b24b4a96b136240aca0.jpg,1,0
imgFC564_png.rf.61ebcf389aeaf23bf8bb90bce734886e.jpg,1,0
imgFC122_png.rf.3aab3265da0e5792fe757d9388a5e576.jpg,1,0
imgFC734_png.rf.5f103dd4530b8738efbb946372836a00.jpg,1,0
imgFC767_png.rf.869104dbf19d476cf4ff701b54ce8b15.jpg,1,0
imgFC408_png.rf.9326631f9d94ea2464795b4cc367a209.jpg,1,0
imgFC272_png.rf.ec7881fa7cfab25df88d44b6470bd0d3.jpg,1,0
imgFC964_png.rf.f484d0c93670dd761a3e90d0a5d063df.jpg,1,0
imgFC933_png.rf.c75380a02e51ea92373e3ea886aebf64.jpg,1,0
imgFC928_png.rf.fc4de4414cef7f3aaab8841a92003d85.jpg,1,0
imgFC855_png.rf.3c64fe6ace604b66cb875691c4a5ce3b.jpg,1,0
imgFC6_png.rf.3fe7fe3b13b3d18afe6991b769a3f92e.jpg,1,0
imgFC949_png.rf.5d0ffe64354ab5510eb704498ab49b47.jpg,1,0
imgFC122_png.rf.4ee0c47131da6307c9902fd9a568f178.jpg,1,0
imgFC986_png.rf.c012b308692e43ddb719ec9a023c8904.jpg,1,0
imgFC933_png.rf.069061f2ea64ee7460cd19dfdaae3ab5.jpg,1,0
imgFC587_png.rf.742d1619b08880ac8ac10360c3c586ee.jpg,1,0
imgFC71_png.rf.b6e44ce2babb9e946e149a291954af77.jpg,1,0
imgFC349_png.rf.47112f17035f19f76eedbb4cbc3e64f5.jpg,1,0
imgFC20_png.rf.77eeeae5dff2a0750c2191fabfcf7042.jpg,1,0
imgFC611_png.rf.a73984269fb4d19b228658ddffbd818a.jpg,1,0
imgFC162_png.rf.647342941bef588c2b6be1a0064623d0.jpg,1,0
imgFC268_png.rf.96479126433b0728f1fbbd28c15043e7.jpg,1,0
imgFC998_png.rf.df4908c25ba4c06f949c22066e28427b.jpg,1,0
imgFC713_png.rf.f6b4f8b790b03003b21091b374a2b65e.jpg,1,0
imgFC713_png.rf.e161b5b36288718b600a4df453e7e77c.jpg,1,0
imgFC551_png.rf.fc857be9dd340a4f02b7e85a3b365a98.jpg,1,0
imgFC292_png.rf.7ade15685e0c69765bba782c673a8a71.jpg,1,0
imgFC930_png.rf.7f923954f47a6d6f721ecec895434b40.jpg,1,0
imgFC120_png.rf.ddd9239ffd64ad87f5dfa90bdb1c537a.jpg,1,0
imgFC190_png.rf.b1f0c83ffbb1bcc4c509a37db19faad2.jpg,1,0
imgFC349_png.rf.6fa7cad3a2f807f268731dd64f5c9d4e.jpg,1,0
imgFC834_png.rf.7737036b00ec9fa08d39e633e462581b.jpg,1,0
imgFC157_png.rf.1fd334add1238e200af3fbc074c36b6a.jpg,1,0
imgFC602_png.rf.652b9f5672ae51437935ecfd6f23ed99.jpg,1,0
imgFC535_png.rf.ad709b35842543bd2e12c7e62909fba7.jpg,1,0
imgFC251_png.rf.e20410767fa8af9b24a50d6ded4d486c.jpg,1,0
imgFC895_png.rf.92b39e9427d9c15e780e5d840791db75.jpg,1,0
imgFC819_png.rf.5ace7ffd74d4e86c405405fe6693d1c6.jpg,1,0
imgFC458_png.rf.142bea88fb96f67873404d7849f1a885.jpg,1,0
imgFC477_png.rf.fa5434d5cabc90505d56d788e818382d.jpg,1,0
imgFC310_png.rf.8519398e849cce682b3656eedfc5843c.jpg,1,0
imgFC257_png.rf.d64976c4db6d82c5d499076b654d70f3.jpg,1,0
imgFC272_png.rf.38dfc7a3bbb83220ee3483f43ccbceed.jpg,1,0
imgFC292_png.rf.8e3f7fe302fbaf154359607b261c0a26.jpg,1,0
imgFC530_png.rf.291a8c677ef489a23e477e7b8566fed6.jpg,1,0
imgFC974_png.rf.cd221e343a3801b5f9f1e5269eecb6d3.jpg,1,0
imgFC296_png.rf.4f362174ccb86e84bda9d60377bef540.jpg,1,0
imgFC181_png.rf.4ec05bba6a7b538c7246d885ad7e9a19.jpg,1,0
imgFC600_png.rf.5fc7dc0d271d62e7b6ec3798ce40d8a3.jpg,1,0
imgFC752_png.rf.0e6d78bdd5ddaf9e97b3376e20ddb7bd.jpg,1,0
imgFC763_png.rf.aa0a188ad82fda2b23d5e124ce3f68dd.jpg,1,0
imgFC647_png.rf.a6d5e491c61d0ba6e5b1fcb02748e70b.jpg,1,0
imgFC556_png.rf.efa5d3b8e424ce461ef2c78ecbd9edc7.jpg,1,0
imgFC109_png.rf.31b2c19cef435b790cb9c55e45d9eea2.jpg,1,0
imgFC454_png.rf.d640f1dbc491637d8e08da5fa58777ef.jpg,1,0
imgFC132_png.rf.7cd18a9b26c46e56052fd069f4d74cc4.jpg,1,0
imgFC656_png.rf.2a6555cd30799b490da2c4bd2ea6dd93.jpg,1,0
imgFC895_png.rf.87313916b66c66bd43d71fb3ef0f002c.jpg,1,0
imgFC204_png.rf.4b096ed6bf37a811fd7c7c83ffb68720.jpg,1,0
imgFC853_png.rf.9d94a09950e98a841cd907c90bfd5c00.jpg,1,0
imgFC839_png.rf.a7c5ade75ec1bd258fd79b49044edca6.jpg,1,0
imgFC395_png.rf.9c28b0ca2f7f130dd2b4b4c6f775403a.jpg,1,0
imgFC404_png.rf.5899a153c92031c011667eef5664ca9b.jpg,1,0
imgFC475_png.rf.8d711fb44eb37d98bec578ace7778c95.jpg,1,0
imgFC718_png.rf.4f8a5ae3d4bef698f17f3ea43d4db0ef.jpg,1,0
imgFC197_png.rf.8080b443017acba69b6b582e43d2cdea.jpg,1,0
imgFC496_png.rf.26ab2c4741238a8465b531958bf2aef5.jpg,1,0
imgFC595_png.rf.c45a6cc928b17026ee972849b778a20a.jpg,1,0
imgFC489_png.rf.79b5789e5a243e0432a523f9245b1939.jpg,1,0
imgFC466_png.rf.2bacf177fc3260a90f369e25f9cde3ca.jpg,1,0
imgFC488_png.rf.234774161c1056ea8659f7419319b867.jpg,1,0
imgFC602_png.rf.67e3bae7627eebec0a508f6c8e6207bc.jpg,1,0
imgFC876_png.rf.c66ef3e8324e34944288acf616e290b4.jpg,1,0
imgFC928_png.rf.de07a860452e66528b74170dd1505134.jpg,1,0
imgFC405_png.rf.6bc77085975b560e2a94aa5546adff52.jpg,1,0
imgFC251_png.rf.a22a435b81cf3cec2e7f66e802d356c2.jpg,1,0
imgFC197_png.rf.fe2782dba8c41553c8e7dfbab4ce611f.jpg,1,0
imgFC204_png.rf.2dc5894a2ae768be23263225cde821ec.jpg,1,0
imgFC974_png.rf.19493c286107de26d36beb269855c094.jpg,1,0
imgFC763_png.rf.dd6590860a8899b379830b247405d1e0.jpg,1,0
imgFC830_png.rf.6463568990fee9ba39bb16b0335b8270.jpg,1,0
imgFC296_png.rf.2403a5068406cd75defad31f5352fdce.jpg,1,0
imgFC434_png.rf.a1dec39f7296ec0f669b65fb483e4916.jpg,1,0
imgFC567_png.rf.eeec307fdde8632901cfebfd33163a68.jpg,1,0
imgFC454_png.rf.0a4e505a864e046b6ada61628caeae42.jpg,1,0
imgFC488_png.rf.30f3d4a1fb89bdf1d4dae043f3c98365.jpg,1,0
imgFC656_png.rf.46afce9e3af0770e7f18daa141e13947.jpg,1,0
imgFC181_png.rf.cd2049dccf2618e29c3d2aec272d6933.jpg,1,0
imgFC496_png.rf.5188acdce09fae95ee93d4242b4dceca.jpg,1,0
imgFC567_png.rf.9e4ba3cd9d2621f5ec6819f2b700fce5.jpg,1,0
imgFC368_png.rf.a3bc93862f168b0e7e3cfb57c60fb800.jpg,1,0
imgFC718_png.rf.42de22c337e7b50f6613f7fcf2f2470b.jpg,1,0
imgFC45_png.rf.b13ac6732589516896622cc0f67a425a.jpg,1,0
imgFC395_png.rf.40f3f1db1e37c4de1c2f517d8ee6303c.jpg,1,0
imgFC485_png.rf.958990b95d0bc058f8d322b2187933f8.jpg,1,0
imgFC305_png.rf.354a084dfa6671672e726551dff44be6.jpg,1,0
imgFC508_png.rf.5718f2a83c8615473ee664933be9e39a.jpg,1,0
imgFC381_png.rf.48960a567a12623733a6df3616bad97e.jpg,1,0
imgFC16_png.rf.45c3a12da8f7abde99a9b5ec3f844451.jpg,1,0
imgFC530_png.rf.e2a3357e82b44e31922c28fcd8d18caf.jpg,1,0
imgFC466_png.rf.fa1c4fac5fcf384501e400af5d3a3abe.jpg,1,0
imgFC458_png.rf.827de615a07a641209c9a92e7c378630.jpg,1,0
imgFC381_png.rf.42e165c497a7f798167dfbe9a816c379.jpg,1,0
imgFC475_png.rf.ab772416b86c7542b6701eab71cae484.jpg,1,0
imgFC752_png.rf.1c59b8edabf5dc7b51da14806a37a398.jpg,1,0
imgFC434_png.rf.7eee516646756b990a4042ca19993eb9.jpg,1,0
imgFC556_png.rf.989386feaf4785dfb2b400d82829a9b9.jpg,1,0
imgFC631_png.rf.1723b25031d1306f73116e92b9c9a187.jpg,1,0
imgFC381_png.rf.1e5dc7cc6efc4b0710e40449eb3464d0.jpg,1,0
imgFC744_png.rf.54f23b65c83d7b31c1d8f2463212ea74.jpg,1,0
imgFC287_png.rf.55a0f2c61ced896d299a4f39c12e7426.jpg,1,0
imgFC744_png.rf.d1428ac8c9b22f9379fd813eed62e061.jpg,1,0
imgFC404_png.rf.7165ff9f54cee5a46e4f7375f1993bc4.jpg,1,0
imgFC853_png.rf.f342d653457686bf3c023e20e7c35bc0.jpg,1,0
imgFC696_png.rf.fe701dfe1025ef52374a5f5f8a8fe422.jpg,1,0
imgFC990_png.rf.6517636b85a09bc03fb0d79fe82901a5.jpg,1,0
imgFC167_png.rf.ca8c702cc434a0c9d4547eb0c0c76db8.jpg,1,0
imgFC849_png.rf.da04203fdabe358517d5d560b77f0e80.jpg,1,0
imgFC551_png.rf.d5ed171a795b67a95207b24ad65672da.jpg,1,0
imgFC595_png.rf.9e431f8eaf4385347f23a101e830f5a0.jpg,1,0
imgFC368_png.rf.ff202717169c1d6c0f975a00940d0e2a.jpg,1,0
imgFC963_png.rf.7766eac0f5718cb06e079da5efe46e6e.jpg,1,0
imgFC109_png.rf.03b780a2c962a7012025a1210b5af91b.jpg,1,0
imgFC631_png.rf.f1cf36a6668a200aec33f3836125c11c.jpg,1,0
imgFC508_png.rf.7e9e25357c72ebae42873aa0c7f9e634.jpg,1,0
imgFC744_png.rf.71371703281128c0e2bad4ee51fba222.jpg,1,0
imgFC368_png.rf.6a3a9c7b680decec3161ec152744dc86.jpg,1,0
imgFC307_png.rf.98ebbe140b77b577220c148cd46aecfc.jpg,1,0
imgFC307_png.rf.4d0e2cb046c904dd3fe3d869c79fc414.jpg,1,0
imgFC157_png.rf.553c2e5e6679a53703a61aab6d97a56a.jpg,1,0
imgFC477_png.rf.f1fa6dbe00e4ddf3d4357aedc08f3bc2.jpg,1,0
imgFC45_png.rf.ea9b37ff8a9822fce2609f6b5d291b3d.jpg,1,0
imgFC932_png.rf.312dba62fbf45d69f03b31adbf97bbcd.jpg,1,0
imgFC167_png.rf.ac3026d18445d23d59d2d4421f6f83b2.jpg,1,0
imgFC245_png.rf.b5c9aae94cad81226f7daea9f3f4a280.jpg,1,0
imgFC963_png.rf.ad55bda8c6e5be101109fce238a73c98.jpg,1,0
imgFC674_png.rf.363c82c70c92f15758a6bdf223484163.jpg,1,0
imgFC717_png.rf.69bfcb93bd2744fb74a93fad849a046f.jpg,1,0
imgFC990_png.rf.083fa6d28d0b325bc8fda0dac630910f.jpg,1,0
imgFC690_png.rf.888e54db0787cb220066d3bf6ebc9031.jpg,1,0
imgFC690_png.rf.92c9856bdc6350c0ddb74333f5d04c83.jpg,1,0
imgFC307_png.rf.4238efea37b9d9d692c33dae749ab062.jpg,1,0
imgFC488_png.rf.a8420d8754482926df99f2a783d32f3e.jpg,1,0
imgFC167_png.rf.03cb070696dd7bce13c24ab39b1fe952.jpg,1,0
imgFC109_png.rf.7cb87711194d14b9dd3702e9525016c3.jpg,1,0
imgFC631_png.rf.bb89449f3a5c093bdf76ed3c1ace6f50.jpg,1,0
imgFC876_png.rf.7e97ebdcabc1089f6263483e9edf4c8a.jpg,1,0
imgFC628_png.rf.ac400d974899a976e60e940c6856e297.jpg,1,0
imgFC16_png.rf.f903e25a9c04873df83ee5b482a7c081.jpg,1,0
imgFC717_png.rf.c044c39e188d35c96a128359df8342f0.jpg,1,0
imgFC485_png.rf.ea2e317150f3ed854bee82fcd5a67917.jpg,1,0
imgFC690_png.rf.14606149019adb11148d8f6840341b83.jpg,1,0
imgFC466_png.rf.d78f44ae12f58655909f9da52884616e.jpg,1,0
imgFC561_png.rf.8daf5cb54713538aa35da057de5771a9.jpg,1,0
imgFC886_png.rf.16e8c0be1588b029ea076136575ba11f.jpg,1,0
imgFC245_png.rf.0a061fadcadf106e9f0becc5f1d16d96.jpg,1,0
imgFC696_png.rf.f7a16939f11d34cdd26e5e7813df9984.jpg,1,0
imgFC305_png.rf.e1b5ca910f8d9da8930e34bc0c70a535.jpg,1,0
imgFC204_png.rf.f29ceb94ebd57a33aa2bcc500fc82275.jpg,1,0
imgFC561_png.rf.4037d7e5308c4b1bb575456481dc50ec.jpg,1,0
imgFC49_png.rf.a6d51615739d11fae7879689e26ddb7c.jpg,1,0
imgFC489_png.rf.4876b3e4b5e11a75698f8cf3068f8c46.jpg,1,0
imgFC404_png.rf.70a6e54c6c21ea5318272fced819e8f4.jpg,1,0
imgFC932_png.rf.39a2dea4539334158eec392f01254875.jpg,1,0
imgFC628_png.rf.6306bf3aee9c170b33ade2ca584f2979.jpg,1,0
imgFC790_png.rf.ad24c33ef890c7d1facb97ea76c43594.jpg,1,0
imgFC508_png.rf.67603bf4b14928e8f99faa7cfdc473d0.jpg,1,0
imgFC954_png.rf.175eb85cf3e783c2b7c745323731fcc7.jpg,1,0
imgFC567_png.rf.ea39e612b841f6edbf4d0851baf2f51e.jpg,1,0
imgFC375_png.rf.88f2b81c4b447c629cf5d6236e1bd4b4.jpg,1,0
imgFC434_png.rf.0344e5cc15f710b05f0d84a8a212e790.jpg,1,0
imgFC601_png.rf.64ba0764c184a293636d581dc367fb25.jpg,1,0
imgFC402_png.rf.49cb350afaf34dea7762e60807e2b17e.jpg,1,0
imgFC181_png.rf.7bcebcb4a127cd503f9648ab834b5c81.jpg,1,0
imgFC248_png.rf.2b8c106ee493823d24bf02a03b1ae82d.jpg,1,0
imgFC657_png.rf.d09bd26b922cb1d2815cb7c9854daf06.jpg,1,0
imgFC342_png.rf.7964533608d2005e2807c34f9e890e52.jpg,1,0
imgFC403_png.rf.1260d529dc330f9fac9cb3420e9da13a.jpg,1,0
imgFC833_png.rf.b0ffa40ed766003520645465b1a93276.jpg,1,0
imgFC238_png.rf.570630680e71070722c5b14fb6194799.jpg,1,0
imgFC931_png.rf.1f35f82720c73e2d6f1f1791a4b104d0.jpg,1,0
imgFC26_png.rf.183b07998bf256ff5209530c76e381ef.jpg,1,0
imgFC505_png.rf.21eeb6ec5362991e3861e17e37bed065.jpg,1,0
imgFC954_png.rf.4557905fecb0a3c4da0556484fe04ba7.jpg,1,0
imgFC699_png.rf.ba44324c9b9d9dd6d3b882ca50042d13.jpg,1,0
imgFC850_png.rf.edbdf5204b6beb9bf10744ded7ce163a.jpg,1,0
imgFC693_png.rf.0be153895f6a7bd1a4e5ec944522fe9e.jpg,1,0
imgFC674_png.rf.ca4b07b55f3210464f0d6aa82acad845.jpg,1,0
imgFC871_png.rf.bef54087dfb910837df4c2587dac3c93.jpg,1,0
imgFC399_png.rf.4350409ed48f1cde3f5850c000e6e86b.jpg,1,0
imgFC638_png.rf.66d876408938d4d74552dc7639edb08a.jpg,1,0
imgFC558_png.rf.8edd14e41aa84870265cad14a9bcbacc.jpg,1,0
imgFC577_png.rf.e42323ffdba0236921f8b83879cf0a41.jpg,1,0
imgFC844_png.rf.8d997adbf7a707ea01a65df849956373.jpg,1,0
imgFC359_png.rf.7fe8ff82400a3d6c9636727228999bdb.jpg,1,0
imgFC515_png.rf.283b19fed2e4f13bd7fd8cb4dc05c0e8.jpg,1,0
imgFC828_png.rf.8ca5a771285a2d974c13cdfec84fe721.jpg,1,0
imgFC740_png.rf.2ef520498e4c9e89daa9d9ef6e571900.jpg,1,0
imgFC379_png.rf.fe17abbe2856350b4812ab98864404dc.jpg,1,0
imgFC740_png.rf.b2873200d70a34d29b17306889df2b8c.jpg,1,0
imgFC671_png.rf.3a77a01bfeea6ccc147c9471fbc45a9b.jpg,1,0
imgFC231_png.rf.48b6ff11c8b50bd53bcc34231fa3861d.jpg,1,0
imgFC427_png.rf.0e4be40e40bef610ff1f54e178f77db3.jpg,1,0
imgFC598_png.rf.c2965e200647909d98917a661596d91a.jpg,1,0
imgFC792_png.rf.a359d1100dafdc9e6169f938e6b9ee74.jpg,1,0
imgFC577_png.rf.34e8e36ca75d74058a12be296add63be.jpg,1,0
imgFC671_png.rf.36586e1e34ad481035e1cac5c1ef3cfb.jpg,1,0
imgFC231_png.rf.6f3c6c737d699f9ec5c43a203f0852ea.jpg,1,0
imgFC28_png.rf.dea0c98bb43f86d6092bc9cec4092882.jpg,1,0
imgFC34_png.rf.e1e4a6fd0c5d3003f2da90b4ea19c2e7.jpg,1,0
imgFC871_png.rf.d942e34b67018c2753406dab2ffd50ba.jpg,1,0
imgFC144_png.rf.cdc1e8f75837439a7e47f1e22b32b3a3.jpg,1,0
imgFC390_png.rf.962ebd98698e361dd86e6f9ac569f94b.jpg,1,0
imgFC427_png.rf.420e8091f1014648cd66fee6afdda71d.jpg,1,0
imgFC399_png.rf.a23fe9ec6fa0c1f85cc65095c95bb9e3.jpg,1,0
imgFC786_png.rf.8878b92b184a1a4611f163c99a95d23f.jpg,1,0
imgFC261_png.rf.fdedc30ffd873dbb18371900754f5a3d.jpg,1,0
imgFC40_png.rf.7e43419f79741ac25475bae9e8a0f4e2.jpg,1,0
imgFC727_png.rf.b18287b7561b7e3c495531a173a69b76.jpg,1,0
imgFC671_png.rf.59d176f4426830c3fd885e078d366496.jpg,1,0
imgFC390_png.rf.7a08a894a3fa65a78c73932da8aa5057.jpg,1,0
imgFC359_png.rf.fd2a3b9ffc91a55b07cf34f93d9cd320.jpg,1,0
imgFC63_png.rf.777d4e86fd10a5839b48ba7fd96a6ffa.jpg,1,0
imgFC39_png.rf.8a26f9da2ecd77ef81354c493f8c7615.jpg,1,0
imgFC792_png.rf.5a3630cc9647ac98c91178b44111ff69.jpg,1,0
imgFC195_png.rf.aa4d1cd029c6d53d3f31f78c9577bf41.jpg,1,0
imgFC52_png.rf.cc63ba5566e231675b625fab86c84007.jpg,1,0
imgFC13_png.rf.e8290a21888b3c3553d7a3c530ebde7e.jpg,1,0
imgFC97_png.rf.cc0856783f8bed975a14bbe77efcd8bf.jpg,1,0
imgFC39_png.rf.551e055e87026dd84ab4755a73ed695b.jpg,1,0
imgFC844_png.rf.49d714e10f9a3df757645c28746f1cb2.jpg,1,0
imgFC379_png.rf.89d64c8a3a75798a22e9d621aae68150.jpg,1,0
imgFC547_png.rf.12686d092de71cb002b633cc5e175168.jpg,1,0
imgFC598_png.rf.b2cba0f7247493b3a98e835081e7797f.jpg,1,0
imgFC93_png.rf.a88d4fb0b22dbfc283e5e7f2e37f73ea.jpg,1,0
imgFC558_png.rf.063ced960307e79eb057e34d740df1d0.jpg,1,0
imgFC446_png.rf.7751882c906cf91487dc2714a78ddfcf.jpg,1,0
imgFC278_png.rf.ac9a1047fb74dc779cf934f4bb05b4b2.jpg,1,0
imgFC419_png.rf.eb4196d9fc13eb580d9ec21446eb92a7.jpg,1,0
imgFC202_png.rf.9b1c50ee0f6352519095756c0c044d75.jpg,1,0
imgFC792_png.rf.71cc6052d3ffb38984be9970c4c69170.jpg,1,0
imgFC827_png.rf.8b9f553173ae7fbe201c52f47b721564.jpg,1,0
imgFC154_png.rf.847cf73fc6388bf7473930200a0179ba.jpg,1,0
imgFC264_png.rf.005b49eb65f3575baf9afbab37b48220.jpg,1,0
imgFC871_png.rf.c128e4a62407f16b442d853ba216e07c.jpg,1,0
imgFC784_png.rf.85479d817a4cc7223f111e03af76730c.jpg,1,0
imgFC447_png.rf.7eccfb0d84a0afcf12931d71650ada4a.jpg,1,0
imgFC215_png.rf.2928ecee2771c3a76ab5fd812ade17b1.jpg,1,0
imgFC48_png.rf.4de3baac87c39d833e44da8a400f615c.jpg,1,0
imgFC740_png.rf.5bbd3793c1ce3f9c27a62fb30bb91f86.jpg,1,0
imgFC415_png.rf.6194ce4a2dba792979e45e78b3890091.jpg,1,0
imgFC231_png.rf.09ec6402f8f799c9172ecfa8d274f941.jpg,1,0
imgFC558_png.rf.fb89121b6afaaaf086aba6f853223980.jpg,1,0
imgFC858_png.rf.43f6634339162e4867c7a937e71f8fbf.jpg,1,0
imgFC118_png.rf.0ffca9cd712f9082c231833e9c5a4a70.jpg,1,0
imgFC227_png.rf.b59a73415a36c003d7ef276740b2b545.jpg,1,0
imgFC110_png.rf.a87b87b4e0b6a4c87a19edab4ee80840.jpg,1,0
imgFC604_png.rf.21b4a0f146d509fb1f4ead523f612386.jpg,1,0
imgFC935_png.rf.524319ad124ad52ed744e7dd054c98f2.jpg,1,0
imgFC685_png.rf.313a3392f81ebe1fa41d879aaad9bc82.jpg,1,0
imgFC844_png.rf.ffea0bba997fc8438d7570d76cd67881.jpg,1,0
imgFC684_png.rf.8aab82aad9024c22670deb8055fa81a9.jpg,1,0
imgFC577_png.rf.1846c74a493a15548c1db89842279ce4.jpg,1,0
imgFC93_png.rf.994f66ac0e0e363b94c6216575dfdf9d.jpg,1,0
imgFC798_png.rf.ca8d849c5a2ea91e1114f08a5a941006.jpg,1,0
imgFC762_png.rf.1b9e975997df2ed3651bd8eddf01def1.jpg,1,0
imgFC843_png.rf.8bd92b394eabca12e09a193ba24ad04e.jpg,1,0
imgFC890_png.rf.ad305ffbb01bffc73b9c1d721b3ae7a9.jpg,1,0
imgFC816_png.rf.849f8751cb164a14824a28cc9e9cff2f.jpg,1,0
imgFC30_png.rf.4896f2f1f6dbddfb1ecb1359e8fc3aaf.jpg,1,0
imgFC983_png.rf.22a5a7173d36ed8d775f509cd55ecf27.jpg,1,0
imgFC642_png.rf.fde8802c39bfdebb940a6bdaa50c2d28.jpg,1,0
imgFC910_png.rf.3102ecb53df22042c21d8fbbe510876a.jpg,1,0
imgFC359_png.rf.a2ff1828e151d3b711919fbf4a5a7ac3.jpg,1,0
imgFC142_png.rf.d464d82c8d9c46401a7ed3457643a010.jpg,1,0
imgFC52_png.rf.13df2688484cf68e956a77cdfbb38b2f.jpg,1,0
imgFC390_png.rf.7926fb251a54cff09a7881e62dbdfbec.jpg,1,0
imgFC770_png.rf.16037fd8c5a4573fa41a6bcdf71777c4.jpg,1,0
imgFC798_png.rf.63b40c317d285fb54f1e5259b40eeb6e.jpg,1,0
imgFC559_png.rf.b39ab37fdc27bed43802a42881d57ba1.jpg,1,0
imgFC48_png.rf.f16b763881f89c0a6b3357a4082e7f09.jpg,1,0
imgFC106_png.rf.180a4b95e284fc6fc7a69b7a38feb75e.jpg,1,0
imgFC379_png.rf.04bee0dea19d00e7afa5aadc71aed278.jpg,1,0
imgFC186_png.rf.fe5ab06312905c64b5af1f80cec2cc2b.jpg,1,0
imgFC40_png.rf.0ea7ab67c42be7d2a688cee35984a5a0.jpg,1,0
imgFC419_png.rf.d33e908ec1b8a0187003aaf297d9ae96.jpg,1,0
imgFC604_png.rf.2275b4c4d437417f5a14823bfd5c85eb.jpg,1,0
imgFC121_png.rf.cf84402cfc5f1a70495dfdb316f9131b.jpg,1,0
imgFC9_png.rf.2d3733155e474d8dc0373aaf3296c068.jpg,1,0
imgFC629_png.rf.86db001e328753597a3a647cb1cd3d1a.jpg,1,0
imgFC915_png.rf.fd858f0179b10253b7f8e815efe68c99.jpg,1,0
imgFC843_png.rf.381fc78f38b69a867b6261c673751cff.jpg,1,0
imgFC921_png.rf.692a2138d35579e4d9a22d390019c015.jpg,1,0
imgFC598_png.rf.062595c9c910004222204bb850bb6d93.jpg,1,0
imgFC864_png.rf.0d1eca229abb3ac767a62b5b1c1f8fab.jpg,1,0
imgFC399_png.rf.4e5f6765f1525c3379b057e2e78a4e4d.jpg,1,0
imgFC106_png.rf.ccd07ccb8250a61616324c6d2102a845.jpg,1,0
imgFC983_png.rf.fa894b44de3f313034a297c6defab2f6.jpg,1,0
imgFC559_png.rf.ff937f8360d1d59afe5edbfb2c0c1139.jpg,1,0
imgFC39_png.rf.dc000bf8cff9e94a5183bb96c55aa894.jpg,1,0
imgFC463_png.rf.2a4da030581f2325535364c7a0634664.jpg,1,0
imgFC642_png.rf.756fa1380104ebdecc5a7e9858b81595.jpg,1,0
imgFC539_png.rf.02295bf00f87c06863af825a31581a62.jpg,1,0
imgFC913_png.rf.090314ff80c2950924d5958fbb48dc06.jpg,1,0
imgFC468_png.rf.3b9594c5b818b7b341626d2fa2f87b3d.jpg,1,0
imgFC306_png.rf.1742a39f075c1634fd4234797b7e8731.jpg,1,0
imgFC170_png.rf.9452f067ac55e06427868499bff16973.jpg,1,0
imgFC154_png.rf.8134929f94083acc5945dc0f8241ccb9.jpg,1,0
imgFC24_png.rf.9e6ab9c0d81346ca8651990b3b64f53e.jpg,1,0
imgFC544_png.rf.8636eaae9aa5167d04e7a25e6ed86b9e.jpg,1,0
imgFC797_png.rf.2edafe64b7dff67a91cb05f1d4c78f11.jpg,1,0
imgFC544_png.rf.113e03b782ed5016008557063bfb0781.jpg,1,0
imgFC967_png.rf.5a5b7d0371b327d0403e1fda4b582f1d.jpg,1,0
imgFC195_png.rf.b97b12be4711b1c248aa9ccf9e7089d4.jpg,1,0
imgFC133_png.rf.984237740b4eb846e047722636f55593.jpg,1,0
imgFC264_png.rf.1df819e77db2c4387b31a623557343ae.jpg,1,0
imgFC610_png.rf.527da025f26181fed38060c9688d8218.jpg,1,0
imgFC354_png.rf.9f372a5d8205a386acb6146173168fbf.jpg,1,0
imgFC816_png.rf.2d0fc3560fb572be727a07ea3097b6b1.jpg,1,0
imgFC664_png.rf.e03cd3e6aacc5f4e4e907308124b2537.jpg,1,0
imgFC63_png.rf.581660101ed6f38b575728a4400b2e8f.jpg,1,0
imgFC463_png.rf.117b91a81c73068825464e6ed83baf97.jpg,1,0
imgFC137_png.rf.35640057afd52752123809d7fb22dda0.jpg,1,0
imgFC133_png.rf.ac6280d7fac98c11d33f8d90b5907321.jpg,1,0
imgFC218_png.rf.1242019559e9108839bf8aad34642850.jpg,1,0
imgFC261_png.rf.e6d72eda30524169bfcd3dc2d1babdc3.jpg,1,0
imgFC464_png.rf.59a67aa7a2359fc96575f7bca3f8edd2.jpg,1,0
imgFC827_png.rf.95932e3d47f6260844c222f608c22022.jpg,1,0
imgFC218_png.rf.f4796a78e65617320a5f2058888e89b3.jpg,1,0
imgFC137_png.rf.69c278b0e758d199abde861fcb5c6420.jpg,1,0
imgFC464_png.rf.93a3e2f478bcd75af5cd1e4372b7a4f3.jpg,1,0
imgFC110_png.rf.42ee30fb03a324be6e1951d1487203df.jpg,1,0
imgFC786_png.rf.0a2230f4945ab81a9ab771c59427e2e7.jpg,1,0
imgFC811_png.rf.c9f5f4070758003c2b8911d71e31ae90.jpg,1,0
imgFC213_png.rf.c1245b2b62979a288d50847cc50d0ed0.jpg,1,0
imgFC988_png.rf.6e492d62e63921746aefefe5cf66b9f9.jpg,1,0
imgFC339_png.rf.13f943ed0383285fe3b8fd9fe844ead9.jpg,1,0
imgFC121_png.rf.44167ce11ef45fdc6861f3d36aec9fd3.jpg,1,0
imgFC97_png.rf.329d44146bb9681e2b48a4eb5800aad9.jpg,1,0
imgFC506_png.rf.3ac962879477b69224018b5d503c3ca1.jpg,1,0
imgFC401_png.rf.a39eb1ff4d7c02ad10352607b2a8ebd0.jpg,1,0
imgFC202_png.rf.2bd52e6921b40d8ee50b941f46731b9b.jpg,1,0
imgFC354_png.rf.fbb1652afb2cf42a1bf1cf1cc896000b.jpg,1,0
imgFC653_png.rf.7af4f55004d7c6c866bb12ddea528621.jpg,1,0
imgFC858_png.rf.2b6d000ff47305f7126d5f3b3077c66c.jpg,1,0
imgFC447_png.rf.74c4dae1d23c02d3568967598b147289.jpg,1,0
imgFC506_png.rf.54a12286195c6dbb6e706d2cff41374d.jpg,1,0
imgFC629_png.rf.fb151887f3b458b99bc07391c6e24f4f.jpg,1,0
imgFC811_png.rf.0083e632fae603ed99d4e48f62d03500.jpg,1,0
imgFC965_png.rf.36b3279fcef87b988d49929f3132a8c4.jpg,1,0
imgFC680_png.rf.1e6d02e576a1f421a3bfba2d7a821143.jpg,1,0
imgFC213_png.rf.bdd004b76fb24aa4f92c066939c2063f.jpg,1,0
imgFC915_png.rf.d2b4baf80b5dcb6727d21e4b7416239c.jpg,1,0
imgFC28_png.rf.a47684b856efc3f7aeae185626e7c797.jpg,1,0
imgFC144_png.rf.983979a3527d295d5b05a397fb726b36.jpg,1,0
imgFC515_png.rf.224f70e216900f64a705f62c5ad7acb4.jpg,1,0
imgFC988_png.rf.54c621369093d7ccf1b599817ed49804.jpg,1,0
imgFC34_png.rf.ef0677e06fa947dcd7299e64b0227197.jpg,1,0
imgFC24_png.rf.c480e4fc951c35b24b039b09b9ac3f79.jpg,1,0
imgFC547_png.rf.699771b17bd5db5d58c3c70972546751.jpg,1,0
imgFC142_png.rf.0581f7e84e9096fb49efa000f015a2d0.jpg,1,0
imgFC278_png.rf.32ad34d97ae8833b0b9a8fbe4e74efb9.jpg,1,0
imgFC727_png.rf.af0b965b9f170c606c3aab777e058008.jpg,1,0
imgFC13_png.rf.9181de54e591bf2f374777332fc727ee.jpg,1,0
imgFC890_png.rf.97244669dcc78d2598a44f9e2c3240e6.jpg,1,0
imgFC227_png.rf.463c87e5347963bffd7ae40193ed46d4.jpg,1,0
imgFC822_png.rf.ae46c45249f0c56d2d069d2b44e3fc85.jpg,1,0
imgFC282_png.rf.7da285db6fb3a60414b8d5fac744a37b.jpg,1,0
imgFC770_png.rf.060bc2ca0e27d7a718544fefc0141a9d.jpg,1,0
imgFC401_png.rf.a7009f1c21734572164412ffcb971501.jpg,1,0
imgFC820_png.rf.b9fe60484bfe4bb19e3491c25e9cc8c7.jpg,1,0
imgFC215_png.rf.563436b1f014361d8665e0a971594b46.jpg,1,0
imgFC1007_png.rf.6f814c53f4a012f08e71e96b56737948.jpg,1,0
imgFC115_png.rf.b35723d7c9425b3f9ce242d19cc7f782.jpg,1,0
imgFC243_png.rf.56c015d015506107de5eea99670934ff.jpg,1,0
imgFC913_png.rf.dba194677e6899fa9b3222200bb85b0a.jpg,1,0
imgFC685_png.rf.d9013a2a44d2b3f3db791a8adba7d59c.jpg,1,0
imgFC684_png.rf.1c83516306f6ed5250795609d3a32bbc.jpg,1,0
imgFC446_png.rf.5ad5a2d8d6fd42059e32d112cb295a07.jpg,1,0
imgFC30_png.rf.8293c1949f4cf4c3c33acda6bed56cff.jpg,1,0
imgFC186_png.rf.b089744da7d338da8dd87e91d993373e.jpg,1,0
imgFC762_png.rf.1142b0b67b6cfbe9fcd8eb11dfffb5d6.jpg,1,0
imgFC935_png.rf.65f2c6d4a98412bb9c08e6979a8185bb.jpg,1,0
imgFC784_png.rf.7a2f6a5ca5773e86d7af22d52f595473.jpg,1,0
imgFC170_png.rf.f09a58c684d51871f663badffd4b43db.jpg,1,0