filename,Hotspot
snipme_jpg.rf.c35b861eb8cde45aa40baaa870537685.jpg,1
IR_0222_jpg.rf.5491600a982a702e28417f86c75bf658.jpg,1
IR_0222_jpg.rf.0cd9120b7bd8b439247614e7c357eaba.jpg,1
images_20-3-_jpeg_jpg.rf.cd37b207681fdb0634709c3bf5e61b71.jpg,1
IR_0222_jpg.rf.7e9d629232c849a4570862875b1ac787.jpg,1
Medium-Scaled-PV-IR-linked-2-copy_jpg.rf.6a3564188346fecbf0f01b6095219477.jpg,1
IR_0230_jpg.rf.59b70e29a02b42a549113814a0bc4a3b.jpg,1
IR_0244_jpg.rf.7ff4f501711e27ec96f79cb13e60f7ad.jpg,1
quick-crop-and-very-good_jpg.rf.9dd28cc2eae668a8740eb372fd961dd6.jpg,1
images_20-33-_jpeg_jpg.rf.df658418600e2afe7305231d305488b8.jpg,1
quick-crop-and-very-good-top-section_jpg.rf.8ff225a7a9b4faad1f1b7ae74ceceeff.jpg,1
IR_0222_jpg.rf.b786de4b54562e0112ad8804cac1bc2e.jpg,1
IR_0224_jpg.rf.da1483ac90b2129696d605246d9b0c2d.jpg,1
images_20-35-_jpeg_jpg.rf.23f0c537a108c1e87a35b89fe2b1ea2e.jpg,1
images_20-35-_jpeg_jpg.rf.25dc61a2735016e544bce0568c50d1be.jpg,1
IR_0244_jpg.rf.d2fee498b7d5699af831cef16a045b52.jpg,1
images_20-28-_jpeg_jpg.rf.bf66f4d081125f63ab91d24d0a6d028a.jpg,1
IR_0242_jpg.rf.1936a6f35466ad56999a4ad0af0ade2b.jpg,1
images_20-31-_jpeg_jpg.rf.78ed598c6aace5d07abd1f7f0ece0377.jpg,1
imgFC524_png_jpg.rf.7dc55fd7cd65eb87a06aee030d1b6fca.jpg,1
raptor_jpg.rf.db7e826a87f760e359c45b03866c719d.jpg,1
IR_0232_jpg.rf.b85ae0ef55ba32ae4ba7e4f3ae9c3a1e.jpg,1
images_20-31-_jpeg_jpg.rf.86e36dbdea66c29a9feb9fed5456d002.jpg,1
images_20-31-_jpeg_jpg.rf.6c53c17c104e40f436b4ec7459e561c5.jpg,1
imgFC511_png_jpg.rf.587bda56287d91b91fe651e313ff539e.jpg,1
images_20-35-_jpeg_jpg.rf.df600ae04ba0433d54f5adfab9036882.jpg,1
IR_0224_jpg.rf.fdacc4dd46123ed2db6a3ff56d5e2f71.jpg,1
images_20-34-_jpeg_jpg.rf.be6c963628ed7d9237b431a45560b422.jpg,1
images_20-35-_jpeg_jpg.rf.541dcd2425f0715d65bc4543ec491007.jpg,1
IR_0242_jpg.rf.146861400950d2c16d27b3ca1267c7e6.jpg,1
IR_0238_jpg.rf.15ffb6da14d587e190e95046b205bd73.jpg,1
imgFC523_png_jpg.rf.118791f484753726b4fcbe17e911b08b.jpg,1
IR_0232_jpg.rf.ccf5a3f776c9c26a994fdea1047cbab3.jpg,1
IR_0240_jpg.rf.4b5decf2c86fe31f57cc2ba6dd5983d2.jpg,1
images_20-3-_jpeg_jpg.rf.3477bcc4b3c96124a557a0ad90bc2987.jpg,1
IR_0220_jpg.rf.ba680513345878bbe05b5e353dff5d1c.jpg,1
o_p_lo_the_002249-jpg_jpg.rf.cf256ead7eb91a9e58ff295c4372bd28.jpg,1
IR_0244_jpg.rf.c87000a3132b66c5c5a4abfabcb21744.jpg,1
raptor_jpg.rf.013ff92ffb271fe1c0d8260cfbd30321.jpg,1
IR_0238_jpg.rf.bd95ee2c3d3fb518bd1b574673a88609.jpg,1
IR_0240_jpg.rf.b4d0f374fb0fb02d337abdbc983b8cab.jpg,1
R14T4_jpg.rf.93e11a4ef2cbf1f8229aa5649f34d4db.jpg,1
images_20-34-_jpeg_jpg.rf.1d6f8017e10be938ddcf30ac252c0d55.jpg,1
R14T4_jpg.rf.68196815b5f15f88b9938797ab0802f8.jpg,1
images_20-34-_jpeg_jpg.rf.a6fa88b7649236a3e5b254bbfd74f995.jpg,1
images_20-28-_jpeg_jpg.rf.5471e671bcc1ccca7c6f59148e264d20.jpg,1
R14T4_jpg.rf.6078026c0eb11556ba5dbb3d7c3cc2e3.jpg,1
images_20-35-_jpeg_jpg.rf.70f47d13b6bd777d2f033bf1fd5e204d.jpg,1
images_20-31-_jpeg_jpg.rf.ecbeb5724bf3986e2b64447835f6d95e.jpg,1
R14T4_jpg.rf.40b50544cfe2688c63194ccb2f07f716.jpg,1
imgFC524_png_jpg.rf.9bee7674bb0b41575baa06c3ed4c2bfd.jpg,1
images_20-34-_jpeg_jpg.rf.43562e1e2f9878c442ffe20046c23b37.jpg,1
images_20-34-_jpeg_jpg.rf.45cb3b228b8c6c2f56d9451ffbe7bc56.jpg,1
imgFC511_png_jpg.rf.cd2a563c8d335b5262ad9a708de542a4.jpg,1
images_20-37-_jpeg_jpg.rf.ece37622ec301703d5f81cfaa8938128.jpg,1
IR_0230_jpg.rf.af406911c6c3f6b18d750113ec9177c6.jpg,1
images_20-35-_jpeg_jpg.rf.f22c6cdfd6d8ba0dcf1b5d371d6449fb.jpg,1
images_20-34-_jpeg_jpg.rf.0ef20c1e689a1fc3d74e6bbfda660a77.jpg,1
IR_0232_jpg.rf.9fdfcdb398593d1fae4c759437af99b2.jpg,1
images_20-36-_jpeg_jpg.rf.6a870a333cd40cb7ae6f344321df7197.jpg,1
raptor_jpg.rf.0f7c5ca3377d4aad70609fd38d5e4817.jpg,1
IR_0238_jpg.rf.0f938654babd4735bd03c2e1c1b5c556.jpg,1
images_20-37-_jpeg_jpg.rf.cfceb4da3ef117ac3628a6ad23322850.jpg,1
images_20-30-_jpeg_jpg.rf.7d6f91a3ec4a4e231cda6d9e6b14b5e3.jpg,1
IR_0238_jpg.rf.1495174c1f2a1367ad5800906eb9a3de.jpg,1
R14T4_jpg.rf.ef42048b00f60ca8b77f72823a9db30a.jpg,1
images_20-35-_jpeg_jpg.rf.b9d2021b0abd645c1f9eea1e828a64c8.jpg,1
IR_0244_jpg.rf.3a477f0ba8fb1723f78d12288a8ebe69.jpg,1
images_20-35-_jpeg_jpg.rf.d40947178ff87c84dc39795194604675.jpg,1
images_20-36-_jpeg_jpg.rf.995c6bb11036064200274237c98c24e3.jpg,1
IR_0240_jpg.rf.c13bc67d8bad04a7b575be261e2176ba.jpg,1
IR_0230_jpg.rf.db89123a14cacdbd5f64bf65382e7df7.jpg,1
IR_0230_jpg.rf.eaf1aa2dca00b94a8f2f640850c16e22.jpg,1
images_20-31-_jpeg_jpg.rf.9856bada88b40ff6afaccb37cc54c127.jpg,1
R14T4_jpg.rf.59acbd5be8cc0fafbbf101e4c8ff50a8.jpg,1
R14T4_jpg.rf.bf0b67d680ab7ac24edb5a65ad12d8d3.jpg,1
images_20-33-_jpeg_jpg.rf.06374f63f900b20946358df1ccd35c60.jpg,1
images_20-4-_jpeg_jpg.rf.016c06cab1a296d6ea10c641248f5e95.jpg,1
Medium-Scaled-PV-IR-linked-2-copy_jpg.rf.92cef6ed8c2cf0d747baecf0b0980dfd.jpg,1
images_20-3-_jpeg_jpg.rf.61127640aa7f7f8be639ae7b22292ffe.jpg,1
IR_0238_jpg.rf.d8eeeed964ed19f98cd95831086eb398.jpg,1
images_20-40-_jpeg_jpg.rf.47ba8d6412ef1b6b3fd5a7b3d4cffb46.jpg,1
quick-crop-and-very-good_jpg.rf.addf4a63b0e67faded356a5bc640000e.jpg,1
imgFC511_png_jpg.rf.25b30d7560593860ffece66c26d44dfe.jpg,1
R14T4_jpg.rf.4dcba8d9eab9065170049e1745cbdffc.jpg,1
images_20-35-_jpeg_jpg.rf.8537aad9301273f97aa517536e366789.jpg,1
images_20-4-_jpeg_jpg.rf.649e2ee13d24dfa9f6c55583a734facf.jpg,1
images_20-38-_jpeg_jpg.rf.0889dc171feea200b0ac3dd7dcd0aea1.jpg,1
IR_0238_jpg.rf.5c46fabded793536ff2ed7ea012fcb07.jpg,1
images_20-37-_jpeg_jpg.rf.d76b58bcda94edc87b062d2ae9bbebb5.jpg,1
quick-crop-and-very-good_jpg.rf.7272c188d8356737ff04fbd6e96719b2.jpg,1
imgFC5_png_jpg.rf.23022c79c259965faf5f76eee5bbe2dd.jpg,1
images_20-33-_jpeg_jpg.rf.d8f799152936540a2d907b70e0db5466.jpg,1
images_20-36-_jpeg_jpg.rf.bfe17cc342ad52a1ebed14fc51bc082c.jpg,1
IR_0244_jpg.rf.9ba4080977ccec26872c17aa6cb3d3ff.jpg,1
snipme_jpg.rf.162a891119c0b9734df2a159d6c8ff18.jpg,1
images_20-38-_jpeg_jpg.rf.a10918551b38eebcd77f2e7ecf93b636.jpg,1
images_20-38-_jpeg_jpg.rf.28891160f384873dbb4fd65f18d6647c.jpg,1
images_20-35-_jpeg_jpg.rf.fcd72d6b02d6473292d1af9f7303d297.jpg,1
images_20-4-_jpeg_jpg.rf.90c3197147317080b9fd7078dc786c34.jpg,1
images_20-4-_jpeg_jpg.rf.06abc357ddfd69591df34eab4ad4bae5.jpg,1
IR_0244_jpg.rf.2fbf362f980b0c668863fb07d020d959.jpg,1
images_20-38-_jpeg_jpg.rf.d52212c978c55d040e76585feca7dac7.jpg,1
IR_0244_jpg.rf.a7d2cb7f0bd477b8161894dd9eea1030.jpg,1
images_20-31-_jpeg_jpg.rf.4dbd54b4e26f2727090bc8841825adf4.jpg,1
raptor_jpg.rf.5befbb15c2293f7e2a43f7daa4ffcdc6.jpg,1
images_20-4-_jpeg_jpg.rf.7732f1cd0f47af3f7a660318ad800de0.jpg,1
images_20-33-_jpeg_jpg.rf.ba4992972d37ce2affe9175d4d6df20f.jpg,1
images_20-4-_jpeg_jpg.rf.4f62545d45cb6123d7fae80635924449.jpg,1
IR_0240_jpg.rf.bf16dfc327817f883ec0db09c7d9c114.jpg,1
images_20-4-_jpeg_jpg.rf.06df0292c8fb9d4e2911b6c3772fa392.jpg,1
images_20-34-_jpeg_jpg.rf.0fde1f30269b2979bd9e7baf6d17607d.jpg,1
images_20-40-_jpeg_jpg.rf.8102a40a8c9c65261e53a3186becad42.jpg,1
images_20-33-_jpeg_jpg.rf.57bb78ec248b0cdeffe9d970f7ccdbcb.jpg,1
images_20-33-_jpeg_jpg.rf.972696b286c5194f24264fc824e59dc6.jpg,1
images_20-40-_jpeg_jpg.rf.b37a82d253319e6d23461eaffec9d356.jpg,1
images_20-37-_jpeg_jpg.rf.8f3eb695d53d4149ae90316e47ad3e25.jpg,1
imgFC526_png_jpg.rf.ab2c6eefb20d34c6c20d79c4a43b3d41.jpg,1
images_20-38-_jpeg_jpg.rf.28b93471a724a29885d40e0de7e8cc77.jpg,1
images_20-36-_jpeg_jpg.rf.1b180d971b49c26daca83a333da1495a.jpg,1
images_20-4-_jpeg_jpg.rf.2330aa26216116f8b519f7dafe75e677.jpg,1
imgFC526_png_jpg.rf.597def7dedf81d8d4e015741e62e2853.jpg,1
imgFC524_png_jpg.rf.97c9debac9e955ed4f7ff16a0a0177d9.jpg,1
images_20-34-_jpeg_jpg.rf.531f8302e70b3460167877ea66fe5d43.jpg,1
images_20-36-_jpeg_jpg.rf.dc05c590dbd137770459a29af67fbca7.jpg,1
images_20-4-_jpeg_jpg.rf.5cb1933edbe4036ccc50740e27e12fc2.jpg,1
images_20-37-_jpeg_jpg.rf.db4342db2d2c93f26cda88f8ba04695f.jpg,1
imgFC524_png_jpg.rf.ed5cea001301fa747594d790d4090228.jpg,1
images_20-36-_jpeg_jpg.rf.1db3a34b2cbe9e10580b843e1b511196.jpg,1
images_20-38-_jpeg_jpg.rf.7a772d679860506383500b6dbb7852e5.jpg,1
images_20-40-_jpeg_jpg.rf.03a583c30d01bba48d15705cec335961.jpg,1
imgFC60_png_jpg.rf.5748b406bd7c0d0f8872355878ad3e65.jpg,1
imgFC523_png_jpg.rf.db02cb232ced8b4a5bd8c97e21564119.jpg,1
images_20-31-_jpeg_jpg.rf.6007fd4ca7b7fc7137c61b73e6cb8b02.jpg,1
imgFC523_png_jpg.rf.e3f4826e09024205920d12cc30bb8e1c.jpg,1
imgFC526_png_jpg.rf.619fe48f80f21e02409584dd7d5fb91b.jpg,1
images_20-34-_jpeg_jpg.rf.2736ea8d69698921173f50e766759b8b.jpg,1
images_20-34-_jpeg_jpg.rf.e8a54a76f6e605735b35df7dc12f128c.jpg,1
imgFC524_png_jpg.rf.833fd2147b043535e4292a4e20a2108e.jpg,1
imgFC60_png_jpg.rf.111fee3ca03ee9be684b27c75aec33f8.jpg,1
images_20-37-_jpeg_jpg.rf.a46b6bcf44f9ffde7f1b918fb465e160.jpg,1
images_20-3-_jpeg_jpg.rf.95a57cb395ed8bc13f0a1d6610f6fe0f.jpg,1
images_20-40-_jpeg_jpg.rf.c59e56c7eaf010827dab758a0a1859f0.jpg,1
images_20-4-_jpeg_jpg.rf.5945b230f08d1486d0a79db8d7f8fbca.jpg,1
imgFC523_png_jpg.rf.791c46f0d298b0f777dea6ae38560dda.jpg,1
images_20-37-_jpeg_jpg.rf.e945e5a85a7e730acf49d79f0c24111c.jpg,1
images_20-30-_jpeg_jpg.rf.01c73ca124b1fd3fc978491800b9e5c6.jpg,1
images_20-38-_jpeg_jpg.rf.a67479a730d8859b359f43e0296712ef.jpg,1
images_20-37-_jpeg_jpg.rf.abe2be946bdc6c743f3e67dcbb734319.jpg,1
images_20-37-_jpeg_jpg.rf.d82e50d8e5ef14aab69ad570a2db459e.jpg,1
images_20-30-_jpeg_jpg.rf.1acf98d4178ecb9eacfe7a1209f118b1.jpg,1
imgFC526_png_jpg.rf.f7170a682af191e1b36c750c72097384.jpg,1
Thermal-Solar-Panel-Inspection-Services_2_jpg.rf.b0e99ed2af7ab8d55c2f46a11e36de4c.jpg,1
images_20-37-_jpeg_jpg.rf.415b88c746b9995171994cb858ebe085.jpg,1
imgFC52_png_jpg.rf.fd859e955e5b0b7854cfc98412097a2e.jpg,1
images_20-38-_jpeg_jpg.rf.5995c8bd9a0d04371aed9eee312015f8.jpg,1
imgFC534_png_jpg.rf.8fe6fd66d88ddd4a1cdd3cde6fc085d5.jpg,1
images_20-35-_jpeg_jpg.rf.a40b13970812a164c1df8c0d90f3826a.jpg,1
images_20-38-_jpeg_jpg.rf.594f53d195a94073131e4bedae83a9d7.jpg,1
images_20-35-_jpeg_jpg.rf.6345949e8341ec56be2e516a018a391e.jpg,1
imgFC524_png_jpg.rf.e1b98852a32d2cc3d0048d083bb6a528.jpg,1
images_20-31-_jpeg_jpg.rf.9b25cf0d6fbf7a0d004654d7be47a4c1.jpg,1
imgFC52_png_jpg.rf.ee82ea6c7dd0fe4d3a46ff54ee03603b.jpg,1
images_20-37-_jpeg_jpg.rf.27769bc775884fc795f9035e5618cd02.jpg,1
imgFC524_png_jpg.rf.b756f9de731ddb8b7ebf689a6c2e0553.jpg,1
imgFC52_png_jpg.rf.0ff4d0788948794e4521c8ed70025fa4.jpg,1
imgFC524_png_jpg.rf.4d8be4b19c9e0781d3f429a995038169.jpg,1
imgFC533_png_jpg.rf.69c7266c6d77c33ca5e4e8b50de394fc.jpg,1
imgFC52_png_jpg.rf.65cb536bef0b565a746338517b97138d.jpg,1
imgFC62_png_jpg.rf.bc7b2731340c42799a5e7f238e6b32cc.jpg,1
imgFC533_png_jpg.rf.b8a8823b2fddff5847b307534fae475a.jpg,1
maxresdefault_jpg.rf.33a8b812f6a3c6332ccca7a2176dd221.jpg,1
imgFC526_png_jpg.rf.4a1b532cf03b1ba407b3b976e7f11a81.jpg,1
maxresdefault_jpg.rf.77a10e0342f69f05acbfb998b7693b47.jpg,1
imgFC526_png_jpg.rf.715a22cdc344cb2e6bd2996e785bbe48.jpg,1
imgFC52_png_jpg.rf.4f0851d101ce7c89fdc9f3cf66390474.jpg,1
imgFC62_png_jpg.rf.15a680898a9836da59a66c333b8aafe7.jpg,1
images_20-38-_jpeg_jpg.rf.2631777e37ec9ece224eac8d941fa284.jpg,1
maxresdefault_jpg.rf.cec9fc8a889e7b390b87d99a3a68eeb0.jpg,1
images_20-4-_jpeg_jpg.rf.856b26e497fcb2f24da0272963bb3317.jpg,1
imgFC55_png_jpg.rf.8412da04b108d60a5090923af2541c02.jpg,1
Thermal-Solar-Panel-Inspection-Services_2_jpg.rf.1358e3e6dc2badc8404ab47ab0a110d4.jpg,1
imgFC533_png_jpg.rf.faa078249f4e031f92dbca5f6ee28d3f.jpg,1
images_20-38-_jpeg_jpg.rf.d250d1df332b65e9b163b0f6ea2c6392.jpg,1
imgFC523_png_jpg.rf.6574ad36bdf43b3855bfddc1f55498e0.jpg,1
imgFC534_png_jpg.rf.375b08eb8d6cd7f9d3fb252efa67cf81.jpg,1
imgFC52_png_jpg.rf.842a86e9b886314ba80a25795cdcdadb.jpg,1
imgFC533_png_jpg.rf.9f69173c02a043d5524788bf36abf628.jpg,1
imgFC534_png_jpg.rf.9bf57b0dcdb1863f5d3f3f9b2eb86e01.jpg,1
imgFC533_png_jpg.rf.d45df873f5fc13003ddf378301df5e40.jpg,1
imgFC651A_png_jpg.rf.11ec0fde17ff6e2f1b25ffc6dd30bec8.jpg,1
imgFC526_png_jpg.rf.166b578c2f9b0fece62ccbb3c5d850c3.jpg,1
imgFC526_png_jpg.rf.a619ff2a726818dc6cd3e785314dff99.jpg,1
imgFC52_png_jpg.rf.c966bfeb875ef89f5a992fa983e8962a.jpg,1
imgFC52_png_jpg.rf.1e98d7bb399746bb7ecc557128b44d88.jpg,1
imgFC533_png_jpg.rf.1c79a26e66a54a23ca748889bee90ccc.jpg,1
imgFC526_png_jpg.rf.8c7f9e881f85fa7b3022a673b12a7ed1.jpg,1
imgFC533_png_jpg.rf.0329b7c8cecf2a82faba13608066c2b8.jpg,1
imgFC581_png_jpg.rf.ef278357e024c7a7f5b6734db7a3b05d.jpg,1
imgFC52_png_jpg.rf.3a75406f3c6f343600ec607e1687c9cf.jpg,1
imgFC533_png_jpg.rf.025c19935d506c50321e6607ed98fc77.jpg,1
imgFC534_png_jpg.rf.ba3db8b21b59f91aee992d8e5c489124.jpg,1
Thermal-Solar-Panel-Inspection-Services_2_jpg.rf.2abd2e963ef5b68363ba5ac7dd9c4feb.jpg,1
maxresdefault_jpg.rf.780df77e1bbcb8d0cac1b8e0e4cc4e14.jpg,1
imgFC534_png_jpg.rf.7711ae8dafb6fd874650b6067f49c199.jpg,1
thermal3_jpg.rf.ccab7773448c0462ff69eacafeb75e2c.jpg,1
imgFC55_png_jpg.rf.2d797765f3f6a48747aaf224427e000f.jpg,1
imgFC534_png_jpg.rf.8caf7955fdc614a4ba81d1882dca9ab5.jpg,1
imgFC533_png_jpg.rf.3d6cea533a58bbcdc8b880e4a8791f7b.jpg,1
imgFC526_png_jpg.rf.24dc17ef05db97b9cf08d789195bda1a.jpg,1
imgFC52_png_jpg.rf.3ba67dc991febd9b3939b769ad9df82d.jpg,1
images_20-42-_jpeg_jpg.rf.aa71f7f29f9bcba5bc0239338f1cc645.jpg,1
Thermal-Solar-Panel-Inspection-Services_2_jpg.rf.f54ffded048600df891a3a59b5f94da1.jpg,1
imgFC55_png_jpg.rf.6e991fdc8712fda2036fbdc2f89e220d.jpg,1
imgFC639_png_jpg.rf.e7a69a5c1abf5f9609c75e8475f06859.jpg,1
imgFC533_png_jpg.rf.0a86bbbeb9870a06649a4979b01a0323.jpg,1
imgFC534_png_jpg.rf.41c5ae4b7354c5ee7a8a074700d5f816.jpg,1
maxresdefault_jpg.rf.83594b0d6dc6c527e0ff6311aa7547ea.jpg,1
maxresdefault_jpg.rf.170cfbe0123cd05491f2d52e53e0f146.jpg,1
imgFC526_png_jpg.rf.75663235b2648922752ebc1f883da4da.jpg,1
images_20-43-_jpeg_jpg.rf.0f689260c57effb082881fa252b799f9.jpg,1
imgFC651A_png_jpg.rf.2770b38aaae2fd80ebe5d6fc57fb20ee.jpg,1
imgFC55_png_jpg.rf.120ba3e3fea57d1bffb7ea07e2458b77.jpg,1
imgFC581_png_jpg.rf.724d8647b1bc62388968c7865aa5bf0e.jpg,1
imgFC55_png_jpg.rf.77359b40d7c89373e386d67d86f3591f.jpg,1
imgFC533_png_jpg.rf.66c323b39aad6957fdc7a6d068d948e3.jpg,1
maxresdefault_jpg.rf.d07641f7322189717f07123c6859ee0a.jpg,1
imgFC52_png_jpg.rf.75261f803810ccce5db072e1f5a538a0.jpg,1
imgFC534_png_jpg.rf.fbe524684d26e9bf021bf31797fcb65f.jpg,1
imgFC651A_png_jpg.rf.8a11aa8ba1eedd36b2a62feea2e521f7.jpg,1
imgFC639_png_jpg.rf.24799addde651a656d680711bc5fc51c.jpg,1
thermal3_jpg.rf.1d7449e2cfc1a4431e2793e14373e94a.jpg,1
imgFC534_png_jpg.rf.12ee7387cc81f284457d12afe376623a.jpg,1
images_20-40-_jpeg_jpg.rf.27b4bac80604720f8bb2bdd2c053819b.jpg,1
images_20-40-_jpeg_jpg.rf.e29000e4526cd0a748887d857dbdf570.jpg,1
images_20-41-_jpeg_jpg.rf.e7fcad8cd5b319682327d27aca9748b9.jpg,1
imgFC653A_png_jpg.rf.ff0a9e32ff832c17c0333cc0a2417066.jpg,1
images_20-41-_jpeg_jpg.rf.a8ad61f8e759f46c75b767b9b6c9cb43.jpg,1
imgFC534_png_jpg.rf.bdbe40888cda119b908ca467d4a96219.jpg,1
imgFC62_png_jpg.rf.3a39475b47551321c97580af2739cb09.jpg,1
maxresdefault_jpg.rf.f99147373fc833066ef2c959229e2d80.jpg,1
imgFC526_png_jpg.rf.452c07b47c0dc306a212eb99322df8b6.jpg,1
imgFC526_png_jpg.rf.44e4f574d72dbe722efb150c582adf31.jpg,1
imgFC52_png_jpg.rf.7f4fe9565efd1746ac3f76a8d861716a.jpg,1
imgFC534_png_jpg.rf.b8d51ce639d07e01b39aed09d6abcc74.jpg,1
needs-a-crop_jpg.rf.4885c4a1468ae16a442cdfbfdc8efbed.jpg,1
imgFC534_png_jpg.rf.1a89480bfd02cf72e2181fc762b54a9c.jpg,1
o_p_lo_the_002249-jpg_jpg.rf.152d462fbbd8d50529a96b15e78d47d4.jpg,1
imgFC55_png_jpg.rf.e4f38773e02693dc76d06fd00e71c142.jpg,1
needs-a-crop_jpg.rf.7ea3137a6f40ec6f0f1b14d58880dc7b.jpg,1
imgFC534_png_jpg.rf.4748224f9d08363833ddd7e864fd08b4.jpg,1
imgFC533_png_jpg.rf.699278609d29de627ad68b23ab579644.jpg,1
images_20-35-_jpeg_jpg.rf.9be2af4692e497ef757dacf8c8f86feb.jpg,1
imgFC534_png_jpg.rf.b02c22933321c9e8f928458bc59cdc32.jpg,1
images_20-34-_jpeg_jpg.rf.c4af0b2694920cb684334c36db4ef0d6.jpg,1
Medium-Scaled-PV-IR-linked-2-copy_jpg.rf.2814c6fdc00a883f6ba1d93151a05429.jpg,1
thermal2_jpg.rf.7978b9f4bb10771b2f9bd874c920aad2.jpg,1
imgFC639_png_jpg.rf.8c97419df15eff2b5f43d6ef475cf465.jpg,1
needs-a-crop_jpg.rf.4aa3b68bcfb1be2482ac65a094822428.jpg,1
needs-a-crop_jpg.rf.f6d13d8a7d854b304852e9f6dc815e39.jpg,1
imgFC533_png_jpg.rf.64318a937d7877b3e2bd21bf4825b235.jpg,1
images_20-43-_jpeg_jpg.rf.1d7804071d4f8405af0dd087f38ebbff.jpg,1
Thermal-Solar-Panel-Inspection-Services_2_jpg.rf.9e6c0da07da15681221145ca25fff65d.jpg,1
imgFC55_png_jpg.rf.8b581e4d88031af8adc52e300dace3dc.jpg,1
images_20-42-_jpeg_jpg.rf.26b0a43a867fe8886f358fc51742299e.jpg,1
images_20-40-_jpeg_jpg.rf.ce702f4d2d1e6c62d934e59c50b106e1.jpg,1
thermalimage1_solarpanel1_iz-500x500_jpg.rf.82cf171c9fa17e68563683a19e9be422.jpg,1
imgFC534_png_jpg.rf.6d780cce37d3a27c3085b49f1cdfc498.jpg,1
images_20-40-_jpeg_jpg.rf.312f14377f773abc8d94a2cda666e1eb.jpg,1
Medium-Scaled-PV-IR-linked-2-copy_jpg.rf.44e51891e84d954f8a264241cd0732b6.jpg,1
images_20-41-_jpeg_jpg.rf.512e708430285a41d1d6c31917c99ad9.jpg,1
Medium-Scaled-PV-IR-linked-2-copy_jpg.rf.09382ec7e94203096c7e5f46ef90a577.jpg,1
maxresdefault_jpg.rf.733249d8e0595686f7f09abf7249f771.jpg,1
thermal3_jpg.rf.1a03729a6219e48c07323fb16104c706.jpg,1
thermal12_jpg.rf.243779acae7186386fd6caa60d2a4424.jpg,1
images_20-43-_jpeg_jpg.rf.06a18de34ac054fb3edb0186dfd9e1c6.jpg,1
Medium-Scaled-PV-IR-linked-2-copy_jpg.rf.cd0b11a30955d454d474919fbbcb824f.jpg,1
images_20-36-_jpeg_jpg.rf.7f9d941cae0cc50430af508e0d7f25b0.jpg,1
imgFC533_png_jpg.rf.1f8664bbbcecdb2f207f1b771772501d.jpg,1
Medium-Scaled-PV-IR-linked-2-copy_jpg.rf.e980aec295ce0f14f0419d1e5c9d9302.jpg,1
images_20-44-_jpeg_jpg.rf.be69471435e98493ba90bf6abb344b81.jpg,1
images_20-43-_jpeg_jpg.rf.67b8a1cdf683bae615db93768bba47de.jpg,1
images_20-43-_jpeg_jpg.rf.1585b23bdcb8fe74c2ad4865b5e78c03.jpg,1
thermal2_jpg.rf.be46af6d9cf111637f560588108ee1c0.jpg,1
images_20-41-_jpeg_jpg.rf.1844b3e5ef6ddb420a19a433f94c84ec.jpg,1
images_20-44-_jpeg_jpg.rf.905bc7c3e2957ffa1c654d30b067019f.jpg,1
thermal12_jpg.rf.86557201493351315420d276b356fa17.jpg,1
Medium-Scaled-PV-IR-linked-2-copy_jpg.rf.d719e8e61bd693f1c89e06143ee1a65f.jpg,1
images_20-44-_jpeg_jpg.rf.159b26ed54d2bc7e86625077aec21578.jpg,1
images_20-45-_jpeg_jpg.rf.484880c5cef4745207788e25d682df40.jpg,1
images_20-43-_jpeg_jpg.rf.a42be6742d405df1c89f37e1980c1145.jpg,1
Medium-Scaled-PV-IR-linked-2-copy_jpg.rf.54eef14ee8981351ae4c5002832d65fb.jpg,1
images_20-41-_jpeg_jpg.rf.53f40ec518bbb03a56727d2037c1abc2.jpg,1
images_20-41-_jpeg_jpg.rf.25d0fb55b4a83a4a0b2c520e17bfb219.jpg,1
images_20-41-_jpeg_jpg.rf.138fd3a1fa5136a00942e28408bc35eb.jpg,1
images_20-41-_jpeg_jpg.rf.b4fbba3b732be3eca9a129568cd5d346.jpg,1
images_20-43-_jpeg_jpg.rf.52c911428498d5651473f119279af584.jpg,1
images_20-42-_jpeg_jpg.rf.7ecd4eb00acbe87774869dc2baaa3999.jpg,1
needs-a-crop_jpg.rf.caf64539b52e24a2ec7559f647026583.jpg,1
images_20-43-_jpeg_jpg.rf.de6d708f717cc6568715cb4d5855a874.jpg,1
images_20-42-_jpeg_jpg.rf.ac6bbd6bc4828c3c566b189e88689a7e.jpg,1
images_20-35-_jpeg_jpg.rf.3597995c5bb454cac9061263f7c4beb2.jpg,1
images_20-41-_jpeg_jpg.rf.6d68a2a4a5023d3523d6a90c47f5932f.jpg,1
imgFC581_png_jpg.rf.22fd8a36bb11250aea5b1ba215e16760.jpg,1
images_20-41-_jpeg_jpg.rf.8eb454e25bd89ef78a901e45b1befdb0.jpg,1
thermal23_jpg.rf.7fc27b149f48cb52db88993e6f10a5d0.jpg,1
Medium-Scaled-PV-IR-linked-2-copy_jpg.rf.b9c9ed8461c53109b7326357e8e768d2.jpg,1
images_20-45-_jpeg_jpg.rf.7927ae9779879e000005b57e65a35b18.jpg,1
thermal12_jpg.rf.e0bb2306ad0097e8847c45443e291e34.jpg,1
Medium-Scaled-PV-IR-linked-2-copy_jpg.rf.13be1af5e743d37c59862e679fb60038.jpg,1
images_20-42-_jpeg_jpg.rf.5e93e6f00a85dfcd43e94753eebefd47.jpg,1
images_20-44-_jpeg_jpg.rf.e463d49a412f95c50c4b3d0c9e667db1.jpg,1
images_20-35-_jpeg_jpg.rf.4b40e22153a667b1492a07879238c41b.jpg,1
images_20-41-_jpeg_jpg.rf.fd8fa3371426a6d956829b2ea7bbd452.jpg,1
images_20-42-_jpeg_jpg.rf.58ebddc245eb01b546033eae9a1a7cba.jpg,1
thermal23_jpg.rf.fa3482505d4c7fa9006bfb6fdc29cd8f.jpg,1
images_20-43-_jpeg_jpg.rf.0fb98b31c75fa73f0884b079ce5c01c5.jpg,1
thermal23_jpg.rf.0b827e7d01862450de55edd010b17b5e.jpg,1
images_20-44-_jpeg_jpg.rf.f78d5ec544bd847a1fc3709c9dd7d06e.jpg,1
imgFC533_png_jpg.rf.f60fe8481a93ab2728cd343861af4019.jpg,1
images_20-43-_jpeg_jpg.rf.4522495a37d7362eb999696799c1b308.jpg,1
Medium-Scaled-PV-IR-linked-2-copy_jpg.rf.327b1f74305121668279bd70a1b6d1e1.jpg,1
images_20-45-_jpeg_jpg.rf.39d5796bcbf392e62e4f1202267e609c.jpg,1
images_20-47-_jpeg_jpg.rf.cc811c72cdad7a9dd8961cd47baa1807.jpg,1
images_20-45-_jpeg_jpg.rf.50d2277e6742a7bf85e108feab0687e1.jpg,1
images_20-42-_jpeg_jpg.rf.feb886ee97feac2a1786088633605bcc.jpg,1
images_20-47-_jpeg_jpg.rf.12f4eba6844e777d750b95324dc8cc4e.jpg,1
images_20-49-_jpeg_jpg.rf.c1bc3e35110e23e535b02c4dcae8f18b.jpg,1
images_20-44-_jpeg_jpg.rf.01458a4d0f2e5df5c58dc7ebf4b1c422.jpg,1
Medium-Scaled-PV-IR-linked-2-copy_jpg.rf.67775a62468b0892b84428077bb005d9.jpg,1
images_20-43-_jpeg_jpg.rf.794cebdd6edf0eb0c93b81dc53ca518c.jpg,1
images_20-38-_jpeg_jpg.rf.0d874faa206f47570f62ec812beb4661.jpg,1
images_20-47-_jpeg_jpg.rf.83d4670e169cba3417161510eed1c9f6.jpg,1
images_20-45-_jpeg_jpg.rf.8f05c0503e7f2c93fd6b8342d580f219.jpg,1
images_20-49-_jpeg_jpg.rf.176bf9d308a5c1644956368fc0c44ef7.jpg,1
images_20-4-_jpeg_jpg.rf.cdbfa85cbead5dd49bf76931d55da3b1.jpg,1
images_20-44-_jpeg_jpg.rf.61517d715e908ac7470edcdaa39a1476.jpg,1
images_20-47-_jpeg_jpg.rf.728bc24ed1b1c9011d9d1e158c07bf82.jpg,1
images_20-44-_jpeg_jpg.rf.82d7992c5cb974dd828398638f12fc80.jpg,1
images_20-44-_jpeg_jpg.rf.1c7d04d577963ca295286a5874a2e4d9.jpg,1
Medium-Scaled-PV-IR-linked-2-copy_jpg.rf.a896958e2ad96c50b86b61d3f35b14a4.jpg,1
images_20-38-_jpeg_jpg.rf.1134b40d2de3d58dd3465806f8602995.jpg,1
imgFC5_png_jpg.rf.d0341299ee1ac7232f7aa648dc92755c.jpg,1
imgFC673A_png_jpg.rf.dc9573d1a49b9ee7afc5e0c18bb3dd06.jpg,1
images_20-36-_jpeg_jpg.rf.b49af12bf7a4aa16953880742c174f92.jpg,1
images_20-45-_jpeg_jpg.rf.04f776eb7406787dad6fa2326c239d4a.jpg,1
images_20-45-_jpeg_jpg.rf.9ce8e68561f77716c9f2d90da6b7e54f.jpg,1
images_20-47-_jpeg_jpg.rf.ab59bc4ab4ccbbf06fb2bde6c5f14e75.jpg,1
thermal2_jpg.rf.f21a1d9bb52940c327cd5c93a59e3d1b.jpg,1
images_20-42-_jpeg_jpg.rf.06ac8a853f7199520ef81bd4d6e4a600.jpg,1
images_20-49-_jpeg_jpg.rf.0b7bd81619fd5ba329b7fd1010c040e4.jpg,1
images_20-41-_jpeg_jpg.rf.20f8bb47a04fb9145b9a21abd5e395e8.jpg,1
images_20-44-_jpeg_jpg.rf.509a3aba9d1c69886bd603f8179d3595.jpg,1
imgFC62_png_jpg.rf.3f4f761e5b17fee9eb33ac2b9126270a.jpg,1
images_20-47-_jpeg_jpg.rf.6c4c42eef328cfc5ccd3cfe63fb1bdb7.jpg,1
images_20-42-_jpeg_jpg.rf.8ab208d0e2bcc8ef4815c0a34ddfec11.jpg,1
images_20-45-_jpeg_jpg.rf.8d3736ed26e726688f331949f07368a5.jpg,1
imgFC587_png_jpg.rf.614c3290285e1f67dde05af74d16ce12.jpg,1
images_20-43-_jpeg_jpg.rf.bf4b3ae0ed2112f6cd58a653c873b726.jpg,1
images_20-44-_jpeg_jpg.rf.a9793effc2e157112f1174c212842fe9.jpg,1
images_20-49-_jpeg_jpg.rf.871fc27e972da8ba4431f44f1133deef.jpg,1
imgFC62_png_jpg.rf.7ed1cec726447679043aa9b8dcd65af3.jpg,1
images_20-45-_jpeg_jpg.rf.7945fb4033d98c5f4b9e46a57e3a9f3a.jpg,1
imgFC581_png_jpg.rf.1afc67978c1f29a445a01bb4bf7204fa.jpg,1
images_20-45-_jpeg_jpg.rf.bd1186c2abb6f0c47a747eb88ca9e68b.jpg,1
imgFC673A_png_jpg.rf.c62782275ab608993e9f7ad057b45f6b.jpg,1
images_20-44-_jpeg_jpg.rf.2e5a09e41341acb1497066381651c58b.jpg,1
imgFC673A_png_jpg.rf.67bc39ee9aef54f6976eea92fe889a52.jpg,1
imgFC639A_png_jpg.rf.17ffe8239a2d8aa236d350fbab8b78ee.jpg,1
images_20-44-_jpeg_jpg.rf.d2d1304f5de2f3f448b9b44625333327.jpg,1
imgFC587_png_jpg.rf.674e45135823049b66a257cb8d400fff.jpg,1
images_20-45-_jpeg_jpg.rf.dd6be56414f2ed4ad6bb4593f4bfbb56.jpg,1
imgFC62_png_jpg.rf.a646ce7442abdf3e3e94eef2003e5728.jpg,1
imgFC639A_png_jpg.rf.101d25e70055c35155ca395db8c79331.jpg,1
images_20-49-_jpeg_jpg.rf.52c664ea21149c8f20b9322699826bee.jpg,1
images_20-5-_jpeg_jpg.rf.46992d88e94d86221c964bfa7072dd3d.jpg,1
imgFC5_png_jpg.rf.ba3c6fde218d370d0630a935d79a5f5c.jpg,1
imgFC62_png_jpg.rf.c0b0bbd381e89840ef204e7358c07914.jpg,1
images_20-44-_jpeg_jpg.rf.b89bbd2fdd8ebc9a10a27e367ba1865b.jpg,1
images_20-45-_jpeg_jpg.rf.8e926a0a9ed18197f1d7fca2c0d1ad1c.jpg,1
imgFC639A_png_jpg.rf.6387b11c11925bdd102a794fbb39c59a.jpg,1
images_20-49-_jpeg_jpg.rf.9a055f96bfc4ae0c09977a9f2b9b3427.jpg,1
Thermographic-map-of-whole-solar-panel-during-a-panel-operation_png_jpg.rf.f1085ca137c90a091392d68fdd6e5d1d.jpg,1
imgFC653A_png_jpg.rf.fe20dbca67b37755c058f31d1e06b7ef.jpg,1
images_20-47-_jpeg_jpg.rf.9837f14ab6c39cc19604dc50136d4c2b.jpg,1
imgFC5_png_jpg.rf.b378ec1786ac8a20409cced27d7096a1.jpg,1
imgFC639A_png_jpg.rf.e0f2555c873fd1a161d5577c97855574.jpg,1
imgFC581_png_jpg.rf.385448e5ea20a53a10eaf952976a78d2.jpg,1
images_20-47-_jpeg_jpg.rf.f1804e1c6a80b9a3647b9b407395a490.jpg,1
images_20-49-_jpeg_jpg.rf.f2fd41096a827de7d79165da24014ea8.jpg,1
images_20-4-_jpeg_jpg.rf.78f8dc643618e7e97facbaeda268b4c9.jpg,1
imgFC657_png_jpg.rf.4ec676a99380d025a78848c7e3c0a121.jpg,1
images_20-47-_jpeg_jpg.rf.3d5d63d18506b68e8c3b2038b007a184.jpg,1
images_20-5-_jpeg_jpg.rf.12f713837f7a5b07fa66816f4c84716f.jpg,1
imgFC5_png_jpg.rf.ced7871638cc88352f8d02a05e717d9d.jpg,1
imgFC639A_png_jpg.rf.b84caf7f5ffe6f46bc01fe01527b6d15.jpg,1
images_20-47-_jpeg_jpg.rf.f26b671dbb67821743aa3c7816281e76.jpg,1
images_20-5-_jpeg_jpg.rf.7b3032c303ecd6b98a9b8c1463322e3e.jpg,1
imgFC5_png_jpg.rf.a9e7d164d9f4d0d88de5b426ad2b65ba.jpg,1
images_20-5-_jpeg_jpg.rf.567a7bc692a57dab99e88b733f38c1da.jpg,1
imgFC581_png_jpg.rf.5027fffc00d82748df386762c818c00d.jpg,1
imgFC677A_png_jpg.rf.da38601831a17482b99ad4eaa35d61db.jpg,1
imgFC60_png_jpg.rf.d4ed16355a370561c7f0c4bea9fedef2.jpg,1
imgFC581_png_jpg.rf.814c9b15bc24b4e96ad6109b41ca720b.jpg,1
imgFC5_png_jpg.rf.26253007bb775cbd076f956f453be968.jpg,1
imgFC657_png_jpg.rf.a188b2ca9207c355ddf8d238e6d99899.jpg,1
images_20-47-_jpeg_jpg.rf.7ec6c62f463aa137414d7b1fee818070.jpg,1
imgFC60_png_jpg.rf.a946c3ee5b1536d8458bf74928b2e70e.jpg,1
imgFC5_png_jpg.rf.c126036f3dce44aa28c735f06f1d1471.jpg,1
imgFC639_png_jpg.rf.bbdeff8a43d792277a62c81c3c379680.jpg,1
imgFC587_png_jpg.rf.c4e7a108d6657bb41bbf9417569fc9c2.jpg,1
images_20-47-_jpeg_jpg.rf.388335f413c377e820afe7ec5a5847e1.jpg,1
imgFC60_png_jpg.rf.edef7631282e3efe4476f67167287ff7.jpg,1
imgFC688A_png_jpg.rf.0a9cff3a3c01794e11554c95adb7372c.jpg,1
quick-crop-and-very-good-top-section_jpg.rf.f5b59efd25e592a19474b1840278f404.jpg,1
images_20-38-_jpeg_jpg.rf.78885c1a507637d63eef7e8202056183.jpg,1
images_20-5-_jpeg_jpg.rf.5bea44a8ae1c9ed2ee4542d2f92a16bc.jpg,1
images_20-44-_jpeg_jpg.rf.a6d48912e96032c46217c081d12dc0d7.jpg,1
imgFC5_png_jpg.rf.c2586b88e33b88eda73574c6f10240ad.jpg,1
quick-crop-and-very-good_jpg.rf.17994b3cfc4850ab78a39b1a4691cc71.jpg,1
quick-crop-and-very-good-top-section_jpg.rf.420521a3e30e6142ceed2e0d55218ed7.jpg,1
imgFC639A_png_jpg.rf.974fcefcf6a1767cb7e35b9fd301dc87.jpg,1
quick-crop-and-very-good-top-section_jpg.rf.e30b1b2e43bd419628c6b2b6e25c88d9.jpg,1
imgFC639_png_jpg.rf.f9a040dab89bd0c7a4cb0bfb5b949082.jpg,1
imgFC581_png_jpg.rf.6387cc05a14c3a41d773fe9b66a96509.jpg,1
imgFC639_png_jpg.rf.2b56e5ca55dccbf44164d28348801533.jpg,1
imgFC60_png_jpg.rf.28f39760cfa31e79d68b55a4e0241af1.jpg,1
Thermographic-map-of-whole-solar-panel-during-a-panel-operation_png_jpg.rf.7dfb61e96d007a115739e3d9c3d2849e.jpg,1
imgFC647A_png_jpg.rf.53acc0f8ceccdcaa498f696ac05f3aa4.jpg,1
imgFC677A_png_jpg.rf.a6756244c1a8ddc8aa6872b343930dbf.jpg,1
images_20-5-_jpeg_jpg.rf.11d6bf1c4c2a507ddd0ddd8399b76ed5.jpg,1
imgFC647A_png_jpg.rf.7342fa7435f1f0dea7f4e89829ced86f.jpg,1
Thermographic-map-of-whole-solar-panel-during-a-panel-operation_png_jpg.rf.0c1d59c19753fe6ed02783a2f08fe1ba.jpg,1
imgFC639_png_jpg.rf.791a432b892248f6ce58b1f9b8d15fbd.jpg,1
quick-crop-and-very-good_jpg.rf.6bfbc8b833348c8f061dacfbd1b97970.jpg,1
imgFC62_png_jpg.rf.47cdbf85ef3d3dd740b8e0ff3baf5bf7.jpg,1
imgFC60_png_jpg.rf.c0460dd03159668fc008363774ff7528.jpg,1
Thermographic-map-of-whole-solar-panel-during-a-panel-operation_png_jpg.rf.76823d7e51afb76abeaf534d4eaf7c08.jpg,1
imgFC60_png_jpg.rf.a693e62f5f9c01509b9221506fa20d7d.jpg,1
quick-crop-and-very-good_jpg.rf.b34ad8b9d75aa0622cfe7e99de595cf3.jpg,1
imgFC60_png_jpg.rf.dc6f5f1e4fc96e66dd7286af478c4694.jpg,1
R14T4_jpg.rf.549cd24930d66892c7c704b79c70ccb9.jpg,1
imgFC657_png_jpg.rf.585107948a12a0e943e2848ab4da4992.jpg,1
imgFC686A_png_jpg.rf.78b1068bc730ae73fad638da35e514e0.jpg,1
imgFC639_png_jpg.rf.c6ab710f3a2a17aeb5aad74edd1144d4.jpg,1
imgFC60_png_jpg.rf.0672f51842bcb4b63533334052d1c3b0.jpg,1
imgFC60_png_jpg.rf.9924893ba2090c2007c8a750e9a9c750.jpg,1
imgFC587_png_jpg.rf.1ecaff030c0f039763fe721a725edc4a.jpg,1
imgFC587_png_jpg.rf.dc9f3f482b47419b4b5d1bec0a2a8a5b.jpg,1
R14T4_jpg.rf.0f636fcd6da5eabc1784cab7a226fbbf.jpg,1
Thermographic-map-of-whole-solar-panel-during-a-panel-operation_png_jpg.rf.3db2b77189d0a62b757e3e8c778f6e39.jpg,1
imgFC60_png_jpg.rf.5825011da288e8409b235a81f511c4c0.jpg,1
quick-crop-and-very-good-top-section_jpg.rf.12d70471b96d836749f6786bd9c046c8.jpg,1
quick-crop-and-very-good-top-section_jpg.rf.b82741f4cf4123bff33378f8dc44c9d7.jpg,1
quick-crop-and-very-good-top-section_jpg.rf.9f4f744337f434471ae2071d104f17e4.jpg,1
imgFC60_png_jpg.rf.42dd93473bbdafee71a4b02f031a203f.jpg,1
quick-crop-and-very-good-top-section_jpg.rf.5f44e0d66f66dcbac4a91b327b77027a.jpg,1
imgFC647A_png_jpg.rf.4254439b40ba6b98aee833473650318d.jpg,1
imgFC639_png_jpg.rf.c0e35ed9c1f45ccd8dae5f227a2003ed.jpg,1
Thermographic-map-of-whole-solar-panel-during-a-panel-operation_png_jpg.rf.4cb56ceb90f242e13b01710a85f99c5a.jpg,1
o_p_lo_the_002249-jpg_jpg.rf.04de5ef4ed3c14cb95941d61d7e55330.jpg,1
imgFC647A_png_jpg.rf.07435ccc9f06f0424d93d2e2dab4872a.jpg,1
imgFC60_png_jpg.rf.fe2246f161df15fdb6a1ad38eb6b0020.jpg,1
quick-crop-and-very-good_jpg.rf.8db00aba85461c55a5ec25d92cb0b94d.jpg,1
quick-crop-and-very-good-top-section_jpg.rf.b4cb078a798466add8600ab30dfe0b2d.jpg,1
thermalimage1_solarpanel1_iz-500x500_jpg.rf.4eace06b149886bc46b1301fd4ab4159.jpg,1
imgFC5_png_jpg.rf.a449301e4c09dfa3627e9ca295d08035.jpg,1
imgFC647A_png_jpg.rf.4c2038ab37ee9014bed48dda46a5d4a4.jpg,1
Thermographic-map-of-whole-solar-panel-during-a-panel-operation_png_jpg.rf.7373dfbf3d740d737ae497cefead98c2.jpg,1
R14T4_jpg.rf.40b8ffb70217a1318530d34dbaa60a1a.jpg,1
imgFC639_png_jpg.rf.0e18edc5950c37e147a8a113845b10a3.jpg,1
images_20-5-_jpeg_jpg.rf.c649335d74951a5e6fb79fc3e0d480fe.jpg,1
quick-crop-and-very-good-top-section_jpg.rf.ab7dc52964e76ac0c698679021190517.jpg,1
imgFC62_png_jpg.rf.090ec0fff5064583bfc560ac22c4e296.jpg,1
raptor_jpg.rf.71dc792f031f95e350372c0d935af293.jpg,1
Thermographic-map-of-whole-solar-panel-during-a-panel-operation_png_jpg.rf.7c7e027d4d002f694e08747dfa335dd8.jpg,1
R14T4_jpg.rf.2c2dc931823e49641da85d63932132c4.jpg,1
images_20-55-_jpeg_jpg.rf.43bb12468e77dd3ff4a2cd9649305c07.jpg,1
Thermographic-map-of-whole-solar-panel-during-a-panel-operation_png_jpg.rf.efda91c623d3a4d2cc28654806ba763e.jpg,1
yuledo_PNG_jpg.rf.43944790bf92c847018aed2b39ca13bc.jpg,1
R14T4_jpg.rf.c7a94e3bdcba03dbc2953c7a51c12dc4.jpg,1
imgFC651A_png_jpg.rf.3ef042a87238f252da1da07f1e60ffd4.jpg,1
imgFC62_png_jpg.rf.9663e9e63535d5eae8e7dd560c234d11.jpg,1
quick-crop-and-very-good-top-section_jpg.rf.8f482a7061d366931fdbd60ff1fc10c4.jpg,1
Thermographic-map-of-whole-solar-panel-during-a-panel-operation_png_jpg.rf.28daa90cd85e55ff4dea22e389146259.jpg,1
images_20-41-_jpeg_jpg.rf.6d4eb58daf4befdfeadafde9b651bc79.jpg,1
imgFC651A_png_jpg.rf.d1a0c778799f3ebdfcec515cf4f37d49.jpg,1
Thermographic-map-of-whole-solar-panel-during-a-panel-operation_png_jpg.rf.3390639f15d096160557f23a4dfda6bb.jpg,1
quick-crop-and-very-good-top-section_jpg.rf.69314a5b9fff7de8df042a6cf2b81972.jpg,1
R14T4_jpg.rf.68c0dd077dde582857ecdce5446c0c07.jpg,1
o_p_lo_the_002249-jpg_jpg.rf.b8503d5ce443d04db11ce6bd5c4eb3a6.jpg,1
yep_jpg.rf.5962cd8f9b963e30d12bf7976fccb08a.jpg,1
imgFC686A_png_jpg.rf.a0d82f26ef572350dda94f02c4975535.jpg,1
imgFC639_png_jpg.rf.99f6d87751ff320625744ae841f7b540.jpg,1
imgFC587_png_jpg.rf.0e0943b3f406dd1a7d798d163464046b.jpg,1
imgFC62_png_jpg.rf.ce757b33476861cdd24229c351a44534.jpg,1
images_20-55-_jpeg_jpg.rf.40016ba271a3825af2c837772492358a.jpg,1
Thermographic-map-of-whole-solar-panel-during-a-panel-operation_png_jpg.rf.87f9f5c84f031eb41d3257536a286c1e.jpg,1
imgFC677A_png_jpg.rf.a189c65606e314fb0381ca44b69990ff.jpg,1
yes_jpg.rf.e5b1f20ff2c9368f7a368a7a4ff3ce65.jpg,1
R14T4_jpg.rf.5584ef48e91b7d978f0e5db832f51f63.jpg,1
R14T4_jpg.rf.bd028426d14e6a2409870d6e247f28c9.jpg,1
yep_jpg.rf.1ed8a8568bc48dc58e4637ab887c20f6.jpg,1
imgFC647A_png_jpg.rf.a66daaea2482917f24e3ce8ccb760393.jpg,1
images_20-55-_jpeg_jpg.rf.1746a6e6d5c81889b13152771553e263.jpg,1
imgFC647A_png_jpg.rf.cf9aed244877853b3b38152fe4495bd9.jpg,1
o_p_lo_the_002249-jpg_jpg.rf.82a0c163b34ccca1f2050f96fe3c5c35.jpg,1
yes_jpg.rf.c307b516851fdd82b2c455e24c971216.jpg,1
images_20-55-_jpeg_jpg.rf.272bdfeb2af90071c7a6a0a51ca8a063.jpg,1
imgFC651A_png_jpg.rf.e04f980f536b25c1eba3aa85fde8dea8.jpg,1
yes_jpg.rf.aa94ec57f350d4e0aee680cd278b5832.jpg,1
o_p_lo_the_002249-jpg_jpg.rf.4ed5ce611fd955f950cd1c51c6dfed81.jpg,1
imgFC653A_png_jpg.rf.e3bcf3376c57c98302b4b0d262cc7423.jpg,1
imgFC62_png_jpg.rf.ec11271edec84a616f963839fbab5be0.jpg,1
imgFC62_png_jpg.rf.c5f6aad143342f07050b70814fbad431.jpg,1
R14T4_jpg.rf.97a7719cf5cc45be64320f2fb5215fe2.jpg,1
quick-crop-and-very-good_jpg.rf.38c3de72db49a9632ea776cc18a399f6.jpg,1
R14T4_jpg.rf.9a6b0d3d9122345cb3738b45dcf85b0d.jpg,1
R14T4_jpg.rf.6065e2a4ec86a2a654512f0dcb076e1c.jpg,1
images_20-55-_jpeg_jpg.rf.a22994c48736a9da982db8fa882535d7.jpg,1
images_20-5-_jpeg_jpg.rf.f3e7228b01adbd54c6d7fbcd460e4749.jpg,1
quick-crop-and-very-good_jpg.rf.1c3e75d81aa5acd1c3097ae54d9bc66a.jpg,1
imgFC639A_png_jpg.rf.ff510e73548a93538127ca4ac16625f6.jpg,1
imgFC653A_png_jpg.rf.e381dfa266477c1e08de818b7697aa1a.jpg,1
imgFC639A_png_jpg.rf.140b6737073a4c6636d694e8431dfdfb.jpg,1
images_20-57-_jpeg_jpg.rf.c1970f6a190f781cec256ce737e0815b.jpg,1
images_20-43-_jpeg_jpg.rf.be062c4eb9537b798102e1ddf3c21871.jpg,1
quick-crop-and-very-good_jpg.rf.b171a47166f16bdc2d407d04c6aad93b.jpg,1
yuledo_PNG_jpg.rf.187acbb983013d4da931bf1dcbfec6a4.jpg,1
images_20-6-_jpeg_jpg.rf.a82cb35f868ca607e7a9d63f281938e3.jpg,1
images_20-57-_jpeg_jpg.rf.26bf676bf81549b428a5033b3f96d01e.jpg,1
yuledo_PNG_jpg.rf.0ad4e7874d10fcb4386fc8f85895273c.jpg,1
images_20-5-_jpeg_jpg.rf.92ebe66c0b6668fc40922367d5ce46b3.jpg,1
imgFC686A_png_jpg.rf.e5f26abd464281b0c7bb713d91c46147.jpg,1
images_20-57-_jpeg_jpg.rf.3ebf15b96bf0172f5fd5ddb9a51ddd6a.jpg,1
R14T4_jpg.rf.6b5136a1b7b014165d15c45ebb7ac269.jpg,1
images_20-57-_jpeg_jpg.rf.934ac16bb70b2c7505ca2a05bbba25e4.jpg,1
images_20-59-_jpeg_jpg.rf.fe0e4900cdb827c4af20f5b490a1961f.jpg,1
imgFC639A_png_jpg.rf.73802cd8ec83a41a2b1a5603c05be880.jpg,1
images_20-57-_jpeg_jpg.rf.62a4a88ae9570310c6f050992b528174.jpg,1
images_20-57-_jpeg_jpg.rf.d29c2c0d47d916d6e5d4be7e5547ece6.jpg,1
imgFC653A_png_jpg.rf.6befb3f929d7fe4a250b8e8597564778.jpg,1
images_20-57-_jpeg_jpg.rf.87eee2543cc7398bcd1cf0db5d850c9c.jpg,1
images_20-6-_jpeg_jpg.rf.2208e2d6d4316cb9a1485778afea1745.jpg,1
these-too_jpg.rf.1aef8d8c3d8bba15dac00b23c602d410.jpg,1
quick-crop-and-very-good_jpg.rf.2d58fd6d55325de1bea2791b91200729.jpg,1
images_20-57-_jpeg_jpg.rf.151fc11a260ad9827081ff7141019516.jpg,1
yep_jpg.rf.8963500df82f2363840420c477567d2a.jpg,1
images_20-5-_jpeg_jpg.rf.28fc8367ec550843838cbbc2c36e1c59.jpg,1
images_20-58-_jpeg_jpg.rf.ae9edad31275569b507b880a66f3daa4.jpg,1
these-too_jpg.rf.e41f3f7a66c7bb33229aafeec506e911.jpg,1
these-too_jpg.rf.9ba5967738751f62f25d9aa29b35d757.jpg,1
images_20-59-_jpeg_jpg.rf.17ff91c551462bfe47d40b81b7d17021.jpg,1
images_20-57-_jpeg_jpg.rf.2095117c68f2f7b1c2d492eee25caa65.jpg,1
images_20-59-_jpeg_jpg.rf.f1c88cba8e2c321209786ffa6caa9803.jpg,1
images_20-57-_jpeg_jpg.rf.770695e32f7108073fd72cecb5c7375d.jpg,1
images_20-55-_jpeg_jpg.rf.b3262f3f23d2d2c3b300f9f7f2f7337d.jpg,1
images_20-5-_jpeg_jpg.rf.d1c35440c103fe7364f616cadc71adbc.jpg,1
R14T4_jpg.rf.669d47928de02f679a4839ac3f5a0af4.jpg,1
quick-crop-and-very-good_jpg.rf.69220fc9a2f0f2b6f1f96ab1de4b9fc6.jpg,1
R14T4_jpg.rf.d30f9864a8f6af00018b2177c3df6ae0.jpg,1
images_20-5-_jpeg_jpg.rf.316dc2e0af469fe848a392957f9db6fb.jpg,1
images_20-59-_jpeg_jpg.rf.50c330e3a6b21f2c62f9141fd2e4566b.jpg,1
raptor_jpg.rf.62d7f09970d2c1d51b32433b78fe3235.jpg,1
quick-crop-and-very-good_jpg.rf.6d78390cc2d5575daa77fa73a4167fd7.jpg,1
raptor_jpg.rf.ea04057ad4f65baaa7fc281cc89dc887.jpg,1
images_20-6-_jpeg_jpg.rf.3fbe460c4ad36a79df1340c112d39fb1.jpg,1
images_20-59-_jpeg_jpg.rf.1cc91e4884bfc0e0e1845a9a8613931a.jpg,1
images_20-55-_jpeg_jpg.rf.c0d9cb1f982fcce7d29bf32b421e3591.jpg,1
images_20-47-_jpeg_jpg.rf.0ac704c1081a0904ffb37f5bfcb57cf1.jpg,1
quick-crop-and-very-good_jpg.rf.bdaa8919d1fb7f636f06d892e878e0b4.jpg,1
R14T4_jpg.rf.4ecdf5db14ae24335fc794795f88e6c2.jpg,1
images_20-55-_jpeg_jpg.rf.60585b6a7e79aeaf89265f636ec02462.jpg,1
raptor_jpg.rf.87519c9dc22e0563ab1478883e0cff14.jpg,1
images_20-59-_jpeg_jpg.rf.52445193c858dadbd9cfd232461d5cf9.jpg,1
images_20-57-_jpeg_jpg.rf.43e71e53680b5b82653c9c591f70370f.jpg,1
images_20-41-_jpeg_jpg.rf.ee595d76d77f1ae81c4b761576caa9ad.jpg,1
images_20-57-_jpeg_jpg.rf.995188e017e6a039771aae650552b8ea.jpg,1
imgFC65A_png_jpg.rf.8888bc97ab34ce1a5033bd624e2c809e.jpg,1
images_20-57-_jpeg_jpg.rf.768c5f52353b9178c5e86196d0766ba9.jpg,1
images_20-57-_jpeg_jpg.rf.1b7063f09fba419ba4b5fbc2e9263088.jpg,1
R14T4_jpg.rf.d21f8209a6beab8b37c5d5efc2287e54.jpg,1
imgFC657_png_jpg.rf.f948dde8137b676a08f1f3de21b2aa7f.jpg,1
raptor_jpg.rf.e2574f83712b42e1cc5f7fb484983ee0.jpg,1
images_20-6-_jpeg_jpg.rf.94f4d9e07dd517dddbd9657150c150be.jpg,1
images_20-59-_jpeg_jpg.rf.4d65309361f38bd3f351cf4f44fa7e29.jpg,1
images_20-47-_jpeg_jpg.rf.aac25529d53478c1ba650b45295b980c.jpg,1
images_20-58-_jpeg_jpg.rf.cecc4b64de77071d6ce0458e71e5ea62.jpg,1
images_20-59-_jpeg_jpg.rf.92b0d3c1d1210ec605f91f99fef72b7b.jpg,1
raptor_jpg.rf.421b75e612727cb2f7aa9d5cf72d57e8.jpg,1
images_20-58-_jpeg_jpg.rf.829c10bfb5ea60c71712edfdddac5c4c.jpg,1
images_20-6-_jpeg_jpg.rf.216a4f98ba73354f48d84d07eace7c8b.jpg,1
imgFC65_png_jpg.rf.9275e22cf9a5456b508d7d1a74aa344a.jpg,1
imgFC713A_png_jpg.rf.5a184248ac9fdbeb972980fba82d8b48.jpg,1
imgFC673A_png_jpg.rf.667bfd90a1c323f3d31abf32f7e2fe94.jpg,1
images_20-57-_jpeg_jpg.rf.f2b90c62c3c177ea1d12b6b4ff0542cc.jpg,1
images_20-59-_jpeg_jpg.rf.a56d672b925b52188ee1a906ebd13f69.jpg,1
R14T4_jpg.rf.163cde66b90ceb2cab986e1f180423c3.jpg,1
imgFC653A_png_jpg.rf.3a630de4c0a0f0b1f77845e586f69ff1.jpg,1
snipme_jpg.rf.331e5112e7eeef499c342f5e0512480d.jpg,1
imgFC65A_png_jpg.rf.aa5d2095972a72d392dbed5fa6db9de8.jpg,1
imgFC65A_png_jpg.rf.e6f35847f6fdf5474ae43a3934506829.jpg,1
imgFC65A_png_jpg.rf.f31965d94909b929036318336308926b.jpg,1
imgFC658A_png_jpg.rf.073df324b2443ed1c716a6bb8a2ec82e.jpg,1
imgFC657_png_jpg.rf.eae17f3117ffda5c4524f53a305b3638.jpg,1
imgFC658A_png_jpg.rf.f388e3389e8e1e2026af2089390409cb.jpg,1
images_20-5-_jpeg_jpg.rf.95362e87d6fec8fda1517e3e23fe3936.jpg,1
images_20-43-_jpeg_jpg.rf.cdf4c268e96d9908e381404731c564bf.jpg,1
images_20-57-_jpeg_jpg.rf.984f3a71ab25e16f40ac0df8de30fcdd.jpg,1
images_20-40-_jpeg_jpg.rf.d3d2f0bde5c26a64a7309c595580964b.jpg,1
images_20-49-_jpeg_jpg.rf.b34ffa3589447ca2287993899149e420.jpg,1
images_20-49-_jpeg_jpg.rf.a8f6f2598dbb47202362decc83ed27c2.jpg,1
images_20-57-_jpeg_jpg.rf.8e383a059467fa43945310a78052105e.jpg,1
images_20-57-_jpeg_jpg.rf.65b45c7ded8a71f2b661c63c06e3b0a2.jpg,1
imgFC713B_png_jpg.rf.c6bf7731187c26c34a429afa8b032e90.jpg,1
images_20-58-_jpeg_jpg.rf.f006a0e8de5f95fa0d6d7b304300ef8b.jpg,1
images_20-49-_jpeg_jpg.rf.3ce0e8b11d1d022941d61610fad3022f.jpg,1
imgFC657_png_jpg.rf.b1ed1c7b6d453c527059d60dd5f6f29e.jpg,1
images_20-44-_jpeg_jpg.rf.e64dfc5197a4fa21b694eda30f52b548.jpg,1
imgFC834_png_jpg.rf.b2862c5fd7ca5aeb9071311b547ccc8a.jpg,1
imgFC653A_png_jpg.rf.aaf0b825b6a8862afdc55c8b1c0b2672.jpg,1
imgFC713B_png_jpg.rf.af315d9522718e8900a55ffc7a6792af.jpg,1
imgFC65A_png_jpg.rf.599843676826ecde3424430ad367d593.jpg,1
images_20-5-_jpeg_jpg.rf.c34ab7f700335d805eee2b6acd18d9b4.jpg,1
imgFC688A_png_jpg.rf.89cf4cd69d1d75f7d2f417e2b65e8dd0.jpg,1
imgFC677A_png_jpg.rf.5949b77d69c54e4905ab97cd7c905049.jpg,1
imgFC673A_png_jpg.rf.b4f2e42f26bc7db5a0c74630de87e023.jpg,1
imgFC657_png_jpg.rf.c94fa54eaebddb565ff219fb2ceffb24.jpg,1
raptor_jpg.rf.5bc69f5f758a3499327651af3657c9b9.jpg,1
images_20-58-_jpeg_jpg.rf.f353a81a3aa443777134670f62b10931.jpg,1
imgFC673A_png_jpg.rf.5f24b9926c927fc94dbe6d67687fb51b.jpg,1
imgFC673A_png_jpg.rf.cdc9f28696159e99d51e2e1c72a018b8.jpg,1
imgFC673A_png_jpg.rf.e029471d1474bc7e5fc30407ac457660.jpg,1
snipme_jpg.rf.aae49076bcb4f5304080d3a114f17f78.jpg,1
imgFC673A_png_jpg.rf.1dd0b7d0983a98af7b994591654e0120.jpg,1
imgFC688A_png_jpg.rf.6163aefa8ed98aa39954389c4142182b.jpg,1
imgFC65_png_jpg.rf.e47f1c93c4283268359777f88c254d18.jpg,1
imgFC673A_png_jpg.rf.cc6190797ff319ee6ea87454b6341782.jpg,1
imgFC673A_png_jpg.rf.97decb3d7f8db670f36df728b412dbbf.jpg,1
imgFC65A_png_jpg.rf.eaf91a78d76268e5250062060e9f8aa8.jpg,1
images_20-5-_jpeg_jpg.rf.571e2ddc6e0abded41e0ab89770129a4.jpg,1
images_20-58-_jpeg_jpg.rf.8a6e11d16e46f77a533764842794cbe5.jpg,1
raptor_jpg.rf.7d45a7d4e926e9edfd146f7212a66e12.jpg,1
imgFC688A_png_jpg.rf.f53d751729a1f952010248a51b094d56.jpg,1
images_20-58-_jpeg_jpg.rf.70e7e99367d71130c5d9bc4f472ce6ab.jpg,1
imgFC677A_png_jpg.rf.a4ac90e1c986d571ef85ca2d64054e76.jpg,1
imgFC65A_png_jpg.rf.c20c0e417fccb04c7538403abc0da522.jpg,1
imgFC673A_png_jpg.rf.699d3590b78f7f1fcbb2bfdfba199f2e.jpg,1
imgFC826_png_jpg.rf.852b4dd6138c46c6dac342093217c755.jpg,1
imgFC65A_png_jpg.rf.3772acdcd4f71ef812fc3aa051306db9.jpg,1
imgFC704A_png_jpg.rf.d6c13b49cadf136aac6bfdcf9c786c4a.jpg,1
images_20-58-_jpeg_jpg.rf.d991db4bb6f82e40064c52d2486c282d.jpg,1
imgFC688A_png_jpg.rf.b8e4dc9dba2cc719a138e8c46f63b60c.jpg,1
snipme_jpg.rf.007794bacd5c70cebb5462f46be3f7a9.jpg,1
imgFC677A_png_jpg.rf.b56334aaa14db9b2b36b0cb8b09ee9f9.jpg,1
imgFC713B_png_jpg.rf.62ad361b1f02b39c58883f0cb7865a9f.jpg,1
imgFC673A_png_jpg.rf.188e631858cd3d0cdb68b9ebb55d335f.jpg,1
images_20-58-_jpeg_jpg.rf.6d966cd03a0bec8204e47d21243106dc.jpg,1
raptor_jpg.rf.084bd923283c7ea05085b4a28eec86f4.jpg,1
imgFC677A_png_jpg.rf.7c73b1a3dc80467c80b9cc6957216334.jpg,1
imgFC688A_png_jpg.rf.3fb66316df607b3309f7d41a0004ef43.jpg,1
imgFC686A_png_jpg.rf.612be8e6bab1507036c43a0bbfa6bfa8.jpg,1
images_20-55-_jpeg_jpg.rf.5ac97e5ddb6082c9036c304bf0846c6d.jpg,1
images_20-6-_jpeg_jpg.rf.222fafdeff04835489cc6c3d91de92b8.jpg,1
images_20-6-_jpeg_jpg.rf.423e944b43d46b43dfc4c8879ffe3bf7.jpg,1
imgFC688A_png_jpg.rf.1a8c6545d0fb5a62aea74d0c9dd8b2a8.jpg,1
imgFC65_png_jpg.rf.d66c3e445905ea852fb32e4b74799b51.jpg,1
raptor_jpg.rf.a5e7337a043ca1df625219a28b3788a8.jpg,1
images_20-58-_jpeg_jpg.rf.8fe6527609cabc470e7e3163f971b039.jpg,1
imgFC704A_png_jpg.rf.a1814bdc074a94f86673fe0b15b226fe.jpg,1
images_20-58-_jpeg_jpg.rf.8d4da20e8bf301c8644bc38bad76562a.jpg,1
imgFC658A_png_jpg.rf.f757e709472f4e5a47b08eff977295ca.jpg,1
images_20-58-_jpeg_jpg.rf.585944ed17e4e7485eff48d55f055a88.jpg,1
raptor_jpg.rf.8e6ae4ac99d6a43ab4a8f785352f1f1c.jpg,1
SolarPanel-1_jpg.rf.1d4eb4eecc4b7b1514c91ab0f9a2c53c.jpg,1
imgFC686A_png_jpg.rf.56e8758f9059231d21b4a7e2b4dbb48f.jpg,1
images_20-44-_jpeg_jpg.rf.b17a6fdfdc927e948d108d243ba0ea72.jpg,1
imgFC65_png_jpg.rf.e6eb0634689679d4585bddf83efded8e.jpg,1
images_20-58-_jpeg_jpg.rf.9ba1c2ed9cec498d213590953e312dc3.jpg,1
imgFC65A_png_jpg.rf.683c246d10a8c078d2d2c1787bb41abc.jpg,1
SolarPanel-1_jpg.rf.d978a69032f2822290c3b6c6758dae7e.jpg,1
imgFC658A_png_jpg.rf.7870830a0dbb8b1720e528c82c1e1cb3.jpg,1
imgFC673A_png_jpg.rf.3c9ef609780976799f0f2542997e30c3.jpg,1
imgFC688A_png_jpg.rf.3f9f9db533a26684438bd935083069df.jpg,1
SolarPanel-1_jpg.rf.9bdbe3312f735379c009bad92c3af3d9.jpg,1
images_20-58-_jpeg_jpg.rf.4dceb2d65d0924e088f7a31e58a125f5.jpg,1
SolarPanel-1_jpg.rf.06ec7b2c48e593310bdc11586f7b9b82.jpg,1
imgFC653A_png_jpg.rf.bb68b050e924342c44c659a32929e655.jpg,1
imgFC686A_png_jpg.rf.a4f2503174b835fa9c072fe01ebea502.jpg,1
imgFC673A_png_jpg.rf.e1f55c9c7e9b4308e5d913e06d839dde.jpg,1
imgFC688A_png_jpg.rf.8ea91e2f74dcd8a6d2ca253fc9f3644a.jpg,1
imgFC677A_png_jpg.rf.e6b99faa5cabe436957546c3cb65d3d5.jpg,1
imgFC686A_png_jpg.rf.df2ca759abd1ba3c3921b179273fbf37.jpg,1
imgFC688A_png_jpg.rf.95e2f5bcdf00b33900d86026ff7810ee.jpg,1
SolarPanel-1_jpg.rf.350a0b89b00833dd302f7959c0a935c9.jpg,1
SolarPanel-1_jpg.rf.eae45766af9e658bb4a32389dca4787e.jpg,1
raptor_jpg.rf.d095d07aa58fd06c630530f06871389a.jpg,1
thermal-image-from-back_jpg.rf.67a479cf11a50a86bb48c3d47b11eaa2.jpg,1
raptor_jpg.rf.2caeac8f558827f5fd044df77f5a435c.jpg,1
imgFC834_png_jpg.rf.706167febe089e7046d8a65674b4ac4d.jpg,1
SolarPanel-1_jpg.rf.ffce57945da5b7a2c458b7b30e77b6c3.jpg,1
images_20-58-_jpeg_jpg.rf.e0b8b220ae613209d41191fb7f3b515c.jpg,1
imgFC677A_png_jpg.rf.92e127f5a211a981e24de8508470cf5f.jpg,1
Thermal-Solar-Panel-Inspection-Services_2_jpg.rf.0429ea1a9cea32cf1d95413a117b5168.jpg,1
thermal-image-from-back_jpg.rf.5139e8945dc8430280b99989604a0a88.jpg,1
thermalimage1_solarpanel1_iz-500x500_jpg.rf.b5ec38489e117e9fa641527b9e3d2f7b.jpg,1
imgFC686A_png_jpg.rf.897d4444ea7e0b6485ff70b922f7c943.jpg,1
SolarPanel-1_jpg.rf.6d34ddb988c20959b49f74e6bd04d0c7.jpg,1
SolarPanel-1_jpg.rf.6fdd28864f2f257e0f1db18731a4099d.jpg,1
thermal-image-from-back_jpg.rf.25dbbb22d283766d1613bd0395c13dc6.jpg,1
imgFC834_png_jpg.rf.7927c5ab6c7b80f1e3245787c5492f62.jpg,1
imgFC688A_png_jpg.rf.ab408d6581004b91ebd116078dad5b7f.jpg,1
Thermal-Solar-Panel-Inspection-Services_2_jpg.rf.cbaace62c76ac66c85bf937b40a3e1fa.jpg,1
snipme_jpg.rf.bb81df848c49ca7cbfcbac8896f3c1f6.jpg,1
thermal-image-from-back_jpg.rf.80f810e1a7205d4e9a99400f762f78c6.jpg,1
thermalimage1_solarpanel1_iz-500x500_jpg.rf.067d44e00b77376be4d8c7391aa29ba6.jpg,1
thermal-image-from-back_jpg.rf.63de4333135c9b19762621e78f4e0c58.jpg,1
thermal-image-from-back_jpg.rf.cbb843b7a68754d44ce6dc0893e2fab6.jpg,1
SolarPanel-1_jpg.rf.905ee7f22e9924d27b219ed8d9f11036.jpg,1
snipme_jpg.rf.d72729d37ffa8e24588c7ed8ab5259d4.jpg,1
snipme_jpg.rf.ec3a19191514cfca6748a22f4168a85d.jpg,1
snipme_jpg.rf.f44c3d856fc789b550d39765f30de734.jpg,1
SolarPanel-1_jpg.rf.2405bb3aaf5f405d15af16119f7a99e0.jpg,1
thermal-image-from-back_jpg.rf.1765c96492675ed01be381a97b40dfd8.jpg,1
thermal23_jpg.rf.0585d9f21e5ded9fe67b97aefbc01120.jpg,1
Thermal-Solar-Panel-Inspection-Services_2_jpg.rf.c8851b7b9fc2e2907d3f359d7e25a512.jpg,1
Thermal-Solar-Panel-Inspection-Services_2_jpg.rf.cffa2b5abc7a42d1ea550dccbf3aef78.jpg,1
thermal-image-from-back_jpg.rf.8dad3ea2b5edd792c6fdbe3cd354889d.jpg,1
thermalimage1_solarpanel1_iz-500x500_jpg.rf.cda73ddbc7db337dc51d12329885e501.jpg,1
thermal23_jpg.rf.d70372e1d03aa76abbc5823335b9e4c4.jpg,1
thermal2_jpg.rf.90515bd14cf5a424a7fe0bdb4858e710.jpg,1
thermalimage1_solarpanel1_iz-500x500_jpg.rf.9ff48f22dc4320485091e447634c24b2.jpg,1
imgFC688A_png_jpg.rf.dcd809aac94c03eda76ae63130379ef9.jpg,1
SolarPanel-1_jpg.rf.d2848fd1dd6bcde042a1f07d4a150145.jpg,1
thermal12_jpg.rf.f8166fe2be5cbf0da5a06825a294b14d.jpg,1
Thermographic-map-of-whole-solar-panel-during-a-panel-operation_png_jpg.rf.b7bdbb4c9f71efc5d0a9f7a57662cb78.jpg,1
thermal-image-from-back_jpg.rf.08bbc935f84ac375a8611e2ddc92b2b9.jpg,1
thermalimage1_solarpanel1_iz-500x500_jpg.rf.a4193b4e3a1b1a0592126502feb01df2.jpg,1
SolarPanel-1_jpg.rf.fd4983b46267e264855419c02ec0d1b5.jpg,1
thermalimage1_solarpanel1_iz-500x500_jpg.rf.e9fffa5f0a3ca54458602c88dc0ac3f5.jpg,1
thermal-image-from-back_jpg.rf.d1d484d642ad72ecc4da5f5afb76e250.jpg,1
thermalimage1_solarpanel1_iz-500x500_jpg.rf.9fe4083a97c0868197ad9961556baa36.jpg,1
thermal2_jpg.rf.deaade9cd5c43c8ad9b8082cab24bf34.jpg,1
SolarPanel-1_jpg.rf.d3e8aafae64a08aad2ff2f9085ad329c.jpg,1
Thermographic-map-of-whole-solar-panel-during-a-panel-operation_png_jpg.rf.8b0be2525edcfa3c9d0f265fbb90a4d2.jpg,1
Thermographic-map-of-whole-solar-panel-during-a-panel-operation_png_jpg.rf.a117582e491ecdb5ec0e8549b4fffeef.jpg,1
raptor_jpg.rf.10c7b442e8b2ec025f64edabc8a6e08f.jpg,1
imgFC826_png_jpg.rf.a52bfd92d5154038fbfcea93b8894217.jpg,1
thermal23_jpg.rf.bf5784ece1778d09ddf254416ac5426b.jpg,1
thermal-image-from-back_jpg.rf.24a4a706599e47fd6247e3674773bd19.jpg,1
SolarPanel-1_jpg.rf.61b46fc4e98e0a54dd3012fe17ef4a76.jpg,1
thermal-image-from-back_jpg.rf.ecb16342e537f18d83feaf136765bfa1.jpg,1
Thermal-Solar-Panel-Inspection-Services_2_jpg.rf.07c6d0e847a37a9e77a04c6472025268.jpg,1
Thermal-Solar-Panel-Inspection-Services_2_jpg.rf.6c6c62d6564d72e1c65bdc53b724cb3c.jpg,1
thermal-image-from-back_jpg.rf.e78984343319764c5aed1c64a3bc65ba.jpg,1
thermal-image-from-back_jpg.rf.fe76e96284ce175c9815d0ff53c19947.jpg,1
yes_jpg.rf.580587dc09f2dbc4f0e49e7d21d66d64.jpg,1
Thermal-Solar-Panel-Inspection-Services_2_jpg.rf.a752c4867285e062e71cf186c2457fe1.jpg,1
thermal23_jpg.rf.773fe7ce8219a7583d8b6c24cb17aa5c.jpg,1
SolarPanel-1_jpg.rf.e12fb1133a9e9dbf94fb20c13a101c17.jpg,1
yuledo_PNG_jpg.rf.dc4b835cf57affc216b7bfb025cdf719.jpg,1
yuledo_PNG_jpg.rf.bae55baa4fb6d28ea06a0c8bec3f1ebd.jpg,1
SolarPanel-1_jpg.rf.9ea940621e1b742236128206ee2e3878.jpg,1
yuledo_PNG_jpg.rf.0ff6f010179f1875b7cb1890ddfee565.jpg,1
yep_jpg.rf.cc7e0b6133d06d792bd1c8340d9fb209.jpg,1
Thermographic-map-of-whole-solar-panel-during-a-panel-operation_png_jpg.rf.6e083811247beacb6636e190c8c60c0c.jpg,1
imgFC713A_png_jpg.rf.c8760cd98ae35472c4c878852cd6fd25.jpg,1
these-too_jpg.rf.19ea90d420b30cd61389f8ac6f62f88b.jpg,1
Thermal-Solar-Panel-Inspection-Services_2_jpg.rf.59103ab5916d56c9586049f7acd6d26e.jpg,1
thermal23_jpg.rf.1a8523d9f8b58364cf8dfe0b156e6f05.jpg,1
yuledo_PNG_jpg.rf.b28b840edd3449eae54fba50162e7bfd.jpg,1
Thermal-Solar-Panel-Inspection-Services_2_jpg.rf.fa99ac693e6afc547cabc144f1d84dc8.jpg,1
yes_jpg.rf.fde812bd5115d163f90bb4ee476494ab.jpg,1
Thermographic-map-of-whole-solar-panel-during-a-panel-operation_png_jpg.rf.a12beef338fcbf5d9807a631379bb424.jpg,1
thermal2_jpg.rf.17974f52ab2f3e7ef569c9f8a846d98f.jpg,1
Thermal-Solar-Panel-Inspection-Services_2_jpg.rf.4a21615a514ec11ba98e9fa22866b46a.jpg,1
yep_jpg.rf.07fe5ebb73f2d21b39e61e9f3da08356.jpg,1
thermal12_jpg.rf.5b14fc2ee287efe19f08b5034caeae3a.jpg,1
these-too_jpg.rf.6f40a05e7c4c2e5b9fd55f6acebd8af7.jpg,1
quick-crop-and-very-good_jpg.rf.7e195c0391b787527a0382432f3e9bf7.jpg,1
thermal12_jpg.rf.9220d04d5ad2161f6590dca61361c14b.jpg,1
thermal2_jpg.rf.a63daacd1a145a73220f1091da2a9813.jpg,1
thermal23_jpg.rf.ee16a6c73d5c00b91daabc9a843e3447.jpg,1
Thermographic-map-of-whole-solar-panel-during-a-panel-operation_png_jpg.rf.9037729fbe3697bd4e6011f35acca96b.jpg,1
yep_jpg.rf.011b866db9576d8708157e5396487af2.jpg,1
Thermographic-map-of-whole-solar-panel-during-a-panel-operation_png_jpg.rf.d1e4451658d422eb13a184b7036a3364.jpg,1
thermal12_jpg.rf.c2dd6b5b7f573ef413d722d580b95977.jpg,1
thermal2_jpg.rf.1b97ca722b601b3a7be9ac22239cb611.jpg,1
yep_jpg.rf.c5385f980d5da19f97ac05c284090f4a.jpg,1
thermal2_jpg.rf.1f0493a37a204b9732f35f28c578c805.jpg,1
Thermographic-map-of-whole-solar-panel-during-a-panel-operation_png_jpg.rf.b16eaac7427a875d07e8f2c1d0a51a4d.jpg,1
Thermographic-map-of-whole-solar-panel-during-a-panel-operation_png_jpg.rf.e2ec34dc41cc10d6baaba4d843eacea7.jpg,1
thermal3_jpg.rf.f4e74179678328e431def5bda9610df8.jpg,1
Thermographic-map-of-whole-solar-panel-during-a-panel-operation_png_jpg.rf.3c40cf9b555c945e3af3270bad100276.jpg,1
thermal2_jpg.rf.d48c3695181302039e811aeb1e1bf410.jpg,1
Thermal-Solar-Panel-Inspection-Services_2_jpg.rf.54e27a0b0bd72e39fb7c94776c5e0fa6.jpg,1
thermal2_jpg.rf.120587d72c9a7a98fc43ef493f29467b.jpg,1
thermalimage1_solarpanel1_iz-500x500_jpg.rf.a5a3cd7cbf9bcac8fa19d61ef29749e7.jpg,1
these-too_jpg.rf.ac628e2c2c6c7b121fb21a6e8c8d815a.jpg,1
Thermographic-map-of-whole-solar-panel-during-a-panel-operation_png_jpg.rf.86481b358590a50f142436ebc2ef8a71.jpg,1
yes_jpg.rf.199b8e550edaf28d99d137bd16d82a22.jpg,1
Thermographic-map-of-whole-solar-panel-during-a-panel-operation_png_jpg.rf.58b65fa40b2580696907711e411c1363.jpg,1
yuledo_PNG_jpg.rf.26c3e38938f1d146b5bafa9a5f0b3c5b.jpg,1
thermalimage1_solarpanel1_iz-500x500_jpg.rf.c61c8755cd7399b9cd0d032168cdc9d3.jpg,1
these-too_jpg.rf.3a09fc9def758689c53fd421fd9d93cb.jpg,1
thermal3_jpg.rf.ca9217bf56fd80d17e27305b82cd9993.jpg,1
thermalimage1_solarpanel1_iz-500x500_jpg.rf.b26073ca2870f25fb9fb72dcdb0449ed.jpg,1
yuledo_PNG_jpg.rf.abd107046c3676a0719ccffe25288919.jpg,1
imgFC826_png_jpg.rf.ff192f82ee9ef8583d6bdb99b84d4eee.jpg,1
these-too_jpg.rf.fa8d3edcaaf25a91630eff3e3cbf1628.jpg,1
imgFC65_png_jpg.rf.d0c98d71b9a10fc056fd973a1dad5e99.jpg,1
Thermographic-map-of-whole-solar-panel-during-a-panel-operation_png_jpg.rf.f596a09db2b309b7d7b601fcc135b7e9.jpg,1
thermalimage1_solarpanel1_iz-500x500_jpg.rf.f6febb40b3c62c5d54604197a9ca639b.jpg,1
yuledo_PNG_jpg.rf.a96e3e4a630f090f14e6b4d672b56fcb.jpg,1
thermal2_jpg.rf.566a340fa11e978dab475105a818999c.jpg,1
thermal12_jpg.rf.b40279af306fd34ae44967ff4f6fd732.jpg,1
thermalimage1_solarpanel1_iz-500x500_jpg.rf.4fd89085b356f41e9f2cefd2d715c7ce.jpg,1
yes_jpg.rf.3da34044a20939656b8f3ffc88421703.jpg,1
thermal3_jpg.rf.b307db904363c332198b1d8b935eb000.jpg,1
yuledo_PNG_jpg.rf.75c9de91285b7e0d19eaaa61af8154a0.jpg,1
Thermal-Solar-Panel-Inspection-Services_2_jpg.rf.abfa81eed4a3e9b9ecf570724a96371c.jpg,1
yuledo_PNG_jpg.rf.823ad40eef929b0feac3a5d2c76de90e.jpg,1
thermalimage1_solarpanel1_iz-500x500_jpg.rf.d5204f40c91ad105a9d9ee840d0e521f.jpg,1
thermal23_jpg.rf.454c3f3f68486e46aec11c347e6ef9de.jpg,1
yep_jpg.rf.0f705562dc899edb7eefaa879a3e9ccc.jpg,1
thermalimage1_solarpanel1_iz-500x500_jpg.rf.36348d44e5682cd157aff90001cd2d5f.jpg,1
imgFC686A_png_jpg.rf.65f5db8fd9e59e4a6e1e188fe2ce898b.jpg,1
yes_jpg.rf.dc27ba3510646e2c9923d529f67647af.jpg,1
these-too_jpg.rf.f0dad012bbcd6739a61f5e5095a9dbea.jpg,1
Thermographic-map-of-whole-solar-panel-during-a-panel-operation_png_jpg.rf.1772668e71861eaf8e1934ec3c400f9b.jpg,1
Thermographic-map-of-whole-solar-panel-during-a-panel-operation_png_jpg.rf.ed43eb947999d0d49ea8a9cd457fc55d.jpg,1
thermal23_jpg.rf.677f57b59fffe55a9b97fdfccc031981.jpg,1
yep_jpg.rf.0e8ba7b4ab395ab1e4454bab5aff4000.jpg,1
Thermographic-map-of-whole-solar-panel-during-a-panel-operation_png_jpg.rf.b18c16ae71e6fd1dc5b472877e099216.jpg,1
yuledo_PNG_jpg.rf.b5e93613ea3b1273d1d7539399ab4bad.jpg,1
Thermographic-map-of-whole-solar-panel-during-a-panel-operation_png_jpg.rf.49a64e9ea59a031b1f99551690412e13.jpg,1
yuledo_PNG_jpg.rf.20446c62f23d245cf1c400c41e93f259.jpg,1
yes_jpg.rf.a538f2524896b2e9e13dc2b529b8bf7b.jpg,1
yuledo_PNG_jpg.rf.5a5f902d794b8093d1ba2b8ecd4417de.jpg,1
thermalimage1_solarpanel1_iz-500x500_jpg.rf.ccad5fe9ac8854c7a2ef6001bb820f44.jpg,1
yes_jpg.rf.a63b5ce1fbcefce7d5aed52f7723d6a3.jpg,1
yep_jpg.rf.b202e0ae8ce1e821d9732d3720b77746.jpg,1
yes_jpg.rf.e13dead7f88429350b5d8e468a760b51.jpg,1
yep_jpg.rf.5c6e421f06f637d8184f4fd04f0d0146.jpg,1
imgFC688A_png_jpg.rf.3c84963438998d9aa1c415d017401037.jpg,1
snipme_jpg.rf.6efed7af3d3c6a0a09326379ba9b8b83.jpg,1
imgFC704A_png_jpg.rf.5e777b809d095a317dbaddc043872fd2.jpg,1
imgFC713B_png_jpg.rf.8c6b12001e5dcdf0e2badc7d384fd101.jpg,1
yes_jpg.rf.fda1cd3dc4a0c5111a2324bf9b77eed3.jpg,1
imgFC884_png_jpg.rf.1112eb6739a2d2cb9320b529dfae9ffc.jpg,1
imgFC658A_png_jpg.rf.0f21f899ca338b9bbbbd16a82596d74b.jpg,1
imgFC706A_png_jpg.rf.44bf9c6bba85f2f5fa6985e0488830b6.jpg,1
imgFC65_png_jpg.rf.589d304612fce46bcc0b86dffdd153bb.jpg,1
Thermographic-map-of-whole-solar-panel-during-a-panel-operation_png_jpg.rf.9c5a0e8651df69599e54b1195d3c2b55.jpg,1
imgFC704A_png_jpg.rf.dc964cee2766801e2e2ce906d5675ef4.jpg,1
imgFC886_png_jpg.rf.68b78448c054868227891afe146baa6f.jpg,1
imgFC713A_png_jpg.rf.37164e7b9cb0b92d4692da9b29c9a17e.jpg,1
imgFC713B_png_jpg.rf.d8cd1c5e32f002be5cc7b20be22cf380.jpg,1
imgFC713A_png_jpg.rf.450dfb081aa832761375ca088eea8c1b.jpg,1
imgFC704A_png_jpg.rf.b1a4be1dcb58b1799a4e19a44b90ee01.jpg,1
imgFC713B_png_jpg.rf.cb4e8c2be140b135706415a4033c574d.jpg,1
imgFC716_png_jpg.rf.94ba071de8d2a6b3d39e77637fc60dec.jpg,1
imgFC716_png_jpg.rf.be83e075125336ddd1a41cadd8cd7a34.jpg,1
images_20-58-_jpeg_jpg.rf.d035dea154f4a2583e01b935bd33fd72.jpg,1
imgFC706A_png_jpg.rf.1f1b6c094a7fbdc954ef8dc900dda0bd.jpg,1
imgFC713B_png_jpg.rf.ef4b36b6a62d159622b1494dbfced933.jpg,1
imgFC713A_png_jpg.rf.b949763f73d8fa924b75055ab0a9986a.jpg,1
imgFC706A_png_jpg.rf.6be9b1007579fdbe1cf59f0e8317ddce.jpg,1
imgFC706A_png_jpg.rf.bf3a980c153958d4257ead5b218b58c5.jpg,1
imgFC704A_png_jpg.rf.ca8e26a60e97aba7f7d8ed222d0d46eb.jpg,1
imgFC886_png_jpg.rf.0d7c8fb9b61f4f2a4add65a686177cd4.jpg,1
imgFC706A_png_jpg.rf.9ddcd2a0000cef3a3665d66e3ccc510b.jpg,1
imgFC716_png_jpg.rf.a3ab99af1611bc0fd592edbe94dfeb2b.jpg,1
imgFC884_png_jpg.rf.eefc6063fc29b2db159f2f87e0e56d2e.jpg,1
imgFC704A_png_jpg.rf.e9c84dbac7152ca5c8694b9d08bbb3ee.jpg,1
imgFC888_png_jpg.rf.1ec2fc48f1c74a64b3dd8ba6a5f7474d.jpg,1
imgFC704A_png_jpg.rf.4b0e59f22e81ef3a95f1fd0bbd2fa915.jpg,1
imgFC713A_png_jpg.rf.8761b720b52f2bf83e079796e5950777.jpg,1
imgFC713B_png_jpg.rf.39ef7fec2fe04685ffcc7fd8518b8877.jpg,1
imgFC884_png_jpg.rf.b6ee53627ac14e4a5cd074a192fb8f7b.jpg,1
imgFC713A_png_jpg.rf.90a108ceb9e5725203704b9501e468df.jpg,1
imgFC826_png_jpg.rf.bb4378cb9c509ca99588efa64e2a4377.jpg,1
imgFC713A_png_jpg.rf.90c81a37ea5c30d9877e20172fceb168.jpg,1
imgFC713B_png_jpg.rf.3a505b1de7af9946ac366e55fd31c27e.jpg,1
imgFC826_png_jpg.rf.176afdf20df2ade9792f0b9a52fcecc5.jpg,1
images_20-63-_jpeg_jpg.rf.2bc7cb000f278838725e9941d01a4323.jpg,1
imgFC884_png_jpg.rf.4428a9df82a539e35dba82dab5ccab28.jpg,1
imgFC713A_png_jpg.rf.7c1d449ce94633ae731ffde34a307bfc.jpg,1
imgFC713B_png_jpg.rf.c0e22fec2422e3f8d38a3a077878242f.jpg,1
imgFC826_png_jpg.rf.d040cfadb2abb54e7e6a409ba8177349.jpg,1
imgFC826_png_jpg.rf.2997511b9c2502433b4f5374227f356f.jpg,1
imgFC706A_png_jpg.rf.f9f08e052f499c89106bac3139e94163.jpg,1
imgFC884_png_jpg.rf.2aaf64787fdade84accd11fe68234ab2.jpg,1
imgFC716_png_jpg.rf.2a8709878a57ecf9aca98e11a88d37e3.jpg,1
images_20-62-_jpeg_jpg.rf.c4e6dce079c82030d3d121b3995d2eaa.jpg,1
imgFC826_png_jpg.rf.6b9b9a6ee524f02d24d0d4ce3185e3ba.jpg,1
imgFC716_png_jpg.rf.65227ef8107e954d6672cfee6c927fb3.jpg,1
imgFC887_png_jpg.rf.33fccd855486ec93754a39201d7db969.jpg,1
imgFC713B_png_jpg.rf.8d9629aede70278bd91ce17efba6379a.jpg,1
images_20-62-_jpeg_jpg.rf.240a238407373fb69bf07d68d95c1fb2.jpg,1
images_20-63-_jpeg_jpg.rf.e731cbe8d23f65cf2e492e2e8f9e8f7a.jpg,1
imgFC887_png_jpg.rf.6a1651642164efc465676302d9a4d466.jpg,1
imgFC834_png_jpg.rf.398156003df6f55cb8707474d7255b0e.jpg,1
images_20-63-_jpeg_jpg.rf.83b2b28923ae054738e217711c62218e.jpg,1
images_20-62-_jpeg_jpg.rf.68870f11e665d93cc968682c4658f240.jpg,1
images_20-64-_jpeg_jpg.rf.b68e0bf65e5b49fd8e82207c664453eb.jpg,1
imgFC884_png_jpg.rf.0200773043a03687c447926708d904f6.jpg,1
imgFC884_png_jpg.rf.3a1a23578f95e45d366a6848fda175fe.jpg,1
imgFC888_png_jpg.rf.84e3c3a31220477e99ffbfe506b51f65.jpg,1
imgFC888_png_jpg.rf.6e5683c6b7d61a4996ead87c276f83d1.jpg,1
imgFC886_png_jpg.rf.ca138484c9731ebfcfcb726007f6cb2f.jpg,1
imgFC834_png_jpg.rf.0a87d9ca1c9a2f2ec30ac334ba049492.jpg,1
imgFC716_png_jpg.rf.12a82104409a6f2438e73498b070f6be.jpg,1
images_20-62-_jpeg_jpg.rf.d0a33463e80444661be9ab6ffa51f7c7.jpg,1
images_20-64-_jpeg_jpg.rf.33dfc8e59d3af4442f2b0a79168c7c3c.jpg,1
imgFC886_png_jpg.rf.54351de4d4dd0304b358e7668bdfbffc.jpg,1
imgFC834_png_jpg.rf.bb1f2bdb7d5d9cd2e265fccbf366a243.jpg,1
imgFC888_png_jpg.rf.618a52462d6a74ec2dc4349cd7e0b447.jpg,1
imgFC886_png_jpg.rf.b142df65a856614d3dd2bce8db5e495a.jpg,1
imgFC713A_png_jpg.rf.62ef58dc5768449ccb951bcc126f459b.jpg,1
images_20-63-_jpeg_jpg.rf.95dba7b21dbda7ba2279ff2dd9037d23.jpg,1
imgFC834_png_jpg.rf.44444cad6f96bbf3952594e4568853ea.jpg,1
imgFC834_png_jpg.rf.f1e9fa94dfaa476ebeab7b3ec5e6e59d.jpg,1
imgFC887_png_jpg.rf.ce21d4707276d4c87ecfec1888a18d3a.jpg,1
imgFC826_png_jpg.rf.7635917a2ce5d47e5a9712291e2ad61d.jpg,1
imgFC886_png_jpg.rf.213b3017c1ea8ca6242e2277d8e0bebb.jpg,1
imgFC713B_png_jpg.rf.f25a2d49586390fd09992ebc65cb411a.jpg,1
images_20-63-_jpeg_jpg.rf.8d59f599a5436b785db83ebf17fe6c0b.jpg,1
imgFC888_png_jpg.rf.d755b818bd0c42db63b2627a020ddbd5.jpg,1
imgFC826_png_jpg.rf.067f59d365ae6c0d5d388a92beb307d6.jpg,1
imgFC907_png_jpg.rf.d2f3502d1254ba3b5ec3e50d3213c289.jpg,1
imgFC834_png_jpg.rf.fbfb86eb4edadf2dd6bd94f7646c58eb.jpg,1
imgFC930_png_jpg.rf.7382aab2e3e9f805917dc7a1de0d4512.jpg,1
imgFC884_png_jpg.rf.6a83f7ab43a0a50d8c5fd664796d49ac.jpg,1
images_20-64-_jpeg_jpg.rf.f3102122c1c917c2b297dd60d7852f7c.jpg,1
imgFC826_png_jpg.rf.2e686fcd25199f3ec2f933ca33657c7d.jpg,1
images_20-64-_jpeg_jpg.rf.ffa4676deccd3342fab3499ca32102e0.jpg,1
images_20-63-_jpeg_jpg.rf.4365d74c341f3a8283a9a4cf7e9304e2.jpg,1
images_20-64-_jpeg_jpg.rf.f99a96636e929d37f3f53445881400b1.jpg,1
imgFC907_png_jpg.rf.558ad16495227412c5063ab4f839c2f6.jpg,1
imgFC888_png_jpg.rf.19071d008bcb9713cc0273d0b4724666.jpg,1
imgFC884_png_jpg.rf.02e07bb92a0a25305d4f2f4880bd2398.jpg,1
images_20-64-_jpeg_jpg.rf.91e48ded4bbdc2ba42377fc044b0e18b.jpg,1
imgFC884_png_jpg.rf.4e2a117172ac3b3aa21a279b9de3f1a6.jpg,1
images_20-63-_jpeg_jpg.rf.c16fea3d4efe317ba2236ef8fc8dea74.jpg,1
imgFC884_png_jpg.rf.d590c3907cb060e3dd80c99561667727.jpg,1
imgFC887_png_jpg.rf.4c429161c78355a6b93bca69a02b9e0a.jpg,1
images_20-63-_jpeg_jpg.rf.78be016a315eb73b7c1cc83cfefa0f18.jpg,1
images_20-64-_jpeg_jpg.rf.4f8918b7ccc07bf16883dace93c9b4ec.jpg,1
images_20-63-_jpeg_jpg.rf.c70262c3ef0e984b6292dadba6ed6780.jpg,1
images_20-69-_jpeg_jpg.rf.08829b4cf6660dc1be7f251f0cb51c83.jpg,1
imgFC887_png_jpg.rf.23381593e20601b122d70ccb9c22f3cd.jpg,1
imgFC887_png_jpg.rf.2d3b0d1978fc32944dbf81e0e972973b.jpg,1
imgFC887_png_jpg.rf.dc433d49a72e3f271c86deebb90a7909.jpg,1
imgFC887_png_jpg.rf.815cbc03e10c43bad121f33b529d6541.jpg,1
images_20-72-_jpeg_jpg.rf.ca9421fe4ea416cb6f33ddcfd85b8570.jpg,1
imgFC713A_png_jpg.rf.3c144d96af6e2d1c7cc0e6d2a705ece4.jpg,1
images_20-69-_jpeg_jpg.rf.30e185ab977348dfcc277b08e8f111cc.jpg,1
images_20-63-_jpeg_jpg.rf.fefb04d91dbcb160f713db3e9871d350.jpg,1
images_20-63-_jpeg_jpg.rf.80639f403b186d7c48c155aaa746e0e3.jpg,1
imgFC826_png_jpg.rf.3fea19f08804311ac87e4f1292f33e20.jpg,1
images_20-69-_jpeg_jpg.rf.92820fad063ab8335c06e7dd03b6efd6.jpg,1
imgFC100_png_jpg.rf.34c997fa99f3e23a893fbe42f1f9b5e8.jpg,1
images_20-61-_jpeg_jpg.rf.e8d9b4781e2bbb281332e3d140e7c671.jpg,1
imgFC884_png_jpg.rf.60d5402fe753810fd16c0e3d785b6801.jpg,1
images_20-69-_jpeg_jpg.rf.b69bc8eb01b73812005aaf5642b7c49f.jpg,1
images_20-62-_jpeg_jpg.rf.2f128e36f3ddc36542c1491a774694c2.jpg,1
imgFC930_png_jpg.rf.03e27437ea1ead1de0505f4a4db9445c.jpg,1
images_20-69-_jpeg_jpg.rf.383dfbddb69ab04608b02a751975612f.jpg,1
images_20-62-_jpeg_jpg.rf.3bcac7ce6c1ac3056984172e9d09e078.jpg,1
imgFC887_png_jpg.rf.5b2501cde94111af3d217b0d96373d4e.jpg,1
images_20-69-_jpeg_jpg.rf.48a2124ed0f5c64cd22b5d936ad1f20e.jpg,1
images_20-69-_jpeg_jpg.rf.82f2a6641d48de47494c25f9a527b5fc.jpg,1
imgFC930_png_jpg.rf.8c395f66fba7454476067d3c0d122a7e.jpg,1
images_20-63-_jpeg_jpg.rf.22f971cbe31d371e64f9feeb7b137572.jpg,1
images_20-69-_jpeg_jpg.rf.58a44d230d60a79cac8aacadaae051eb.jpg,1
images_20-70-_jpeg_jpg.rf.80e6b1f319dca15571a964dce4eafd5e.jpg,1
imgFC887_png_jpg.rf.19e3ce5413723b931fdac2cffccfb14d.jpg,1
imgFC930_png_jpg.rf.2cdb1ace935abbc9ddf3b4d4c7c603ba.jpg,1
imgFC888_png_jpg.rf.e5de8bbd5ead4365876c47ec0b7b08ad.jpg,1
images_20-69-_jpeg_jpg.rf.504aa9e062e3765a33ac52e7b468d55a.jpg,1
images_20-61-_jpeg_jpg.rf.5f72d7be77bf4517c649243796fa76bf.jpg,1
imgFC888_png_jpg.rf.53025e0435537f9ae85838b86f93ba7c.jpg,1
images_20-61-_jpeg_jpg.rf.9dfa731c0d410a5ddb72dedaf8d96b72.jpg,1
images_20-64-_jpeg_jpg.rf.16b4f3a3c07458801819b5c0902365cd.jpg,1
imgFC934_png_jpg.rf.9674c8234bcb8ad7ad75f29774f2b4de.jpg,1
images_20-72-_jpeg_jpg.rf.a0997618bfa97a673ed5ed58c1c282a6.jpg,1
imgFC887_png_jpg.rf.a3d1933bdb10e8447200300284d82828.jpg,1
images_20-62-_jpeg_jpg.rf.8c2137099094fe2e3216acb3be678d4e.jpg,1
images_20-61-_jpeg_jpg.rf.0a8358ab92676527b9cb983c6f0e0356.jpg,1
images_20-63-_jpeg_jpg.rf.b47cf448ae5e0b3c5b547daf9941ef93.jpg,1
images_20-70-_jpeg_jpg.rf.1def29074fd8148b027818fdb5dbef40.jpg,1
images_20-70-_jpeg_jpg.rf.49fa81974fba93de08ccc5c054fb50ea.jpg,1
images_20-64-_jpeg_jpg.rf.8a079744f5a3bb872d274fe1281c621c.jpg,1
images_20-63-_jpeg_jpg.rf.4b394c487f6a4e5972b808a11c2023f9.jpg,1
imgFC887_png_jpg.rf.c8caad1d464a959568ae3af8b407f802.jpg,1
images_20-69-_jpeg_jpg.rf.6ef22e6548e8fa56fb2ce419f21d0a6b.jpg,1
images_20-70-_jpeg_jpg.rf.6dc5fb9b474161169766f8ad95e56f77.jpg,1
images_20-72-_jpeg_jpg.rf.eb6c7e164db78b97f77193a3c13af059.jpg,1
imgFC100_png_jpg.rf.af8e0fab95e860bcb98c6c090cbf3c1c.jpg,1
images_20-64-_jpeg_jpg.rf.1e126dfeffabccdfb4290b756f1f7c90.jpg,1
images_20-69-_jpeg_jpg.rf.2787f63549808b325087c578d3127578.jpg,1
imgFC930_png_jpg.rf.1ba205c2287803119c1710866806dd18.jpg,1
imgFC934_png_jpg.rf.44d5a0178ca4272cd5986814a0d2038c.jpg,1
imgFC934_png_jpg.rf.1b507227f7c98c8c842331c93e4b3d52.jpg,1
images_20-70-_jpeg_jpg.rf.5b65f8fb5d0655e7c60554bc338f23c3.jpg,1
images_20-72-_jpeg_jpg.rf.e09e2a8d37c286fefcb3d9393d2f00f5.jpg,1
images_20-63-_jpeg_jpg.rf.39b4ff081452417247bf761d0a4b2d01.jpg,1
images_20-61-_jpeg_jpg.rf.cdf1cde103fbb97f6a5d4448d97d0984.jpg,1
images_20-61-_jpeg_jpg.rf.cc1b28ff1c94101155a64e743b5cd094.jpg,1
images_20-6-_jpeg_jpg.rf.37c294c93d4d4bc34635e2936be8b303.jpg,1
images_20-63-_jpeg_jpg.rf.cc7954737c22e690ca02f51fbf6e2fbe.jpg,1
images_20-70-_jpeg_jpg.rf.f7f195978b7a3a3496c808516917d45b.jpg,1
images_20-62-_jpeg_jpg.rf.e620d5545bce0033275f6bf5bc9106ab.jpg,1
images_20-63-_jpeg_jpg.rf.319f133c12f21cad2127ce1b5adb2b8b.jpg,1
imgFC105_png_jpg.rf.719334200a5934304d466ece7f8c5aba.jpg,1
images_20-63-_jpeg_jpg.rf.545b1fff3a32b0eb4f12cbaddd18a09b.jpg,1
images_20-63-_jpeg_jpg.rf.7d3c2b206c43dbca94a82cc912d34cfa.jpg,1
images_20-69-_jpeg_jpg.rf.7960139e7872b7fc204bd131a1fe3562.jpg,1
imgFC100_png_jpg.rf.82eed8a9013f241ee140b166cfd9e656.jpg,1
images_20-70-_jpeg_jpg.rf.caec151a2feb6b86bc9b6830e2a0d113.jpg,1
images_20-64-_jpeg_jpg.rf.9fb7497700941e4a88f98224e9a60cab.jpg,1
imgFC10_png_jpg.rf.6c6afa91bf104c46fd8af6868713850d.jpg,1
images_20-63-_jpeg_jpg.rf.93406fe324d7435646888ed2fc2d3cbf.jpg,1
imgFC113_png_jpg.rf.d2fb309d83f77b485f8793c60e1274e6.jpg,1
imgFC113_png_jpg.rf.e211d07a19255a4b65241121e41588c5.jpg,1
imgFC100_png_jpg.rf.28f92eeaae03b4b39bc7bfb0694f285c.jpg,1
images_20-63-_jpeg_jpg.rf.7f7581f4cefe839aacbb8b63e397de4c.jpg,1
imgFC113_png_jpg.rf.95cb4c7fdd7bc9ab54c2d00c64e2940f.jpg,1
imgFC105_png_jpg.rf.08a519f835184a817f93b7ccd916c9cf.jpg,1
images_20-72-_jpeg_jpg.rf.afdf7bd3e07677d803f42c05ecc27aa0.jpg,1
images_20-61-_jpeg_jpg.rf.65878793534c45b6e498e661e8b6eb5b.jpg,1
imgFC1004_png_jpg.rf.901e2e5db7a7af0ceb1fe0bd600b61ee.jpg,1
imgFC10_png_jpg.rf.afd58e4e444250edc3ca1d5454311d66.jpg,1
images_20-70-_jpeg_jpg.rf.f1c8c34e7c54e6cba832d27a3d4ac51e.jpg,1
imgFC100_png_jpg.rf.b26a149f05db3d1f248ea243bdb0f66c.jpg,1
images_20-72-_jpeg_jpg.rf.544015c4b01c95b902ff42d967dce759.jpg,1
imgFC100_png_jpg.rf.3b6a09cf4c12fdc9c94feb94e215390e.jpg,1
images_20-70-_jpeg_jpg.rf.4c30ce1e473224a11a8c5a84bda52c89.jpg,1
imgFC100_png_jpg.rf.c8ff69773ab1a554c5c68f882fa05e19.jpg,1
imgFC105_png_jpg.rf.9ced4d00c8d0b66d032e20b5c5a82d1f.jpg,1
images_20-62-_jpeg_jpg.rf.a60159535150cd009c95d471b7227475.jpg,1
imgFC113_png_jpg.rf.c085c0318e233e728e8cd35b34053641.jpg,1
imgFC115_png_jpg.rf.75f53db6c350858cd331dd3c81207cf9.jpg,1
images_20-64-_jpeg_jpg.rf.4cbe120128b5cb91faebf86fb7584c57.jpg,1
images_20-64-_jpeg_jpg.rf.2906eded6f6bf335236a028f71be920e.jpg,1
imgFC100_png_jpg.rf.8fa4d74d2ea20d64b77d20ca485396b5.jpg,1
imgFC113_png_jpg.rf.65dec3ad225c3e10bdfcc2981453516d.jpg,1
imgFC113_png_jpg.rf.22147e748be7338600ca2006ec8a39d8.jpg,1
imgFC105_png_jpg.rf.7eb778abc118c2c0ae3370dbc03b586f.jpg,1
imgFC105_png_jpg.rf.dd76c6de090e2422beffd31f35c5b013.jpg,1
imgFC100_png_jpg.rf.2dfcf9c80dd2658dbae5e1d0741d338a.jpg,1
imgFC100_png_jpg.rf.97154766beccb7195daaa80493730133.jpg,1
imgFC100_png_jpg.rf.d06fb157b7688a36d3a08685a335acab.jpg,1
images_20-69-_jpeg_jpg.rf.20858a869996e921efe59bdcd27fcf55.jpg,1
imgFC105_png_jpg.rf.cc7fcaa50b14b5e4cd3f7bd9f3d27a45.jpg,1
imgFC117_png_jpg.rf.a50092ef0a2fd8a6d53450467a00b5fd.jpg,1
imgFC117_png_jpg.rf.d34a6700768e03c4c43cbea3f6c3b84b.jpg,1
imgFC10_png_jpg.rf.17364e5a894f49f1a3a9516c49cd5c1d.jpg,1
images_20-72-_jpeg_jpg.rf.d2e7c3369d68f71760dce1e1ac19db71.jpg,1
images_20-70-_jpeg_jpg.rf.8ca85feaaf14267a4ab0476502a0f2a0.jpg,1
imgFC105_png_jpg.rf.b938e199fdda9e606387ab12a8c82478.jpg,1
imgFC117_png_jpg.rf.000788eb0a7baa4b2285931a5691eaf3.jpg,1
imgFC105_png_jpg.rf.8a38a029fcae274543ca2a2be3cba5e3.jpg,1
images_20-70-_jpeg_jpg.rf.a78e3007c1f6d5718e245fa859307159.jpg,1
imgFC105_png_jpg.rf.cf6759e0519dbf554622858a6fdbb001.jpg,1
images_20-61-_jpeg_jpg.rf.0ceb47fc54bb630f88c141ec688f22b3.jpg,1
imgFC1004_png_jpg.rf.946829cfc2b38a1a989cb3b6b27458f1.jpg,1
imgFC115_png_jpg.rf.6380a256ba70abe6d999629a1bc78348.jpg,1
images_20-59-_jpeg_jpg.rf.4b44ca7ca0f48443f9fba7fb11ea4331.jpg,1
imgFC113_png_jpg.rf.4482171754d2c63e37e080e835aa8847.jpg,1
imgFC100_png_jpg.rf.45d49f793872581f9e04ceca273e3d63.jpg,1
imgFC10_png_jpg.rf.15744e3d1d52f2ad0ddc97d492e1b2ef.jpg,1
imgFC100_png_jpg.rf.2bdf329a61539fb3f84230a5b21515ec.jpg,1
imgFC114_png_jpg.rf.66e673856be9fc4702dc2e4de5f82510.jpg,1
images_20-70-_jpeg_jpg.rf.354dace80aa773d01e91972d86184833.jpg,1
imgFC888_png_jpg.rf.101eaacc7a7cd6ff46a5db1a04957549.jpg,1
images_20-70-_jpeg_jpg.rf.42de9f7166e9c74b6c5c2b4c644d616c.jpg,1
imgFC1004_png_jpg.rf.7a5036747f22bff3f9d056aca6e7c7e7.jpg,1
imgFC10_png_jpg.rf.b10b7e869ddb6d40277f89af7bd9e753.jpg,1
images_20-61-_jpeg_jpg.rf.105e008a2ceef83e7621f0277b406b9c.jpg,1
imgFC1004_png_jpg.rf.c7915861dd1bb222bb2a059aa8999edf.jpg,1
imgFC10_png_jpg.rf.5baea59a2f82608ee6dc24a040f9e0d7.jpg,1
imgFC114_png_jpg.rf.b9fade1181ec0a9da3e197437195bc52.jpg,1
imgFC105_png_jpg.rf.b2f136da0e435c8221d7b711e85b8f19.jpg,1
imgFC100_png_jpg.rf.4f3386ad28c3178e37143c5ff1a39c17.jpg,1
images_20-60-_jpeg_jpg.rf.bbfd6cb81daa2d0b20b8b98c8ad48b9a.jpg,1
imgFC100_png_jpg.rf.82d3516daa2b60307fb1e9c0ecd6d091.jpg,1
imgFC10_png_jpg.rf.bf5c43720c461317bcf77eafcb217143.jpg,1
imgFC100_png_jpg.rf.d015642c47c49466289eea8103f562b3.jpg,1
imgFC113_png_jpg.rf.95977b4d18a4a9b6e517c7c5a4efd4b7.jpg,1
imgFC117_png_jpg.rf.4d2e7ea142fa0dbdd604eb7096ad1b14.jpg,1
images_20-61-_jpeg_jpg.rf.80ce0271aea75652bf164bde93ae886f.jpg,1
imgFC105_png_jpg.rf.ab2a5b3d4f4978c5b2d1442516f7e033.jpg,1
imgFC114_png_jpg.rf.ef5862a759095a7f98862bf7cf7eaeef.jpg,1
imgFC1004_png_jpg.rf.86a7e81cd078ce3c71a599a779f3f482.jpg,1
imgFC115_png_jpg.rf.8053ed6f94448286ca8d0813da33fbd3.jpg,1
imgFC105_png_jpg.rf.903c1f05d2c6403e3d119d504354df9d.jpg,1
imgFC100_png_jpg.rf.47773a20e3d4b45373ec8334d0324c35.jpg,1
imgFC115_png_jpg.rf.536dd6ba9fbf9e4525743cfa672ee52d.jpg,1
imgFC100_png_jpg.rf.ecc77ef2ee0750417b0175f13644f368.jpg,1
imgFC10_png_jpg.rf.4405d80bfbe32d7af3841143d1cb2b4c.jpg,1
imgFC117_png_jpg.rf.eaee7812fe7a3e6d5f7bd2df49b2f418.jpg,1
imgFC10_png_jpg.rf.4775f1918e466b0229404a099b81f1fe.jpg,1
images_20-59-_jpeg_jpg.rf.c64be21e8fa53e0d5cb798bd19ef4e17.jpg,1
imgFC114_png_jpg.rf.a5fae219239f05eba0e41ec6dfb41212.jpg,1
images_20-62-_jpeg_jpg.rf.e49172f8a17f062ee20f33c2e954fb60.jpg,1
imgFC10_png_jpg.rf.c556d71547e675b05933bff896dd4b62.jpg,1
imgFC10_png_jpg.rf.1caa9ecc648413d164378db48b515ba6.jpg,1
imgFC113_png_jpg.rf.628635410857079df46e3097fcc12b1c.jpg,1
images_20-61-_jpeg_jpg.rf.1a360b2e8de347278a784530ae5186c0.jpg,1
imgFC115_png_jpg.rf.1211cd137f26281b63415ed437d60b6f.jpg,1
imgFC115_png_jpg.rf.ec6d5eed640952886c71419cdde04dca.jpg,1
images_20-61-_jpeg_jpg.rf.1081b7b430d36d5dba9e0acb2bed04fd.jpg,1
imgFC120_png_jpg.rf.73f55c61cfa86ba7855e6757da43a4de.jpg,1
imgFC10_png_jpg.rf.da82a82cfcb01c7268882c5c1c046d38.jpg,1
images_20-61-_jpeg_jpg.rf.0a812644834e57cf9042aac64e203e5d.jpg,1
images_20-62-_jpeg_jpg.rf.459d12d1e4c11ac6080275de0cc0bb5f.jpg,1
imgFC117_png_jpg.rf.19ce845cd988a34a58977df869ab82c9.jpg,1
images_20-72-_jpeg_jpg.rf.969d311d7b593adb7fb70fcde2dcb22a.jpg,1
images_20-6-_jpeg_jpg.rf.5e39dab63d1a9379ace1aa7dc7f7c85e.jpg,1
images_20-62-_jpeg_jpg.rf.14022c02d1c19d71910ad091de31fd0e.jpg,1
imgFC114_png_jpg.rf.b429168ccc76c9036a7104d9bbf70a09.jpg,1
imgFC115_png_jpg.rf.197bc06ebbea79661c3eefafff5947d9.jpg,1
imgFC114_png_jpg.rf.4e78cf769de21d6c2283cff4596f0399.jpg,1
imgFC105_png_jpg.rf.9cd8362e7550ec1c47129483e3982cf3.jpg,1
imgFC121_png_jpg.rf.4a82ecf80b0a327bd6bec251f125827e.jpg,1
imgFC105_png_jpg.rf.c024dcdac78f69078005a60913495c80.jpg,1
images_20-70-_jpeg_jpg.rf.d1b0ac6d9041a882a747146f41735821.jpg,1
images_20-61-_jpeg_jpg.rf.ec1485e53de51101147d2431cac4d058.jpg,1
imgFC105_png_jpg.rf.9ddae74a479034c0fc560985f2c7da81.jpg,1
imgFC10_png_jpg.rf.f00c78e1028c9da6a66cf618de9e2a7c.jpg,1
imgFC1004_png_jpg.rf.12f966cc3ee8bed2a7a348f840eaf39c.jpg,1
images_20-70-_jpeg_jpg.rf.d5c207fdf515fe9054e4547eb9899d4a.jpg,1
imgFC100_png_jpg.rf.90ed67f9fa0c47961070b40a3b241d74.jpg,1
imgFC100_png_jpg.rf.c889e5149ebc0a448b698e723064164f.jpg,1
images_20-61-_jpeg_jpg.rf.d592decc3a669f72838b9e1ac1118099.jpg,1
imgFC121_png_jpg.rf.55f8df6745fc07df8aba6969a56f7876.jpg,1
imgFC100_png_jpg.rf.00ce286826b9cc89d0903d80c0715445.jpg,1
imgFC121_png_jpg.rf.3a41edcdbac679697f0be3fb1f967896.jpg,1
imgFC105_png_jpg.rf.c7c217a8ead3c24b9cdc661086c8f2d9.jpg,1
imgFC121_png_jpg.rf.5886f2701397dfc42673d9a5e8812078.jpg,1
imgFC121_png_jpg.rf.03553f68ddca2faeb8375e34733226d1.jpg,1
imgFC100_png_jpg.rf.4bb886db32a69e3dc42ab055923f742d.jpg,1
imgFC100_png_jpg.rf.20c300d3c4728a50322fecfe82aa94cd.jpg,1
imgFC114_png_jpg.rf.6aceb4cd0e3f5313c9f37585cd45378a.jpg,1
imgFC10_png_jpg.rf.2a89ad86857bbe4aa8b9dc8d94107a39.jpg,1
images_20-72-_jpeg_jpg.rf.7b26dd6509c990217df1e0b400b71307.jpg,1
imgFC10_png_jpg.rf.27539af7a4ab4625d4dc35e0bdf429b6.jpg,1
imgFC121_png_jpg.rf.7379eefe786d604ac5cd881de1bf4575.jpg,1
images_20-70-_jpeg_jpg.rf.caf6bb4f848fa4837167f2d89270a707.jpg,1
imgFC1004_png_jpg.rf.ef16c48caab7477bcb900973ca11d371.jpg,1
images_20-72-_jpeg_jpg.rf.b2796140f9fa62f8a5a964b740b799fc.jpg,1
imgFC113_png_jpg.rf.fb84a3b9858ce6d516af7302186d329b.jpg,1
imgFC10_png_jpg.rf.e488db195a7c51fc71108e97c1d7becf.jpg,1
imgFC105_png_jpg.rf.60fe776105d2bc1ff5fd9d108a8c7b84.jpg,1
imgFC114_png_jpg.rf.2681a9a9496fd4d0286458436d339aeb.jpg,1
imgFC122_png_jpg.rf.2e6a1b78a79b35a82d7b55b91efd874f.jpg,1
imgFC117_png_jpg.rf.2e9700ba132ddc552053bf156c03b4cf.jpg,1
imgFC114_png_jpg.rf.59b3a834b52088177448df6254fabae6.jpg,1
imgFC122_png_jpg.rf.ad8187af8080739261e46c01848a2996.jpg,1
imgFC121_png_jpg.rf.1ff7f61e260683d7082b1d9bbf79b753.jpg,1
images_20-72-_jpeg_jpg.rf.ae837e0280c756147be42c756b45ca39.jpg,1
images_20-72-_jpeg_jpg.rf.281abae44b73a7c06eeb13a31b4b913f.jpg,1
imgFC117_png_jpg.rf.d1ffc864286b9abf46bd0e8abe2a56d0.jpg,1
imgFC10_png_jpg.rf.da1542ba87fae67449f4c62716c83e14.jpg,1
images_20-70-_jpeg_jpg.rf.90fed7ecdde18fd76393599316111604.jpg,1
imgFC114_png_jpg.rf.2e1c76585a169d8e153d2331c0fed185.jpg,1
imgFC113_png_jpg.rf.20f8af07cbffa0ce73edf7ac8ccbc69c.jpg,1
imgFC105_png_jpg.rf.236bfbfb6fcdd1fc00f19a3bdddde0a7.jpg,1
imgFC123_png_jpg.rf.672d5fa9ae1bbe14f956a1bd2e8a1930.jpg,1
imgFC114_png_jpg.rf.a3bcb97c89bf940dc18677278212fc7a.jpg,1
imgFC122_png_jpg.rf.68e2a7095b7d7c7f02d8bb4d3e7d06af.jpg,1
imgFC1004_png_jpg.rf.652d1eae2007d675d7fb4fd84aa6ab98.jpg,1
imgFC121_png_jpg.rf.9cb8fc5734032e7b9a736814116426d8.jpg,1
imgFC115_png_jpg.rf.02395592f8a0767a12dfd0232b0449f7.jpg,1
imgFC120_png_jpg.rf.c4f834c4b0b2dcc5a91b0673c4f0656e.jpg,1
imgFC115_png_jpg.rf.258e3989548774d4cf2c8591dcb2f565.jpg,1
imgFC113_png_jpg.rf.0cc4de89baf63047f7601fe6d2a63e47.jpg,1
imgFC1004_png_jpg.rf.82b5db4a84e456de78afe99362f59e50.jpg,1
imgFC122_png_jpg.rf.a720a6a6b0f87bda664f27f7b4ea071e.jpg,1
imgFC10_png_jpg.rf.560a66ade175185cdc5c854a6dbfddd5.jpg,1
imgFC114_png_jpg.rf.bacb8b2f1c9e40a1364343be690e3889.jpg,1
imgFC115_png_jpg.rf.5f23dddedd0caf09aaaa6ebe96e8ed0a.jpg,1
imgFC121_png_jpg.rf.485b32ba059447c91b86634150f3786c.jpg,1
imgFC115_png_jpg.rf.9a32b0030c957b3f0003ea41f412550b.jpg,1
images_20-70-_jpeg_jpg.rf.f262b7558918e87aae6ba75e9deb15ee.jpg,1
imgFC123_png_jpg.rf.1c0b8584e157e747cf5e86cad3b59149.jpg,1
imgFC123_png_jpg.rf.503831eed2ec5e0a8fcae269afeb4bc7.jpg,1
imgFC123_png_jpg.rf.d03cad6fc26b14549aa1c009660821b1.jpg,1
imgFC117_png_jpg.rf.0b01d1d3978abdbe7ef15e1ad3816792.jpg,1
imgFC100_png_jpg.rf.c5954fa52557667bf93b4ca8c26993af.jpg,1
imgFC121_png_jpg.rf.a59cdd48f00c3dc2b6a61a09233b43cd.jpg,1
imgFC1004_png_jpg.rf.e59d5249959e42364e8a4718e6610998.jpg,1
imgFC115_png_jpg.rf.b96edd4c1a3cfe99ee0980c58cc6f68d.jpg,1
imgFC113_png_jpg.rf.4040b0438f92e92225df92cf2b1d2385.jpg,1
imgFC114_png_jpg.rf.7bd7ef55f2147f65e958f75055752767.jpg,1
imgFC114_png_jpg.rf.02926d9e8bab8c7473b50a1880fb6e22.jpg,1
imgFC123_png_jpg.rf.1b5065e6dc2ec241837853babe546b31.jpg,1
imgFC10_png_jpg.rf.30ac3d72ca3315a6f5fd00934c7ee637.jpg,1
imgFC114_png_jpg.rf.afac7659a7a60a7580487ba43df263a7.jpg,1
imgFC122_png_jpg.rf.fe176b347e554c40fcd9f2f979434272.jpg,1
imgFC121_png_jpg.rf.bbe98b96e46e00f9bcc0eb30401ec34f.jpg,1
imgFC120_png_jpg.rf.e573078b2790e05228e7135846259c88.jpg,1
imgFC115_png_jpg.rf.4e4e4c77b0e217ee605a2812b12c3c97.jpg,1
imgFC122_png_jpg.rf.d9477de3e482935180d1f176be1e4123.jpg,1
imgFC120_png_jpg.rf.f8616382e0be6d4e80313b9e3884e581.jpg,1
imgFC115_png_jpg.rf.099b894ac61cb543d943285286a5f36a.jpg,1
imgFC126_png_jpg.rf.4b5e99f35895cd2ca893e3e7860adace.jpg,1
imgFC122_png_jpg.rf.3574e5b6381ad8f1879b96bd0f5f6425.jpg,1
imgFC121_png_jpg.rf.dd40deb10db420a694b2d280120627d1.jpg,1
imgFC115_png_jpg.rf.b928edd483881f89646968d777f5f292.jpg,1
imgFC123_png_jpg.rf.bcec56874b42866926e813032718daa3.jpg,1
imgFC126_png_jpg.rf.8c9affe95b7af227bf7ec05a1db85d1c.jpg,1
imgFC123_png_jpg.rf.603dfee58e71f28289980fd6ae3cfbab.jpg,1
imgFC120_png_jpg.rf.41db1661b8ae55945cd5a89c607578ec.jpg,1
imgFC10_png_jpg.rf.2c8ff0071df86bea699280641ddf58f6.jpg,1
imgFC115_png_jpg.rf.88b5d1f9736b6d3ba7678772689339a6.jpg,1
imgFC120_png_jpg.rf.29a44bf58789b3dc307c7a123cf16e35.jpg,1
imgFC115_png_jpg.rf.ba351ed3642899014a13f15604c19213.jpg,1
imgFC115_png_jpg.rf.ac6c266c13ed0356ece3b8e284560c3f.jpg,1
imgFC115_png_jpg.rf.c682dc5e96b2e52304c9459501b6dc05.jpg,1
imgFC122_png_jpg.rf.0f85e3a7a601389b691a43a05f1856b4.jpg,1
imgFC117_png_jpg.rf.f2102c5ebe9dcd04e138f23d6a59a8b3.jpg,1
imgFC114_png_jpg.rf.811a69969614bb8ca3efccc981ec89a2.jpg,1
imgFC115_png_jpg.rf.00910ff5ee8f0d6184e016458eb01d02.jpg,1
imgFC10_png_jpg.rf.4f02919d2d715b065a846063c9676aa7.jpg,1
imgFC117_png_jpg.rf.43e4a9a231b547b470d863f08ceac251.jpg,1
imgFC126_png_jpg.rf.2015e5f9609b52cf6035263709656be4.jpg,1
imgFC120_png_jpg.rf.cb40ef32d516c96a06a956a3dd3bd726.jpg,1
imgFC128_png_jpg.rf.c6c914364916cbd501318b72ee393aca.jpg,1
imgFC121_png_jpg.rf.961674dda97e439e5924344228de149e.jpg,1
imgFC122_png_jpg.rf.abca25a71bd46503c8b3dc61a642caeb.jpg,1
imgFC10_png_jpg.rf.2d266d12a9a42eaf0863d27d8e7a8a53.jpg,1
imgFC126_png_jpg.rf.f13f60a524b64a08edecf2ed15ca13df.jpg,1
imgFC126_png_jpg.rf.e62ddacf90bfd8ad238928d88245e5a1.jpg,1
imgFC121_png_jpg.rf.75f99fbcf56878ca7818456f8de3e11d.jpg,1
imgFC126_png_jpg.rf.520108b20e79b9de589a25ac7f5d1c86.jpg,1
imgFC115_png_jpg.rf.2e56d0a7c59d73489ebd4be5acc76818.jpg,1
imgFC117_png_jpg.rf.5eb54a9e9cebfe7b153811d17c04223f.jpg,1
imgFC114_png_jpg.rf.b9e6e4f6ab297d5f4a309c92380e777d.jpg,1
imgFC129_png_jpg.rf.2a1bdad5f616a46552e18acf2647653b.jpg,1
imgFC123_png_jpg.rf.1b8439c9e73336d76277d9f14f26eafd.jpg,1
imgFC117_png_jpg.rf.904f197a58ca5d2a7d7ccbc3adbacb31.jpg,1
imgFC120_png_jpg.rf.9eaa425fef9f5a3a7cb947f98bb42152.jpg,1
imgFC129_png_jpg.rf.39dbff2666734b96bed8d102bf0bc666.jpg,1
imgFC120_png_jpg.rf.06733afbb6636e4d0ad8e6d2b437a987.jpg,1
imgFC123_png_jpg.rf.502a4c0a4ecd58b6b33842eea60d555f.jpg,1
imgFC120_png_jpg.rf.32d99e3505719b1b256820183ebd92d4.jpg,1
imgFC126_png_jpg.rf.70fad242cc19d05b48a367842916fd20.jpg,1
imgFC129_png_jpg.rf.f8a680c4117292fddb4afc4d7bcbfd0a.jpg,1
imgFC115_png_jpg.rf.4c06b6469074e1bdf04c7f9e55324ea6.jpg,1
imgFC123_png_jpg.rf.ba7d77174746092b07d02d81f721636b.jpg,1
imgFC123_png_jpg.rf.5733905df057f979068d75b2aae22d79.jpg,1
imgFC122_png_jpg.rf.cd9b4127bdacff998fc30287978d8c6b.jpg,1
imgFC121_png_jpg.rf.c55c5e26908ba15e712e6ed37b16c5b0.jpg,1
imgFC12_png_jpg.rf.52320239854ae11c4625364534eaf5c2.jpg,1
imgFC115_png_jpg.rf.067e7cc4e05b327c69c8df824a660691.jpg,1
imgFC126_png_jpg.rf.ce880501fe747ce3ddf07e5c4760d87c.jpg,1
imgFC128_png_jpg.rf.f846a5df4c98494d8a16c7bf0e4ab01a.jpg,1
imgFC126_png_jpg.rf.5526cf128f6e9f67922ae34c1cd3319f.jpg,1
imgFC117_png_jpg.rf.cf7077ea423799a8122ddf4e5a42c189.jpg,1
imgFC123_png_jpg.rf.b42a329569d03b7932dc8717561a5bf7.jpg,1
imgFC10_png_jpg.rf.b76303548d8d75b3bed69095f8e323bb.jpg,1
imgFC129_png_jpg.rf.dfe40908afd9be4484630b99a21ea093.jpg,1
imgFC126_png_jpg.rf.5d758e2fd7a782d83f823932d0768db8.jpg,1
imgFC120_png_jpg.rf.57b4c1aa8e0e76edf091a2fa64b98c34.jpg,1
imgFC126_png_jpg.rf.8e2f61b1e015b9446cc5cbb752a61a51.jpg,1
imgFC12_png_jpg.rf.48d8844bdc2cbdc3c0614473c7827936.jpg,1
imgFC10_png_jpg.rf.d9c7762d76165848af7bf32250b8f74b.jpg,1
imgFC123_png_jpg.rf.32b933fa9e804ef25bc45cda1fe156bf.jpg,1
imgFC129_png_jpg.rf.3a09a724ff67f3c88b9986281cec21eb.jpg,1
imgFC121_png_jpg.rf.46ff38e62eb188c1acb540cacf83edc2.jpg,1
imgFC129_png_jpg.rf.56db7638b4a3f47bf209282e2c890e55.jpg,1
imgFC129_png_jpg.rf.3b95c5752db7b95d200afa1cccf392c5.jpg,1
imgFC120_png_jpg.rf.987207148fc0f9e5d8ca8bd7811fbbd7.jpg,1
imgFC120_png_jpg.rf.ce44810bb878a99c05962af843260ea3.jpg,1
imgFC130_png_jpg.rf.117e55e91973cf740afa6549babde2a2.jpg,1
imgFC122_png_jpg.rf.6cca3eb745eb72e9bdcda078257acd80.jpg,1
imgFC126_png_jpg.rf.3435292599f9ff7a8ea4dd92860796bf.jpg,1
imgFC129_png_jpg.rf.7606d93075091ad46db4af5826e24488.jpg,1
imgFC129_png_jpg.rf.7439cbf1e01b0d21f94ba6f0c065a497.jpg,1
imgFC135_png_jpg.rf.ded83ac6cf83db72eee200a637445eb8.jpg,1
imgFC126_png_jpg.rf.d42aa81bd0bf5d0566634971e7d006da.jpg,1
imgFC121_png_jpg.rf.a3af40b82c865763cc0aaf8b40686193.jpg,1
imgFC122_png_jpg.rf.41cea9b246aba5f6a3dc3203cedfb144.jpg,1
imgFC128_png_jpg.rf.f7e7063b9133253353584ab4005f8c4a.jpg,1
imgFC12_png_jpg.rf.12829061882f21b3994c45714751f50c.jpg,1
imgFC128_png_jpg.rf.001ea10555d693d6ef6362198f855c36.jpg,1
imgFC122_png_jpg.rf.7574d6e4fdab54e7c5953c8c721e834c.jpg,1
imgFC123_png_jpg.rf.b33c24e638c0e6aff28e959307b1c0ae.jpg,1
imgFC129_png_jpg.rf.e83f9b403b1ee0b957ce088f50872469.jpg,1
imgFC128_png_jpg.rf.c22f48f982d68a6f637258b0799de632.jpg,1
imgFC123_png_jpg.rf.0b4722badd9499c59aa247e62b6897b3.jpg,1
imgFC120_png_jpg.rf.21d42425076c9ac9ea62518cc1635535.jpg,1
imgFC133_png_jpg.rf.3d330cac41fd8506821358468fc03967.jpg,1
imgFC120_png_jpg.rf.5e423c0feae5ca32deeeb9ba11fa09b4.jpg,1
imgFC129_png_jpg.rf.929f8bd81db43abde09a08e3058bd896.jpg,1
imgFC123_png_jpg.rf.46147bc1b03c5eed1c68894bfb9198b0.jpg,1
imgFC12_png_jpg.rf.a00b88769c004095491e4d7901bfd241.jpg,1
imgFC130_png_jpg.rf.9385f569e73cc42940513264457b7286.jpg,1
imgFC122_png_jpg.rf.c4e97995c65d2642704347bd89ee0652.jpg,1
imgFC120_png_jpg.rf.b73f3f944a388b81a01a4f859515255f.jpg,1
imgFC133_png_jpg.rf.d0ba1ffe0833cb6d1fe75b31db953eb7.jpg,1
imgFC128_png_jpg.rf.cf7cb7ca7acefb9a05a34a590aa6dbc2.jpg,1
imgFC128_png_jpg.rf.78a68b6e8c957bf18827f422c77257b9.jpg,1
imgFC120_png_jpg.rf.cc65a7c5da9d43f72459cf4452a1276f.jpg,1
imgFC126_png_jpg.rf.26081b9f1ba260c18fbf887d5df17b97.jpg,1
imgFC133_png_jpg.rf.1b1d44d0241b58a7a95cb59dfde2efe8.jpg,1
imgFC133_png_jpg.rf.6e99967fe2bd398cc507e4cf7b8540df.jpg,1
imgFC129_png_jpg.rf.896287a2be80ac0d2dac262b91ff1c6a.jpg,1
imgFC128_png_jpg.rf.01a83853ba76eeb683433c6312414ba1.jpg,1
imgFC126_png_jpg.rf.cd0f81d66249cf8fae6dc8f09a2e3152.jpg,1
imgFC135_png_jpg.rf.01c62bfcef8e2d4c5299de8721ae4652.jpg,1
imgFC128_png_jpg.rf.a0ae489d26edada8b45a27ea2e4b97d7.jpg,1
imgFC128_png_jpg.rf.7d986ab65d611afad50ee3c18ce6e060.jpg,1
imgFC128_png_jpg.rf.c2a91873d5d0c5285dab1dd6b4cb6789.jpg,1
imgFC135_png_jpg.rf.5634d1f7f660f65a67511813e7627df9.jpg,1
imgFC133_png_jpg.rf.994c47cd61893d8987100c89094f7703.jpg,1
imgFC130_png_jpg.rf.81fba6b81b0e46fcdcf563ac0697b9f8.jpg,1
imgFC136_png_jpg.rf.01abfc5a26dc9244ca6edcb9e58ef7d4.jpg,1
imgFC12_png_jpg.rf.dd240c5a0d28a158c85838af0ab225f1.jpg,1
imgFC123_png_jpg.rf.0eca494a12e1ccb736c41390858cdd6d.jpg,1
imgFC12_png_jpg.rf.a73b79a0299dcfa60de6691c5b86fd1b.jpg,1
imgFC128_png_jpg.rf.a5edf75e511f550584127faea2896b22.jpg,1
imgFC130_png_jpg.rf.47b20bbf5b56a7c792e9263506335329.jpg,1
imgFC130_png_jpg.rf.0a2d976f55027afcf398198e8bb80a35.jpg,1
imgFC137_png_jpg.rf.d3855c49e13e83705f6bbc171820ee9c.jpg,1
imgFC133_png_jpg.rf.32c6fdad927450e347b66fc6eb093de8.jpg,1
imgFC12_png_jpg.rf.de0782249bbc08538b6c1d2e9e14324f.jpg,1
imgFC126_png_jpg.rf.9071971042dff07fe2fa419348f20c05.jpg,1
imgFC123_png_jpg.rf.b1e5dbf2cf6f5c99779bdb0ca911e51d.jpg,1
imgFC123_png_jpg.rf.fa99ec3bf874a071456af3b6dc6b79ff.jpg,1
imgFC134_png_jpg.rf.f4e0df607f99bf6d5492e7b0af4dc543.jpg,1
imgFC129_png_jpg.rf.69846e16606203f8984d7e1df2610ac0.jpg,1
imgFC134_png_jpg.rf.d0bbab440c2701abbfc41abd901d0606.jpg,1
imgFC129_png_jpg.rf.17e89a66fe015e10c9d9f030f91f6d20.jpg,1
imgFC123_png_jpg.rf.008283296f9c31fe6737a518c523480c.jpg,1
imgFC128_png_jpg.rf.41170f77c74d1e17d18b74512b79a1fc.jpg,1
imgFC133_png_jpg.rf.c5dcc30ec70c70ef8518348bf3e23cc5.jpg,1
imgFC128_png_jpg.rf.22dbf483da51da0091dedba93b8c7fd0.jpg,1
imgFC128_png_jpg.rf.25ef340300f098f1b173ff7a7bfc1a85.jpg,1
imgFC134_png_jpg.rf.f6fab2a81f3746bce14d0cdd38ca3d69.jpg,1
imgFC123_png_jpg.rf.1e583a83e29878c66f968f911b8e070f.jpg,1
imgFC136_png_jpg.rf.9c9b8c079cb7d4acd4d2150fc1ca1913.jpg,1
imgFC134_png_jpg.rf.4d140ad2aa6c4fa85b7831b08e03a88e.jpg,1
imgFC12_png_jpg.rf.c8934d0c7e76737b2cc4bb725f003a68.jpg,1
imgFC12_png_jpg.rf.782726057a9b64ce71cce50adf505a89.jpg,1
imgFC128_png_jpg.rf.60db85befc55f9df26d9293e15b43407.jpg,1
imgFC128_png_jpg.rf.36bef4742d0adfa9528e3295e8eba8ed.jpg,1
imgFC134_png_jpg.rf.4912c0d666a9be9e97ac8e52020eedaf.jpg,1
imgFC129_png_jpg.rf.216024fd4d986b17e177f85a52413bfa.jpg,1
imgFC12_png_jpg.rf.a604f0b1ce81532c30e0dd0147878666.jpg,1
imgFC133_png_jpg.rf.3990cf394068fbd8a071df0dc0dd9c44.jpg,1
imgFC12_png_jpg.rf.4813a2f811da9717416798965ffd70e2.jpg,1
imgFC135_png_jpg.rf.78f71d0e9754efc2abe1e68ddb7432f5.jpg,1
imgFC12_png_jpg.rf.f99d368681cdc053b54157fb10d4965d.jpg,1
imgFC134_png_jpg.rf.581e36548672c2dae24e40c3f52bd9e8.jpg,1
imgFC129_png_jpg.rf.0db4678051ab1e91a7db1140a3cb6843.jpg,1
imgFC136_png_jpg.rf.06415054a32820f17d904c9fb69ffe1e.jpg,1
imgFC128_png_jpg.rf.501bed3581683c59f84633b9a9bb733c.jpg,1
imgFC143_png_jpg.rf.39f9158d4bebc2248ec44822f3db5923.jpg,1
imgFC123_png_jpg.rf.c2f7d227a793388853406274214b0599.jpg,1
imgFC136_png_jpg.rf.84ba828e71d0938f2f1245e5112a4e9b.jpg,1
imgFC129_png_jpg.rf.6b198b7fac08aad2506285d3b4e3c361.jpg,1
imgFC128_png_jpg.rf.5ae80b0ea8ef682d01b102aa1c05b538.jpg,1
imgFC136_png_jpg.rf.5d71211a5611aed5b6ebf54669d8fe9f.jpg,1
imgFC136_png_jpg.rf.9a8ac114d3c51ad1b21c772011c98f08.jpg,1
imgFC123_png_jpg.rf.4157f3c6a4515d633cd1e984e9493f25.jpg,1
imgFC137_png_jpg.rf.a43e0db85277349c35e6689d9d64ab90.jpg,1
imgFC133_png_jpg.rf.9ad7eb77009bd5052b5bc76dfc9f6ca9.jpg,1
imgFC129_png_jpg.rf.1c506066b26fffe31be230ea5d667bdb.jpg,1
imgFC134_png_jpg.rf.58872c73cee1a647720b78dcd6db948d.jpg,1
imgFC130_png_jpg.rf.17ac77444a57c3b60576f07ce14147e5.jpg,1
imgFC134_png_jpg.rf.3e954ddbf5ef5b162e1b103cc84e62cc.jpg,1
imgFC128_png_jpg.rf.188209bc3127724a9984cb10bfadf647.jpg,1
imgFC129_png_jpg.rf.db06a9bc65601d1edf3625e0da48dd99.jpg,1
imgFC137_png_jpg.rf.08bca70f6f58ff1280cb48ee1069f1d0.jpg,1
imgFC136_png_jpg.rf.2df0191a4f7fb2ca657996e4bea0a10c.jpg,1
imgFC136_png_jpg.rf.c0aef69615d3be4dc9ab0578b5e9975e.jpg,1
download-20-22-_jpeg_jpg.rf.8457ae82bd8f4829c52ee2a4f8e4efa3.jpg,1
download-20-2-_jpeg_jpg.rf.3c846285f977758c512f2f646dd91233.jpg,1
download-20-2-_jpeg_jpg.rf.55f23f7469368f67c54f9f5c3c9299ad.jpg,1
download-20-7-_jpeg_jpg.rf.07bbd5fb3302d0a380773d627ed78efb.jpg,1
download-20-7-_jpeg_jpg.rf.2b811f9ef4af52cd7ce2d21b619707fc.jpg,1
download_20-11-_jpeg_jpg.rf.938894aa2cb580708a066a3eede57033.jpg,1
download-20-22-_jpeg_jpg.rf.47d83e85ac6cafb5f91c9ce59dccff8b.jpg,1
download-20-2-_jpeg_jpg.rf.3122994524e5b94bea4e70250e9fce0a.jpg,1
download_20-1-_jpeg_jpg.rf.891ab462985663cb2e7478ed9e995312.jpg,1
download-20-7-_jpeg_jpg.rf.618ddf7b3a637b248dab7c872fca2541.jpg,1
download_20-11-_jpeg_jpg.rf.5da32191c575441f7f8df6de8d0f27f2.jpg,1
download-20-7-_jpeg_jpg.rf.fff6d5d8e1e938189499a32b6f8f9bae.jpg,1
download-20-22-_jpeg_jpg.rf.5c740fd45a50eaf455f33463f648f0d4.jpg,1
download-20-22-_jpeg_jpg.rf.e09c14add20275bc5e162623e1a01ff0.jpg,1
download-20-7-_jpeg_jpg.rf.b05faffa0cc6695bfe41947bf646ac7b.jpg,1
download-20-7-_jpeg_jpg.rf.94abf7e17b3edc867048bc871749766e.jpg,1
download-20-2-_jpeg_jpg.rf.151d1e854ee695448df79bb225793580.jpg,1
download_20-1-_jpeg_jpg.rf.76d344427a46ca69094a260b1a0209d8.jpg,1
download-20-7-_jpeg_jpg.rf.9e596eb6a4a735a0644ae078df9f2ba2.jpg,1
download-20-19-_jpeg_jpg.rf.e95441abb9d8e7e0afdf152cfdc90a25.jpg,1
download-20-5-_jpeg_jpg.rf.2afba4781bbc7a269883010e91412a15.jpg,1
download-20-7-_jpeg_jpg.rf.8c101e9e1b5b02c808b484fe270159fe.jpg,1
download-20-5-_jpeg_jpg.rf.b05b70b1f76ac13674a329e1b1633530.jpg,1
download-20-7-_jpeg_jpg.rf.ac69ce590b7a5ccbde547317d82f3417.jpg,1
download-20-5-_jpeg_jpg.rf.27a32a88471c6b876e57960fca0eda09.jpg,1
download-20-22-_jpeg_jpg.rf.af86b05a666b0053fbcefe90557481b9.jpg,1
download_20-1-_jpeg_jpg.rf.ed894c1ca0df6b163767a674a0c33d6d.jpg,1
download-20-5-_jpeg_jpg.rf.fec3f4892a78b5ea5b16d5d9e89994c3.jpg,1
download-20-2-_jpeg_jpg.rf.ddb09f661380a505e4f4ecd0d48c388e.jpg,1
download-20-6-_jpeg_jpg.rf.66dc33782aa50396f61bc21c947309d6.jpg,1
download_20-1-_jpeg_jpg.rf.e545c24ae4373835a4ace5dcfa197141.jpg,1
download-20-2-_jpeg_jpg.rf.6203f0217e4d6943d266ea9a2c3886fa.jpg,1
download_20-14-_jpeg_jpg.rf.fe09d9bc385dd339379b9dd97af3fb87.jpg,1
download-20-6-_jpeg_jpg.rf.576785af66e01e09330efab03eddae7e.jpg,1
download-20-5-_jpeg_jpg.rf.1aa54e907db4efd5c925539fca6485ba.jpg,1
download_20-11-_jpeg_jpg.rf.c3a7bb9837e64f6c134254fc2be3e564.jpg,1
download-20-3-_jpeg_jpg.rf.0dc85b9ded3f41bb8135aa1cb5d96031.jpg,1
download-20-7-_jpeg_jpg.rf.1b3d984e7728596c4aebaca50f32f8c0.jpg,1
download-20-5-_jpeg_jpg.rf.f1b2a95a1c34d107a35f445b85c32917.jpg,1
download-20-3-_jpeg_jpg.rf.2f802f27647b8000e9c534c4ea6b17e0.jpg,1
download_20-13-_jpeg_jpg.rf.16d43ff0c2572de6f9c9ba8150907f1e.jpg,1
download_20-1-_jpeg_jpg.rf.17d404b0bee4830630d84217d027397b.jpg,1
download_20-13-_jpeg_jpg.rf.da3c465cfb507a13a5eefb9d174d4986.jpg,1
download_20-11-_jpeg_jpg.rf.4b1b5b9766436716611f07c3b46be03c.jpg,1
download-20-5-_jpeg_jpg.rf.61011d7a27cb32a662b101e4121d6a98.jpg,1
download-20-3-_jpeg_jpg.rf.a2316af2832fe4a0f083a10299cb7dec.jpg,1
download-20-9-_jpeg_jpg.rf.4042cd1b9a454652dca572b486819d8a.jpg,1
download-20-7-_jpeg_jpg.rf.5e3e0d548b33665706e3559d2a76408d.jpg,1
download_20-11-_jpeg_jpg.rf.b2a7e432d975a471b14015aa3ab2fb9c.jpg,1
download-20-5-_jpeg_jpg.rf.5763c8d68edf07759322bcf9a4def0aa.jpg,1
download-20-3-_jpeg_jpg.rf.342f14319f63a0b1efeda54424d88f77.jpg,1
download-20-22-_jpeg_jpg.rf.f615c51d9eb5b74bb778d0cc9a338862.jpg,1
download_20-12-_jpeg_jpg.rf.99eb6aa3a98f9f82a758f1f7f3afeffa.jpg,1
download-20-6-_jpeg_jpg.rf.51e623ae24baa92dd3216005869267ef.jpg,1
download-20-5-_jpeg_jpg.rf.1966602e1a68e564c681436ad6f94cbc.jpg,1
download_20-14-_jpeg_jpg.rf.4aff4d4012785f8019a83d58a823028e.jpg,1
download-20-5-_jpeg_jpg.rf.88b906d7d0c23eda4a4facf26f8a6b40.jpg,1
download-20-6-_jpeg_jpg.rf.f1089ce1b123816c6b59fcafbd97ea98.jpg,1
download-20-3-_jpeg_jpg.rf.c81dfdaf828ad1b539716b80b05d3a47.jpg,1
download-20-9-_jpeg_jpg.rf.c509737485c84a537209eacc101ba3d2.jpg,1
download_20-13-_jpeg_jpg.rf.3792640f41ed77b79e475f8ff4e9e09d.jpg,1
download-20-5-_jpeg_jpg.rf.995c380ffaf75e05a36eb5b81ce0013d.jpg,1
download_20-12-_jpeg_jpg.rf.5f24fc7271d3ef63fffe2bb3d0bc8f61.jpg,1
download-20-3-_jpeg_jpg.rf.ab598fb4f8b8970537bedf453e3137b0.jpg,1
download-20-4-_jpeg_jpg.rf.657472bdd88539f39931af8d939a7810.jpg,1
download-20-6-_jpeg_jpg.rf.193b6c876d2f63eacda7232cac897aac.jpg,1
download_20-12-_jpeg_jpg.rf.f789c08cbea14d0bc818943c2985ac9a.jpg,1
download-20-9-_jpeg_jpg.rf.3569a7f5b03382dd8f7a90674456aafe.jpg,1
download_20-16-_jpeg_jpg.rf.aab5d3116735c30dc78fc12351a2a1a5.jpg,1
download-20-7-_jpeg_jpg.rf.2981d10eabd7d805d8b51dfc26309fdb.jpg,1
download_20-13-_jpeg_jpg.rf.14c39ab728994ce5e0eae155db0a4525.jpg,1
download-20-6-_jpeg_jpg.rf.3ed9fb831021c663e6bbe2e8cb290cb4.jpg,1
download_20-12-_jpeg_jpg.rf.dc56accd652f055697e371da215bc712.jpg,1
download_20-12-_jpeg_jpg.rf.e56fdec3566ef936ab3080f84183c833.jpg,1
download_20-18-_jpeg_jpg.rf.f5f9a68a2656f6cbf1478a6b120e58b7.jpg,1
download-20-9-_jpeg_jpg.rf.1ae4a5327bfc2256136ba6bc9cbfdb53.jpg,1
download-20-9-_jpeg_jpg.rf.ff8039909c7f6eed71b35c2abb73cd5e.jpg,1
download-20-4-_jpeg_jpg.rf.3f37baa9a321c4164a30d854f6284bb9.jpg,1
download_20-14-_jpeg_jpg.rf.69e3dbb1b78ec4a1549d1732132f1ae3.jpg,1
download_20-1-_jpeg_jpg.rf.ddb22dbc6380b976db2a862f474da2c5.jpg,1
download-20-4-_jpeg_jpg.rf.752c94af0719e7e5c5a5e3438492627b.jpg,1
download-20-5-_jpeg_jpg.rf.f12b707ffcaf2d87db123224099b252c.jpg,1
download-20-4-_jpeg_jpg.rf.b38ac1994c2d221f2a2a979d6af0ba5e.jpg,1
download-20-5-_jpeg_jpg.rf.245491eb2780a7265d9401d2e13fbdc6.jpg,1
download-20-9-_jpeg_jpg.rf.892e71900848e1e829f14c901ee3c88e.jpg,1
download_20-12-_jpeg_jpg.rf.948d7f32e9737aec9f833861ada4b38b.jpg,1
download_20-11-_jpeg_jpg.rf.3d4a9107fdbb6a133c52e5facbe15256.jpg,1
download_20-16-_jpeg_jpg.rf.eeab9e4290a28ab2eaf24c50857fa78b.jpg,1
download-20-4-_jpeg_jpg.rf.a9edc4abef0726aa4200490158a207df.jpg,1
download-20-5-_jpeg_jpg.rf.a77475642f4ad265faabf8034aa7d4c4.jpg,1
download-20-4-_jpeg_jpg.rf.739734b63e6eba02dae08ac62c880b1a.jpg,1
download-20-6-_jpeg_jpg.rf.655b3c10fdde0d4e4116c2fc451c8ff6.jpg,1
download_20-12-_jpeg_jpg.rf.9f3b91138715355dee496075fa3fd497.jpg,1
download_20-22-_jpeg_jpg.rf.d1958dd96495bb6c5ecc63826e6f646d.jpg,1
download-20-5-_jpeg_jpg.rf.4f46a976d234cc0b42153da60e061743.jpg,1
download_20-16-_jpeg_jpg.rf.ede6c8b75c45e599348aef74e9f9fd94.jpg,1
download-20-7-_jpeg_jpg.rf.98aa602793017b69d4e3acc49ed200c0.jpg,1
download_20-11-_jpeg_jpg.rf.0c71f2f26d2933de79c4a946d2557f56.jpg,1
download-20-7-_jpeg_jpg.rf.4ab066a6722588f88742e0b0e3636ea8.jpg,1
download_20-14-_jpeg_jpg.rf.8e35c9e0a9ad38f317ebfc514f2d413b.jpg,1
download_20-12-_jpeg_jpg.rf.7678aa429981b8183d26b7405e79f4b4.jpg,1
download-20-5-_jpeg_jpg.rf.db22165ddbfae5465e7ee8ce25f552b2.jpg,1
download-20-7-_jpeg_jpg.rf.4b9f404c1f277cdddd9d20f76e036be1.jpg,1
download_20-22-_jpeg_jpg.rf.6b209de777510998634d0be8334de0de.jpg,1
download-20-7-_jpeg_jpg.rf.3db326b8ca2e42953b8cb593e1a712d5.jpg,1
download_20-14-_jpeg_jpg.rf.58f0e9cef639f6586cb6cca5143c9616.jpg,1
download-20-5-_jpeg_jpg.rf.89596c91298d7f3ea8cd620b87c49a75.jpg,1
download_20-16-_jpeg_jpg.rf.3a3257cd24edfb57c44979348ead4b14.jpg,1
download-20-7-_jpeg_jpg.rf.d1acee9bc8e786df16811ae2caa4109c.jpg,1
download-20-7-_jpeg_jpg.rf.335d8fe871a0c2035250887befddbad7.jpg,1
download-20-7-_jpeg_jpg.rf.0672427299bca823f00e9cb2cf14bffa.jpg,1
download-20-5-_jpeg_jpg.rf.7c5e2cc28906d2f10af9ca4951789a69.jpg,1
download_20-1-_jpeg_jpg.rf.f22f54b388085b8c40b981f762102d53.jpg,1
download_20-22-_jpeg_jpg.rf.84219919d289a2154b8066341267c7d3.jpg,1
download_20-1-_jpeg_jpg.rf.2a5349b47ba781c104895cca7b4e1d99.jpg,1
download_20-18-_jpeg_jpg.rf.909a7a644010211bded075de836e6f44.jpg,1
download_20-14-_jpeg_jpg.rf.c4eed42a55be71a42e84e91c417e4ba0.jpg,1
download_20-14-_jpeg_jpg.rf.07d46875ae63f2958e63312aa27ca7b3.jpg,1
download_20-11-_jpeg_jpg.rf.19064723f1be8447a4d3e175856ce2d9.jpg,1
download_20-1-_jpeg_jpg.rf.649c33d0cd9f132c7cf48f0c1226ff9d.jpg,1
download_20-1-_jpeg_jpg.rf.82cedcd5e5af04a653e4c660d0c5cef7.jpg,1
download-20-6-_jpeg_jpg.rf.a073932a8176ed00dcad4f4025cadba0.jpg,1
download_20-16-_jpeg_jpg.rf.e93ed89ae00ce8738a8600369d7ee0d7.jpg,1
download_20-14-_jpeg_jpg.rf.facf20d531f988e6ece3be017ecaa1a3.jpg,1
download_20-3-_jpeg_jpg.rf.25c6081cdb6fab20e862af90f853c158.jpg,1
download-20-7-_jpeg_jpg.rf.e2b623159a716b887a264334a8c7b976.jpg,1
download-20-7-_jpeg_jpg.rf.d392d822eb6efd210793dfab2c1519ef.jpg,1
download_20-16-_jpeg_jpg.rf.f6045f55e67678fbabe1e17e8cd313c0.jpg,1
download_20-4-_jpeg_jpg.rf.c3230c1c774e17e7e4a0aa786a24f94e.jpg,1
download_20-13-_jpeg_jpg.rf.5dfb4b4464a17a52b90fde837894e22b.jpg,1
download-20-6-_jpeg_jpg.rf.c8655271a9764284c2f6e6a23dc81388.jpg,1
download_20-16-_jpeg_jpg.rf.16552d6e33ff50334caa9306951efcf9.jpg,1
download_20-3-_jpeg_jpg.rf.6f3357dab3caf1c9b21afe82396e596e.jpg,1
download-20-7-_jpeg_jpg.rf.6f94747b0774d14a1522bccabc4b70eb.jpg,1
download_20-22-_jpeg_jpg.rf.d06dba9b53817f10fc5a1e8851ec5a5b.jpg,1
download_20-11-_jpeg_jpg.rf.40acc3b9015cc31d1f193303d0c505aa.jpg,1
download_20-3-_jpeg_jpg.rf.588553efc9fd428fff261e31acb545cb.jpg,1
download_20-11-_jpeg_jpg.rf.6efbcacba0e3fa4baf0ee8e9f10f4bd9.jpg,1
download_20-13-_jpeg_jpg.rf.af456c479ef6cbd977b202805ecdde37.jpg,1
download_20-3-_jpeg_jpg.rf.a186ee0305c2d89339880feec98ceab2.jpg,1
download_jpeg_jpg.rf.47afb89aa8ead5289e960ba9c81d4a8b.jpg,1
download_20-22-_jpeg_jpg.rf.52bf0b5f0c89c35055e67279a5fe81b7.jpg,1
download_jpeg_jpg.rf.209ad9ae44ed3d0d27607eb3c2720bda.jpg,1
download_20-11-_jpeg_jpg.rf.e4f5cf46d7e761d3735a22e339657d5e.jpg,1
download-20-6-_jpeg_jpg.rf.c1938094d4c3fba4f105803817238159.jpg,1
download_20-18-_jpeg_jpg.rf.4ca2f32d874d7e17eacd50536a57fadc.jpg,1
download_20-18-_jpeg_jpg.rf.6c691d5748891a62218ddba8c4a854c6.jpg,1
download_20-13-_jpeg_jpg.rf.134f0ee9cefe2c2458d1edfb4e90ecc0.jpg,1
download_20-3-_jpeg_jpg.rf.db25e6e63b312fa964e1c9f4c49974e5.jpg,1
download_20-18-_jpeg_jpg.rf.a767abba98ff18df868c8a5c09f948c1.jpg,1
download-20-7-_jpeg_jpg.rf.05f7dd62f50682a3c8098bf1c363117e.jpg,1
download_20-12-_jpeg_jpg.rf.1401c9f470542839a8b3fad8acdc94a2.jpg,1
download_20-14-_jpeg_jpg.rf.9869c347b7ca2a4d9d6c97d35d3fface.jpg,1
download_20-1-_jpeg_jpg.rf.73a7bd83907adb80fcc355b85382fc0c.jpg,1
download_20-4-_jpeg_jpg.rf.2e50c04fd6f3a7709e070202e70d7d0b.jpg,1
download-20-9-_jpeg_jpg.rf.1357f2c568b14f8d3c66e41e57c6c12d.jpg,1
download_20-13-_jpeg_jpg.rf.8312a85fac17bb22d5bcf713366677bb.jpg,1
download_20-1-_jpeg_jpg.rf.8f5518fc63cb685ca6c533ad7b6e77a6.jpg,1
download-20-9-_jpeg_jpg.rf.99d2611d4da2da8862f1ae1cc820ca23.jpg,1
download-20-9-_jpeg_jpg.rf.19e19c9f63950467f16f032d812166bd.jpg,1
download-20-9-_jpeg_jpg.rf.00df41ee025118afe21525fa2dbd4016.jpg,1
drone-thermal-imaging-solar-panel-inspection-2-300x240_jpg.rf.066a0af48f2f3e8653ca0d2c350d327c.jpg,1
download_20-4-_jpeg_jpg.rf.4b4b7ebd8a66722018bc7434ca5e1853.jpg,1
download_20-12-_jpeg_jpg.rf.60e0f26750abf5df84bd156d86b0949e.jpg,1
download-20-6-_jpeg_jpg.rf.dac7d4b85820ef72a52b16d4c39c31b1.jpg,1
download_20-13-_jpeg_jpg.rf.f6476e877fe1e60ebce1713d5bb433b5.jpg,1
download_20-12-_jpeg_jpg.rf.3708fc176b6fe60e525fe8d3b4d624ec.jpg,1
download-20-7-_jpeg_jpg.rf.785424ac2a8903d05525cdeb68e4c97e.jpg,1
download_20-18-_jpeg_jpg.rf.df7ce3c284d2c9d4ae8815d4da52053b.jpg,1
download_20-18-_jpeg_jpg.rf.5d1f7fd542802333717827bfa935b855.jpg,1
download_20-13-_jpeg_jpg.rf.36883346044cd194775554d58a76f421.jpg,1
download_20-16-_jpeg_jpg.rf.1a90e1339e0c4b308a32f2a56f5e434f.jpg,1
download_20-12-_jpeg_jpg.rf.639323d54ffe4f251e9c9b8e893dd6df.jpg,1
download_jpeg_jpg.rf.dbe8280c37a29b21719a4c4a6a7c8a3f.jpg,1
download_20-12-_jpeg_jpg.rf.5006297d46649876717cf4def5f6ea07.jpg,1
download_jpeg_jpg.rf.f563fd5e858ee8a5e736dcbea3c764ad.jpg,1
download_20-18-_jpeg_jpg.rf.7b327b3991f261ac534da0f7f510ea23.jpg,1
download_jpeg_jpg.rf.70ea32a1d718af97ceeaaddf52af886c.jpg,1
download-20-9-_jpeg_jpg.rf.c232f87c7d8f0dd662281ad58448e2df.jpg,1
download_20-11-_jpeg_jpg.rf.0c4b8467243115fbce6a69db399f623c.jpg,1
download_20-3-_jpeg_jpg.rf.62b67c630bfe49e257916c3d8b9db777.jpg,1
download-20-9-_jpeg_jpg.rf.286add257c94f32c4af3916eadc4068b.jpg,1
download_20-12-_jpeg_jpg.rf.3d809e98be1b2f21cc4f09ba7a6c9d60.jpg,1
download_jpeg_jpg.rf.aa12f812876c202e6b5f100762450798.jpg,1
download_20-11-_jpeg_jpg.rf.e491aa3b148ac3233da71d738cdcf05b.jpg,1
drone-thermal-imaging-solar-panel-inspection-2-300x240_jpg.rf.f437c1647a65fb934cb640516ed85990.jpg,1
download_20-4-_jpeg_jpg.rf.02607c2bc8120fa285809d703c5f2e62.jpg,1
download_20-3-_jpeg_jpg.rf.8e20be3099332bec1445cd2f4347ed6f.jpg,1
download_20-12-_jpeg_jpg.rf.cf2dd55c150e8b143df1b9a6a4d084d0.jpg,1
download_20-12-_jpeg_jpg.rf.1a186d3590c67dddf1e0b231093af980.jpg,1
download_20-11-_jpeg_jpg.rf.a04f5928dffbcba70acc9426a28e4719.jpg,1
drone-thermal-imaging-solar-panel-inspection-2-300x240_jpg.rf.3862027d9bd0f589fc47cc24590139ba.jpg,1
download_20-13-_jpeg_jpg.rf.9d69422a3161fc1ba54e7c9611df23ad.jpg,1
download_jpeg_jpg.rf.74585f7d7589b0090ac59500ce991d05.jpg,1
download_jpeg_jpg.rf.3d13f83d4a8a2223516936178d630d77.jpg,1
drone-thermal-imaging-solar-panel-inspection-2-300x240_jpg.rf.a5801773f58975f78babbd2737a3e47c.jpg,1
download_20-3-_jpeg_jpg.rf.bc217eaf9fe74dedf98153dbda005ba2.jpg,1
download_20-11-_jpeg_jpg.rf.5b09902ce1373cebc5279b34f317d546.jpg,1
download_20-4-_jpeg_jpg.rf.ab9460afce186b67661bb40b9cc165b7.jpg,1
download_20-4-_jpeg_jpg.rf.ff1fdf67ca004b44858662fdccfdc891.jpg,1
download_20-4-_jpeg_jpg.rf.787a15a9a99fa7ae44a2316ab1b577c7.jpg,1
download_20-4-_jpeg_jpg.rf.1b578e1c2485ba75cff476f85cdbfa0c.jpg,1
FLIR0067-20-1-_jpg.rf.53572d9917ed077425b13415f449abeb.jpg,1
download_20-14-_jpeg_jpg.rf.5200120138625e4d3dcc28e2f5c4ca02.jpg,1
FLIR0067-20-1-_jpg.rf.6e05acffa9f1314f025f44b92a2cd13e.jpg,1
Drone-Thermal-Solar-Plant-Inspections-California_jpg.rf.9e23de3966b9f2be876f51ec0c3d0178.jpg,1
download_20-14-_jpeg_jpg.rf.4698304618b5523bbfdc5fdf42e0e623.jpg,1
Drone-Thermal-Solar-Plant-Inspections-California_jpg.rf.38d3be99577d61a2fad2ed13c7712e23.jpg,1
download_20-16-_jpeg_jpg.rf.c9205303e8a462504ca6cbb5c71d259b.jpg,1
download_20-13-_jpeg_jpg.rf.b04510f91cde5b0056c286f87f9a53ec.jpg,1
drone-thermal-imaging-solar-panel-inspection-2-300x240_jpg.rf.8e284aeaceef23b2f321212b8dc7b1ed.jpg,1
drone-thermal-imaging-solar-panel-inspection-2-300x240_jpg.rf.013d3a4595f37fa5a82045b578d98a1c.jpg,1
download_20-18-_jpeg_jpg.rf.579228027be77f9daae26e7eeac0d3ea.jpg,1
download_20-11-_jpeg_jpg.rf.98ffd97de5880322e9b70b48b3dd0d29.jpg,1
drone-thermal-imaging-solar-panel-inspection-2-300x240_jpg.rf.d7a5927e63b03b0a3feed2f758c4dc5c.jpg,1
download_20-18-_jpeg_jpg.rf.98085672d44c1fca688217eb980b5785.jpg,1
drone-thermal-imaging-solar-panel-inspection-2-300x240_jpg.rf.a641c9b9ef7b6754da906fcf4cbf4165.jpg,1
drone-thermal-imaging-solar-panel-inspection-2-300x240_jpg.rf.18096fecea72fb7433d72e9dfe333305.jpg,1
download_20-18-_jpeg_jpg.rf.775ee3422f0daf1cb4af2f51e5aa2f01.jpg,1
drone-thermal-imaging-solar-panel-inspection-2-300x240_jpg.rf.e1479dccdfe59ab977364ff641ab8d83.jpg,1
download_20-16-_jpeg_jpg.rf.8aafc9442693e18faa7b9dc5b41724c8.jpg,1
download_20-18-_jpeg_jpg.rf.413d20fbbdcaca934f969f839cfe3294.jpg,1
FLIR0888_jpg.rf.d34260c09a49fde5b6fac443452f705b.jpg,1
drone-thermal-imaging-solar-panel-inspection-2-300x240_jpg.rf.2230299f7e59cf04cd1e0edff8df0ec4.jpg,1
download_20-13-_jpeg_jpg.rf.2cd9d32a2dbb94805c1bd96642c1f45b.jpg,1
drone-thermal-imaging-solar-panel-inspection-2-300x240_jpg.rf.cfcfe8c29a5be748de7d93b33190040c.jpg,1
download_20-16-_jpeg_jpg.rf.2d8a0952c2618142c528ef79f7e69272.jpg,1
FLIR0058_jpg.rf.29496f045ffaf5ec376fbf528661b6ad.jpg,1
download_20-13-_jpeg_jpg.rf.d872d94bd6c92ec5ccf25812dd49c403.jpg,1
FLIR0058_jpg.rf.1a72228376220819d45d27e40d5e89e0.jpg,1
drone-thermal-imaging-solar-panel-inspection-2-300x240_jpg.rf.fb9c58bf4a076fb2b0bbb25ec004dd29.jpg,1
download_jpeg_jpg.rf.2c94d73b051e10b8b9af0537c506e943.jpg,1
download_jpeg_jpg.rf.213945f3e774c2ee7629661709cbfde4.jpg,1
FLIR0403_jpg.rf.66773ec949d88a64d679c90b654f73d9.jpg,1
download_20-16-_jpeg_jpg.rf.12a329d90a3bf542e9166d745ffed26b.jpg,1
download_jpeg_jpg.rf.20fcbf81eabcb4a2d690476b41dd03cc.jpg,1
FLIR0886_jpg.rf.14e5d70ceb514196377eb3088b4aa373.jpg,1
FLIR0886_jpg.rf.1f5d57111d703bec1222457c0d262ad4.jpg,1
drone-thermal-imaging-solar-panel-inspection-2-300x240_jpg.rf.e9f77c318b517b30ce3ee1ec810bee55.jpg,1
drone-thermal-imaging-solar-panel-inspection-2-300x240_jpg.rf.908a265e94cb399f9cf62e8fac1f4cf1.jpg,1
Drone-Thermal-Solar-Plant-Inspections-California_jpg.rf.d04f66a831a6c4a75b89edc959cc35a1.jpg,1
download_20-16-_jpeg_jpg.rf.8f2e1711907a80d3d22a93781e727126.jpg,1
download_20-14-_jpeg_jpg.rf.b90959a5ea4461a331bcd7c16e95bdb1.jpg,1
FLIR0404_jpg.rf.0ef36a0dbe443aa2dc906d2d287536ab.jpg,1
FLIR0404_jpg.rf.7e86c3ce699b03f0ad942f10c019b6d5.jpg,1
drone-thermal-imaging-solar-panel-inspection-2-300x240_jpg.rf.ff309a5c396c0813bc665187de0c1b4a.jpg,1
download_20-16-_jpeg_jpg.rf.2573b9369ef358f94bf3a6fc4668840a.jpg,1
FLIR0404_jpg.rf.f261f82bd949fe7b116cda8c920f8f08.jpg,1
download_jpeg_jpg.rf.6fa068f1c554ed5a7298208b86e6f3d1.jpg,1
download_jpeg_jpg.rf.a5d790430e2a4543cabdfa068be27d4e.jpg,1
FLIR0403_jpg.rf.2644502fcad9423f3ecac63c61fc630d.jpg,1
download_20-16-_jpeg_jpg.rf.fa5175e080804df9971043b6ca1a8f11.jpg,1
Drone-Thermal-Solar-Plant-Inspections-California_jpg.rf.1e5bfe58f2f47d034e5709daeaa8f8b6.jpg,1
FLIR0404_jpg.rf.61b252b99176e2ab2bae05093ee01d67.jpg,1
download_jpeg_jpg.rf.2223f3e4852bb346b9074e09e6ac0d86.jpg,1
download_jpeg_jpg.rf.33d81791ff9acf3e42fb9f2e6c9830d2.jpg,1
Drone-Thermal-Solar-Plant-Inspections-California_jpg.rf.10e2c5deea825f29ddf511a695058b2e.jpg,1
download_20-16-_jpeg_jpg.rf.64e3614931b79379300f5960c708a1b0.jpg,1
FLIR0888_jpg.rf.c2b1099371630d377886e29b06e3c8da.jpg,1
download_20-18-_jpeg_jpg.rf.f70577aa0d9462fa749845526e21f80f.jpg,1
Drone-Thermal-Solar-Plant-Inspections-California_jpg.rf.01309d5a857b9f91055124a2b12d8bb4.jpg,1
FLIR0886_jpg.rf.2757b1720c579d8e1a5b0ad08d743730.jpg,1
download_20-16-_jpeg_jpg.rf.1fea118b286f4c2c2f887b83ade13fbb.jpg,1
download_20-18-_jpeg_jpg.rf.27b38166b5f914af55b459c8e1299d85.jpg,1
drone-thermal-imaging-solar-panel-inspection-2-300x240_jpg.rf.781ab9bb9b0f9872d3bf98e2676eb99d.jpg,1
Drone-Thermal-Solar-Plant-Inspections-California_jpg.rf.5631ed3f48b40d04611948597a26c431.jpg,1
download_20-18-_jpeg_jpg.rf.377d902d5fee4eb8d7e2f36f8db98013.jpg,1
Drone-Thermal-Solar-Plant-Inspections-California_jpg.rf.f7ca806f507434d48a6d04cd275d9f14.jpg,1
download_20-13-_jpeg_jpg.rf.bfbdd1f73fde32e9be37cace7401fe80.jpg,1
FLIR0403_jpg.rf.bd3ddc395c0ffd563a4a97d165151ce9.jpg,1
download_jpeg_jpg.rf.f7e57ccb0f24ff6bd9d617bbbaad1d0a.jpg,1
FLIR0058_jpg.rf.44edaa3dd972cfa67f2141ba6fe249f0.jpg,1
download_20-22-_jpeg_jpg.rf.ce0ba1d47faec786e5ec9f909d216ccb.jpg,1
Drone-Thermal-Solar-Plant-Inspections-California_jpg.rf.feced65008422543dd590b950f28c449.jpg,1
download_20-18-_jpeg_jpg.rf.b234626b15c3433a69f559003d3a7fef.jpg,1
download_20-18-_jpeg_jpg.rf.f35e7d67a9fb87fee1d7c020dba234c6.jpg,1
download_20-3-_jpeg_jpg.rf.78749a6559bb68a98efa6feea9adcedf.jpg,1
download_20-3-_jpeg_jpg.rf.506fd42d85876e6965a895034dc70f1c.jpg,1
download_20-22-_jpeg_jpg.rf.6b305b2f9b8b78d2d0acd26d62169076.jpg,1
download_20-3-_jpeg_jpg.rf.7b723db08d70525fa27202c7d55aba90.jpg,1
FLIR0403_jpg.rf.222de044650163cfed6b653e155542ee.jpg,1
Drone-Thermal-Solar-Plant-Inspections-California_jpg.rf.4dc7eec6d37ef332fd6214473a3c270a.jpg,1
FLIR0058_jpg.rf.154cb20ddd2d0a6ab85f5bf5e15b608a.jpg,1
FLIR0403_jpg.rf.92e3ea0aac91a02e948d35647d63f723.jpg,1
FLIR0327_jpg.rf.c910e49a620f0b052c896c854afee1b1.jpg,1
FLIR0077-20-1-_jpg.rf.d984ffc3269ade99fc0268cb7e40a986.jpg,1
FLIR0403_jpg.rf.4d062e739121ddcf7e4fd03a44717efa.jpg,1
FLIR0077-20-1-_jpg.rf.6943b0c991f795aa0a24b1cbc4f99989.jpg,1
download_20-22-_jpeg_jpg.rf.732ff5ee8e3f92abf980bf3baba982a4.jpg,1
FLIR0058_jpg.rf.43eb3b0a1e40611942be988f4d23fd52.jpg,1
FLIR0404_jpg.rf.2629c100220a302089d6ff55dc555127.jpg,1
download_20-22-_jpeg_jpg.rf.77fc2f07f95305f31070b45b5f6620f4.jpg,1
download_jpeg_jpg.rf.1bfda6aea6c269f9b3cf0fa0268b6d20.jpg,1
FLIR0077-20-1-_jpg.rf.067034254064e8794eabc145676d71c0.jpg,1
FLIR0327_jpg.rf.b533e7f04222ea3703da4a9ad9306fbd.jpg,1
FLIR0067-20-1-_jpg.rf.9fe403ca5f0604e2c67bc022e2c372b5.jpg,1
images-20-34-_jpeg_jpg.rf.e9225814ffcbd151726039fe72c6f749.jpg,1
FLIR0327_jpg.rf.7001d1efc1ca8fa35f40981aa163ce8e.jpg,1
images-20-45-_jpeg_jpg.rf.7159896e35e133a342314221c84f390e.jpg,1
FLIR0058_jpg.rf.17f2d5f31507605911d999aca96600dd.jpg,1
images-20-35-_jpeg_jpg.rf.4730355646ed6d4d395ff731ddce1a90.jpg,1
images-20-45-_jpeg_jpg.rf.e4a3b721d05b03b760a0a7f92a7ce1e3.jpg,1
images-20-45-_jpeg_jpg.rf.001efa5f6eb3cafb904aa5f67ffbd55a.jpg,1
images-20-35-_jpeg_jpg.rf.f4e03250e1cc9143e506c1faa3b0135a.jpg,1
images-20-34-_jpeg_jpg.rf.e009099f47d3e758b35fb112f74bc013.jpg,1
images-20-36-_jpeg_jpg.rf.9bc7ef5cf7f9578aadf4d6fbbc87d50a.jpg,1
images-20-36-_jpeg_jpg.rf.b146bf21a246814b760e23d26eb79d5c.jpg,1
images-20-34-_jpeg_jpg.rf.196303a57e30f9e6995a1a30f28ee6ae.jpg,1
images-20-35-_jpeg_jpg.rf.1eca16923df9cac5dc77cb8c61cd18eb.jpg,1
images-20-37-_jpeg_jpg.rf.2aa36929d937e2f59679ff460db2eb56.jpg,1
images-20-35-_jpeg_jpg.rf.41d8b4129609f5040a32d5ea01268389.jpg,1
images-20-34-_jpeg_jpg.rf.a7a22744d4e879047ee1ccff2c20f6d3.jpg,1
images-20-44-_jpeg_jpg.rf.4100b9009e004752b68ac7fbd192d56b.jpg,1
images-20-44-_jpeg_jpg.rf.2d00c49858aa87dc16ea257162bb243d.jpg,1
images-20-45-_jpeg_jpg.rf.e162c8d39c1ecb4d8c66d77ff2e26e99.jpg,1
images-20-44-_jpeg_jpg.rf.81d66e6e42f4df3975a6235eeb2b9ec8.jpg,1
download_20-22-_jpeg_jpg.rf.0a040cfdd37fd33363b7d5f52ed7b4ff.jpg,1
images-20-35-_jpeg_jpg.rf.99a5040371e83c28fc1ce7e8c4c4c292.jpg,1
images-20-46-_jpeg_jpg.rf.827e5e3eb475ee528fbf3219b787d842.jpg,1
images-20-44-_jpeg_jpg.rf.3871c9c23a62aac0b66d8ce7db1fa9bd.jpg,1
images-20-36-_jpeg_jpg.rf.b623079301646e7d48530a504886c0ab.jpg,1
images-20-36-_jpeg_jpg.rf.7f429da6cab0007b37a8dba8107c8bf8.jpg,1
images-20-34-_jpeg_jpg.rf.8a7f67b5f79db8145257622b57e171c7.jpg,1
images-20-46-_jpeg_jpg.rf.519a33fdae5a442898c4470ec43e17b7.jpg,1
images-20-44-_jpeg_jpg.rf.99b99dd9c065c2f0031f09f41b2d460e.jpg,1
images-20-36-_jpeg_jpg.rf.e560272a2cd62dc28fd26f14aef6f899.jpg,1
images-20-46-_jpeg_jpg.rf.3e6c81fc17273a62da1f2074ab0897f2.jpg,1
images-20-34-_jpeg_jpg.rf.9b7a6ce564eae8c13e58838f9bf7ab7a.jpg,1
images-20-38-_jpeg_jpg.rf.03c254f963dce560ba66641115efc9e6.jpg,1
images-20-4-_jpeg_jpg.rf.79304cc1fb9c8fe10e34264e7e77e43c.jpg,1
images-20-47-_jpeg_jpg.rf.ed5e4a94cf01f6846b3dd9073d059ba8.jpg,1
images-20-46-_jpeg_jpg.rf.92b2b0cfe62ff77acea83f649a0adbcf.jpg,1
images-20-36-_jpeg_jpg.rf.c9d6666724dcff460b479648145baf1a.jpg,1
images-20-46-_jpeg_jpg.rf.44369be0988029c8c59784da98bb497a.jpg,1
images-20-36-_jpeg_jpg.rf.156adb19d5a450ee9dddedfd30a32ac8.jpg,1
images-20-40-_jpeg_jpg.rf.939878b7885c8e213440591a91dd896e.jpg,1
images-20-4-_jpeg_jpg.rf.2eb00512c4aec0b6456a6d3db04e3f76.jpg,1
images-20-36-_jpeg_jpg.rf.a008f75654c0f7b2ca2f9538cfac83b1.jpg,1
images-20-49-_jpeg_jpg.rf.3c1c9fbb35e13ec74097e0d37965bef3.jpg,1
images-20-4-_jpeg_jpg.rf.dfa0fe9a24e1937fdccb6556d9982a73.jpg,1
images-20-47-_jpeg_jpg.rf.8feb3b8910efb4d9e2371e85f5db26d4.jpg,1
images-20-45-_jpeg_jpg.rf.51807579aee7ed8e5d08df37c2cb9d00.jpg,1
images-20-45-_jpeg_jpg.rf.8c9e996f9b97cbe27e56fe4ff067f288.jpg,1
images-20-35-_jpeg_jpg.rf.ce728c643ec3b19a39683906be2aedd8.jpg,1
images-20-5-_jpeg_jpg.rf.0aa2623797a76a87de8e1ca14c3a1ff9.jpg,1
images-20-49-_jpeg_jpg.rf.1fed94691881b2393b1d6ad0099c9625.jpg,1
images-20-38-_jpeg_jpg.rf.fa4bcfc0c88cbf5304d7f9ec078b5949.jpg,1
images-20-4-_jpeg_jpg.rf.fc38d73d7b0a82f17c0737abe52a9b43.jpg,1
images-20-4-_jpeg_jpg.rf.6c455ba4d852456041671d2786ef4759.jpg,1
images-20-38-_jpeg_jpg.rf.f4defebec908dea82809bf6ec24a6060.jpg,1
download_20-22-_jpeg_jpg.rf.382e10266ecaf7ff6181e91c12cff943.jpg,1
images-20-55-_jpeg_jpg.rf.55ae460c95886b3463c7e43399b9dfb9.jpg,1
images-20-36-_jpeg_jpg.rf.76b0b553b1901a5dbe340afe5af33e48.jpg,1
images-20-37-_jpeg_jpg.rf.32497e2ccab93f6faffe05ca3cfbb568.jpg,1
images-20-34-_jpeg_jpg.rf.64ddf333b92267cd91c8c3d8d9976c33.jpg,1
images-20-41-_jpeg_jpg.rf.64fa7bf64915b56d65adc4585994c98d.jpg,1
images-20-4-_jpeg_jpg.rf.cf252b08290223cd87667232fcf55ea9.jpg,1
images-20-4-_jpeg_jpg.rf.c4f28a241398f4d9ecc2182b4c273267.jpg,1
images-20-5-_jpeg_jpg.rf.eb679ac3c44895c56b154cb501526990.jpg,1
images-20-37-_jpeg_jpg.rf.5c5b4779c18bbda9d1c095b8d988fc9b.jpg,1
images-20-36-_jpeg_jpg.rf.8f53e89dc766ba4381cd3c8787774e70.jpg,1
FLIR0886_jpg.rf.e3467e12940b9c6a79a960bf7003f4c5.jpg,1
images-20-36-_jpeg_jpg.rf.3e29fea120a0bfc8963d3bf505423a9e.jpg,1
drone-thermal-imaging-solar-panel-inspection-2-300x240_jpg.rf.f4ba20a82c414e5d7b5ad6b43b607a7c.jpg,1
images-20-4-_jpeg_jpg.rf.3090e42385aca33b0c5e9b3cf426e1f8.jpg,1
Drone-Thermal-Solar-Plant-Inspections-California_jpg.rf.6d88055067c5d0f90f924357bd5742b3.jpg,1
images-20-47-_jpeg_jpg.rf.86a93c5b77aae2b1969250275373352a.jpg,1
FLIR2245_jpg.rf.67951f56ba0040959a1950ea958988cd.jpg,1
images-20-55-_jpeg_jpg.rf.d9e1644fbfcb3a44cb96682ab18df9a4.jpg,1
images-20-47-_jpeg_jpg.rf.a316b57f9bbc9cef0c887372b07bed76.jpg,1
images-20-36-_jpeg_jpg.rf.b6433ddd60e9ad09d497538ec6485262.jpg,1
images-20-40-_jpeg_jpg.rf.6a4a3741617786da926577061a2fa664.jpg,1
images-20-5-_jpeg_jpg.rf.70807d3840892a6988428b5e1d2d8f95.jpg,1
FLIR2188_jpg.rf.738658bd431ac7979f16d02d8e7f7672.jpg,1
images-20-40-_jpeg_jpg.rf.aa758c06310a7e7d4d586d906ba932eb.jpg,1
images-20-37-_jpeg_jpg.rf.d7ed8c9a3a9ea7c4ff3f4a49100faf3f.jpg,1
images-20-40-_jpeg_jpg.rf.7bc4b3bb5b76c7fb154e85c964665a77.jpg,1
images-20-46-_jpeg_jpg.rf.630710d1f9f0445df390b0d38b067877.jpg,1
images-20-37-_jpeg_jpg.rf.26dc010a67453e27b4c3367b4ce82d4d.jpg,1
Drone-Thermal-Solar-Plant-Inspections-California_jpg.rf.a8474fec071ecda8a22dfab5fc872292.jpg,1
images-20-41-_jpeg_jpg.rf.6502bcb1e985c415d030421a05aca2e3.jpg,1
images-20-38-_jpeg_jpg.rf.b5275cb644593217a34cf3321dab793c.jpg,1
images-20-49-_jpeg_jpg.rf.6257b3eebdae04d118db659e149b8ab9.jpg,1
images-20-4-_jpeg_jpg.rf.420698215e4558a91b32e344114142ed.jpg,1
FLIR2188_jpg.rf.901443fa560c9e880d96181b00474608.jpg,1
Drone-Thermal-Solar-Plant-Inspections-California_jpg.rf.6cf0b96761b356171efdc7803c79010e.jpg,1
images-20-5-_jpeg_jpg.rf.a6bf460079b5d1dc27902bd70bd06a94.jpg,1
images-20-55-_jpeg_jpg.rf.453239f0403aa61e41d7a818753269d1.jpg,1
Drone-Thermal-Solar-Plant-Inspections-California_jpg.rf.46d5bf14f91d5b71f90eb391bc2f9706.jpg,1
FLIR0888_jpg.rf.397f6dfe1043f552e64596392bed0f1a.jpg,1
images-20-41-_jpeg_jpg.rf.29468ebe1fea3c1907aca3e26563a3db.jpg,1
images-20-5-_jpeg_jpg.rf.0c7360ab03046f7629ebd1577202cb82.jpg,1
images-20-40-_jpeg_jpg.rf.b454e039cd51784d9766f8be29221146.jpg,1
Drone-Thermal-Solar-Plant-Inspections-California_jpg.rf.30dc37fa98550a1753ff18200745d1c6.jpg,1
drone-thermal-imaging-solar-panel-inspection-2-300x240_jpg.rf.4f11b3e4a4385a0fbf472832176d26e8.jpg,1
images-20-4-_jpeg_jpg.rf.fd41358a5d8c13e1f8e52aeacfd1e17b.jpg,1
FLIR2246_jpg.rf.49e6ac496261a2066a994cabe01b9911.jpg,1
images-20-40-_jpeg_jpg.rf.f36f782fd4ff9cdc29cef0725cbf1de4.jpg,1
FLIR2245_jpg.rf.7186c353c04783472ab897079ab8325f.jpg,1
Drone-Thermal-Solar-Plant-Inspections-California_jpg.rf.15705083bbb2377efe2dbe015677dfcf.jpg,1
Drone-Thermal-Solar-Plant-Inspections-California_jpg.rf.2bfbad7b6848d42c49bfbdf1da8d0627.jpg,1
images-20-40-_jpeg_jpg.rf.9c3e67b921307684542d678a4b45a9b1.jpg,1
drone-thermal-imaging-solar-panel-inspection-2-300x240_jpg.rf.893256cfefa8f450d97e2b31498bfc66.jpg,1
drone-thermal-imaging-solar-panel-inspection-2-300x240_jpg.rf.6f3158cc147fa07c4b6992f0e48e5b14.jpg,1
images-20-49-_jpeg_jpg.rf.cb25e2453ebca08595eee3d95579b66f.jpg,1
FLIR2222_jpg.rf.b9c8dd5c8b0a3d9196893df565efac0d.jpg,1
FLIR2188_jpg.rf.13f727a7563ea3c6a19ed1d510cfa742.jpg,1
images-20-40-_jpeg_jpg.rf.29bb27862c499c805aa95dfdf5bafa06.jpg,1
drone-thermal-imaging-solar-panel-inspection-2-300x240_jpg.rf.7acc235112c575a9f5f7f0a3e774156e.jpg,1
FLIR1176-1-_jpg.rf.269fbbcf226e6db071b51ab3eaaf2929.jpg,1
images-20-37-_jpeg_jpg.rf.8517054ac33f27acd5c443ccd1e0d20c.jpg,1
images-20-40-_jpeg_jpg.rf.b3eb3292672324cbd56a9eef09af489b.jpg,1
Drone-Thermal-Solar-Plant-Inspections-California_jpg.rf.7ce5410882595626afb893001bde2323.jpg,1
images-20-38-_jpeg_jpg.rf.add88d08974b8ca39d34e45b70743aba.jpg,1
FLIR1176-1-_jpg.rf.bee52ff23d7cd26f0ec380e4ed874cb7.jpg,1
images-20-47-_jpeg_jpg.rf.33679b504c7c83dfe3f3a29e245f341f.jpg,1
drone-thermal-imaging-solar-panel-inspection-2-300x240_jpg.rf.4fd8c1cd1fe79ef44d21de81662ca7f5.jpg,1
images-20-38-_jpeg_jpg.rf.dc785504f53f0aafa711bd0dffb20c22.jpg,1
images-20-5-_jpeg_jpg.rf.e650144d1a163c3efc5095b2ec1df7a5.jpg,1
Drone-Thermal-Solar-Plant-Inspections-California_jpg.rf.a511e9b148a9f96d74e281eb2bf2bd13.jpg,1
images-20-10-_jpeg_jpg.rf.1f2c84a5da2cd329807f8b7eb8078f18.jpg,1
FLIR0327_jpg.rf.9f6af7e6fcacfd68f18523370d2a021d.jpg,1
FLIR0888_jpg.rf.cc0b7abe64c7407856c02d6834b64543.jpg,1
images-20-49-_jpeg_jpg.rf.1290884aa4650a044c2e2ee6fc8175d8.jpg,1
Drone-Thermal-Solar-Plant-Inspections-California_jpg.rf.6f5c6966ad63d61b5e18b878744fe926.jpg,1
FLIR1176-1-_jpg.rf.985b4210a7f813d503068285ffcc828e.jpg,1
FLIR2246_jpg.rf.4fcbde683dcfac9515e229ec3b44722c.jpg,1
images-20-38-_jpeg_jpg.rf.e311b74c713ac04041e569e556ffe452.jpg,1
FLIR0327_jpg.rf.eac927398c98c514a077a6fe645780ea.jpg,1
FLIR2222_jpg.rf.6d615cd6049a1a3ed94787b48d64c697.jpg,1
FLIR0886_jpg.rf.ba7ae125a7d2eeb97db67f973b9c8550.jpg,1
Drone-Thermal-Solar-Plant-Inspections-California_jpg.rf.730a7ed6c3b9e1723d83058d7f338a82.jpg,1
images-20-49-_jpeg_jpg.rf.1d484a01db9a1b3a924ef79708864076.jpg,1
FLIR2246_jpg.rf.052c203f88c7e5e563ce7515ed0b3a54.jpg,1
FLIR0888_jpg.rf.876d0858b988ee74fb7f2ca384b457d3.jpg,1
FLIR0886_jpg.rf.50f4a929029e8edf97a38f09324ea32f.jpg,1
images-20-47-_jpeg_jpg.rf.b48ff69bdf7937efa08f2834d68fe0e3.jpg,1
drone-thermal-imaging-solar-panel-inspection-2-300x240_jpg.rf.15386ef24e9f395179c2191cc1250079.jpg,1
FLIR2222_jpg.rf.13feba413d1816726524a2f56db13099.jpg,1
images-20-10-_jpeg_jpg.rf.57dc49480a6fb8da63ad4e9d42ced100.jpg,1
images-20-4-_jpeg_jpg.rf.c1a5ec3241ef4a007b75e0214d41bb20.jpg,1
Drone-Thermal-Solar-Plant-Inspections-California_jpg.rf.cdf710e4bc8d74f6e364259a9f9b2a39.jpg,1
Drone-Thermal-Solar-Plant-Inspections-California_jpg.rf.1f23b23ba38cfc825af37cab1a0655e8.jpg,1
FLIR0327_jpg.rf.2fcf264b26408c80d751d9d000c1b561.jpg,1
FLIR2245_jpg.rf.5404947c15995346e630c45cd6df7b23.jpg,1
FLIR0403_jpg.rf.afa45996f0d2bcc13256a04bdc777ff5.jpg,1
FLIR0327_jpg.rf.f17daaaba78b6b9368c8255d374e4223.jpg,1
FLIR0327_jpg.rf.c63c97da695f2381e10e30d42100bc42.jpg,1
images-20-38-_jpeg_jpg.rf.7852361c4975d66a800639960eaf163d.jpg,1
FLIR0403_jpg.rf.a69dc170208ab307cf7ee583c909b9e5.jpg,1
images-20-1-_jpeg_jpg.rf.7f7fec07f0d0ebe508dfeec18175d0cd.jpg,1
images-20-1-_jpeg_jpg.rf.b488adca07d56c477da65857bae566b7.jpg,1
FLIR0888_jpg.rf.ecaccde0d41580188d65a2735e99f1e8.jpg,1
images-20-10-_jpeg_jpg.rf.8bce3bec32afc189d339ff7fd4316e89.jpg,1
images-20-10-_jpeg_jpg.rf.0eb7461f028abb347e665b31b4da5ffe.jpg,1
images-20-10-_jpeg_jpg.rf.be41bf1fe591c7c5092048bb5d39559e.jpg,1
FLIR0403_jpg.rf.502b5175419f1e3db6eaef229bc25ee1.jpg,1
FLIR2222_jpg.rf.c8b7266aa51a4265822bdbe329340b9e.jpg,1
Drone-Thermal-Solar-Plant-Inspections-California_jpg.rf.cfedb4920a7bac4d2827190138e639d6.jpg,1
images-20-10-_jpeg_jpg.rf.27854f775f1572eb75451eb53ef1ca82.jpg,1
images-20-1-_jpeg_jpg.rf.1fe858c5cb47ae1484079df5a193617f.jpg,1
FLIR0067-20-1-_jpg.rf.3cb35e8112c1e9d7bbe389520fbe223c.jpg,1
images-20-10-_jpeg_jpg.rf.62fd18b251004a68814d615629d19cea.jpg,1
FLIR2245_jpg.rf.96c3bdff3c53bb17b6be7ec02a7f858c.jpg,1
FLIR0327_jpg.rf.342c16e75529a9fe485377b82740ee76.jpg,1
images-20-1-_jpeg_jpg.rf.fe4ee1d1e77fb182aabc29cdb94f39ed.jpg,1
FLIR0403_jpg.rf.fed7f6d60b7451701936a352d60a4b41.jpg,1
FLIR2246_jpg.rf.1aab6c7e6d0e05759cb3f905e54ac41f.jpg,1
FLIR2246_jpg.rf.89afd6bc1d0017904867fe0d2676e4b0.jpg,1
FLIR2245_jpg.rf.f378463eb46049e282c5816e535a8289.jpg,1
FLIR0077-20-1-_jpg.rf.f1dc84d08bbb2b4ad134329bd1736515.jpg,1
FLIR0077-20-1-_jpg.rf.24ccbbd3348cd3c0eb0b380df4f3492b.jpg,1
FLIR0067-20-1-_jpg.rf.be087f68ae3aab7c0aef60f31683ecab.jpg,1
FLIR0058_jpg.rf.83aae764621d61f0a32d89c4d60317b3.jpg,1
Drone-Thermal-Solar-Plant-Inspections-California_jpg.rf.54a37dd09293ba2ea254e329d4afda53.jpg,1
FLIR0058_jpg.rf.5b673297e4c908c309a6be5a0a33c6c4.jpg,1
images-20-10-_jpeg_jpg.rf.b92a405265ff2fc413efa66d423b0f33.jpg,1
images-20-1-_jpeg_jpg.rf.c3f6598a0cc36f26bcdaeb1b12f80e4d.jpg,1
images-20-10-_jpeg_jpg.rf.b62e92609caa22355b0a55b40bb6104d.jpg,1
images-20-1-_jpeg_jpg.rf.66777454382daa277b0b33900f0510eb.jpg,1
Drone-Thermal-Solar-Plant-Inspections-California_jpg.rf.67fd4190d898406a7056eb5faa4e251f.jpg,1
images-20-10-_jpeg_jpg.rf.76d8bbbf519a03a9b91d087e94d3ba19.jpg,1
images-20-1-_jpeg_jpg.rf.c46d35211a09ebd487439b1c6212af2e.jpg,1
images-20-1-_jpeg_jpg.rf.5e1b38da6e0c436b240f62feafe5f62d.jpg,1
FLIR0327_jpg.rf.39c31ce03254215e7ed7f966ff71da24.jpg,1
FLIR2245_jpg.rf.7996740b2e93ffcaf8d03a46b9c1dbf9.jpg,1
images-20-1-_jpeg_jpg.rf.00b743c820dcd1c88110cf5f0aae5ef8.jpg,1
FLIR0058_jpg.rf.a0283bcd54a6c65c699e827c5258b178.jpg,1
FLIR0067-20-1-_jpg.rf.519bc62eff2ae66b341e5c5889256d05.jpg,1
images-20-1-_jpeg_jpg.rf.044246e48d92355ac983a6e44893c29f.jpg,1
FLIR2222_jpg.rf.1bb5f75cbf56a947850a84a31c6b9796.jpg,1
FLIR0067-20-1-_jpg.rf.a07fd0c182767ba33b7356abe1d2a311.jpg,1
FLIR2222_jpg.rf.dbbc9f95254b57b6b889a71cc065d3c9.jpg,1
images-20-1-_jpeg_jpg.rf.c878900cd0aaf184f622192bf5fcce09.jpg,1
FLIR0067-20-1-_jpg.rf.20dde3a452215bf7ec626d3a4458e431.jpg,1
FLIR0077-20-1-_jpg.rf.91f2fcac275bdf7b0a37d9f24cd8afeb.jpg,1
images-20-40-_jpeg_jpg.rf.b2a531d6f150262c89f65690dddda208.jpg,1
images-20-42-_jpeg_jpg.rf.f9837ba58006519e4d6459d9f821eb8e.jpg,1
images-20-30-_jpeg_jpg.rf.43d8aa1230b8e15ab8510db4103b33ea.jpg,1
IR_0214_jpg.rf.ec623b7781339e6e63169eb37044ca9d.jpg,1
images-20-32-_jpeg_jpg.rf.c7d8440e45ca048e2fda3121a2d8d87c.jpg,1
images-20-30-_jpeg_jpg.rf.9c0dac3cace76dfcca7f366537d9d1c8.jpg,1
images-20-3-_jpeg_jpg.rf.b0909c51c2c216ab53fe7a70cebac954.jpg,1
images-20-32-_jpeg_jpg.rf.ef545154468e5f73c8215d0fc649c2c2.jpg,1
images-20-42-_jpeg_jpg.rf.c5a746282d37161fe7bfc3794700f569.jpg,1
images-20-30-_jpeg_jpg.rf.189559aad637d1203140767ed6747ff5.jpg,1
images-20-30-_jpeg_jpg.rf.3b69d7551a578b07550b81dc0852bb47.jpg,1
images-20-33-_jpeg_jpg.rf.a137ac14f909170a3d625e24487f0f2d.jpg,1
images_20-20-_jpeg_jpg.rf.2dc16af0603ebee07deb1add43e8c638.jpg,1
images-20-42-_jpeg_jpg.rf.a22a5b9470285ad2e527147d15e4b9ff.jpg,1
images-20-72-_jpeg_jpg.rf.bb75adde6e627d8faa2f20eb73239c66.jpg,1
images-20-72-_jpeg_jpg.rf.6157725d75159348b26f134195c41a4f.jpg,1
images-20-32-_jpeg_jpg.rf.050a19102d869d0aa755dc8c3444cb90.jpg,1
images-20-72-_jpeg_jpg.rf.2a153db08d8d83adf4dfdcd27bccc59f.jpg,1
images_20-23-_jpeg_jpg.rf.57c2433192aa111f550cc0befb2220d6.jpg,1
images-20-33-_jpeg_jpg.rf.c7be8abcdf6d823df120af9411da999a.jpg,1
images-20-41-_jpeg_jpg.rf.f63a2558ac0a073a085240396ff65ae4.jpg,1
images-20-40-_jpeg_jpg.rf.67b55a4e5b18bd2192a74605d619d63b.jpg,1
images-20-33-_jpeg_jpg.rf.b7f191b1cc005804d1f0558d6de86775.jpg,1
images-20-41-_jpeg_jpg.rf.55de0b2ccb5c50d8311cd1e41b1850e1.jpg,1
images_20-16-_jpeg_jpg.rf.df1f91835155fcdef257e6f5f76d1138.jpg,1
images_20-22-_jpeg_jpg.rf.d4cf156883e5935ba872f904c6bcb789.jpg,1
images-20-43-_jpeg_jpg.rf.84718b7c84901e3305cc5317e8e43048.jpg,1
images-20-73-_jpeg_jpg.rf.4d91d8e680c0afe5e347198426a43317.jpg,1
images-20-33-_jpeg_jpg.rf.ca639c37921d39d9c9d816a4a0b6dc68.jpg,1
images-20-70-_jpeg_jpg.rf.e94ab11dbffc8cd8e22d36fe6176b9d2.jpg,1
images-20-43-_jpeg_jpg.rf.436f314fc792881ca459305628832bcc.jpg,1
images-20-73-_jpeg_jpg.rf.e50c53ab84465fbffadaa9b06c2d460a.jpg,1
images-20-32-_jpeg_jpg.rf.008427553077492eb855d2e5a823b0c5.jpg,1
images-20-33-_jpeg_jpg.rf.103dcbb33af94d1070fb7dbfd01521b3.jpg,1
images-20-70-_jpeg_jpg.rf.99403145b74126288d4bfe1a57756125.jpg,1
images_20-20-_jpeg_jpg.rf.b09ef8dcc43c46828d1c2f4556055c24.jpg,1
images-20-32-_jpeg_jpg.rf.4ad61a36e74711dccb4f45e2472b4bc2.jpg,1
images-20-32-_jpeg_jpg.rf.07ee0132f5612e6e2eda25eef802a5a8.jpg,1
images-20-32-_jpeg_jpg.rf.7957f03b14be57d3caad3b2159e5aa6e.jpg,1
images-20-73-_jpeg_jpg.rf.792aff3a92514b1935e1149dbe18950f.jpg,1
images_20-20-_jpeg_jpg.rf.3fdd722a4e073adf8d20c1a206ecf6ac.jpg,1
images-20-4-_jpeg_jpg.rf.dc38d6164867b58e74d2868f49178e6f.jpg,1
images_20-22-_jpeg_jpg.rf.84c1788e22cd46a6d7c92772db63cfdc.jpg,1
images-20-33-_jpeg_jpg.rf.05f509c801047d328429bdc137e28201.jpg,1
images-20-42-_jpeg_jpg.rf.dbd2eb9263da3c92fa48aa9dcef17ab1.jpg,1
images_20-15-_jpeg_jpg.rf.8d24c916fb4768fec3777a80b80c8d08.jpg,1
images_20-22-_jpeg_jpg.rf.48fcc2bdab63b24ae2739e156f9adf14.jpg,1
images-20-73-_jpeg_jpg.rf.c4c43d4e2409865fee1587c30a785852.jpg,1
images-20-70-_jpeg_jpg.rf.12d2d26d36d2d79e43e047b73bf18c12.jpg,1
images_20-25-_jpeg_jpg.rf.367d03672dda1fa3399ec9534a6dfd7b.jpg,1
images_20-20-_jpeg_jpg.rf.43084aa1197065b6a842ef4abad68a58.jpg,1
images-20-32-_jpeg_jpg.rf.713254a2de23c959eaed637f79816b7b.jpg,1
images-20-73-_jpeg_jpg.rf.c3b41ff3a5323122891e94f5841393c1.jpg,1
images-20-31-_jpeg_jpg.rf.c0de300326726aa30fa08b8768b0c2b3.jpg,1
images-20-33-_jpeg_jpg.rf.fb325e6a19ead52a8153a1bcc19f3f5d.jpg,1
images-20-44-_jpeg_jpg.rf.399561cbf658a56fe7cddc356107bb36.jpg,1
images_20-16-_jpeg_jpg.rf.c7568244a4bcfe0c3b08c81480fcd4d6.jpg,1
images-20-73-_jpeg_jpg.rf.249a50c12f3325ab87eaff04e18f6f0f.jpg,1
images_20-25-_jpeg_jpg.rf.056546f74c81c7e60e88aaa53faabfeb.jpg,1
images-20-73-_jpeg_jpg.rf.94732397b27a3c9f89d3a9e9e2485ed8.jpg,1
images-20-72-_jpeg_jpg.rf.dd6ccf7403fcd435ec4c0ea2440714ad.jpg,1
images_20-23-_jpeg_jpg.rf.c3454a56a765f181aa7cb1079a89d874.jpg,1
images-20-70-_jpeg_jpg.rf.a202c5111ead9dced9fc8b9ca30c7c0b.jpg,1
images-20-43-_jpeg_jpg.rf.a896350a47c28a136af91f82c1903b73.jpg,1
images-20-30-_jpeg_jpg.rf.52485d56dbbf2a759d15cba2068259bf.jpg,1
images_20-20-_jpeg_jpg.rf.130448337bec39bb5e5a9285d8d5897b.jpg,1
download-20-19-_jpeg_jpg.rf.3ae3b909813a25e18851a2916ee67134.jpg,1
images-20-43-_jpeg_jpg.rf.2dfc20a1b95e5e6206b05228e9361933.jpg,1
images-20-34-_jpeg_jpg.rf.5cc90314deae4db912b84932389015a1.jpg,1
images-20-70-_jpeg_jpg.rf.236da89808b82627a329f950f425e92c.jpg,1
images_20-25-_jpeg_jpg.rf.7c5e2778416c60a63c96572adb656e5e.jpg,1
images_20-23-_jpeg_jpg.rf.eee162a5728c9234003699496e8a7448.jpg,1
images_20-20-_jpeg_jpg.rf.5b0a799ba13aad741961f635b2aa7a1f.jpg,1
images_20-26-_jpeg_jpg.rf.7866a804c64e8f4b0f746a4e6016c8f9.jpg,1
images-20-73-_jpeg_jpg.rf.817e53611b7aa0281ed049d8bd01e765.jpg,1
images-20-34-_jpeg_jpg.rf.a04c6160bcdf456c1ab26dc409e4b3cc.jpg,1
images-20-43-_jpeg_jpg.rf.1caf09769028a8cafb34990571da3161.jpg,1
DJI_0007_grande_jpg.rf.1cb87ed67a02aabc6f819f6c370c67a5.jpg,1
images-20-34-_jpeg_jpg.rf.c3a704a47b9e1955a6da21c4c94ef827.jpg,1
download-20-19-_jpeg_jpg.rf.8e0d19e758d84570726ed8ea2de45f01.jpg,1
images_20-23-_jpeg_jpg.rf.79cfa56facf65529a8f896939eb94179.jpg,1
images_20-20-_jpeg_jpg.rf.66690f11b46b7633fef1f98b5c6c71cd.jpg,1
images_20-2-_jpeg_jpg.rf.3146d74f3f98db2bed174010998fe85e.jpg,1
images-20-33-_jpeg_jpg.rf.97d764189056142e153f4781198e7fb7.jpg,1
images_20-2-_jpeg_jpg.rf.75f1e565d5c697eb0c6d58a31dccde31.jpg,1
images_20-16-_jpeg_jpg.rf.bac15f63cf63b264a1acb587093cbbe0.jpg,1
images_20-16-_jpeg_jpg.rf.3c58fd3dd0e336502a54e366a0393095.jpg,1
images-20-34-_jpeg_jpg.rf.10f6c5ce38c2966cf76ef62f04196d54.jpg,1
images-20-42-_jpeg_jpg.rf.1cefd8d3e71bed6dd4d9eeb9bab83733.jpg,1
images-20-29-_jpeg_jpg.rf.719d086452001b45f5cb28892b9b4e19.jpg,1
images-20-73-_jpeg_jpg.rf.ca36725d0ad146ee93807db3cc95f51c.jpg,1
images_20-25-_jpeg_jpg.rf.fcf624be7392e146be55ed325adb90c8.jpg,1
images_20-26-_jpeg_jpg.rf.09a70b1bca7f822904adc75688ca4dfa.jpg,1
images_20-16-_jpeg_jpg.rf.c10aae3aee506afd18a50a11c67952dd.jpg,1
images-20-43-_jpeg_jpg.rf.aa23091d8062bd7cf9b6b129d902cf23.jpg,1
images-20-72-_jpeg_jpg.rf.3dcfba74e26faa17485424f72b74aa35.jpg,1
images_20-2-_jpeg_jpg.rf.08b02a3d267a45be24689ad08c9e1b47.jpg,1
images_20-26-_jpeg_jpg.rf.aa503c001a050e197354578930dd4d73.jpg,1
download-20-2-_jpeg_jpg.rf.62203bb64920352346cf5b2c3df85cb6.jpg,1
images-20-30-_jpeg_jpg.rf.ade7dd1c031829a66151ed53abe17708.jpg,1
download-20-2-_jpeg_jpg.rf.64e8036315baf6ce56da299458689ee5.jpg,1
DJI_0007_grande_jpg.rf.ba5f3b015b4c42373e2f1bfca72c17bb.jpg,1
images_20-25-_jpeg_jpg.rf.f8ce19450dfbbbc7a0e2f9aa172a4b73.jpg,1
images_20-2-_jpeg_jpg.rf.54fa4cc8650ba1deb013318fbb55413d.jpg,1
images_20-15-_jpeg_jpg.rf.6c5fe8ff49a7df6fb56f19141b102379.jpg,1
images_20-15-_jpeg_jpg.rf.3ffee28600dc003e43492bbc7eb6a5fb.jpg,1
images_20-23-_jpeg_jpg.rf.6fbba016ca000c74e129b1272f53c1bb.jpg,1
images_20-21-_jpeg_jpg.rf.dd3d6364df4df2d7669e221b7d9a3178.jpg,1
images-20-70-_jpeg_jpg.rf.6185d7d175fd6d689121faabb61c2716.jpg,1
images-20-72-_jpeg_jpg.rf.7d3d028a11d73a14ec2a6959c8783f0b.jpg,1
images_20-25-_jpeg_jpg.rf.797d031066cf8599301a452250590749.jpg,1
images_20-21-_jpeg_jpg.rf.cc1e483552a6cb29049cdc8c60f298e5.jpg,1
images-20-73-_jpeg_jpg.rf.c7cc2f0e795730bf1e0bb2d07a044f59.jpg,1
images_20-2-_jpeg_jpg.rf.4f7835789f0a7748391649fafb35f1c1.jpg,1
images_20-15-_jpeg_jpg.rf.0f94a080da5a9a80f32ba3763393ebce.jpg,1
images-20-70-_jpeg_jpg.rf.32b1019f00bf7e2332292cf715f40483.jpg,1
images_20-23-_jpeg_jpg.rf.a28586a0052fc0d4f27e36d4f6acc2a0.jpg,1
images_20-15-_jpeg_jpg.rf.afe64afd8d0ef572ba7ecdc66bbd63df.jpg,1
download-20-1-_jpeg_jpg.rf.2a35c2b0fee58425bed5a54dd1a39ab9.jpg,1
download-20-11-_jpeg_jpg.rf.01059945f1b6c4dfdf908c22f03e3d30.jpg,1
images-20-72-_jpeg_jpg.rf.e5486da51bfd86d6f143427ca638758c.jpg,1
download-20-22-_jpeg_jpg.rf.2ae268ee5a55fac056082a037f788c9d.jpg,1
download-20-1-_jpeg_jpg.rf.f2df694bb4cfbc2bbb1750edf5459594.jpg,1
download-20-18-_jpeg_jpg.rf.28d14fa66195577b828447cc549e58a2.jpg,1
images_20-20-_jpeg_jpg.rf.c8707e41c547d23d9ee2fe7a108e35b6.jpg,1
images_20-21-_jpeg_jpg.rf.efcb9ead2da8adabb4f1c2331b3af4d5.jpg,1
download-20-11-_jpeg_jpg.rf.99992dad514ccc26ccb7b32777886021.jpg,1
images-20-72-_jpeg_jpg.rf.61e6f90bb7886762f75be5948e4081e8.jpg,1
DJI_0007_grande_jpg.rf.a0a346258098ff15c28cbb98cd9bcfd2.jpg,1
images-20-40-_jpeg_jpg.rf.2c26b75156ee9d6f9e53b91c2719e8ad.jpg,1
imgFC411_png_jpg.rf.940ead0d43b958c690ee2dcc139cc1f3.jpg,1
download-20-5-_jpeg_jpg.rf.5b3b817c1b2221fd3a2c8c51661e0787.jpg,1
images-20-73-_jpeg_jpg.rf.11fe461d96a51a26bd648d65b34b39ee.jpg,1
DJI_0007_grande_jpg.rf.1fa44d0f3421b5bda383f053bc4db60f.jpg,1
IR_0244_jpg.rf.f7f7408a63179749ef167b251ed9a82c.jpg,1
images_20-15-_jpeg_jpg.rf.810937b8ec73812b503f01dc4a003751.jpg,1
DJI_0007_grande_jpg.rf.d74a9c70fb1afa81d00f44457c4a4db4.jpg,1
download-20-22-_jpeg_jpg.rf.e7f9d1ff9e8f6cb5106013feb0be6e27.jpg,1
images-20-72-_jpeg_jpg.rf.06dee990d21df1b978c8c7133cac3ebb.jpg,1
download-20-19-_jpeg_jpg.rf.17f0b50554ba681140b3232a6810fd3d.jpg,1
imgFC411_png_jpg.rf.b0c1bcf3893519ec6cd894acb25cdfe2.jpg,1
images_20-24-_jpeg_jpg.rf.83caeb525dedae4e0eec4fbaadd8837b.jpg,1
images-20-73-_jpeg_jpg.rf.b5a21dcfb60af9cf16e09b01c2c8d0c9.jpg,1
download-20-1-_jpeg_jpg.rf.1f876ea4f870f5fc94030e2a9f4b8154.jpg,1
download-20-1-_jpeg_jpg.rf.a8cb51d177f65f31e0fed044c09c2b85.jpg,1
download-20-5-_jpeg_jpg.rf.049aa1c5cebccb8e17898c2a8f5e3cf6.jpg,1
images-20-73-_jpeg_jpg.rf.7085c8d97df61630636c18a9f0f563d2.jpg,1
download-20-1-_jpeg_jpg.rf.50e7de2e01800d03b531b844ca127bd5.jpg,1
images_20-2-_jpeg_jpg.rf.80f87d077c9aa2a81dbdafdc1e119794.jpg,1
download-20-19-_jpeg_jpg.rf.27e76f772987868d3f03c857a560d311.jpg,1
imgFC50_png_jpg.rf.916b3ba20a11ebbdcfe6459666bb4026.jpg,1
download-20-11-_jpeg_jpg.rf.f454735cd26864a972e7f3605c53bd85.jpg,1
images-20-72-_jpeg_jpg.rf.1fe37991f5e52b8225ad926cbe442a57.jpg,1
DJI_0007_grande_jpg.rf.a8594fb518645491fdd4b522c6fa32c2.jpg,1
download-20-4-_jpeg_jpg.rf.f794fde188af35d414a72d0b1fe65108.jpg,1
images_20-24-_jpeg_jpg.rf.c2fcdaaffb21824a9c0c44c56e528691.jpg,1
download-20-11-_jpeg_jpg.rf.fabeaee772369f9af5957e6a68745771.jpg,1
download-20-22-_jpeg_jpg.rf.ed91fb2f081797eed6ea963446dbf6ae.jpg,1
download-20-22-_jpeg_jpg.rf.5bf14596f1afe38576b2eab17ea277f3.jpg,1
download-20-22-_jpeg_jpg.rf.a80b5017b4cad01e7c9e6df52f6d710e.jpg,1
images-20-72-_jpeg_jpg.rf.27069c104822a9c5741991f5ea7034fd.jpg,1
download-20-2-_jpeg_jpg.rf.210dc8c1496c218e1639463f1dd2786d.jpg,1
imgFC443_png_jpg.rf.f724841ceb5102e3745b4d3a3fe21e64.jpg,1
DJI_0007_grande_jpg.rf.23934cb3a3282d77258bb90b531506b6.jpg,1
imgFC411_png_jpg.rf.d92d186c5894c87c65026725850a0aee.jpg,1
images_20-21-_jpeg_jpg.rf.4bd0b7b494c21bb6a0a5b9ba3739f98b.jpg,1
download-20-3-_jpeg_jpg.rf.d020fd3251e262565a77b395d8627401.jpg,1
images_20-21-_jpeg_jpg.rf.09a0af025d44b42699cd0be568c27919.jpg,1
download-20-19-_jpeg_jpg.rf.becf7d282059703fab9d7b6191874760.jpg,1
download-20-1-_jpeg_jpg.rf.9e7c77e1920a15b0c0c27f320fcfee38.jpg,1
images-20-73-_jpeg_jpg.rf.2acaa4b62e2fba432012b1ba9793af9c.jpg,1
DJI_0007_grande_jpg.rf.f8605918e6d8c0709bbc7def1c3abc90.jpg,1
images-20-73-_jpeg_jpg.rf.0342dd964434310e2a33efd94d00f3ad.jpg,1
download-20-1-_jpeg_jpg.rf.f1f3cffaf4c2a0d4e25e71b61a9889b6.jpg,1
download-20-1-_jpeg_jpg.rf.e53e53d37c3e4becdbc5a5c57d286df4.jpg,1
imgFC443_png_jpg.rf.d34891d0fe384ea24f961228dbe31045.jpg,1
images_20-22-_jpeg_jpg.rf.a967733b099e22409a632f0c3330298a.jpg,1
download-20-22-_jpeg_jpg.rf.a436c941c04596bcffe6ef7ee4923ad1.jpg,1
imgFC443_png_jpg.rf.b1e9eaed8b7b024dc626878158c02ecb.jpg,1
imgFC411_png_jpg.rf.d3aa99735ec69ff3780482a6d0ef34bc.jpg,1
imgFC443_png_jpg.rf.9a12d34b3731d5782319b7019f3c164a.jpg,1
images-20-73-_jpeg_jpg.rf.6144b08b08f711f07d2c7d68b71ff609.jpg,1
images-20-73-_jpeg_jpg.rf.b884aa19f56a4dd3dd3b894a8ca3b910.jpg,1
images_20-22-_jpeg_jpg.rf.79de22af95e54320305e16fe979e783d.jpg,1
download-20-2-_jpeg_jpg.rf.8ffea894fcff9816e12be9fb55f2b1d2.jpg,1
images_20-24-_jpeg_jpg.rf.c72a62c6f6ae5a1e4dde5ac5bd1f92da.jpg,1
imgFC511_png_jpg.rf.45bddabeaf8d75c23a95e06e2f02f3f9.jpg,1
imgFC443_png_jpg.rf.d459843ce443934b47a11260705a78d2.jpg,1
download-20-5-_jpeg_jpg.rf.5d2a746ed353ca1b50b28b04ad120ac9.jpg,1
images-20-73-_jpeg_jpg.rf.68dcc4d33a34807dd0fd50987983d811.jpg,1
images_20-21-_jpeg_jpg.rf.87d48b954673505f87cecd8e0e3cd974.jpg,1
download-20-11-_jpeg_jpg.rf.d5e97db4dfeea3269235d1b2b18bfdf3.jpg,1
imgFC48_png_jpg.rf.688caf71af3a70749e6b313063b0ee39.jpg,1
images_20-15-_jpeg_jpg.rf.c11b00a8a418169e0a20c49e75683f88.jpg,1
imgFC474_png_jpg.rf.8104a0ad59a71b18632262318644b06b.jpg,1
imgFC474_png_jpg.rf.8970798d7e06d25bf4ca653ebe5a0f0a.jpg,1
images-20-73-_jpeg_jpg.rf.aede0a4e9e09bccd0f690d937deb8f47.jpg,1
download-20-4-_jpeg_jpg.rf.610eeccb758f2f7e12e6f4fb9abbf59d.jpg,1
images_20-22-_jpeg_jpg.rf.f3af9e3f23287984ab9685b6934d0776.jpg,1
imgFC443_png_jpg.rf.24b89393ffb1633a19b9fc37f9376de3.jpg,1
download-20-19-_jpeg_jpg.rf.e65cef2ed5fb90aa4a6efd5b39569854.jpg,1
DJI_0007_grande_jpg.rf.65c4359502cfffcf02d5dec3b3c23932.jpg,1
imgFC474_png_jpg.rf.3d89bbd115f3277b8bdcdc42edea5d9d.jpg,1
imgFC474_png_jpg.rf.3d110d7db8e00e5543304668aeb536c3.jpg,1
imgFC474_png_jpg.rf.a048cef5d51abbbd8289eb23ac1d0c1a.jpg,1
images_20-15-_jpeg_jpg.rf.e0413f1553ea02371dd95e4b745d5d52.jpg,1
imgFC474_png_jpg.rf.2f967ecbab242241d3b4993e4dbb27b1.jpg,1
imgFC411_png_jpg.rf.ba056814ee58f35e38de0a2bd6eb938f.jpg,1
imgFC474_png_jpg.rf.df09cfb6b95e6e092882f96dc6f3f749.jpg,1
imgFC411_png_jpg.rf.70e6824fb4367d55746857336499a17b.jpg,1
imgFC511_png_jpg.rf.96451d17f1bda51712c8a8a42d892429.jpg,1
images-20-73-_jpeg_jpg.rf.fdfa24ba49b386dab4ba1045970f7c14.jpg,1
images_20-16-_jpeg_jpg.rf.507191a7cf252a70434fe8700d9bd1de.jpg,1
imgFC411_png_jpg.rf.ad17f98c08cda5f45dae2cd17c9ffa86.jpg,1
imgFC443_png_jpg.rf.2e56b88cde58820ebe65777da495b034.jpg,1
download-20-2-_jpeg_jpg.rf.d6f267769f25107fd2ac66f18faf8fa8.jpg,1
imgFC443_png_jpg.rf.f9c43659b6d3ae66a38648a76c0ca284.jpg,1
imgFC411_png_jpg.rf.f6cf6ee2d6a17f92a9c3114c75ec0004.jpg,1
DJI_0007_grande_jpg.rf.b9b4946429940e8c67d87f757f09dbff.jpg,1
download-20-4-_jpeg_jpg.rf.f686b19a7d9adc48d087666f08ce418f.jpg,1
imgFC479_png_jpg.rf.e8f5e4b648530f679bb90676ed5e070f.jpg,1
imgFC524_png_jpg.rf.47d717b4231b58efdcea2493cebfc59a.jpg,1
imgFC479_png_jpg.rf.1a45c0c0ab3a8d524f381b5f5127ef6a.jpg,1
imgFC487_png_jpg.rf.7b5c75bb84c03d1817156e996c7722fc.jpg,1
imgFC479_png_jpg.rf.4fe15bdd5d242a1dbbcd0a38d0500d20.jpg,1
imgFC487_png_jpg.rf.f542959a6e88487846c1c22142ba0fc3.jpg,1
imgFC524_png_jpg.rf.96d375279ee4c35ee236bb03bf085c56.jpg,1
download-20-1-_jpeg_jpg.rf.fc91c4564360e548d953d67d22ee96df.jpg,1
images_20-24-_jpeg_jpg.rf.01b0f9492eb042e9d47cc35b0ed0b1dd.jpg,1
images_20-24-_jpeg_jpg.rf.352d40c8e05867683662dfc0f3da3ea9.jpg,1
imgFC479_png_jpg.rf.89f289bdb803ed976b19f49276633105.jpg,1
download-20-2-_jpeg_jpg.rf.b9eb3a36e041f3941ace9035f112a622.jpg,1
imgFC474_png_jpg.rf.257d960e3b67ee1b9ff99dfa02d58070.jpg,1
imgFC411_png_jpg.rf.31759b1af9f87688f6b4936a9dde8d9b.jpg,1
imgFC474_png_jpg.rf.d80fb8396349fdaa5c5b0e9d052cc611.jpg,1
imgFC511_png_jpg.rf.ed308eea98845ca87c64984c01c2ad72.jpg,1
imgFC487_png_jpg.rf.4e351916cc52f72147f39516f1307b17.jpg,1
imgFC489_png_jpg.rf.e63f60acb99f898453f40849d0e34cf4.jpg,1
imgFC526_png_jpg.rf.5da8ec5ba716667a303298635cffac14.jpg,1
images_20-24-_jpeg_jpg.rf.6e4c58837d58b5962aa0a0cd50a34f9b.jpg,1
imgFC474_png_jpg.rf.eb50dd81f3a995620331316b1f92236f.jpg,1
imgFC479_png_jpg.rf.707414bd9717a5ec6c99aca8671f229a.jpg,1
imgFC411_png_jpg.rf.73362537b55ed0622ae186ab6cd80678.jpg,1
imgFC50_png_jpg.rf.ead26502c9f56e00b88f1de2b1c69c0b.jpg,1
imgFC474_png_jpg.rf.05caff0283cb335e35a8801bad58ac0f.jpg,1
imgFC492_png_jpg.rf.949876b63a3a3dcea1685568095ac275.jpg,1
imgFC48_png_jpg.rf.32f74c04bfc154154487c20f84496baa.jpg,1
images_20-16-_jpeg_jpg.rf.6b173e512fa335450c80c99c657e8d46.jpg,1
IR_0244_jpg.rf.462589e7f89cfd4dcfc54e967bb53d70.jpg,1
imgFC479_png_jpg.rf.aeb0b13f7f0e83939315c7b5c99d5139.jpg,1
imgFC489_png_jpg.rf.87e87c19286755b971ee6494b1724fbc.jpg,1
imgFC487_png_jpg.rf.99d60ac38a36b925d08deb98e6fad40e.jpg,1
imgFC487_png_jpg.rf.6ae09b3418dde1f4809bf828997f121b.jpg,1
imgFC411_png_jpg.rf.50eb3e5bd083eadd4bb138a504164a0f.jpg,1
imgFC524_png_jpg.rf.cd3b97fd6f9844fb6eab6aa9955db822.jpg,1
IR_0208_jpg.rf.f22ad1bd374cca8d24f87800add9a313.jpg,1
imgFC443_png_jpg.rf.a657e6f5c6ae8de570f282c9a79f9694.jpg,1
imgFC487_png_jpg.rf.bff021c6f42b8085c87bd5847d3711d3.jpg,1
IR_4959_jpg.rf.adb04159be315bcdf2af6f38eecd7847.jpg,1
imgFC411_png_jpg.rf.73870c0c8c5e5902347f5e5fd5afc960.jpg,1
imgFC479_png_jpg.rf.0a34b662c41fa16aa4247e0935233090.jpg,1
imgFC487_png_jpg.rf.4fdb08bbb5b4bd874c5cc09716f52ecd.jpg,1
imgFC489_png_jpg.rf.6627b69cd27c5807f733b9cdf4d5b221.jpg,1
imgFC479_png_jpg.rf.1e02fd801115b5c1f6b33a2972c96127.jpg,1
imgFC489_png_jpg.rf.318650dc311a4abbe9771a0a965a352c.jpg,1
imgFC411_png_jpg.rf.690593ccff06eeb6b1aaa05453e57aa5.jpg,1
IR_0208_jpg.rf.149169a61d5db2834650f9fa361ea9e9.jpg,1
IR_4959_jpg.rf.b50b06bb77adbe9c48ba2e03bf9531fa.jpg,1
imgFC487_png_jpg.rf.c1dc12533aa28c7c609302931d374680.jpg,1
IR_4959_jpg.rf.590f4cc9a22bd2c30be68e5a841710cb.jpg,1
IR_0206_jpg.rf.a3030cd4c4cbe3679d0a041173870e08.jpg,1
IR_0220_jpg.rf.3938d48ad48ee21535dce16022106e53.jpg,1
imgFC48_png_jpg.rf.52e9676c5bd46dd1c3ec99c554b18191.jpg,1
IR_0246_jpg.rf.a1303fd705a6cc9870b221473c4f16c0.jpg,1
IR_0222_jpg.rf.1a88af71ebe85142ac37a32a43ff5c0a.jpg,1
imgFC487_png_jpg.rf.ce87a1e70668f96171ec93c0ad7c6118.jpg,1
IR_0246_jpg.rf.8046653478221187655ee1b7bc55a08f.jpg,1
imgFC474_png_jpg.rf.b1317db19dc30900669bcbc0ce67aafd.jpg,1
imgFC52_png_jpg.rf.0c8eea06cc98086f4361f07e3d9b8b09.jpg,1
imgFC489_png_jpg.rf.ae610e5cf61ead5e10182549116a3f55.jpg,1
IR_0210_jpg.rf.39a6fccc4dbb3b65c314783b194683bd.jpg,1
IR_4973_jpg.rf.71459f558d388cbe83ba467b1dff003b.jpg,1
IR_0196_jpg.rf.6803e105eedc1712987b65ba1f4da650.jpg,1
imgFC52_png_jpg.rf.76961991f19b4fe155f96e80c65f0408.jpg,1
imgFC48_png_jpg.rf.d4db5cd1f06fb9684c5d4c3df04ff3f3.jpg,1
IR_0244_jpg.rf.0025efb0d54c921c09a21a533be7766b.jpg,1
IR_0206_jpg.rf.280ea4385621f5941e111b195f83113e.jpg,1
IR_0218_jpg.rf.4c1fc4454854ebd7299dfdb7b533b3e6.jpg,1
IR_0244_jpg.rf.1c102b025ddc57b80e28d72bfc7a21b8.jpg,1
imgFC479_png_jpg.rf.37cd2dd59617d60b6cd1b8e5a95e4e55.jpg,1
imgFC526_png_jpg.rf.a8bc636ca1726cad246ecebb25f20194.jpg,1
IR_4973_jpg.rf.31121623f37b99061ba591cd64754645.jpg,1
imgFC487_png_jpg.rf.7ec4d40e0c5b7584c7093e04344daf55.jpg,1
IR_0210_jpg.rf.5880f4912dd6e9015183a55761abc7c2.jpg,1
IR_0208_jpg.rf.040133883dcded6d7dcdb5ed4cd9a944.jpg,1
IR_0210_jpg.rf.c76c370c4ad0b90d7f354851d0027b48.jpg,1
IR_0206_jpg.rf.892809fd279616e7f14f24bdc20414a7.jpg,1
imgFC489_png_jpg.rf.16f6ac9a79b85a6b6f93b292c0a82d39.jpg,1
IR_0246_jpg.rf.6483dfd914edaac6d271241abe683bd4.jpg,1
IR_4959_jpg.rf.e57af59be5351d0a2202b6dbfb20d34a.jpg,1
IR_0206_jpg.rf.f1faebbc5dcf2f8db23482bd1c2b699b.jpg,1
IR_0218_jpg.rf.a2849ba5e1630c5db8a7c8eb282c3f77.jpg,1
imgFC52_png_jpg.rf.55077b6f814f880d2d67ec57c9c3fe37.jpg,1
IR_0222_jpg.rf.ae33b105777c4ac3f5404966adef778d.jpg,1
imgFC487_png_jpg.rf.267c39c6ab36de79cece43b33e9c4c97.jpg,1
IR_4973_jpg.rf.8f1bc1b9fffb99ab4dff852333a5d3e1.jpg,1
IR_0210_jpg.rf.91e713468a48a193b2beab055b5146c7.jpg,1
imgFC487_png_jpg.rf.0d0e2cd078c0bf035a9615a298cdf554.jpg,1
imgFC489_png_jpg.rf.aa4fe447250c539aa3a3e6cd78378f7a.jpg,1
imgFC48_png_jpg.rf.cb979ee4c2d9ab7423e8b55b39592743.jpg,1
IR_0220_jpg.rf.1d9558580c76cc585610bebc51b4866b.jpg,1
imgFC489_png_jpg.rf.c43604059c25f1ac2df23255fa9ba3dd.jpg,1
IR_0212_jpg.rf.89a0fe213720802dcbde73686124c776.jpg,1
images_20-25-_jpeg_jpg.rf.373fdbe5370433d60a8dd9f694ed1cba.jpg,1
IR_4973_jpg.rf.e5132541abd359545fef7bc3b97780c8.jpg,1
IR_0220_jpg.rf.801d40925fd014c21948ebabfff55f97.jpg,1
IR_0210_jpg.rf.fe980eea85addfc9856580a38f06aa80.jpg,1
IR_0246_jpg.rf.3cead2b2ae81f4df3bf2b0f6fc54ec2f.jpg,1
imgFC48_png_jpg.rf.7a9db37d7d631d6184521bb3d8f7176f.jpg,1
IR_0246_jpg.rf.eaa2a5513857fe0c6c2f8413cc3fc4e0.jpg,1
IR_4973_jpg.rf.aebad356cbf91aef6d2d6a442c34bf63.jpg,1
imgFC487_png_jpg.rf.d2367fb4b6270db5f05db70754b814c0.jpg,1
images_20-25-_jpeg_jpg.rf.2eaf66fb547d88c84143d185147b4958.jpg,1
IR_0210_jpg.rf.cbdb9a3692d9e902118952b7f4c88567.jpg,1
images_20-23-_jpeg_jpg.rf.68f5856c2a06dab2d26dd96c0b370b51.jpg,1
images_20-23-_jpeg_jpg.rf.d1d6b162581e23e732c61fc1464dcd79.jpg,1
imgFC48_png_jpg.rf.553e7bbc51ed0edfdafd31796e668a8c.jpg,1
images_20-3-_jpeg_jpg.rf.8baaf73bb9d355b2a4798e23d9796df0.jpg,1
images_20-21-_jpeg_jpg.rf.b135f9de31b7c1fa239bd85be95cb1fa.jpg,1
IR_0218_jpg.rf.1723ae2dcc3cf1e80c1c9607c3696b5c.jpg,1
IR_0210_jpg.rf.ef9338ebfe158352d81e25914385278b.jpg,1
IR_0212_jpg.rf.8bcac91769cf26ff8a04b158157c5917.jpg,1
IR_0246_jpg.rf.946cba0fdecaf7ac1ce3f39fafa8deed.jpg,1
imgFC489_png_jpg.rf.9b13b58f73401fd1be3bbf8c238a6b06.jpg,1
IR_0210_jpg.rf.cf78eb01e2aeea7c44520a488512465b.jpg,1
IR_0208_jpg.rf.21f2a28b1eabf71ab3515d009dfc60d3.jpg,1
imgFC487_png_jpg.rf.a3619da2af63c3d36d2f90c90805b5f5.jpg,1
IR_4973_jpg.rf.1de3a9ada571b7f24cb2cf712e709852.jpg,1
images_20-27-_jpeg_jpg.rf.33d558e40378f99974b8ee6151f820ef.jpg,1
imgFC48_png_jpg.rf.c40bc0d1bd9117a5178edb69ffae204f.jpg,1
images_20-29-_jpeg_jpg.rf.40aa92b0183c6d8c6a0ce1ef3719f9f9.jpg,1
IR_0220_jpg.rf.f10db22116761aa1899669e8e0aef06d.jpg,1
images_20-29-_jpeg_jpg.rf.6afbb895f3b5090ea33905f06efc231c.jpg,1
IR_0208_jpg.rf.a747003b28c67f15796ab93cf4348343.jpg,1
images_20-27-_jpeg_jpg.rf.240623bc0d2e291679923e65d439d6ff.jpg,1
IR_4959_jpg.rf.74100b624f290c3303ca14a6ba11236e.jpg,1
images_20-21-_jpeg_jpg.rf.caeb44e6a1c16b38426b1a33f0b7736b.jpg,1
images_20-21-_jpeg_jpg.rf.b4864c0fcf6aa787d65e61ce6c8fafdc.jpg,1
IR_4983_jpg.rf.234e002e7c499fd4f09f089867dd3022.jpg,1
IR_0220_jpg.rf.8c0ae4ee2d71dd0daeb483406a356a5a.jpg,1
imgFC526_png_jpg.rf.f17286bfe262ece0e3139bc1605e2e73.jpg,1
IR_0208_jpg.rf.3893481d9d2d6a1c17f50baef0d95ad2.jpg,1
IR_0220_jpg.rf.28e642241ff7876d6fdb56a07f8be067.jpg,1
IR_4987_jpg.rf.23cf0dc89e70d161dc35e85b85709980.jpg,1
IR_4983_jpg.rf.4d0dc758022d90dd020ba8201ab887d8.jpg,1
images_20-27-_jpeg_jpg.rf.65119f89f5387e316041f030186c12cd.jpg,1
IR_0224_jpg.rf.82ed534adcd3068770b1692954d18246.jpg,1
IR_0214_jpg.rf.9ab4e844dae87e3b8665c12467659e09.jpg,1
IR_4987_jpg.rf.778598e1a3d45eb7c47f2fc036553d66.jpg,1
images_20-25-_jpeg_jpg.rf.03143446f96cd7eccbd9e622bfed869c.jpg,1
IR_0220_jpg.rf.b70142e5d37e18d16981329a4b7dd3e1.jpg,1
images_20-27-_jpeg_jpg.rf.3ee9406eb2ea0bd2bd9b6f20c288bf5b.jpg,1
maxresdefault_jpg.rf.73f6111b1ff134d3f16dfa4069865c42.jpg,1
IR_0214_jpg.rf.da45633b98c8bcc814b99e0d1e725662.jpg,1
IR_0208_jpg.rf.330bde675ddea20eed457c36bc942902.jpg,1
IR_0222_jpg.rf.f9ac3ebf9c03d2010eceb7ca3f3db554.jpg,1
IR_0226_jpg.rf.b48f38cb5617824e6deeb75d0891cb28.jpg,1
maxresdefault_jpg.rf.de621f2ec3daf8ad05b95d9a4315327c.jpg,1
IR_0206_jpg.rf.cb592f4540671ee5c9c3d052a9cfd5df.jpg,1
IR_0208_jpg.rf.94840fb5d2c648fd45b72afe1e2f62b0.jpg,1
IR_0224_jpg.rf.bd27f5bf03d3874271ed5a440fe25066.jpg,1
images_20-24-_jpeg_jpg.rf.618bdb04b6bf51cb9f3f3d7946e9d743.jpg,1
IR_4959_jpg.rf.cb04fbe4dc496863e165cf5a22240ba7.jpg,1
IR_4983_jpg.rf.f76f9e34975f3df273dd18588135050a.jpg,1
images_20-27-_jpeg_jpg.rf.fdded21977f06a43893b3ea5675b187a.jpg,1
IR_0226_jpg.rf.c84e22e4d5995d38c6586db2dcb6ec93.jpg,1
images_20-28-_jpeg_jpg.rf.e5be86b2cf2ebc0365aa0471c56bc921.jpg,1
images_20-33-_jpeg_jpg.rf.6a69953b8a4c63dabb9a5b57b200ee61.jpg,1
maxresdefault_jpg.rf.43b70694a0d4a6090c93a01304cf1f08.jpg,1
images_20-33-_jpeg_jpg.rf.541243528ac9157372c536bcc4c6a15d.jpg,1
IR_0220_jpg.rf.3101ecfa27b7db9f373e1690cd02749a.jpg,1
images_20-24-_jpeg_jpg.rf.82b99595db279805360bad8f44e5f914.jpg,1
IR_0220_jpg.rf.2cfd3d106c247314aa11a4e9c25ee034.jpg,1
IR_0220_jpg.rf.0c41ac57758779dee199a00bbf5dfd8f.jpg,1
images_20-21-_jpeg_jpg.rf.f814a8a7908852f6d7b4ca3406f7d013.jpg,1
IR_0214_jpg.rf.4d5463c16a69628b33a122cb6dfa2cd5.jpg,1
images_20-3-_jpeg_jpg.rf.96344cb184585c2f3f595959bdfae623.jpg,1
images_20-23-_jpeg_jpg.rf.622be04ff4cc63b61657dd2168eb06b0.jpg,1
IR_4987_jpg.rf.7527fe4af46e172f29a275452800307d.jpg,1
IR_0212_jpg.rf.53a5a85c40dec6f80db455e398d9c7a2.jpg,1
IR_0212_jpg.rf.d3b3a46a1dd05a6a26b7b7ec47232e11.jpg,1
images_20-31-_jpeg_jpg.rf.14e7e9b8cf0672d51d95a6988ca9f735.jpg,1
images_20-3-_jpeg_jpg.rf.7ffa43615550fc703ce398cee8afeb06.jpg,1
images_20-3-_jpeg_jpg.rf.cd7ba90d776b278c8a059f20b2bffce0.jpg,1
maxresdefault_jpg.rf.1227110a1724eeff80079715ee31e40d.jpg,1
images_20-31-_jpeg_jpg.rf.2d28a368e2995324e17ffc8896d6951c.jpg,1
images_20-24-_jpeg_jpg.rf.c25b8561632a353da8bdbba1895d6dce.jpg,1
images_20-24-_jpeg_jpg.rf.5f649b5aef025912c8b21a2aa7ee35b2.jpg,1
IR_0214_jpg.rf.6a4896f9603825469eb62a6368f372a5.jpg,1
IR_0212_jpg.rf.fc6489b4994b062ccec9f8fdfd0695c5.jpg,1
images_20-29-_jpeg_jpg.rf.759194f50d25fb1d74d7783bed2646a9.jpg,1
IR_0212_jpg.rf.35b34de43fe3c4fe68c9facd9ea911c4.jpg,1
IR_4983_jpg.rf.81f29bd51be23a7ebae097674f5d9b8c.jpg,1
images_20-29-_jpeg_jpg.rf.5de7505c4cdcecf1339d1948b09cd705.jpg,1
IR_0224_jpg.rf.2ecdce1d9b31b2598997863f1c7c74e9.jpg,1
images_20-28-_jpeg_jpg.rf.6e920ce0e6f77d9a57fadc280acc3c1d.jpg,1
images_20-28-_jpeg_jpg.rf.b7acae754cabdb331cdf0ce61ada296b.jpg,1
images_20-24-_jpeg_jpg.rf.901a8042b1dfb84d282e002be34c6edf.jpg,1
images_20-31-_jpeg_jpg.rf.cff0ad1794002fbb58343ff31443ae7c.jpg,1
images_20-24-_jpeg_jpg.rf.ce679a957b697a3a61e1ae912c02db0f.jpg,1
images_20-27-_jpeg_jpg.rf.5969eed63dd5e466d89675f17f02d436.jpg,1
IR_0212_jpg.rf.6f3dad9387a94a8ad1f4833e24c8d2f6.jpg,1
IR_4983_jpg.rf.2e3d9f00ef6da22b03e67dcb5dd76188.jpg,1
images_20-24-_jpeg_jpg.rf.d207e1af32df793f77642ed8caca7ea7.jpg,1
images_20-3-_jpeg_jpg.rf.8b7e047652828d62a025e86339c5d8e1.jpg,1
IR_4983_jpg.rf.ec4597b79af6cb5476d8c52d1b0f731d.jpg,1
images_20-27-_jpeg_jpg.rf.a683f56cf3b96107231d872db1046b00.jpg,1
images_20-33-_jpeg_jpg.rf.38a809f7bc80826e9baf644af135e498.jpg,1
IR_0212_jpg.rf.714dbd9d7ae11f2271c4415a2d39eaaf.jpg,1
images_20-27-_jpeg_jpg.rf.bb45e9bb387f8925207735af418f8735.jpg,1
images_20-28-_jpeg_jpg.rf.94f15d071944290099a2ba8865a11bf2.jpg,1
images_20-27-_jpeg_jpg.rf.8951f5595f6381287c480de40db4a276.jpg,1
images_20-27-_jpeg_jpg.rf.bc985fdf838ffecf54118baff48c5d92.jpg,1
images_20-28-_jpeg_jpg.rf.0f2a17d038b7aced2ed6a59c51aed194.jpg,1
images_20-24-_jpeg_jpg.rf.08cae69f8702ee1254f7c1a88a0db77d.jpg,1
IR_4987_jpg.rf.247415cc0b6c550f819eecbe333f84d8.jpg,1
images_20-25-_jpeg_jpg.rf.73f1adc8f1fdaf4c262aafd3c05fa2d1.jpg,1
images_20-33-_jpeg_jpg.rf.73057d9b32bd3e5f06568144265b9e93.jpg,1
images_20-30-_jpeg_jpg.rf.bda668c0794b6e9e6905bca5802d016c.jpg,1
IR_4987_jpg.rf.402e52ea625464a3b41e99306cb9c608.jpg,1
download-20-12-_jpeg_jpg.rf.ae3aeaa1330850bcc9d0af927c700189.jpg,1
images_20-26-_jpeg_jpg.rf.99ffb9f54d54213a164d11272925a147.jpg,1
images_20-26-_jpeg_jpg.rf.44472c8ace612b3aff0091b54c636cb1.jpg,1
IR_0214_jpg.rf.5b67d069652553b9be25c871bf372ac1.jpg,1
download-20-3-_jpeg_jpg.rf.b72e7ae60f51c239f9df0368f882967a.jpg,1
images_20-31-_jpeg_jpg.rf.fb6735a6eb42986f1967fe57a74dfbfd.jpg,1
images_20-25-_jpeg_jpg.rf.5ccd49a35003d7a6794e1ba2511c0ebd.jpg,1
images_20-22-_jpeg_jpg.rf.08e9ce97ca8fc4bfc7c7efbfa190e36d.jpg,1
download-20-3-_jpeg_jpg.rf.274a21734c6089cecdc71ec76a2328ee.jpg,1
images_20-25-_jpeg_jpg.rf.0a75070bb55497d5617b9ca1ede7cdaa.jpg,1
images_20-31-_jpeg_jpg.rf.ee6a2469754a70b437389642ff8774e6.jpg,1
IR_0214_jpg.rf.caed91a4bff9af6079eeabe15c170431.jpg,1
download-20-3-_jpeg_jpg.rf.eba56b0faebd2db73ee7508ac700e87c.jpg,1
IR_0214_jpg.rf.ae65f076a86ccf1a399bee671cda3896.jpg,1
images_20-26-_jpeg_jpg.rf.45fb8a5648c66eee5fb4a2877e499d88.jpg,1
download-20-3-_jpeg_jpg.rf.914062f25d4092609a0dbcfe10433b4a.jpg,1
images_20-26-_jpeg_jpg.rf.b7347c230e238e588dc50d6d8d3b393b.jpg,1
download-20-7-_jpeg_jpg.rf.2ac142d4b029b1cb05dbaef7a44346aa.jpg,1
images_20-30-_jpeg_jpg.rf.cae14b9dd458dab19e25aa6bcd92b24f.jpg,1
images_20-30-_jpeg_jpg.rf.769328e0afdab8be8ede16e2d937bea6.jpg,1
download-20-13-_jpeg_jpg.rf.2eff0798daa68a85d6419998a40b13ad.jpg,1
maxresdefault_jpg.rf.63139ddc99c10882b99ea067f73e5cdb.jpg,1
images_20-23-_jpeg_jpg.rf.1a65049080fb929e20eea2cee075942c.jpg,1
download-20-3-_jpeg_jpg.rf.1f27ce761be7144d60aa2f841ddd2755.jpg,1
images_20-30-_jpeg_jpg.rf.c76846bcdaa4f6a5c0b31ece865f65b9.jpg,1
images_20-30-_jpeg_jpg.rf.9e7e0a73c416fc702bd72df8d18d2814.jpg,1
download-20-6-_jpeg_jpg.rf.174f927af7ce671beb3b1f8cda46a85e.jpg,1
download-20-14-_jpeg_jpg.rf.d6306ff159614e534a62daa59cfaec4a.jpg,1
images_20-22-_jpeg_jpg.rf.61400d6082e856ccd0996154ad6bffa3.jpg,1
maxresdefault_jpg.rf.0b3b8b9652da46007f2df393e9baa079.jpg,1
IR_4987_jpg.rf.fb9fc0d846fcbc10a55031a1899c797a.jpg,1
IR_0212_jpg.rf.f108124248bb99e5d15eec2a76d2afd5.jpg,1
images_20-2-_jpeg_jpg.rf.4e6385fcccae0d9ee8674de9e714515d.jpg,1
download-20-13-_jpeg_jpg.rf.4df9c36410d965e68e9b4d0709a59c7c.jpg,1
download-20-14-_jpeg_jpg.rf.3034fb23bfc6582befb6e518fd7c86e6.jpg,1
download-20-5-_jpeg_jpg.rf.d0ad072a00be42bff6c654e73d6176c2.jpg,1
images_20-26-_jpeg_jpg.rf.e61025668b5eaf3f1bd0bdd391b3caf4.jpg,1
download-20-14-_jpeg_jpg.rf.2a0e56de24f9961f1761e9cbba34f7b6.jpg,1
images_20-22-_jpeg_jpg.rf.b4513aa60727b02c2d506ad92712203e.jpg,1
images_20-29-_jpeg_jpg.rf.f79c77f27fc32596ca6fbeee97eb71c4.jpg,1
download-20-15-_jpeg_jpg.rf.26b1d3d43e21ed8de2070759b45f3606.jpg,1
download-20-13-_jpeg_jpg.rf.7dcab5cb4f1d64ed3d33556eb3c09026.jpg,1
download-20-7-_jpeg_jpg.rf.5c90f2b2481a188409e75f57425e968f.jpg,1
download-20-3-_jpeg_jpg.rf.34db6e401b800cd5c49e0a75fb1a2dce.jpg,1
images_20-22-_jpeg_jpg.rf.5da80e3e30e5dc8308843deda229f023.jpg,1
images_20-31-_jpeg_jpg.rf.ddebf272698fbb99e98e64f7c72267da.jpg,1
download-20-15-_jpeg_jpg.rf.beb0226a9ed8821ef0b31610fbc8a6f2.jpg,1
download-20-5-_jpeg_jpg.rf.1c633d8641f1c413061422371bd65da0.jpg,1
download-20-5-_jpeg_jpg.rf.7ae61d7a123eab11c0e71a7eeca6e48c.jpg,1
images_20-28-_jpeg_jpg.rf.2512afb72c41873a9c06c3aceea61f19.jpg,1
images_20-29-_jpeg_jpg.rf.7419ed5538dad8c50a1e3ce1869b9d0f.jpg,1
download-20-5-_jpeg_jpg.rf.ad6633f0f43a10fbcd62bd978cc525b1.jpg,1
IR_0226_jpg.rf.d67b9c4edc26ca88186b7956eb92a708.jpg,1
download-20-6-_jpeg_jpg.rf.00d724a8041757d7e329511aca15d206.jpg,1
Medium-Scaled-PV-IR-linked-2-copy_jpg.rf.83c14a2dd90e5a97a303138e738f1192.jpg,1
download-20-12-_jpeg_jpg.rf.b5632fb4c9e98698bcaf421f0551a62e.jpg,1
images_20-21-_jpeg_jpg.rf.776bfbdea2c355e20efd7f17799f5297.jpg,1
download-20-15-_jpeg_jpg.rf.44f616de80d5467a60227a2001f38c3a.jpg,1
download-20-15-_jpeg_jpg.rf.122375cbb6ec3f7d7ed29587548aff2a.jpg,1
download-20-5-_jpeg_jpg.rf.a2f377de5af5ad2c862dd9c37bee8474.jpg,1
download-20-16-_jpeg_jpg.rf.d339a78e89f4f768bf2ebf0ba0b70d24.jpg,1
download-20-5-_jpeg_jpg.rf.a1016a378b7ebffaa9f873ea9851818c.jpg,1
images_20-25-_jpeg_jpg.rf.e1fa16fd8aa7c2a37b089375b592b8f8.jpg,1
images_20-24-_jpeg_jpg.rf.b50042f08be089900aedb5630a241bb6.jpg,1
download-20-7-_jpeg_jpg.rf.dc20c303301953ba66e8e28ae98d1a78.jpg,1
images_20-25-_jpeg_jpg.rf.3ab011b04b06153ca65854dd96054a9a.jpg,1
download-20-6-_jpeg_jpg.rf.9fce9d1d639eb883305bc9e578f8cf5d.jpg,1
download-20-5-_jpeg_jpg.rf.df2dd729d7a1e71bfb6b37ebb61244bb.jpg,1
download-20-5-_jpeg_jpg.rf.83ff3e59ce37f141ef7dadfb4bc24bd1.jpg,1
download-20-15-_jpeg_jpg.rf.0d128477ec423ca3ec83c5b519fc378a.jpg,1
download-20-11-_jpeg_jpg.rf.96b540701f5a432430999afdab0a1313.jpg,1
download-20-15-_jpeg_jpg.rf.916bb802df2bff8f251abff6a477c0ff.jpg,1
download-20-5-_jpeg_jpg.rf.d97c471fe6adc3ebf7272170ac91dff7.jpg,1
download-20-13-_jpeg_jpg.rf.4172448714ffff1a98bebae3b8eeb189.jpg,1
download-20-18-_jpeg_jpg.rf.fbba18de823cd04d05ba46fee34d00a1.jpg,1
download-20-9-_jpeg_jpg.rf.40d83b6b5fe57edf05f1524da8abfe41.jpg,1
download-20-4-_jpeg_jpg.rf.9b2e650e24d9d077dbc119cb927df607.jpg,1
download-20-18-_jpeg_jpg.rf.c6c8825ecb13df03a198c64709e8753c.jpg,1
download-20-6-_jpeg_jpg.rf.7b1cfacc98801912541e32f86083f766.jpg,1
download-20-13-_jpeg_jpg.rf.d0d475378e00ef47e29539cfcec73987.jpg,1
download-20-18-_jpeg_jpg.rf.0d31cf17a51394fb898a6fef08a42e02.jpg,1
images_20-22-_jpeg_jpg.rf.ac554e668503b3d5185f08db512ad95c.jpg,1
download-20-16-_jpeg_jpg.rf.eea7e42f6b8f359eaebb9fb1a0ca54d2.jpg,1
download-20-16-_jpeg_jpg.rf.300fe77cc721201e6af1835365d1427b.jpg,1
images_20-25-_jpeg_jpg.rf.1074929c3957ba2befe563025fecedac.jpg,1
download-20-6-_jpeg_jpg.rf.ae98df6c7816cc61db3ccaac3d9980d5.jpg,1
download-20-14-_jpeg_jpg.rf.9d38d1e150f2fd71e0f03fd70e3a25c0.jpg,1
download-20-7-_jpeg_jpg.rf.c00edf9b7a9f9bd0ab7f38dd30315383.jpg,1
imgFC533_png_jpg.rf.0b1f263387fe29cb2d24b93c425ef035.jpg,1
download-20-4-_jpeg_jpg.rf.36db232320b8daf9f48cbc40a45d49bd.jpg,1
download-20-14-_jpeg_jpg.rf.30bbb8d4ca293926dcce4c1a30204680.jpg,1
images_20-30-_jpeg_jpg.rf.478021b91d01bd7897a125b1f92955e3.jpg,1
download-20-6-_jpeg_jpg.rf.8e88dd0b5e2634ab577b32ae043da560.jpg,1
download-20-4-_jpeg_jpg.rf.880dff4a726ce27853dc5f6237efb5d4.jpg,1
download-20-6-_jpeg_jpg.rf.3071ed598b9eaea4e187df8a01911a50.jpg,1
images_20-3-_jpeg_jpg.rf.d9c3d718d4b70345fe7d0a6392744175.jpg,1
download-20-14-_jpeg_jpg.rf.2c78098a19e27cdc3e4ac5f1508efdbd.jpg,1
imgFC48_png_jpg.rf.fafd253d2bfb8895ed1f35ef42bd56a5.jpg,1
download-20-5-_jpeg_jpg.rf.de4496504a545bdb54240fdf17db8af7.jpg,1
images_20-28-_jpeg_jpg.rf.b359e7a60547c73cc6a9156d1fd2d8a9.jpg,1
imgFC508_png_jpg.rf.593088975b3c9df9622bada4e3f16439.jpg,1
imgFC50_png_jpg.rf.9543d94727dc9610060be96d8827c933.jpg,1
download-20-15-_jpeg_jpg.rf.c36701384a35ced8d4b4ac0284412cd2.jpg,1
imgFC492_png_jpg.rf.a8364cfa529b72a547d836fa929e6098.jpg,1
download-20-18-_jpeg_jpg.rf.04bf525136f962e44e0f30897b47cc84.jpg,1
imgFC508_png_jpg.rf.55830e99d4992cb2915b10d858ee461c.jpg,1
imgFC49_png_jpg.rf.20fd429a1c39fcbbde9d65aad41d77a8.jpg,1
imgFC581_png_jpg.rf.9138698816b9b1a61af8d4e19867f6ec.jpg,1
download-20-13-_jpeg_jpg.rf.ac22b993c6e256812666be4c3f947a07.jpg,1
download-20-6-_jpeg_jpg.rf.1ecace10e1202ecda77844db952d4c86.jpg,1
imgFC50_png_jpg.rf.8c9c6f65679bab625a1a64918853fe13.jpg,1
imgFC49_png_jpg.rf.0e0b88a9c725f263dbb68b0d5f572159.jpg,1
imgFC492_png_jpg.rf.df9bf3f0b450ec79c74ccf094396551d.jpg,1
imgFC509_png_jpg.rf.b782ba591d9cdc7c55ad1a2ed0ab5cda.jpg,1
imgFC492_png_jpg.rf.9ff5b8bbf45d8d5e91df24a6dc1c705b.jpg,1
download-20-14-_jpeg_jpg.rf.7837fb7987b268d88d281c159346222c.jpg,1
download-20-6-_jpeg_jpg.rf.bd127c0b2af40d55141acfb7c2723b83.jpg,1
download-20-9-_jpeg_jpg.rf.3a8e17a6e4270cfd00e7db25173d595f.jpg,1
download-20-6-_jpeg_jpg.rf.a2aae7a17b53294d57718fe5604b67e4.jpg,1
imgFC49_png_jpg.rf.eb688864655f74a5f2cb2d3ec4b5e41e.jpg,1
imgFC48_png_jpg.rf.00f8da496ffb543f95d035e537c22375.jpg,1
imgFC492_png_jpg.rf.d47763b5f867e138a64e6f788dc48bc7.jpg,1
imgFC50_png_jpg.rf.dc27aeba8c721cf3b12a8536abd9a628.jpg,1
download-20-19-_jpeg_jpg.rf.3aef04eab3123ca2a5d06bd5f959c8d5.jpg,1
download-20-14-_jpeg_jpg.rf.a5ac8228644e6105a8ebfb9e6a7fbf1f.jpg,1
download-20-18-_jpeg_jpg.rf.8e37e7940f9a25a2e566940f646869dc.jpg,1
imgFC492_png_jpg.rf.18ccc0d0e811e91b6792af4e2644d377.jpg,1
download-20-15-_jpeg_jpg.rf.424de9e5246e41f1c7e02d17f00cd30e.jpg,1
imgFC492_png_jpg.rf.3143aade672205d606f938923a2ccd1f.jpg,1
imgFC492_png_jpg.rf.9ff8d6f86f0349cf6ab4656ea2485a6e.jpg,1
imgFC508_png_jpg.rf.e595f7ac66f81f8730e7e2910896f00b.jpg,1
imgFC49_png_jpg.rf.ef9508e77379a24fb9d71717a657f709.jpg,1
imgFC49_png_jpg.rf.60efa2f2e235b51b876d6521f005a934.jpg,1
imgFC534_png_jpg.rf.7da48685a5c8b99146632e0ef91d3fc5.jpg,1
imgFC492_png_jpg.rf.b55ca343f923c0215e5ae7cda069a366.jpg,1
download-20-6-_jpeg_jpg.rf.206e41e3134bf85a9d0db2ce8c5ddc27.jpg,1
imgFC50_png_jpg.rf.c745ac73444b7acbc1c77e378d359cea.jpg,1
imgFC50_png_jpg.rf.f08b7fee4c0cdebe3a5c154c2baba927.jpg,1
imgFC49_png_jpg.rf.9282b7d0de35d9cf3161af04ff1eead5.jpg,1
download-20-5-_jpeg_jpg.rf.bfe8ba637ac26714bb3f0b516b388ad4.jpg,1
imgFC50_png_jpg.rf.f81a43f0833609d227e487902a445b3c.jpg,1
imgFC49_png_jpg.rf.8ea07eaea6a0c55ec95b0c1d0a415695.jpg,1
imgFC581_png_jpg.rf.d73bfe258a23f95e1e85f17f941fffb7.jpg,1
imgFC533_png_jpg.rf.17d4e6056d7947fadb48b443f3f6a86c.jpg,1
imgFC48_png_jpg.rf.557aacb6975449cad54d848672c77977.jpg,1
download-20-19-_jpeg_jpg.rf.2342f0b637700b8530b902aadcc76974.jpg,1
download-20-7-_jpeg_jpg.rf.5f22e64f39e62fbe572af900d1fa876e.jpg,1
download-20-5-_jpeg_jpg.rf.dadf24ca64e5369aeaef9b96e38b243e.jpg,1
download-20-6-_jpeg_jpg.rf.313d1ee370cacbf2332363d26cf3ae79.jpg,1
download-20-19-_jpeg_jpg.rf.8a51b07c129e5dc16c9c5e73bbf1f5f8.jpg,1
imgFC508_png_jpg.rf.30ae379ee26a8fd34e3ec1f47025e34a.jpg,1
imgFC509_png_jpg.rf.aa72eb4e54311d6ddaf170567baa0a05.jpg,1
imgFC508_png_jpg.rf.b155f2b81930dc01b36049ce23d811bc.jpg,1
imgFC509_png_jpg.rf.a6b2d3da393f4de3c4aed9772ece6374.jpg,1
imgFC508_png_jpg.rf.042781d6407735e715c8d4002341e0ee.jpg,1
imgFC511_png_jpg.rf.745f514f95358e4d01936121b4ef9f8b.jpg,1
download-20-9-_jpeg_jpg.rf.b71fd1780fee8a90bdbbe2db6ef92667.jpg,1
imgFC49_png_jpg.rf.0ee16e1c9340b1933a79375a277a629a.jpg,1
imgFC48_png_jpg.rf.ead96244d0aaec622c41e38817e7dd0f.jpg,1
imgFC492_png_jpg.rf.180337b065686af3ff6f460b57a7bd61.jpg,1
imgFC587_png_jpg.rf.9b1a78036a96b633e0a9305b05f95287.jpg,1
imgFC508_png_jpg.rf.1462c35e20f6797cfeb2c259520d7c06.jpg,1
imgFC509_png_jpg.rf.af1acc9532b05a7d2017a23dcedd2fa7.jpg,1
imgFC587_png_jpg.rf.a8fc4f5d92497f1bb953af96e859c944.jpg,1
imgFC511_png_jpg.rf.aaae993cad8829a0d1af759a9712e24f.jpg,1
imgFC49_png_jpg.rf.abd5f322ff042a73094a4f3053586b64.jpg,1
download-20-6-_jpeg_jpg.rf.0c3ad4a2df840be030c4df3b1295019c.jpg,1
imgFC49_png_jpg.rf.106f51ba79ed6129a4fc654212cfafb3.jpg,1
imgFC49_png_jpg.rf.ab527a623d3163449630bb8fa1d2a951.jpg,1
download-20-19-_jpeg_jpg.rf.6d43e7aa4ad8e8b7bb83f1d1805f1a27.jpg,1
imgFC49_png_jpg.rf.a6217fb7a07976998aedc5cdc916d0a3.jpg,1
imgFC508_png_jpg.rf.75fb19e08314b66ac796f3baff70a57b.jpg,1
download-20-19-_jpeg_jpg.rf.49adbc33b3d865784004066ed08d9069.jpg,1
imgFC509_png_jpg.rf.b9c4822e244ecfcd0703f342f4b5eb6c.jpg,1
imgFC509_png_jpg.rf.5165d408a7470d5c70acdb69b394254c.jpg,1
imgFC49_png_jpg.rf.ffd41100ab199fcd2783b10c7839ee15.jpg,1
imgFC511_png_jpg.rf.8153a007a4ff57268df0c78f14743c29.jpg,1
imgFC492_png_jpg.rf.cfe65977153682a87fa4254707f13e50.jpg,1
imgFC492_png_jpg.rf.27086ac677f20e96ebd9847e7afdc9c5.jpg,1
imgFC533_png_jpg.rf.b4ef10369ac1106407f74cbc2b921fcb.jpg,1
imgFC48_png_jpg.rf.5b9b57c1e1f1fca011189743f1fe187b.jpg,1
imgFC50_png_jpg.rf.d4cd9472a58eee9941d7667cd48cd515.jpg,1
imgFC50_png_jpg.rf.773d8f4a14932631c9ec2fccf4a7cd92.jpg,1
imgFC508_png_jpg.rf.b61acb129a31a4a23d55d186be3ae570.jpg,1
download-20-6-_jpeg_jpg.rf.50be25670b6e613771be41d7626938f2.jpg,1
needs-a-crop_jpg.rf.d34292e4405e4f4e2f49faa7bd7725d3.jpg,1
imgFC49_png_jpg.rf.3a41b494ba44194b021b6d383b40216a.jpg,1
IR_0222_jpg.rf.1173e4cf05aead4c07abba2dce8640b1.jpg,1
imgFC511_png_jpg.rf.168645081717f5606a64a5e56ea19966.jpg,1
imgFC509_png_jpg.rf.9a8f3500c21cb38fb1b0b55b8326fc98.jpg,1
needs-a-crop_jpg.rf.7b7c411849865b38a5208be4e883248c.jpg,1
IR_0230_jpg.rf.c16128cab7adeaaf1631e5183c0850bb.jpg,1
imgFC523_png_jpg.rf.169dc934ad79d418e96c302d60409916.jpg,1
IR_0230_jpg.rf.f28c8fdb4599cd04d81803157ac7c95c.jpg,1
imgFC508_png_jpg.rf.d7e7d8cf61d9647b825c281ca12229e7.jpg,1
imgFC511_png_jpg.rf.ecfee9f3de47965ef2f4e8dee0825d5b.jpg,1
R14T4_jpg.rf.57f9ca35c6621804fc8223a14ebc7d8f.jpg,1
o_p_lo_the_002249-jpg_jpg.rf.73bb158efc866ac1853cf9020fcf8551.jpg,1
imgFC508_png_jpg.rf.8c1a514771ee6696ba74f59410127d02.jpg,1
IR_0232_jpg.rf.ae9f09a6d29e2f2b6a34be6cdaee8503.jpg,1
IR_0224_jpg.rf.f29382d727ab5a07ef7d75ec89b019f0.jpg,1
imgFC534_png_jpg.rf.ab4851343c84558a70be5059c5d941f2.jpg,1
imgFC511_png_jpg.rf.f535872441ed5b4439fce99627903606.jpg,1
imgFC534_png_jpg.rf.8663beb4bd65970f184f883ba21792bf.jpg,1
imgFC587_png_jpg.rf.572ba2429549e8f8bda26b7830fbfbae.jpg,1
o_p_lo_the_002249-jpg_jpg.rf.2eb0a25481d812a25dd3018cdf50918e.jpg,1
imgFC50_png_jpg.rf.3a33e4932ab9d674f68ef926d1a87052.jpg,1
IR_0232_jpg.rf.0a1196df1816a6933df0b60091bb6d88.jpg,1
IR_0232_jpg.rf.9b68f3b21536f1c2c374cd4935e33308.jpg,1
R14T4_jpg.rf.4199f90e395ee587164f5fda5004d518.jpg,1
IR_0224_jpg.rf.5743f56c927ad650afe47ada82de5127.jpg,1
imgFC50_png_jpg.rf.9a104c8762e31aeac32b86d9699ebb80.jpg,1
IR_0224_jpg.rf.1951ea1a616f34ef343a8226eface25d.jpg,1
imgFC508_png_jpg.rf.0ff97443d468c0c298b1bb5fa0516d2b.jpg,1
imgFC508_png_jpg.rf.0a5e85c69f619fd9535f0d4e2e8e3cde.jpg,1
R14T4_jpg.rf.b5358385b1fa9c00c22376f2e534a2c0.jpg,1
IR_0222_jpg.rf.eb9e2216b34380dbc23b539eace91f45.jpg,1
IR_0220_jpg.rf.a1352979764201743bb8b67a39d9f2c5.jpg,1
IR_0224_jpg.rf.c7b681a79802aa86de51d924e9cbf571.jpg,1
o_p_lo_the_002249-jpg_jpg.rf.3c0ea6baa4f825f7d64b6445da96a190.jpg,1
o_p_lo_the_002249-jpg_jpg.rf.1a47c5fca51a16e7c7d4d6f91e775ea9.jpg,1
raptor_jpg.rf.87cb915a78073be797d82fa8d233dee4.jpg,1
imgFC511_png_jpg.rf.228582e3f3eab39f5234f42555b7e37d.jpg,1
quick-crop-and-very-good-top-section_jpg.rf.ba971ac6261f1320c277c25c0d6a1944.jpg,1
imgFC581_png_jpg.rf.b2fe7c67425eee79b5ed16ba73b6c526.jpg,1
imgFC50_png_jpg.rf.da5274ff909db3b8f557f3e652d90ceb.jpg,1
R14T4_jpg.rf.3da544da0c4e53771371627a22fdd9fd.jpg,1
imgFC523_png_jpg.rf.ec271e78b47a7b094b994b29d436db26.jpg,1
quick-crop-and-very-good-top-section_jpg.rf.1f7377762469133a1c91a64766d88c85.jpg,1
imgFC508_png_jpg.rf.f0cfe32eaf7671c39208b58d150abc0a.jpg,1
imgFC50_png_jpg.rf.b14255a4b746eef4001c75770c86ced7.jpg,1
IR_0232_jpg.rf.a9bca190e177a2c7a187882a07ae37ae.jpg,1
imgFC509_png_jpg.rf.6116ff9c4cce62b27c6bdbaa2b53705b.jpg,1
IR_0224_jpg.rf.809ae2221143a49687fdb9420ad0f682.jpg,1
IR_0246_jpg.rf.6e5f20187b2543411a2c22d91c81081d.jpg,1
IR_0224_jpg.rf.bb80ca6e2a8548a04671d1a00ea2c8d5.jpg,1
needs-a-crop_jpg.rf.18d2bb0c5a0c825d30c2b7205b38e42e.jpg,1
IR_0232_jpg.rf.33c4cda2b98bf8226c279da472e77487.jpg,1
IR_0232_jpg.rf.524266d68c93bb4ea6346fe0470c968e.jpg,1
imgFC523_png_jpg.rf.3912f1d1527c17ac2a61a333fb84a1fa.jpg,1
IR_0222_jpg.rf.84e8f7be6d989146ba6b986727f2b32f.jpg,1
IR_0246_jpg.rf.8a93927546e60c914cce27e35ffb5ac2.jpg,1
IR_0246_jpg.rf.57ebef51b6037754809d6e1000a29cea.jpg,1
IR_0230_jpg.rf.cf3faf188987f1ed6801444938e929da.jpg,1
IR_0244_jpg.rf.5c614340eeb3432a7161af17ebaccd8b.jpg,1
o_p_lo_the_002249-jpg_jpg.rf.20489e167d49363502bab2f4276217c8.jpg,1
IR_0230_jpg.rf.9d360139c1db0ae19c11bcba497e6441.jpg,1
imgFC511_png_jpg.rf.11550937bff8225f858f114ab6b8f76e.jpg,1
imgFC49_png_jpg.rf.12cfdf3c152f7c041cd24258e2081a94.jpg,1
imgFC508_png_jpg.rf.b5dd96b230e83636ac25427344747166.jpg,1
imgFC511_png_jpg.rf.9755cf6a99ccbf0a5117697d216c686f.jpg,1
snipme_jpg.rf.175ec7122059d52b385b634b1c850b65.jpg,1
imgFC523_png_jpg.rf.9156d754e283452cbdbe4eb13113071c.jpg,1
imgFC5_png_jpg.rf.9bfee3569a788a834f6cc38e3901d994.jpg,1
IR_0230_jpg.rf.4ed369063752e0445a7acca5eb6a97d9.jpg,1
IR_0240_jpg.rf.5b4f32351d12bac0db3922e3f84279bf.jpg,1
IR_0240_jpg.rf.cb07c875b68a83bb6893bb9321095555.jpg,1
IR_0222_jpg.rf.41a4157610386c03b1523a150b560913.jpg,1
raptor_jpg.rf.52d3d932dbd04093d10491c28dddf71d.jpg,1
snipme_jpg.rf.1aabab1f52c62a178014a40986db71d7.jpg,1
images-20-11-_jpeg_jpg.rf.36b145a8f61bc8e62412cc5716e5df42.jpg,1
images-20-1-_jpeg_jpg.rf.cd83ef71c9f5e21d8e1a84cc23502053.jpg,1
FLIR2246_jpg.rf.e95ceba2f1ff76872133a8246b29ece9.jpg,1
Drone-Thermal-Solar-Plant-Inspections-California_jpg.rf.e850e8797cac3a72d70f66d7c02301a3.jpg,1
images-20-1-_jpeg_jpg.rf.a3cf8a0dba669688777094aaefccd7b9.jpg,1
FLIR2246_jpg.rf.7d545bfc731225377eadf6997c5eb946.jpg,1
FLIR2245_jpg.rf.a0dab3a9d0e95c950adcb6378e04e7fd.jpg,1
images-20-13-_jpeg_jpg.rf.3a2ffd9ea53a85ad52c40c12f668fefd.jpg,1
images-20-13-_jpeg_jpg.rf.be3e9a4972dd2ef16de0fb5655146127.jpg,1
FLIR0404_jpg.rf.0b753266658f8eb07aecf8f88e8c99ff.jpg,1
images-20-11-_jpeg_jpg.rf.64cd2dfdbc3eb673968e8877aaa4caea.jpg,1
FLIR0888_jpg.rf.78d76287c9b4761be77c65a607d9b03f.jpg,1
FLIR0886_jpg.rf.2510ff9bef888da93f49e28885f63535.jpg,1
FLIR2246_jpg.rf.bab798f0b89d0db9716df1cb50a6192b.jpg,1
images-20-13-_jpeg_jpg.rf.4a7c67b335935bfa08d168c8d6bcdb4c.jpg,1
images-20-11-_jpeg_jpg.rf.f84a6c6ca21fa60027470e6a1816845e.jpg,1
images-20-12-_jpeg_jpg.rf.7a087e053145d93ba6e2ac6a64f6099f.jpg,1
FLIR2246_jpg.rf.8445797392d29204762730489191b97a.jpg,1
FLIR2246_jpg.rf.11efa6e271d9ddb2a0194e512ede4e31.jpg,1
FLIR0886_jpg.rf.cf4b84d9b08e5f6941eafbb9647787e5.jpg,1
FLIR0404_jpg.rf.8a0c4580b06e731bcde1acdb999a04fd.jpg,1
images-20-1-_jpeg_jpg.rf.93c425769868a9e87841553898e68e03.jpg,1
images-20-12-_jpeg_jpg.rf.a0e07c1c1ea6b8d37fde7f28870c5009.jpg,1
FLIR1176-1-_jpg.rf.94e70656a3dce708adbc7e27ac35c385.jpg,1
FLIR1176-1-_jpg.rf.1d5228e350f72b23ae951c3b9bd9cc56.jpg,1
images-20-12-_jpeg_jpg.rf.cedd0babe5a7586393510a3f1561d1fa.jpg,1
images-20-11-_jpeg_jpg.rf.c1cf59e8aeb5654c0f755f7be1d72fe6.jpg,1
FLIR0888_jpg.rf.945e79f16788d34eb1a90effcc61a466.jpg,1
images-20-12-_jpeg_jpg.rf.ee52db18142b46c474e3926fea37734c.jpg,1
FLIR0404_jpg.rf.d619ac4888973c0abced623d0bde81cb.jpg,1
FLIR0404_jpg.rf.f6d097550970d3acc78db2a200211bc7.jpg,1
images-20-13-_jpeg_jpg.rf.8f5fb010b77349b13de2a21183087491.jpg,1
FLIR2246_jpg.rf.c809e3fa80dc23ea74102ef22c629728.jpg,1
images-20-11-_jpeg_jpg.rf.39e07b236d1ef36eb086bd4c6fd369e5.jpg,1
images-20-12-_jpeg_jpg.rf.3dc609fbad75f5fa2ad767d88414eab4.jpg,1
FLIR0888_jpg.rf.bfad5504398ef8f27bf83b87f15e7dd5.jpg,1
images-20-10-_jpeg_jpg.rf.6efbc9f13a97651f049ae5aebe4a3f81.jpg,1
images-20-10-_jpeg_jpg.rf.65fffffd7c50327cd5edeee7fa714579.jpg,1
images-20-11-_jpeg_jpg.rf.643c14576377b4ee3a0dab594e13f61f.jpg,1
396792-fig-003a_jpg.rf.435d9e1cb816e4dee4b4616af9f70667.jpg,1
FLIR1176-1-_jpg.rf.7a97e72dc10f69b6bb031a30df74986c.jpg,1
images-20-12-_jpeg_jpg.rf.9e6bf1e2766fce7166ffc947da44c79e.jpg,1
images-20-12-_jpeg_jpg.rf.5be68730de9ead24dbe310e03e515f72.jpg,1
images-20-14-_jpeg_jpg.rf.d35b9be37a0942bf2121a87b4e3456c8.jpg,1
images-20-13-_jpeg_jpg.rf.4a35574b0921086c662fd4e3c93ceda7.jpg,1
396792-fig-003a_jpg.rf.94d5a5c50dab26df22f3bb8f6478bb3c.jpg,1
images-20-1-_jpeg_jpg.rf.d41ac1628779a741c48e719c2b9c8e35.jpg,1
FLIR1176-1-_jpg.rf.ee9e788b5514534e1072fe04c50cb22c.jpg,1
FLIR2222_jpg.rf.86561cf2ef7df1125af5dc1a29401578.jpg,1
1_jpg.rf.23a28fddd82f99f22a6292aca9d98551.jpg,1
FLIR0886_jpg.rf.cc6e7e8423a71e1b828e04d01448c408.jpg,1
images-20-13-_jpeg_jpg.rf.edf1503c0934b7e89090c96b443c1fe6.jpg,1
images-20-10-_jpeg_jpg.rf.8f42fe373817dff6b5062d17cb66ddd4.jpg,1
FLIR2222_jpg.rf.5b35b90cffca6fd346f55b494f58ab39.jpg,1
FLIR0886_jpg.rf.9f4375f7cc4fe0aab0df7b820a1e54fe.jpg,1
images-20-10-_jpeg_jpg.rf.3708614ae6cc212db0b9e096b2941f72.jpg,1
FLIR0404_jpg.rf.fbe1f80ef9f5114659f29c83a41143ab.jpg,1
2_jpg.rf.8f7a4471852c9b40d8fcc12a7317d01d.jpg,1
FLIR2188_jpg.rf.c9636d727790a5f5ca671b055f0c0f0e.jpg,1
images-20-13-_jpeg_jpg.rf.1d20ab4184c9a79e7f04448b492e96f1.jpg,1
images-20-12-_jpeg_jpg.rf.e7429e51357c053662e50229276f3db9.jpg,1
FLIR0403_jpg.rf.ea7e40baef0112d53fe73673d3c350ca.jpg,1
FLIR2222_jpg.rf.0321ade066e18f5067076ddfb35ecdae.jpg,1
FLIR2222_jpg.rf.0973034409dbaf59a330008602122fd9.jpg,1
2_jpg.rf.236a1f28e34735aec723d3a1c1373623.jpg,1
FLIR2188_jpg.rf.0c85c6b14806c2d1ae6c6d8371a0636a.jpg,1
images-20-13-_jpeg_jpg.rf.7d03a4cfc9fc8074be9b800f53bbb05a.jpg,1
FLIR2188_jpg.rf.7680510ac4b33152b6ccabb0e997bd80.jpg,1
6_jpg.rf.4d61f6a108caffdb55f02b9b6dc9b21f.jpg,1
images-20-12-_jpeg_jpg.rf.9570f03a782503307333ee94473e5aca.jpg,1
FLIR1176-1-_jpg.rf.3231b47949f2c8990a87ae092eb1381d.jpg,1
2_jpg.rf.8ea1e07f1508a80c225335f35e56c0a5.jpg,1
FLIR2188_jpg.rf.b0a3841a644223a7c465c492b5000655.jpg,1
396792-fig-003a_jpg.rf.eea10817a610a419ab503af9735c4675.jpg,1
2_jpg.rf.642b8c08a77c66758aeb7b54c613e233.jpg,1
7_jpg.rf.b93c6b9358621bcc75e64196ac17c3f8.jpg,1
1_jpg.rf.1494691a6513b01a6a98f900bccde8b2.jpg,1
images-20-13-_jpeg_jpg.rf.c0ca005f13bb44311bcbda7b31b9294f.jpg,1
FLIR2188_jpg.rf.c5111c851e2da3226f75dade20d96b19.jpg,1
images-20-12-_jpeg_jpg.rf.4283e1ee85e2642d3be94c8622005386.jpg,1
2_jpg.rf.20747a9fc4d5e56902808bfec055e8cc.jpg,1
396792-fig-003a_jpg.rf.c049e503118c0033c11e4f2439f6e64f.jpg,1
images-20-12-_jpeg_jpg.rf.0c6f21b41734939333a4e24fd265537d.jpg,1
FLIR2188_jpg.rf.b2fc27c761df51e06c08066a8d442bb4.jpg,1
7_jpg.rf.e590dd50ddc90151dbc1444b07cba9b0.jpg,1
FLIR0403_jpg.rf.b11cffeb42a5d14d503ce7ea570d9e67.jpg,1
images-20-11-_jpeg_jpg.rf.cd6f272b4f49a8a0d152fa2595e730c8.jpg,1
images-20-10-_jpeg_jpg.rf.f2c025c8e6d1301e12c55d8c117797cf.jpg,1
FLIR2222_jpg.rf.0216cf208ebba88e3c0b2f277c9cb1c9.jpg,1
396792-fig-003a_jpg.rf.5b91c2099cf1a9be542e0211d3518ad8.jpg,1
FLIR2245_jpg.rf.0b036cc70bdfd303a3e8c085071522a3.jpg,1
images-20-11-_jpeg_jpg.rf.e8bd52fea2d3357e46685e03c5605097.jpg,1
images-20-1-_jpeg_jpg.rf.2e092f6d1b63b228697431d06b785f0c.jpg,1
396792-fig-003a_jpg.rf.32d2d76c23ed394cc218ec8503024bdf.jpg,1
FLIR0404_jpg.rf.6f8a49ede6fcbec016f78a0ece3da9c8.jpg,1
FLIR2246_jpg.rf.ed768413e1a5f7ad4b9805c042d699fb.jpg,1
1_jpg.rf.2072310a726846734448e179537d1381.jpg,1
images-20-12-_jpeg_jpg.rf.ecbe5f16c8a829152def1fc46d257b8c.jpg,1
images-20-13-_jpeg_jpg.rf.8fdd5b7fba3f550b5e9d4e555c65b6f7.jpg,1
another-crop-but-good_jpg.rf.441b1713ebfbcdac97e2efe0cb418026.jpg,1
396792-fig-003a_jpg.rf.a035e9a4abf64c652dae882b31c5d25e.jpg,1
images-20-10-_jpeg_jpg.rf.47e8edea39d5ded29057977ad757ae96.jpg,1
396792-fig-003a_jpg.rf.b20b72a9c6ac38e80646b034977a20e2.jpg,1
7_jpg.rf.5a2e86cae5175836f790f0c72947ea9b.jpg,1
images-20-13-_jpeg_jpg.rf.f84b7ee53223f39847cfde4ba8b50f11.jpg,1
images-20-14-_jpeg_jpg.rf.0baba7b1bb85963a3784eeab8a0dc9c3.jpg,1
4_jpg.rf.3bbe627196f4296a702a29c56c14d06a.jpg,1
3_jpg.rf.2c190a6c13753db2848b791797b5430d.jpg,1
images-20-11-_jpeg_jpg.rf.3a3c5e979ea09922517a380000c3c5fc.jpg,1
FLIR1176-1-_jpg.rf.79bd26c79b811226ae4c889eb530a9b6.jpg,1
FLIR2222_jpg.rf.bb16628822fd65e7b0c2250d41231e7c.jpg,1
another-crop-but-good_jpg.rf.13299d4d2e57a419cd71b18a0306fac3.jpg,1
images-20-1-_jpeg_jpg.rf.8acaf01ba857aa941d3887c5b7b6b859.jpg,1
6_jpg.rf.204c8fb78512654fc08118fade85a6cf.jpg,1
images-20-11-_jpeg_jpg.rf.0ca462643bfdb9b57bd85825aae97036.jpg,1
1_jpg.rf.93ee8bdc8df32f0b1e4dc5cab6e608c1.jpg,1
1_jpg.rf.8b21622cbf4021104353e36f21109b4f.jpg,1
396792-fig-003a_jpg.rf.5e66b6eb80f43d8a731d8533a1b2d798.jpg,1
images-20-14-_jpeg_jpg.rf.320ff9b6492bc36d5e1cb53948f066fb.jpg,1
images-20-13-_jpeg_jpg.rf.74cdb5b987b2695117030af65b4e70c7.jpg,1
images-20-11-_jpeg_jpg.rf.0e5c3e1c01b01ab8eb6bc47c748e21b6.jpg,1
images-20-11-_jpeg_jpg.rf.36115e54f7141b67d7f18e2ccc389038.jpg,1
FLIR0067-20-1-_jpg.rf.cc18e2150a0eddde3eaa67e34a10e806.jpg,1
FLIR0886_jpg.rf.3eb9f87d8679850cde2579e74c374c44.jpg,1
another-crop-but-good_jpg.rf.7a7ef62ba9c760adce5fa27c43238a1c.jpg,1
6_jpg.rf.35d3bead0b407193930031b5daca88e1.jpg,1
396792-fig-003a_jpg.rf.6b428f989d58c4ca87ddb45cd69d5052.jpg,1
3_jpg.rf.3af8544d5a13342088be9648c7195305.jpg,1
FLIR0888_jpg.rf.71c5548f1e8006c53fffe6937e8b68a5.jpg,1
FLIR0886_jpg.rf.a7609f683637dd886e7683726f5dc4ab.jpg,1
images-20-11-_jpeg_jpg.rf.7068f1792d3a0f6fa5301e9179c2993c.jpg,1
4_jpg.rf.6f1028a255cc61999621e653c9c1210d.jpg,1
FLIR0888_jpg.rf.9726770cd9a96a773fa85ec19753eb72.jpg,1
another-crop-but-good_jpg.rf.d66de873a5acc96319021f5fdcab9b62.jpg,1
FLIR0888_jpg.rf.5d5ba35eb6c38155a951cc68eff5578c.jpg,1
images-20-10-_jpeg_jpg.rf.f1e7f7ce78cf45d75bb36f0038c908f2.jpg,1
4_jpg.rf.a9f217cffd7fae5d0b9d350d6af2a174.jpg,1
images-20-11-_jpeg_jpg.rf.76d2e042b8ae46920a4c031c5c9d36c2.jpg,1
4_jpg.rf.13dce3e691a351c20b9938a544ac65ed.jpg,1
8_jpg.rf.b16cd9e918d4ec9f3a2429d8b10320bd.jpg,1
FLIR2245_jpg.rf.229e07ad1390d733da24d9af0359f69f.jpg,1
3_jpg.rf.5c6c11092135237e22b3c9ad0673f2bc.jpg,1
blurry-but-good-too_jpg.rf.20bf0e9066128193b369f332da733b6b.jpg,1
imgFC930_png_jpg.rf.6637dea9e74906a18a4e2c852d2d680b.jpg,1
blurry-but-good_jpg.rf.90321c4c6da8c54237f9f7ca1fa3d867.jpg,1
another-crop-but-good_jpg.rf.12c8f96598de8cc1dd9405049fea5ab7.jpg,1
2_jpg.rf.f57e6059ab7997bbc5a44b005d7a636b.jpg,1
8_jpg.rf.26374d252d051c515001fcceb2f08dec.jpg,1
imgFC888_png_jpg.rf.f5b75a53fa4ce83ae70b6a7bca49aabd.jpg,1
6_jpg.rf.c8a815ec505aea9e10585a8bdbac48e8.jpg,1
4_jpg.rf.1c09e3ca8b52e2357eb4364c1ddc3542.jpg,1
imgFC888_png_jpg.rf.c514b88adcc3728d746f9f234f6ae302.jpg,1
4_jpg.rf.24b5f0492aadc0f8d2ac6392fc074ad8.jpg,1
396792-fig-003a_jpg.rf.894a0cae1e5ad1ca653ed9467fc49beb.jpg,1
imgFC930_png_jpg.rf.b6808a39046786886db0a1970ad93d34.jpg,1
blurry-but-good-too_jpg.rf.226324368f808763987ee11af7bc5255.jpg,1
imgFC972_png_jpg.rf.9f175b8ffeef755ada8fb0d29e12a5ff.jpg,1
imgFC888_png_jpg.rf.32a0ce043c192a6faf0e21d07fd11eaa.jpg,1
imgFC907_png_jpg.rf.193b8140fc68683e0e57fdf1c8446e57.jpg,1
another-crop-but-good_jpg.rf.bd6a15d99bc66a4147beebdb42651339.jpg,1
blurry-but-good-too_jpg.rf.770558b69428b394e6bf099776a754ce.jpg,1
imgFC888_png_jpg.rf.346e3970fbbff5f2eb155e53006e1ed8.jpg,1
imgFC948_png_jpg.rf.8771de870cba9e0f114e3397f528b0f7.jpg,1
imgFC966_png_jpg.rf.c0f89516ce797647b27cdc79cd86d763.jpg,1
imgFC966_png_jpg.rf.44ffd490029f604753bf4cedbaaebcc1.jpg,1
imgFC930_png_jpg.rf.64a82d6d5c19fdab7c848e592a7e9229.jpg,1
imgFC888_png_jpg.rf.85b20c0effe4b4d39d4d1f8b339dda17.jpg,1
imgFC967_png_jpg.rf.7dff956cb06d7ed74baa812325eac911.jpg,1
blurry-but-good_jpg.rf.f8a1290627eef49a1ba2e1a24fe9b9cf.jpg,1
6_jpg.rf.595863b73faeb04bac311ccac128eccb.jpg,1
blurry-but-good_jpg.rf.7e0e56d494fd5f3ec4b7dd9272413d0d.jpg,1
imgFC966_png_jpg.rf.05b0bada780da1e04d2c3998c496ad7b.jpg,1
8_jpg.rf.dc7cc2a1af73e147a1f622b01b874c25.jpg,1
imgFC967_png_jpg.rf.5e7c0ea15b9d08176d34de84bff4eb63.jpg,1
1_jpg.rf.789df4c94e26f8cae44b20069305632d.jpg,1
imgFC966_png_jpg.rf.99b7fc5629f0757703b8609ebbf27e5a.jpg,1
8_jpg.rf.76afb993530620335b340833c7e7dc44.jpg,1
imgFC934_png_jpg.rf.98985644adf4af5e7c23032709605cc9.jpg,1
blurry-but-good-too_jpg.rf.ddde708125a7b54f2dd153c5413c93a4.jpg,1
imgFC930_png_jpg.rf.35eacebb5ee6c615f97d057019704ee3.jpg,1
imgFC948_png_jpg.rf.151aed58d20f90cd54f67bf0a52f19e2.jpg,1
imgFC888_png_jpg.rf.0538b78a4d441d25b4600860d605f2db.jpg,1
imgFC934_png_jpg.rf.c1a914f3d94f9cc693ba0ab649c455e8.jpg,1
imgFC907_png_jpg.rf.e70be66bc96abceb579106dd5247011f.jpg,1
imgFC907_png_jpg.rf.2499724b4667d7be161e2a884311ee35.jpg,1
imgFC991_png_jpg.rf.0a2285a7872ecf7beaa9fd3293b26964.jpg,1
blurry-but-good-too_jpg.rf.8c48e6eb5201a0ef236ee7cddd83ae7e.jpg,1
imgFC967_png_jpg.rf.dc832f839932602848e0496d4b9c6566.jpg,1
imgFC991_png_jpg.rf.98cd3b908c8396c618a3b34ef962757b.jpg,1
blurry-but-good-too_jpg.rf.81823a218d58c3b657e98b31e264c85d.jpg,1
imgFC948_png_jpg.rf.d5d20f0cfcd772d3b5dfb7ccaf11c241.jpg,1
blurry-but-good_jpg.rf.f7ea678974c7560b17f203dfc64cb397.jpg,1
imgFC972_png_jpg.rf.777dab7af317770b9c51c2851242dce2.jpg,1
imgFC966_png_jpg.rf.cfb145317ce8f7cb5c2d2209ed08f50a.jpg,1
imgFC934_png_jpg.rf.ff621db847f95c2c8129795ee1854b21.jpg,1
6_jpg.rf.beef42cfd58451aa923fef706f9e2c4a.jpg,1
imgFC934_png_jpg.rf.bdc6f534c8fae83cacf864e8a0b96ff4.jpg,1
imgFC934_png_jpg.rf.8518bea71c43e54f0b21012df5a9cd93.jpg,1
1_jpg.rf.bfa9abc4c6380a44a0dda1294637456f.jpg,1
1_jpg.rf.78de739869bc6d1768fe36bd1caf0074.jpg,1
blurry-but-good_jpg.rf.c1c1ca80265799c59148bccd8e5c4266.jpg,1
imgFC991_png_jpg.rf.9149840fa38635a03515fa8fe1629960.jpg,1
imgFC907_png_jpg.rf.f27e10d0cd75bc70584d22ba15049be1.jpg,1
imgFC966_png_jpg.rf.7613f30ca2c115437e1cc3823c9c1d5b.jpg,1
Infrared-Solar-Panel-Inspection_Infrared-Imaging-Services-LLC-2_jpg.rf.50def6cbd10be10957bd70aae0d40662.jpg,1
images-20-57-_jpeg_jpg.rf.637bb061d8a4aa19c0ff120bdb709857.jpg,1
imgFC966_png_jpg.rf.4b0ccd16a30b5d3a75484250c979c2a2.jpg,1
Infrared-Solar-Panel-Inspection_Infrared-Imaging-Services-LLC-2_jpg.rf.89a31e09fe903c63d0e634971bd40838.jpg,1
imgFC967_png_jpg.rf.6933e55f42448ee8f5c9729c81fa6899.jpg,1
Infrared-Solar-Panel-Inspection_Infrared-Imaging-Services-LLC-2_jpg.rf.a68085b6a438f8ac891f7839e9472aaa.jpg,1
imgFC907_png_jpg.rf.813e550cf896b50b0a4438ed8b05775f.jpg,1
imgFC966_png_jpg.rf.b668b5e72432daf9dc1209957e210190.jpg,1
imgFC934_png_jpg.rf.621f49fe24fde8bd08a8556836960ae3.jpg,1
Infrared-Solar-Panel-Inspection_Infrared-Imaging-Services-LLC-2_jpg.rf.20e4335aec784da769421f6b7c08d68e.jpg,1
Infrared-Solar-Panel-Inspection_Infrared-Imaging-Services-LLC-2_jpg.rf.46c5342132089f4f62741963806797cc.jpg,1
imgFC966_png_jpg.rf.95333b32c906f792d0d06bb2c594602c.jpg,1
1_jpg.rf.2e50e4677c892a648d851bea256191c9.jpg,1
Infrared-Solar-Panel-Inspection_Infrared-Imaging-Services-LLC-2_jpg.rf.9e9e21272d462e849b96684c83bd857c.jpg,1
imgFC934_png_jpg.rf.420ee7ce2323c2d4cdffa79fc277c024.jpg,1
Infrared-Solar-Panel-Inspection_Infrared-Imaging-Services-LLC-2_jpg.rf.b419f40f89d80d29d6c06d64b5b4b4b7.jpg,1
imgFC934_png_jpg.rf.016388af8aee1ea4d407f0556b803f34.jpg,1
images-20-43-_jpeg_jpg.rf.db86701ba1a4b973b1d310596a1dcfc0.jpg,1
images-20-56-_jpeg_jpg.rf.fb797af9ec26c49f3d673d150197e435.jpg,1
imgFC972_png_jpg.rf.5837c06bcebb7cae8c890c8ab809863d.jpg,1
imgFC966_png_jpg.rf.3ae5b07502bd5184cd368792ba5da1bb.jpg,1
imgFC948_png_jpg.rf.8d5f8079fe495bfaa4b40ad1590f2c3b.jpg,1
images-20-57-_jpeg_jpg.rf.48233cdd88421b664cbae47cba6e97da.jpg,1
images-20-57-_jpeg_jpg.rf.13765416edc604fad6d70c96b2dfa828.jpg,1
imgFC948_png_jpg.rf.95613f8d889fdc9bf6dd25413ac01326.jpg,1
images-20-56-_jpeg_jpg.rf.f91c1d0b207e3d7bf5cb152b2dc68881.jpg,1
Infrared-Solar-Panel-Inspection_Infrared-Imaging-Services-LLC-2_jpg.rf.b2e144c2c7b35f15271f837c7896769e.jpg,1
Infrared-Solar-Panel-Inspection_Infrared-Imaging-Services-LLC-2_jpg.rf.f5786f8f5df05eb4294eac7d4bf92b36.jpg,1
Infrarotbild-Luftaufnahme-defekte-Solaranlage-in-Sachsen_jpg.rf.53c0b7d959d5f0bd56af326729ecda5a.jpg,1
Infrared-Solar-Panel-Inspection_Infrared-Imaging-Services-LLC-2_jpg.rf.a0e01f389da19b93d1c204323f06b43f.jpg,1
imgFC948_png_jpg.rf.01ca1a9ed18e454a8d087580d096b176.jpg,1
images-20-43-_jpeg_jpg.rf.7dfb6a1f04bd82b16dee1a08b1c1fcd6.jpg,1
images-20-55-_jpeg_jpg.rf.ae8f7289c9222a734a158f54a62774ec.jpg,1
images-20-44-_jpeg_jpg.rf.06e7476088e1dcddcf7864fea066d3ee.jpg,1
imgFC966_png_jpg.rf.91608c5e6235296f0b7a595f8d198fb1.jpg,1
Infrarotbild-Luftaufnahme-defekte-Solaranlage-in-Sachsen_jpg.rf.bbd2b16ca27f274e9da34c3b212c5d1c.jpg,1
ir-cracked-module_jpg.rf.900b7e7400f6e98c1c21798dd1d6b62f.jpg,1
Infrared-Solar-Panel-Inspection_Infrared-Imaging-Services-LLC-2_jpg.rf.4aea341be9e5eaf2c892619dbbf2a0cc.jpg,1
images-20-43-_jpeg_jpg.rf.7e714c763c51085edbe4e98ba0e20203.jpg,1
imgFC948_png_jpg.rf.86c07cb354bfc66dfac6b093efc3b1d4.jpg,1
imgFC948_png_jpg.rf.d948dbd49887ec87d32029908f127339.jpg,1
images-20-44-_jpeg_jpg.rf.250ac881cce3374eaeb6756d7e02fae9.jpg,1
Infrared-Solar-Panel-Inspection_Infrared-Imaging-Services-LLC-2_jpg.rf.4d1b40835b0b478c0aae05d470dd8c3d.jpg,1
imgFC966_png_jpg.rf.ee0af8c0d056478e381efabb112d00a0.jpg,1
Infrared-Solar-Panel-Inspection_Infrared-Imaging-Services-LLC-2_jpg.rf.45cd28120fac85787bf39721431ad69c.jpg,1
images-20-41-_jpeg_jpg.rf.8e53b8a91b5a1c0a70de6fe734fd68e4.jpg,1
images-20-43-_jpeg_jpg.rf.5586293310ac9970b464e1339aee312a.jpg,1
Infrarotbild-Luftaufnahme-defekte-Solaranlage-in-Sachsen_jpg.rf.915d440b58c56ba57563a701205e1475.jpg,1
images-20-42-_jpeg_jpg.rf.ff6cc2ad517c3bf4e7500df9d7732477.jpg,1
imgFC966_png_jpg.rf.50a7450b70e56ffaa1d9439dac9388b5.jpg,1
Infrarotbild-Luftaufnahme-defekte-Solaranlage-in-Sachsen_jpg.rf.03bcec1c14b72fc68c5714fa9cc83d36.jpg,1
images-20-43-_jpeg_jpg.rf.b10b42b021a9d9fc4ab1fe35b52fd1d2.jpg,1
Infrarotbild-Luftaufnahme-defekte-Solaranlage-in-Sachsen_jpg.rf.d71d92ae8c4a103ab49f6d232cbed6d8.jpg,1
images-20-41-_jpeg_jpg.rf.67e08942b3343c75f353fadffac60beb.jpg,1
imgFC967_png_jpg.rf.479c85749ab941ea405ab1d6335403f9.jpg,1
imgFC972_png_jpg.rf.42f03e64e0761729255a8be53299b495.jpg,1
imgFC948_png_jpg.rf.92c6260fdc39522beda463e1b31b4d0a.jpg,1
images-20-44-_jpeg_jpg.rf.f1b844cc418c8b97870e13aff2610df5.jpg,1
imgFC967_png_jpg.rf.625ff32970452c1143fa148b2d2a028e.jpg,1
images-20-57-_jpeg_jpg.rf.5552e801ec0b488221ca496a342b9322.jpg,1
images-20-41-_jpeg_jpg.rf.cf4effe1980d0447373f41ae46456b44.jpg,1
images-20-58-_jpeg_jpg.rf.1ba5045286f3ee71308455b9ae4cf4fc.jpg,1
imgFC966_png_jpg.rf.4cc8b9992707c24c264ca639415cb820.jpg,1
images-20-58-_jpeg_jpg.rf.7727a7d7b1d6bc404bfe8e305c81bcb9.jpg,1
Infrared-Solar-Panel-Inspection_Infrared-Imaging-Services-LLC-2_jpg.rf.fc418fe7cd97bf73f1c81c4a199f3595.jpg,1
imgFC934_png_jpg.rf.80466fd2edf608fbd72c7bf6d6484649.jpg,1
images-20-42-_jpeg_jpg.rf.9c6158c6f25025da0f16f9c3983689ac.jpg,1
images-20-42-_jpeg_jpg.rf.4a001b47a24708c593cadf9224fdaecb.jpg,1
images-20-44-_jpeg_jpg.rf.542bf969d0ec2f6c8a9d6059f24f4b41.jpg,1
ir-cracked-module_jpg.rf.9664cad9c936bef1b89950aba18a170b.jpg,1
Infrarotbild-Luftaufnahme-defekte-Solaranlage-in-Sachsen_jpg.rf.e6e3a8f7f16789266abb4139906b0f22.jpg,1
imgFC991_png_jpg.rf.1a5d216edbdfb2275d1e888a168fdae7.jpg,1
Infrarotbild-Luftaufnahme-defekte-Solaranlage-in-Sachsen_jpg.rf.e82610f213d760b5baa7c1562e70e76b.jpg,1
Infrarotbild-Luftaufnahme-defekte-Solaranlage-in-Sachsen_jpg.rf.6e7259fcd7314b20207e35f56cf4917b.jpg,1
images-20-41-_jpeg_jpg.rf.95dac08c4ed30c211680173db56066f6.jpg,1
imgFC967_png_jpg.rf.00748961e05d62126cbf5eb56a2e5404.jpg,1
images-20-44-_jpeg_jpg.rf.5dd3bca701b18becbbb92a10fe846c8b.jpg,1
Infrared-Solar-Panel-Inspection_Infrared-Imaging-Services-LLC-2_jpg.rf.11848b03849b63e52c9af5524b6d0d2b.jpg,1
images-20-43-_jpeg_jpg.rf.d015cfb06be589ae3a9d99fd2af08ab6.jpg,1
images-20-46-_jpeg_jpg.rf.3db48b1221a780ae58b05d64a0eb70e1.jpg,1
ir-cracked-module_jpg.rf.e59e12d0dcc30d3ed429495ed6c3424c.jpg,1
images-20-56-_jpeg_jpg.rf.ee6a0e3c25a5fe72d77dbb973b8c21bd.jpg,1
ir-cracked-module_jpg.rf.7cb51053445e874fbb72467f946c21b2.jpg,1
images-20-44-_jpeg_jpg.rf.ad793f4bdc42b3a0d767001efb851575.jpg,1
images-20-56-_jpeg_jpg.rf.d6b211329465b63523cb92fc2486890b.jpg,1
images-20-43-_jpeg_jpg.rf.f5db6912599a29508a08d3b2320674ff.jpg,1
imgFC966_png_jpg.rf.fdd8745e112ba4bb193c7efeac47debf.jpg,1
images-20-55-_jpeg_jpg.rf.4ce358ab749f0ecdcb6ce737c3d1dda1.jpg,1
images-20-41-_jpeg_jpg.rf.f62e4b0d869013c796b4e88995515d13.jpg,1
imgFC967_png_jpg.rf.2ce080d81fca9e31a2937c46191d5433.jpg,1
images-20-42-_jpeg_jpg.rf.e86378a807a18dc47180779bd3458990.jpg,1
images-20-56-_jpeg_jpg.rf.4dfffd92474f5b707cc14c6679d4df3f.jpg,1
imgFC972_png_jpg.rf.60933a7913a104dd21bdc6f10745ddd8.jpg,1
ir-cracked-module_jpg.rf.fadca126656d84857f9f845ab6ea9a78.jpg,1
images-20-58-_jpeg_jpg.rf.539586d64ea8c2fdd985074f87f77e86.jpg,1
imgFC972_png_jpg.rf.3fb4ce9aa5733baaaffb9619bbaf8eae.jpg,1
images-20-44-_jpeg_jpg.rf.96aa976ab831eb25797e91fac25a850d.jpg,1
images-20-58-_jpeg_jpg.rf.156b26062e1009c15c91769078f7b1c8.jpg,1
images-20-57-_jpeg_jpg.rf.bba7dd33835e6aad8ce316c3e24054e3.jpg,1
images-20-43-_jpeg_jpg.rf.77368bc63fd2724d5562f076f03bfd96.jpg,1
images-20-41-_jpeg_jpg.rf.378f53fed1f19a801b0f35fcf47ee8a0.jpg,1
images-20-44-_jpeg_jpg.rf.58d3849cc2d8c6917d92633e96626b2d.jpg,1
Infrarotbild-Luftaufnahme-defekte-Solaranlage-in-Sachsen_jpg.rf.da229d9097671629b1457a19263b9871.jpg,1
images-20-45-_jpeg_jpg.rf.7ec3749c6ff9bf0dd79bffd39edaf5ed.jpg,1
imgFC967_png_jpg.rf.bffcd4f522af966d7c8ffc63bdbc5c6f.jpg,1
imgFC972_png_jpg.rf.dbc4fb26bdfaadd936e43ebd29d72142.jpg,1
images-20-59-_jpeg_jpg.rf.4f24ee61b4577d1666e1df56fe306c01.jpg,1
Infrarotbild-Luftaufnahme-defekte-Solaranlage-in-Sachsen_jpg.rf.c85d6c0a0ab823b92cf12b58f9adbd52.jpg,1
images-20-6-_jpeg_jpg.rf.1e382921704925b80b2f7ce85622f6b4.jpg,1
images-20-45-_jpeg_jpg.rf.e3fa2bff017ea9eb4582420e88a0155e.jpg,1
images-20-46-_jpeg_jpg.rf.e707317ee9c43f0f9164b943917482f2.jpg,1
ir-cracked-module_jpg.rf.01c72110a32eef888ffee12edd44c6bb.jpg,1
images-20-58-_jpeg_jpg.rf.49bfaaf20bfb5a7b9921011c7dabd940.jpg,1
images-20-44-_jpeg_jpg.rf.c4a3fbb1fea284068bb46bff3863714f.jpg,1
images-20-59-_jpeg_jpg.rf.87925d4bc8805af2aa9f859d2a6b0413.jpg,1
images-20-45-_jpeg_jpg.rf.86d5b2539c7064f584834f87a71625ce.jpg,1
images-20-59-_jpeg_jpg.rf.8752c9e94e0eb58fa89e7e821c38837b.jpg,1
images-20-58-_jpeg_jpg.rf.8763fadf7f2fe5692e1de630fcaf5c6b.jpg,1
images-20-42-_jpeg_jpg.rf.5397afaa142a9b222f17e733b555a822.jpg,1
images-20-59-_jpeg_jpg.rf.9484edc013fb6a21dd7b231d05107e56.jpg,1
images-20-45-_jpeg_jpg.rf.fa208761cf83c564ca90d30fc2682c35.jpg,1
images-20-44-_jpeg_jpg.rf.d348220637c5fa6634391e07b6165172.jpg,1
images-20-45-_jpeg_jpg.rf.b8ee697b6a0756863056e3899b2fb167.jpg,1
images-20-46-_jpeg_jpg.rf.f7ca42ac8f01f2f8d12b90fcf7ea37d5.jpg,1
images-20-45-_jpeg_jpg.rf.871489d2671ae839e8b35edadb242f00.jpg,1
imgFC972_png_jpg.rf.b76d2eb7b657226b557560372ad1b9f7.jpg,1
images-20-55-_jpeg_jpg.rf.b53337c510aa5451a561c09aa06e35f7.jpg,1
images-20-10-_jpeg_jpg.rf.7c8e533bff4c736238f35b22d82ed488.jpg,1
images-20-57-_jpeg_jpg.rf.8516a861d1772b13d2470b8b1af9c138.jpg,1
images-20-47-_jpeg_jpg.rf.5fbec8d7b80e05c82ab7b87ea28458ab.jpg,1
images-20-47-_jpeg_jpg.rf.464fdb7bf075f4d99c756b1bcaf7786a.jpg,1
images-20-60-_jpeg_jpg.rf.c6953eac610ec183e2dc1880caa0fe80.jpg,1
images-20-6-_jpeg_jpg.rf.e76964db868aa05ab79f4b700204fc9f.jpg,1
images-20-46-_jpeg_jpg.rf.d26a30e0f9354e9a78de5986fe388f27.jpg,1
images-20-46-_jpeg_jpg.rf.3c516e17a6a70e4b6571ca9a1920f075.jpg,1
images-20-60-_jpeg_jpg.rf.5cb88dafcb41f0c922c9eed3699c8c01.jpg,1
images-20-47-_jpeg_jpg.rf.86b3334399bfb5970b9cc30c2fd8eab3.jpg,1
images-20-45-_jpeg_jpg.rf.0e5a02d9b63b2b5a65e077875732ec0a.jpg,1
images-20-10-_jpeg_jpg.rf.0bcdd2f2f40cd86758e4e99c24d0b3b9.jpg,1
images-20-1-_jpeg_jpg.rf.f3ff1b58f1f517b54cca0c39eafe291c.jpg,1
images-20-59-_jpeg_jpg.rf.b9c7ed5b56abc5ca4842f3efd46da52c.jpg,1
images-20-59-_jpeg_jpg.rf.a57bf51ce75c157ff8d2ec1af0ab0bbf.jpg,1
images-20-6-_jpeg_jpg.rf.2ff33c7921a975491e6bb38e19fbe2bc.jpg,1
images-20-14-_jpeg_jpg.rf.c9ccfe32e11f2c1825f04ce77a1d9326.jpg,1
images-20-44-_jpeg_jpg.rf.1569a2fc4236c7e1e2facd437b10283f.jpg,1
images-20-6-_jpeg_jpg.rf.566cde7259c2c6c7c4449a7c973d7d7d.jpg,1
images-20-56-_jpeg_jpg.rf.b8fb59b9e86f7c80e38c4aa3d2173f7e.jpg,1
images-20-12-_jpeg_jpg.rf.275ae04c4c1b0ed0ddf35fdf77dcf09f.jpg,1
images-20-60-_jpeg_jpg.rf.efd4c102ea12d5f711b2e8ecabe7579e.jpg,1
images-20-1-_jpeg_jpg.rf.b3043e11595f924fc7edf775826483e7.jpg,1
images-20-46-_jpeg_jpg.rf.ef7a6a1bc9682734d2749703fd0ddf20.jpg,1
images-20-47-_jpeg_jpg.rf.1521f8e25494234427dd767f298b94fb.jpg,1
images-20-15-_jpeg_jpg.rf.1e68131fbe4c1898efca9b5dd9c42c18.jpg,1
images-20-16-_jpeg_jpg.rf.65cbc9f51f8568ee289f2294495b7f74.jpg,1
images-20-46-_jpeg_jpg.rf.c9ed5e5dcd2b79af7244f69e196a5393.jpg,1
images-20-14-_jpeg_jpg.rf.6fa5ad144733d88b7b35bd051e57d833.jpg,1
images-20-16-_jpeg_jpg.rf.1a2c88445d8ab79b557104aa656f3dab.jpg,1
images-20-10-_jpeg_jpg.rf.dffdb101d5b586b0d60cd4a059390d38.jpg,1
images-20-45-_jpeg_jpg.rf.bdeaa3a32faafd90dfd15a9b63c719d2.jpg,1
images-20-14-_jpeg_jpg.rf.859150976d57b4165d16b3abf2b576e2.jpg,1
images-20-45-_jpeg_jpg.rf.4e5b15eb97c1101283816e3feaeba036.jpg,1
images-20-46-_jpeg_jpg.rf.b9bde4bee02aea59a471bf0aa4c49ac2.jpg,1
images-20-44-_jpeg_jpg.rf.2634bce21d6595f32f14b02d237310b9.jpg,1
images-20-15-_jpeg_jpg.rf.5a53cbf304d7fe83cf86f2496a2e95ff.jpg,1
images-20-47-_jpeg_jpg.rf.f22cff32ddab62e2b3f1c19bb4d58c0c.jpg,1
images-20-20-_jpeg_jpg.rf.d9c6ec1a63754f4f268d8abe9fbc48bf.jpg,1
images-20-46-_jpeg_jpg.rf.108337731396b21dd197fd8c310f832c.jpg,1
images-20-16-_jpeg_jpg.rf.b78031f7170b3ade748aa175f6ab6192.jpg,1
images-20-47-_jpeg_jpg.rf.d9e7a4fdc102c39de1ff058276a952bb.jpg,1
images-20-6-_jpeg_jpg.rf.dd8dfa7e762e7839796a04a37d042914.jpg,1
images-20-43-_jpeg_jpg.rf.984bc54fd3c7cbd1dd0359479c131689.jpg,1
images-20-11-_jpeg_jpg.rf.9380fd6469dbc411c6ff76c43788c42c.jpg,1
images-20-16-_jpeg_jpg.rf.f75e94869e923691480c8cd0d047778e.jpg,1
images-20-15-_jpeg_jpg.rf.df0eabaedbfd85cca777a48e4dc3bf78.jpg,1
images-20-10-_jpeg_jpg.rf.a373479524ae73d33dbe63ec4594e389.jpg,1
images-20-10-_jpeg_jpg.rf.518684698871bd42bbbd5a6bbeb70a95.jpg,1
images-20-1-_jpeg_jpg.rf.d63170959200d0b4286663c113c26a70.jpg,1
images-20-2-_jpeg_jpg.rf.6ade0bd047be0e66f5460963545cd2a9.jpg,1
images-20-46-_jpeg_jpg.rf.dd249e7337dea9ca42de49ee5b68f86f.jpg,1
images-20-11-_jpeg_jpg.rf.4cfd70af77b2dc8bd33fa78799b75fd6.jpg,1
images-20-46-_jpeg_jpg.rf.b2de02b2eb44d66e2067bef06e8b6691.jpg,1
images-20-13-_jpeg_jpg.rf.1d4fe02ebdce4ff334ba631bd459f5b8.jpg,1
images-20-10-_jpeg_jpg.rf.102e3859ab564824112e5906d826364e.jpg,1
images-20-10-_jpeg_jpg.rf.cade20532a46af70e37f543a575b0d75.jpg,1
images-20-16-_jpeg_jpg.rf.f7e93d6e62ca79df0a3d70a3bb8f4a2f.jpg,1
images-20-14-_jpeg_jpg.rf.2b7167a1dd3c3f1717d042d96bc07b15.jpg,1
images-20-13-_jpeg_jpg.rf.55f7f269d2f33b0f2c2095eaa69fb8c7.jpg,1
images-20-1-_jpeg_jpg.rf.065184e0cb9d4b2a7118be86931e5307.jpg,1
images-20-20-_jpeg_jpg.rf.590729f0c0d1beba57326fc8295000a4.jpg,1
images-20-11-_jpeg_jpg.rf.696b1c06e857d058b86477a37b74e874.jpg,1
images-20-20-_jpeg_jpg.rf.9f0178717a513bc2792dbbb8ea49104f.jpg,1
images-20-2-_jpeg_jpg.rf.46dd9d307ae80298503b3270777b3b6e.jpg,1
images-20-12-_jpeg_jpg.rf.4ceb5d9446f90106230048e703c38070.jpg,1
images-20-1-_jpeg_jpg.rf.ac1f8e418702823b359ba5cecb4798ef.jpg,1
images-20-21-_jpeg_jpg.rf.e241f24974593f85e7d5a42275f17ee6.jpg,1
images-20-60-_jpeg_jpg.rf.8b55a539b7c9786e599a9cfef4d2c40b.jpg,1
images-20-21-_jpeg_jpg.rf.3efd8f6a4f49b634da8e8fe28dd7159a.jpg,1
images-20-5-_jpeg_jpg.rf.601837a179505f227f9697c94588639c.jpg,1
images-20-6-_jpeg_jpg.rf.5d55e2bcc85f561f53c897f1a2524964.jpg,1
images-20-1-_jpeg_jpg.rf.cd325e82398c353b9af07368ab986f48.jpg,1
images-20-12-_jpeg_jpg.rf.2b281d2ce65bd21eaf4d9c5ad4131379.jpg,1
images-20-11-_jpeg_jpg.rf.a5e3eb0f4cbcd98d0d6763c38fe2966b.jpg,1
images-20-2-_jpeg_jpg.rf.143a5409ec016363318c63888528f8ff.jpg,1
images-20-10-_jpeg_jpg.rf.52453689340b875fdf971f06d1ff78d6.jpg,1
images-20-5-_jpeg_jpg.rf.16a18fb2abde570efdf0a34610800c68.jpg,1
images-20-2-_jpeg_jpg.rf.85b65d089b5a6308db44789058e7416e.jpg,1
images-20-10-_jpeg_jpg.rf.ba8bdbb0539be9bbcacd90952d7e4b29.jpg,1
images-20-12-_jpeg_jpg.rf.d7fb367165a450fd546aca7b128a08bd.jpg,1
images-20-60-_jpeg_jpg.rf.9f69bb252db4c503ea830d83d19fbfbf.jpg,1
images-20-11-_jpeg_jpg.rf.e25c7dc3e73a94664d24ef1a2b482b69.jpg,1
images-20-20-_jpeg_jpg.rf.b8cd10c25ccc84c167875fa298c33055.jpg,1
images-20-1-_jpeg_jpg.rf.94d5b7e45331e52f7a0025501eda128d.jpg,1
images-20-11-_jpeg_jpg.rf.07b5dceffe7cb4bb1701d46ba1359629.jpg,1
images-20-14-_jpeg_jpg.rf.2ef8c251744ec1d29c3b2b7bdbbb1c34.jpg,1
images-20-11-_jpeg_jpg.rf.39cc79716d8e92819e494422ba1f3ef4.jpg,1
images-20-11-_jpeg_jpg.rf.26a8bfbfb7ef6ca2fc80b108762d4218.jpg,1
images-20-10-_jpeg_jpg.rf.42dce794c7a1c3c64e46f7a96a43b60f.jpg,1
images-20-1-_jpeg_jpg.rf.68cd4e1623ee6b094fdd366dccc72208.jpg,1
images-20-16-_jpeg_jpg.rf.6dcc262072e8b62b44ff438d6e3310c9.jpg,1
images-20-12-_jpeg_jpg.rf.1de450d2e1fbe3c3c69f148d7af878ed.jpg,1
images-20-21-_jpeg_jpg.rf.d3b266b12b617f4013ac553091f4b82d.jpg,1
images-20-1-_jpeg_jpg.rf.9b42f48d414262b67ce8dd976e2b4342.jpg,1
images-20-13-_jpeg_jpg.rf.71ecf26a303cea90628a2166d3656778.jpg,1
images-20-11-_jpeg_jpg.rf.ca69dccc487f50f70ed54e2b1a533d9a.jpg,1
images-20-1-_jpeg_jpg.rf.7cd1b7847fdfd3579194fa60cb2340c7.jpg,1
images-20-11-_jpeg_jpg.rf.b0cc745f87ada0ffc6f12b580c9e1cd5.jpg,1
images-20-13-_jpeg_jpg.rf.98a88bddc9aa039046677900b7938ce2.jpg,1
images-20-14-_jpeg_jpg.rf.0c2b8240dbe1f1cc93a9d8e12e3edce3.jpg,1
images-20-10-_jpeg_jpg.rf.f6178dbc22e0dc026f7b912977b8c5b5.jpg,1
images-20-60-_jpeg_jpg.rf.dc0aca5817de8177c6f865e6d075380b.jpg,1
images-20-11-_jpeg_jpg.rf.a7faf885190c974657df4d744b4a5efb.jpg,1
images-20-11-_jpeg_jpg.rf.e42c6716e6b65bfc80c85d1c36ba9b89.jpg,1
images-20-11-_jpeg_jpg.rf.0356291852cd8d5fd9fc97ccb00f7cd6.jpg,1
images-20-1-_jpeg_jpg.rf.1d24730e67abf77c6bd3ca7244379666.jpg,1
images-20-11-_jpeg_jpg.rf.78727effba13e1a78eaa673bc788cc75.jpg,1
images-20-20-_jpeg_jpg.rf.6a6b0fe6e457aa5e33861aeee02f8cb7.jpg,1
images-20-12-_jpeg_jpg.rf.b7ab25bdc8567f2039219de072a2ae8f.jpg,1
images-20-12-_jpeg_jpg.rf.c3a498158997b45796600cf5113c6f83.jpg,1
images-20-20-_jpeg_jpg.rf.2edb2acdc1df70fbbb24869e834dbb0d.jpg,1
images-20-1-_jpeg_jpg.rf.94a40ba9f7daf121b4093c9c202e2b51.jpg,1
images-20-11-_jpeg_jpg.rf.7f9a01bd111490b50588402d74e41220.jpg,1
imgFC165_png_jpg.rf.64519a1e99c48725c02af1fcd047af03.jpg,1
images-20-46-_jpeg_jpg.rf.6ed477016fe2d199e8401b4657198964.jpg,1
images-20-15-_jpeg_jpg.rf.7d11a1b3115397962e9ea84364d9ae8b.jpg,1
images-20-11-_jpeg_jpg.rf.77140fdf5dce855e0ca85dc986d9bb6f.jpg,1
imgFC177_png_jpg.rf.71c49aea52d2ea130c902be4d3afb402.jpg,1
images-20-2-_jpeg_jpg.rf.65fc85d078e2d42c6521115b4105f869.jpg,1
images-20-11-_jpeg_jpg.rf.1737084a884c997bc09186cadab2b263.jpg,1
images-20-12-_jpeg_jpg.rf.ad71cf1529d292153f5f26cf45535376.jpg,1
images-20-15-_jpeg_jpg.rf.452afaa121e0a12241d20b92082a913f.jpg,1
imgFC18_png_jpg.rf.b77b0665c4e88aaf6aae9600e288e8cf.jpg,1
imgFC185_png_jpg.rf.e83a967ea591b41690faa2b967ec1dd0.jpg,1
imgFC185_png_jpg.rf.0fa42756547e365309eee84b7cb94e17.jpg,1
imgFC18_png_jpg.rf.bb42f781b72a3a6df73a7d6fa0c251c9.jpg,1
images-20-15-_jpeg_jpg.rf.29330be40f3bdc6a38750b6772e23be1.jpg,1
imgFC182_png_jpg.rf.4a118d6801167f6c3e13608cd1c79c36.jpg,1
imgFC192_png_jpg.rf.d462d8b9f7dc5c088e1b98d1752296a9.jpg,1
images-20-12-_jpeg_jpg.rf.39ace4a56d1cb5693d695966f04b18f8.jpg,1
images-20-21-_jpeg_jpg.rf.ca0fd22dbfc9ddc6f074882ae0b088ad.jpg,1
images-20-21-_jpeg_jpg.rf.e227a8be858e2ba75eb02de2c9291971.jpg,1
images-20-11-_jpeg_jpg.rf.ceff4f00a721d30382e45044bb611490.jpg,1
images-20-12-_jpeg_jpg.rf.c7ad8866593d392c7012a499e8d57127.jpg,1
images-20-2-_jpeg_jpg.rf.e0d9ef2bce7bcceeb74d1e8cff4e2335.jpg,1
images-20-1-_jpeg_jpg.rf.4602a3cf31ff735ee6251a568e94142f.jpg,1
imgFC185_png_jpg.rf.1a19dc2cf8db466baaa241d89b10708e.jpg,1
imgFC164_png_jpg.rf.e385101f026c6132837b4b9c6a03c2bf.jpg,1
imgFC186_png_jpg.rf.f286d2248a396270aa4e3d312ec8baf8.jpg,1
imgFC182_png_jpg.rf.f5ce0a1ee98ae876eab52cb8435d11b8.jpg,1
imgFC298_png_jpg.rf.3b99ba42460e2344614629db6d22d5ea.jpg,1
imgFC185_png_jpg.rf.eff365900932bb06e916070382241953.jpg,1
imgFC182_png_jpg.rf.0270fda8bdd053b069bce6d0bfb67878.jpg,1
images-20-1-_jpeg_jpg.rf.5064ed8fb3d01be25be1416234c78c8c.jpg,1
imgFC298_png_jpg.rf.081fe17acfcb8e6bfa3dc43eb468f8f0.jpg,1
images-20-1-_jpeg_jpg.rf.7e393ef845bf98901b1f05aaa9cf516f.jpg,1
imgFC172_png_jpg.rf.f60c246b9404207e56580a5c3d421a88.jpg,1
imgFC185_png_jpg.rf.397e3fcaf097f20ec71543c84a9ab4bc.jpg,1
imgFC186_png_jpg.rf.4465ff4f56dd62b5ed9c6266eedbd440.jpg,1
imgFC18_png_jpg.rf.850f379d1dc0958525a5f652cba4e8d8.jpg,1
imgFC18_png_jpg.rf.55efada217a2ffa694b9acef02024021.jpg,1
images-20-14-_jpeg_jpg.rf.a1c115b631bbd8e748db5977ac404649.jpg,1
imgFC310_png_jpg.rf.e78ead5f1060bbb9d81da079e4e65cfe.jpg,1
images-20-1-_jpeg_jpg.rf.109233620c0832e7dd3debca3d3a2ca8.jpg,1
imgFC18_png_jpg.rf.1de82d5043262d0d62dff1a888f3bcb0.jpg,1
imgFC1_png_jpg.rf.fe672107b10487a557fd8f8f462582ea.jpg,1
imgFC270_png_jpg.rf.1554d3c166b9f7979a08bb235993cc6c.jpg,1
images-20-14-_jpeg_jpg.rf.d716657c87cc08e08bc5573203941a03.jpg,1
imgFC192_png_jpg.rf.288c3f26b42a28ba76cb105aeeb9f966.jpg,1
images-20-1-_jpeg_jpg.rf.0a8f2a7bbe7a46f4428da68bfdac1686.jpg,1
imgFC172_png_jpg.rf.8c305c052c2c4f011fffa758825497cf.jpg,1
imgFC165_png_jpg.rf.ae375dada1413688e590b78b5d8f1b95.jpg,1
imgFC182_png_jpg.rf.924d8b62175774423a51cbca7cda8954.jpg,1
imgFC186_png_jpg.rf.758986e2f345be9d9e92dc08ca440d7a.jpg,1
imgFC310_png_jpg.rf.abd88b59258e342b2972d2b3ba7eab6b.jpg,1
imgFC18_png_jpg.rf.070c5b58b031ffac953543a278ddfba6.jpg,1
images-20-1-_jpeg_jpg.rf.63726ff295228b3f18cb6cdb251c9c50.jpg,1
imgFC185_png_jpg.rf.f9e220675c68a5754fa09e0933f968c7.jpg,1
imgFC18_png_jpg.rf.e3a260667b072c93f2f452b262cb2ef6.jpg,1
imgFC177_png_jpg.rf.50a6360bf53cdbb7e2d954f05b98d42e.jpg,1
images-20-21-_jpeg_jpg.rf.de0b42ce2d38dc113d62d396fdc89ec9.jpg,1
imgFC182_png_jpg.rf.2046a7fee49104adb8000b69f438a141.jpg,1
imgFC182_png_jpg.rf.d3352bbddb701bfcbe8b84e16737b44e.jpg,1
images-20-14-_jpeg_jpg.rf.67544979632b30fd31b9f40d15f04f91.jpg,1
imgFC192_png_jpg.rf.3609c1b6dc116f65028580f30ea6dced.jpg,1
imgFC186_png_jpg.rf.58b3da54883a578762492e2d8f3faefe.jpg,1
imgFC311_png_jpg.rf.eadabe9ea9895cb2ff2a14c581c841ae.jpg,1
imgFC298_png_jpg.rf.43ffaf4042bdc42589c2da2ec1781877.jpg,1
imgFC165_png_jpg.rf.2c8251f34196c79a2de1d679a030f48e.jpg,1
imgFC186_png_jpg.rf.be3b756d9c08a995893ece26388a25e7.jpg,1
imgFC185_png_jpg.rf.536c3dc7755ba93b01f6f801b0b43d23.jpg,1
imgFC185_png_jpg.rf.13cb0fc02afc0f92f5dd9eec0ac3702b.jpg,1
imgFC192_png_jpg.rf.47f206f0bdaf13b06ab4b6ac49ad7fba.jpg,1
imgFC1_png_jpg.rf.0e169c5afc12495dadeb0f6b87566d54.jpg,1
imgFC186_png_jpg.rf.3d5943c0c2c067cc20edd02fc4e838b9.jpg,1
imgFC318_png_jpg.rf.5c75e6cdec02bbb5e33615f43e01008e.jpg,1
imgFC18_png_jpg.rf.36d56a9be686949ecada866baf253ede.jpg,1
imgFC1_png_jpg.rf.230fac538ae38a6633ddba7358abc90f.jpg,1
imgFC1_png_jpg.rf.257fd51e8c8397b89cbc8441fc05bd34.jpg,1
imgFC193_png_jpg.rf.443b1d11541f65535eb0a3038183f8c1.jpg,1
imgFC1_png_jpg.rf.a03cbdabfd57c0b5a84569067cfda48f.jpg,1
imgFC186_png_jpg.rf.54fb0d8180e7bda0e7f9deca9c63347d.jpg,1
imgFC193_png_jpg.rf.f13d8ed1b2a4deb33a54e03ce870fe8d.jpg,1
imgFC193_png_jpg.rf.9a7c1d12759dc711d05abcc8f35668eb.jpg,1
imgFC310_png_jpg.rf.7779fd627c78f5eedf166c1e4df6389d.jpg,1
imgFC192_png_jpg.rf.d46378e653ad79b7b9a0ef77c1c4b6ef.jpg,1
imgFC186_png_jpg.rf.69a5dc855a442b913a6867c7ec74305b.jpg,1
imgFC208_png_jpg.rf.faf5effafcffce0f8069b59aaf375734.jpg,1
imgFC193_png_jpg.rf.3419da15a5d9ad0b65b07f74b1bb2e55.jpg,1
imgFC311_png_jpg.rf.c2c0b18c6cd94dced918163a91299b3c.jpg,1
imgFC172_png_jpg.rf.9c84a4532360cb73e213605d67042bca.jpg,1
imgFC192_png_jpg.rf.726ff0dc122c8595e52ab025c1808af5.jpg,1
imgFC193_png_jpg.rf.ae9acb290bb39ba38cf9c5bf1758ad52.jpg,1
imgFC192_png_jpg.rf.19fdc4ea8749dcbe0068fdc162d01801.jpg,1
imgFC192_png_jpg.rf.ba4a829c9d8413fe426864ad202f0ea2.jpg,1
imgFC318_png_jpg.rf.ef381822ea94d474648873bc7612bc91.jpg,1
imgFC1_png_jpg.rf.4d2e85be82aa6d2ad903ffe1b52e2987.jpg,1
imgFC185_png_jpg.rf.a8eabf284650f58e34825d8f72c20b2a.jpg,1
imgFC18_png_jpg.rf.c7c388f4a3bbd853188289a2de31f15c.jpg,1
imgFC321_png_jpg.rf.3e05e850438648918aeea1d085407db8.jpg,1
imgFC311_png_jpg.rf.db6d0f18a9ed10d34216cc4a4b60d9b7.jpg,1
imgFC18_png_jpg.rf.47e5ffd341ab62283011c652077e1df0.jpg,1
imgFC193_png_jpg.rf.6baec380451836d7bbe459a9384aa78f.jpg,1
imgFC1_png_jpg.rf.242e77e6465bb8eb41b495b1f80c96d4.jpg,1
imgFC270_png_jpg.rf.b8ca9ef535a57657b4a32d456bb6cf66.jpg,1
imgFC208_png_jpg.rf.a2ad125598c4b85b9ac1a595650b4c11.jpg,1
imgFC193_png_jpg.rf.520e304cea8c2e7acda1ba987658fdc0.jpg,1
imgFC1_png_jpg.rf.0a2def92bf42287f51dbdb48a1168510.jpg,1
imgFC208_png_jpg.rf.3f73c027cedf5f85e1fce4864529169d.jpg,1
imgFC208_png_jpg.rf.06d744131de5193bdce6c9f87575ee65.jpg,1
imgFC208_png_jpg.rf.390a9e1de51bec918746a2968e977516.jpg,1
imgFC1_png_jpg.rf.071f153f96d24b877313012f8b134641.jpg,1
imgFC208_png_jpg.rf.7e3569252f9870ba3c9efb340ec1c315.jpg,1
imgFC192_png_jpg.rf.f12328618937c7ec5a464577d173c73d.jpg,1
imgFC192_png_jpg.rf.32019f2748ef6c3eb4017b027e127267.jpg,1
imgFC193_png_jpg.rf.f1a8817d3a6ba04cb22b115e756c68cf.jpg,1
imgFC318_png_jpg.rf.ecc779cfcb9ce8511e7db7c2cbcc72af.jpg,1
imgFC193_png_jpg.rf.634e0c4ade440f250167b94b9aa00ceb.jpg,1
imgFC1_png_jpg.rf.1f126159f16fe9ecfd87493e1dd8550d.jpg,1
imgFC193_png_jpg.rf.8364d0bd7ca708eb8d02e570fce03788.jpg,1
imgFC991_png_jpg.rf.2d262447265701c8e1bce1d937358d48.jpg,1
imgFC1_png_jpg.rf.f0e2eff51620daacbe277257b92a5c83.jpg,1
IR_0078_jpg.rf.cbbb91ad800c27ffa0c3ee3d3482ba36.jpg,1
IR_0078_jpg.rf.b5c09f894c5efe69064489c11d04c31b.jpg,1
imgFC192_png_jpg.rf.8eac2116d3fba4544812c0b871dfa67c.jpg,1
imgFC193_png_jpg.rf.f1548ff03d975ee38c4046d13a55524b.jpg,1
Infrared-Solar-Panel-Inspection_Infrared-Imaging-Services-LLC-2_jpg.rf.5e4e9492d27506237a55f87955fd3f7c.jpg,1
imgFC193_png_jpg.rf.343a309de91fe19f419e9b5ad61e9e66.jpg,1
ir-cracked-module_jpg.rf.593f754d89bbadbe5f01ee768ef21477.jpg,1
imgFC208_png_jpg.rf.b0a0b175d43933943dc750bc1425ba3a.jpg,1
IR_0186_jpg.rf.eeffb4e846e1b6b023b0f344391ff42d.jpg,1
Infrarotbild-Luftaufnahme-defekte-Solaranlage-in-Sachsen_jpg.rf.04d5880d56c0c4b31d748dc634951439.jpg,1
imgFC192_png_jpg.rf.fce3b31f04f4678355eeea0fc30612ff.jpg,1
images_20-6-_jpeg_jpg.rf.ffe308128caf71758c623786420d0f90.jpg,1
images_20-60-_jpeg_jpg.rf.f08bcf96eec31382fbbed7a755fb3b6a.jpg,1
imgFC991_png_jpg.rf.5caf3e4bb851166d5b3af71a265e4f16.jpg,1
IR_0078_jpg.rf.2b34d7a11b03169b9cb3bc9909865345.jpg,1
imgFC991_png_jpg.rf.6f3dc89291b7dc40ae4f410cfd325a01.jpg,1
IR_0134_jpg.rf.7c2f753101467c20fd14257091fa8798.jpg,1
IR_0080_jpg.rf.acffdd8087ef5fadb5b4a154194e042f.jpg,1
images_20-6-_jpeg_jpg.rf.d5dc6f5bb5f56cab79d8456eb55f5590.jpg,1
imgFC1_png_jpg.rf.53133feb154501429342f00eae8c4381.jpg,1
Infrared-Solar-Panel-Inspection_Infrared-Imaging-Services-LLC-2_jpg.rf.9f82fa7126766c383eb139980f7dc99b.jpg,1
ir-cracked-module_jpg.rf.296c3029eef3ac8ae050aafd5d2d9f48.jpg,1
Infrared-Solar-Panel-Inspection_Infrared-Imaging-Services-LLC-2_jpg.rf.cef0fb71857373a0612bdbe3d7a3eceb.jpg,1
images_20-60-_jpeg_jpg.rf.639589a947cd054f04f6dfdc87adb96a.jpg,1
IR_0090_jpg.rf.b10f41b18f010bf62fa112e082a28fe0.jpg,1
imgFC991_png_jpg.rf.f92d48e3da97b58c16786542ad8e484d.jpg,1
imgFC991_png_jpg.rf.8694977d7fb87ee250e0c8d9214a21ad.jpg,1
images_20-60-_jpeg_jpg.rf.87fe9c4654d483f0f640aaa2ba6c6289.jpg,1
imgFC991_png_jpg.rf.fd2ea75885490707900a163c645a5fe8.jpg,1
images_20-60-_jpeg_jpg.rf.404ae439e3abbd5e08fd5ab80d7e8477.jpg,1
ir-cracked-module_jpg.rf.3b7a9aab413d4c7d05df4b03120469ac.jpg,1
images_20-60-_jpeg_jpg.rf.7a7e4b767a5497ae167a2993a1c8c924.jpg,1
IR_0080_jpg.rf.19708edea80c031a753f166b904d2854.jpg,1
imgFC991_png_jpg.rf.aed783ffa1dfcc3420aa7f12d8f9925a.jpg,1
IR_0080_jpg.rf.1a2df0422bee9b8f3fe68554f0e8ca68.jpg,1
IR_0090_jpg.rf.d44f36fe6e2ac14ea02f57c2f2cae059.jpg,1
IR_0080_jpg.rf.f10e8d394b5cf96a08316a32c9ad18a8.jpg,1
ir-cracked-module_jpg.rf.dd7d6955718529d1784d8b199fdc6f44.jpg,1
imgFC991_png_jpg.rf.8c2e4d1415ccdaba2e2e7f488127cff0.jpg,1
Infrared-Solar-Panel-Inspection_Infrared-Imaging-Services-LLC-2_jpg.rf.254ec63817efb9a627eebdb870b3eb56.jpg,1
IR_0124_jpg.rf.006d39a508e60d4cba396753711d732f.jpg,1
IR_0134_jpg.rf.fe80bdc149fa19495342fd37f554fe5f.jpg,1
images_20-60-_jpeg_jpg.rf.3a290b54766e6f1c97fed1222f03904b.jpg,1
images_20-60-_jpeg_jpg.rf.de961d4d62392ae04838b09273bc1e5c.jpg,1
IR_0134_jpg.rf.4088a361cfc4268019aeee632f3f3567.jpg,1
images-20-63-_jpeg_jpg.rf.e38a0d7333636f2409484260b7f826c0.jpg,1
Infrared-Solar-Panel-Inspection_Infrared-Imaging-Services-LLC-2_jpg.rf.23b505827e4f2a2276b1b7f8ba99f1b5.jpg,1
IR_0136_jpg.rf.2de4e8b3d27aabb62ed7d38376252011.jpg,1
images-20-63-_jpeg_jpg.rf.acef47f2b0b536ee2201a5cdf949bdc8.jpg,1
images-20-63-_jpeg_jpg.rf.bd7cb8542b5e4143f1a0c14bd32ff368.jpg,1
Infrared-Solar-Panel-Inspection_Infrared-Imaging-Services-LLC-2_jpg.rf.4844ebce814e2da67e7411b81ac6cef4.jpg,1
IR_0178_jpg.rf.61bf7ddcf5c68350252c72f36ff88688.jpg,1
images-20-56-_jpeg_jpg.rf.265692008c827d20f2190e86225e5b50.jpg,1
Infrared-Solar-Panel-Inspection_Infrared-Imaging-Services-LLC-2_jpg.rf.3356dd030439ded0b15d8c7b6d2079d8.jpg,1
Infrared-Solar-Panel-Inspection_Infrared-Imaging-Services-LLC-2_jpg.rf.83f241fdd9d129bac299f1711db4787e.jpg,1
images_20-61-_jpeg_jpg.rf.296a52854ba1b4f8cf03c1e8f68d0ee8.jpg,1
Infrared-Solar-Panel-Inspection_Infrared-Imaging-Services-LLC-2_jpg.rf.4e68667189e0f1ef2413d6e6c6027f92.jpg,1
images-20-56-_jpeg_jpg.rf.b7ac9c9a0097352709360930e6d661a3.jpg,1
IR_0090_jpg.rf.6a8a724f89f7875710e4aaf3953fad03.jpg,1
Infrared-Solar-Panel-Inspection_Infrared-Imaging-Services-LLC-2_jpg.rf.f3352c2fc58cd961a1ed5e1b208cf100.jpg,1
IR_0124_jpg.rf.f91afd50eb4140ace3e51a7b5194630d.jpg,1
IR_0136_jpg.rf.34e16cc15569771619a2d86f76022ee2.jpg,1
IR_0134_jpg.rf.72a7555ac5d2e940f3dfb9cbff9e7639.jpg,1
IR_0124_jpg.rf.af7453199b8b140ed5fb21ebad6607a8.jpg,1
Infrared-Solar-Panel-Inspection_Infrared-Imaging-Services-LLC-2_jpg.rf.d925e575d5cd84e52197c1a21e142cc9.jpg,1
Infrared-Solar-Panel-Inspection_Infrared-Imaging-Services-LLC-2_jpg.rf.5f453f8593984b0fc422a2a90a2df57b.jpg,1
images-20-63-_jpeg_jpg.rf.03bd084b1627242c573b07cfa8ec2dc7.jpg,1
images-20-56-_jpeg_jpg.rf.9950a1eda5a84e050cee27ac18d9e41c.jpg,1
IR_0080_jpg.rf.461e00cf77a2e21b06fa4c9706cb5403.jpg,1
ir-cracked-module_jpg.rf.d08d5ffd58ee922ab10cd18f21c6f8b0.jpg,1
images-20-56-_jpeg_jpg.rf.55bf7d3de0746069fad7756397d02dca.jpg,1
images_20-60-_jpeg_jpg.rf.d91b952976056d19025f46006e444d05.jpg,1
images-20-56-_jpeg_jpg.rf.bcb0425cfa0d0e3e551599606e199d9c.jpg,1
images-20-56-_jpeg_jpg.rf.08af62719551baba3db2992f4551bc11.jpg,1
Infrared-Solar-Panel-Inspection_Infrared-Imaging-Services-LLC-2_jpg.rf.68d0cc019a0282e3a729433ef1cfbf4b.jpg,1
images-20-59-_jpeg_jpg.rf.16f74b131c90cbeb5aa640549b2efe85.jpg,1
imgFC208_png_jpg.rf.f934e8dbdfee8411bfbb7904b20bf670.jpg,1
images-20-63-_jpeg_jpg.rf.12660afde078af066635f66a13477994.jpg,1
Infrared-Solar-Panel-Inspection_Infrared-Imaging-Services-LLC-2_jpg.rf.12f1e3b5042ea7888e92b6761f30eb2f.jpg,1
imgFC209_png_jpg.rf.be617ea5f2fff372c812777e791b73bd.jpg,1
imgFC208_png_jpg.rf.7e70d4486ac96582c1f6f56dde5a0502.jpg,1
ir-cracked-module_jpg.rf.547b01880c34c8e0331fdacb812c9b59.jpg,1
IR_0178_jpg.rf.83365ff65fbf4f4d26350e31aafd30a0.jpg,1
Infrared-Solar-Panel-Inspection_Infrared-Imaging-Services-LLC-2_jpg.rf.6a5d89da45b43bf292f676b4c86543b2.jpg,1
IR_0136_jpg.rf.b2461680824ca94505f0d747f916fe98.jpg,1
IR_0186_jpg.rf.762ccec669bfe7de97c8702c81fd0259.jpg,1
IR_0080_jpg.rf.5c837fb770add126e0c0d0e3dd325430.jpg,1
Infrared-Solar-Panel-Inspection_Infrared-Imaging-Services-LLC-2_jpg.rf.20293a6a4b3456a021fe163bf6ea52da.jpg,1
imgFC209_png_jpg.rf.176b76e1a9a5f2518c680c81a6ec6ef3.jpg,1
ir-cracked-module_jpg.rf.3f53740dba7a803f12bbe62a60e6f270.jpg,1
IR_0188_jpg.rf.aab64bd6511ca7a2575d6cfdfd563226.jpg,1
IR_0178_jpg.rf.c8d40331e868181243f1c90336a94887.jpg,1
imgFC321_png_jpg.rf.f974614cf5bb4cc5a30384e1e67a082e.jpg,1
imgFC209_png_jpg.rf.693fd3e9d89660a5efed548b00268699.jpg,1
imgFC209_png_jpg.rf.b704ff9ce3164e22ecfdde67c3037ddf.jpg,1
imgFC208_png_jpg.rf.954f2b0a6d9aae3fa1dd6d9878cc8fc4.jpg,1
Infrarotbild-Luftaufnahme-defekte-Solaranlage-in-Sachsen_jpg.rf.a2a564da0ed857dd3365964e149b3295.jpg,1
IR_0188_jpg.rf.13d5eaed33714dfeb1e831f8aa9a8759.jpg,1
imgFC208_png_jpg.rf.3553969924229fd173d0c78b1c89e692.jpg,1
IR_0124_jpg.rf.9eddd43a891b9f1486d1be4a8ba39f6c.jpg,1
images_20-6-_jpeg_jpg.rf.b5fa2bdf1cbce41168f508da03c70c90.jpg,1
imgFC209_png_jpg.rf.79bcd7af9b2b8335f40a48f5df373b30.jpg,1
Infrared-Solar-Panel-Inspection_Infrared-Imaging-Services-LLC-2_jpg.rf.6e39287a246ac772b2e89bb4c3fb6869.jpg,1
images_20-6-_jpeg_jpg.rf.fd092146af6c437d93a04475ad27d49e.jpg,1
ir-cracked-module_jpg.rf.edfc55b890ba145ff26ebcab5139c461.jpg,1
images_20-6-_jpeg_jpg.rf.c6198100199794a3c2d252749fb46b4f.jpg,1
imgFC208_png_jpg.rf.84665fbbb4a0acf7a8ed79068aadc910.jpg,1
imgFC208_png_jpg.rf.e8fe6850c6ef267e30e8892b0ee33bfa.jpg,1
imgFC209_png_jpg.rf.db2d12dc7abd9f13f6bb738cd8c80ec9.jpg,1
imgFC221_png_jpg.rf.64c9b4947f0d9662b5c6b0a8de044021.jpg,1
images-20-55-_jpeg_jpg.rf.8a999e6cfd9475818e244b1eafc825b5.jpg,1
images_20-55-_jpeg_jpg.rf.e16dde6b513f196d35100acbd0163c05.jpg,1
imgFC221_png_jpg.rf.8d965af77c880f30815214d30f27adcf.jpg,1
imgFC209_png_jpg.rf.52e144c40b34a20fd78e0a5c5d492b32.jpg,1
images-20-56-_jpeg_jpg.rf.f3c79d1681f1dd2c95778167ad294546.jpg,1
imgFC208_png_jpg.rf.da2d3c521ce9e5acff1726a8a439a16c.jpg,1
images_20-6-_jpeg_jpg.rf.bc671a6c2ce2ac505ddbe88e63706099.jpg,1
images_20-6-_jpeg_jpg.rf.4f769c4f8740399d8239dc075bde6a92.jpg,1
imgFC221_png_jpg.rf.942505f83ee82b7750ddee7a617cf0f1.jpg,1
imgFC229_png_jpg.rf.6fb698bd04d706b0d8929a029cd9fc2f.jpg,1
imgFC221_png_jpg.rf.7357a0f5600509aebaac645a8d251144.jpg,1
images-20-61-_jpeg_jpg.rf.26f0e102414c81362d865c0c01206093.jpg,1
IR_0182_jpg.rf.23694468b5d484b0cce831015167cb03.jpg,1
imgFC321_png_jpg.rf.24634bafec6a06b698b43bc5dde00ed4.jpg,1
imgFC221_png_jpg.rf.b2e3deb914f433e00e4ab6736e695d5e.jpg,1
images-20-64-_jpeg_jpg.rf.b9549007da1913fdfdb1898828b64fee.jpg,1
imgFC221_png_jpg.rf.66d1b88e9565322218e06d7ecdae28c7.jpg,1
imgFC221_png_jpg.rf.3db319eedfc33622ee6188f5c5ba1ec4.jpg,1
imgFC411_png_jpg.rf.4686a7ee267d369052f8bcb0bee3ead6.jpg,1
imgFC229_png_jpg.rf.932d6ba49d9a773a9e694a171757163a.jpg,1
imgFC221_png_jpg.rf.56776801c6ca296b2a3c11d2a11c6bf7.jpg,1
imgFC209_png_jpg.rf.0c34df2c1584ab47d13552726bd9d226.jpg,1
imgFC209_png_jpg.rf.59c06ffe1ee81f3eef4057a41b8a01d7.jpg,1
Infrarotbild-Luftaufnahme-defekte-Solaranlage-in-Sachsen_jpg.rf.10b978d12e1dccffdd1f04f0158cc79a.jpg,1
IR_0124_jpg.rf.4605c81522d4791b69f8a2287244e526.jpg,1
imgFC229_png_jpg.rf.5ef114fe63d4181475b124d7ffc9b0c2.jpg,1
imgFC209_png_jpg.rf.a757a23ecb26126820427d3c9f1ebe9e.jpg,1
Infrarotbild-Luftaufnahme-defekte-Solaranlage-in-Sachsen_jpg.rf.9d67fdc1962142ab314e050fa40932b0.jpg,1
IR_0180_jpg.rf.f5332b7315ce11333d9cce71f81827bd.jpg,1
Infrarotbild-Luftaufnahme-defekte-Solaranlage-in-Sachsen_jpg.rf.37441baae709db9dc7bfe36b21d54303.jpg,1
IR_0134_jpg.rf.0b300968c48dbe45a5e55849ee2ea23c.jpg,1
imgFC474_png_jpg.rf.fdeddcb7cae4fb9ea0d0e21a2d79864d.jpg,1
imgFC411_png_jpg.rf.3440845d63cd6f8205e88fdddee49407.jpg,1
IR_0182_jpg.rf.139ab492ee9ddbc0b96105985fce2822.jpg,1
imgFC474_png_jpg.rf.521c59df19778de6ce17249de4ad3349.jpg,1
imgFC229_png_jpg.rf.6e7f2d39bf3bf74d4b6e67bfc686f8b0.jpg,1
imgFC221_png_jpg.rf.c5ba0324377752d19be738ae02359e0f.jpg,1
ir-cracked-module_jpg.rf.f30a87c7e0ddfb116f42e8eea30fde56.jpg,1
IR_0182_jpg.rf.85b04831d44b18e256c9048ad6d38577.jpg,1
imgFC221_png_jpg.rf.0d883efe92b5551c376c1ac89fe4df23.jpg,1
imgFC221_png_jpg.rf.c9b4bd4d8072c702f0dce6222ab52795.jpg,1
imgFC209_png_jpg.rf.4582944ed5c75a62bdb8d000b4190e48.jpg,1
ir-cracked-module_jpg.rf.43261230496c2d3ac2bec500dd5869fd.jpg,1
imgFC229_png_jpg.rf.09836bc5d86824df658c1f77b3c8b3a2.jpg,1
IR_0134_jpg.rf.69a7bf904a418080ad6adee85636d75a.jpg,1
IR_0188_jpg.rf.9433f1c38ffdfaf923fad288e9f0fe54.jpg,1
imgFC221_png_jpg.rf.f89c29683777561974063933cf581bf9.jpg,1
imgFC244_png_jpg.rf.3e28d7e49950365b9d59446ead0c225a.jpg,1
imgFC209_png_jpg.rf.99538767f6e605b92cb14a92504907ee.jpg,1
imgFC229_png_jpg.rf.4377ca44c65b21928d941acc63bd6152.jpg,1
IR_0190_jpg.rf.c8734f85b83a5f18c246844f9eb92513.jpg,1
IR_0190_jpg.rf.8ae227ede0899d24c3b1927a08c0d6c7.jpg,1
IR_0192_jpg.rf.082db22f52719e07f356b343d17842ce.jpg,1
IR_0078_jpg.rf.5d7441aa8b4d4ce61635ed49dd7bcd2b.jpg,1
ir-cracked-module_jpg.rf.249979b2fe0e3ae917b23b03f397e863.jpg,1
images_20-6-_jpeg_jpg.rf.3984d821731b0cb792c41c1a40d78a6f.jpg,1
ir-cracked-module_jpg.rf.7c86499d65ffd659c79f2ec4739278a4.jpg,1
IR_0192_jpg.rf.d5026aa6386096f82fc534aaa30c0fdf.jpg,1
imgFC229_png_jpg.rf.a3f46dbcdf990fb4bef3efd1dc627d5d.jpg,1
IR_0078_jpg.rf.b8b277e0bcdf42d175901fe6d97d8086.jpg,1
IR_0190_jpg.rf.b08d325b78f4d72e0a8865156e606af7.jpg,1
images_20-60-_jpeg_jpg.rf.1a3dcd1cb31cabd61132db2bab679afe.jpg,1
IR_0078_jpg.rf.f9818aa730dbfd5daeb8589456106049.jpg,1
IR_0180_jpg.rf.0de33d6fc21712b18f19a649162e5f1a.jpg,1
IR_0136_jpg.rf.012f6748e0208dd7ecbeac84f9b5b200.jpg,1
images_20-60-_jpeg_jpg.rf.9905ba8ab45cf7e0dfc5bdbdc541764b.jpg,1
IR_0192_jpg.rf.d0ed24a2f0202b219d4f528bb8d82e95.jpg,1
ir-cracked-module_jpg.rf.a04df3d03e0d11cc0846f6b6ad5c01fb.jpg,1
DJI_0002_R_png_jpg.rf.2cf082d668e99345d6a033d82cb87268.jpg,1
8_jpg.rf.3308b65d01a14416677ab3776524ff14.jpg,1
8_jpg.rf.03a1c018220ccd2b66844faa9cea708c.jpg,1
images_20-6-_jpeg_jpg.rf.b6c9d545133a4aefbaa9e70faf3b05e8.jpg,1
images_20-60-_jpeg_jpg.rf.1252dd07b9130772cbd719728964463f.jpg,1
another-crop-but-good_jpg.rf.eb62dbd57b3281f7d348b80f4c6c5a69.jpg,1
IR_0186_jpg.rf.8079692cbc958565e7ec68a435775b04.jpg,1
DJI_0002_R_png_jpg.rf.49e0dad2fafb4fe859fc3577d5532b31.jpg,1
crop_jpg.rf.7bbe5c3fd5175edd9a1c1aa1cf80bcef.jpg,1
8_jpg.rf.dba813e904ecf859ec28cc77534ae897.jpg,1
crop_jpg.rf.dd0290bb4b990040459189727b0f477d.jpg,1
IR_0180_jpg.rf.8deaea64af70816595ede6b163c42341.jpg,1
DJI_0002_R_png_jpg.rf.9cf1741b665bdef7880072847ac28eb8.jpg,1
crop_jpg.rf.4cf443a927db4b84b2e11ebdcdf5f53f.jpg,1
crop_jpg.rf.df847f5b72e84a487ae90e8c8688a28f.jpg,1
imgFC257_png_jpg.rf.377e6380a1a3e044feff3aa8c6ef79a4.jpg,1
imgFC270_png_jpg.rf.b79cb9a1f98fa5d363488ecfe42b0345.jpg,1
another-crop-but-good_jpg.rf.f663afb4bb685288a570a262bd948953.jpg,1
imgFC253_png_jpg.rf.b49e9ecebd653014e420bf8aeb292707.jpg,1
imgFC257_png_jpg.rf.1972a60aa76ce561f0b12716a604c0b9.jpg,1
DJI_0002_R_png_jpg.rf.05b4d402365d6b4d2b95707b8dff1a24.jpg,1
imgFC270_png_jpg.rf.d7c79bb3baad6690bcbfbe73965a14e2.jpg,1
IR_0124_jpg.rf.895a1c267f3f732d798efdc7fb9f9acc.jpg,1
imgFC257_png_jpg.rf.a82eae91609169eef033962a9dc233ae.jpg,1
imgFC48_png_jpg.rf.b6046570f119a10d5d8523514a9f17f0.jpg,1
imgFC257_png_jpg.rf.31a630b964a5c340643ae3507820d436.jpg,1
imgFC270_png_jpg.rf.0b2ab51ab5156473d7c1d1ae17bb12fe.jpg,1
imgFC257_png_jpg.rf.44fde1af3e24e1f6287915bf4f9a1d07.jpg,1
imgFC257_png_jpg.rf.6760748be6767585d54648602e90c1fd.jpg,1
imgFC270_png_jpg.rf.64387d95600a5e4ac200e67dcb12876c.jpg,1
download-20-16-_jpeg_jpg.rf.9fe476dc0501537f8d9429a08ff9585e.jpg,1
DJI_0002_R_png_jpg.rf.8d11d09a57256142878579fbcf01bd09.jpg,1
imgFC257_png_jpg.rf.9c71d4aa1ba2a874acbf8a05f5bae09c.jpg,1
imgFC257_png_jpg.rf.7d9ffe6425c46482bae4bea427e0080b.jpg,1
Infrarotbild-Luftaufnahme-defekte-Solaranlage-in-Sachsen_jpg.rf.ea7f0fa8fd5fe0c6d0680fec88ceaeb0.jpg,1
download-20-16-_jpeg_jpg.rf.2a0d2a59025426c9c249286016d68fe9.jpg,1
imgFC492_png_jpg.rf.4470c647774b1eaef028437e92f4bbf7.jpg,1
imgFC229_png_jpg.rf.7d0b43e154b9e5dec0df1c7f9fdb89a3.jpg,1
8_jpg.rf.a409b9f1e8e97ac9b9469cfbb7d655fa.jpg,1
DJI_0007_grande_jpg.rf.22dff17d90203d381805938a1e48d31c.jpg,1
download-20-22-_jpeg_jpg.rf.e2d73c7c01e5af044474d75adb916572.jpg,1
download-20-18-_jpeg_jpg.rf.d830b384f1170fb675bb7d168a09a1fb.jpg,1
imgFC321_png_jpg.rf.bf89af1f31b513e8f3e9c1f2173aede2.jpg,1
download-20-14-_jpeg_jpg.rf.7238e8dcb5b1dc7846e27fd2ca1e9129.jpg,1
download-20-18-_jpeg_jpg.rf.c3a07af6ae8940b0fe582e4243782eab.jpg,1
download-20-16-_jpeg_jpg.rf.6a06ceea2137ab97e1987ace3f71b9f0.jpg,1
crop-hotspot_jpg.rf.36c08a417d8cc029bdaf29b2d3ea67b0.jpg,1
imgFC48_png_jpg.rf.15c0d645f851bb17bd76392153b9db07.jpg,1
crop_jpg.rf.58b42bf582db0a4b0eb104330a434e69.jpg,1
crop_jpg.rf.f9d3773ba8cd292cbd92d5dd3c2285f9.jpg,1
IR_0246_jpg.rf.9d83b105f505e3ccc6217e83bada1f0a.jpg,1
snipme_jpg.rf.950e788292b66b5db6380adbb9ad835b.jpg,1
IR_0246_jpg.rf.d8c685b5c844ae363b3597997c45e796.jpg,1
IR_0244_jpg.rf.e365643429cf5c6d54880f8dd1c33096.jpg,1
download-20-18-_jpeg_jpg.rf.5c012c181775410e57677d0c88910e5b.jpg,1
IR_4973_jpg.rf.895e9f7ee1ff83272428148b5378af69.jpg,1
imgFC253_png_jpg.rf.17e897a55147e031189494a04a818027.jpg,1
SolarPanel-1_jpg.rf.fc08277dc671a780c9243b897665a24a.jpg,1
snipme_jpg.rf.4682594c49c306ff4be2ecd2f8700ab2.jpg,1
imgFC229_png_jpg.rf.89202705ec5b42d107efdf3d1f4af1ea.jpg,1
download-20-16-_jpeg_jpg.rf.0c367990de2a325728e81ec73e7b504d.jpg,1
DJI_0007_grande_jpg.rf.fb8707d2af7313378d769888f795ad8a.jpg,1
imgFC411_png_jpg.rf.b4e46cbb6d2c81c9d3e1859e13237bdf.jpg,1
download-20-3-_jpeg_jpg.rf.80941532837b4b6d4841d6ce3f0ab72f.jpg,1
imgFC48_png_jpg.rf.cb9e9fce0c152cc1b4f3cb122e88c931.jpg,1
download-20-3-_jpeg_jpg.rf.cb2df2f5ea744cdfdc90ecb3a4bd8c5b.jpg,1
images-20-57-_jpeg_jpg.rf.ad772253b9b9d290b36e448158a520dc.jpg,1
DJI_0007_grande_jpg.rf.3549d28b6d1ca87121a9e87cbdd02494.jpg,1
IR_4973_jpg.rf.77862b458801796efb9394ff4dc38c2b.jpg,1
Infrarotbild-Luftaufnahme-defekte-Solaranlage-in-Sachsen_jpg.rf.197efc56cd33aa50ca03792253f9c822.jpg,1
imgFC257_png_jpg.rf.ea8ae68f0dc03f0020f37f6eabd7f370.jpg,1
crop_jpg.rf.2f0556eadeae2d68d2d8109d163c231e.jpg,1
imgFC229_png_jpg.rf.3966c95f9ba01f5757d54d21542342b1.jpg,1
imgFC257_png_jpg.rf.2af9a481683aa7cdb77eb342730f5ea8.jpg,1
SolarPanel-1_jpg.rf.beb68f90c7b82aec027f6cd7257d6505.jpg,1
needs-a-crop_jpg.rf.8abf46274fb318b24ca2d6609699d683.jpg,1
SolarPanel-1_jpg.rf.a74498e42558e6eb02927f3581f7f905.jpg,1
o_p_lo_the_002249-jpg_jpg.rf.e85c683b1d01d67dc52cb5e892ef9849.jpg,1
imgFC229_png_jpg.rf.b6f821297df687e9aef15c1ae3f73313.jpg,1
imgFC257_png_jpg.rf.83d4d8fa777634de2843fcfdde2feed1.jpg,1
IR_4973_jpg.rf.88717ae786767f2a8e9a686fc3493e36.jpg,1
images-20-38-_jpeg_jpg.rf.00c970c65a1898398674d22932eb0acd.jpg,1
images_20-60-_jpeg_jpg.rf.c617de593b86a356ae5fc9c42b274fec.jpg,1
download-20-18-_jpeg_jpg.rf.f59e271ef7b4bb2f23c4762f14529ab2.jpg,1
images-20-28-_jpeg_jpg.rf.b51689c2b39d2c0a9eb175f543c56c57.jpg,1
images-20-28-_jpeg_jpg.rf.941a5801dcf025cca89cdf23f4e506b2.jpg,1
images-20-3-_jpeg_jpg.rf.6f087a81aff8b8fdc479e33150737225.jpg,1
imgFC257_png_jpg.rf.8ee95a887a4493093745662d1195d0a8.jpg,1
imgFC253_png_jpg.rf.a149f4588471d77526c91bd980be584d.jpg,1
images-20-55-_jpeg_jpg.rf.c9cbe83392795977a378e50eccce1568.jpg,1
download-20-22-_jpeg_jpg.rf.5e806505c1deaf8e508edb2eddf27590.jpg,1
ir-cracked-module_jpg.rf.e5325253df1a89082d24105a6bb3700d.jpg,1
Infrarotbild-Luftaufnahme-defekte-Solaranlage-in-Sachsen_jpg.rf.bee6fcfbea4e8cb7c8f95ae5989d042c.jpg,1
o_p_lo_the_002249-jpg_jpg.rf.83f7301d14506bf445b1acd6976e06d9.jpg,1
images-20-28-_jpeg_jpg.rf.f0c170d8cec2dbf00786d0bc697e7d50.jpg,1
thermalimage1_solarpanel1_iz-500x500_jpg.rf.eee1a97b49d233f0cee7969c4fa933ef.jpg,1
thermalimage1_solarpanel1_iz-500x500_jpg.rf.329f078f1c247809d782b53f37793738.jpg,1
crop-hotspot_jpg.rf.a2c6ddd48e893794255a006891d360de.jpg,1
DJI_0002_R_png_jpg.rf.fd7949c33855708206c1d6498ac081ae.jpg,1
download-20-16-_jpeg_jpg.rf.218b56d9c2e8e323ba30070c2b6e1a64.jpg,1
images-20-38-_jpeg_jpg.rf.0d3dd52306ca56d25f1ac4ee44acab71.jpg,1
imgFC257_png_jpg.rf.94c8c0b2a4b1467891b6d1741f2c1aeb.jpg,1
DJI_0002_R_png_jpg.rf.4a0a47fb8e74f239c749f81e18de4e3d.jpg,1
thermalimage1_solarpanel1_iz-500x500_jpg.rf.6b99fcb7871931195b6f1c8f98ecf8c4.jpg,1
images-20-28-_jpeg_jpg.rf.221b03304c37cc692a7472b9f41770dc.jpg,1
Infrarotbild-Luftaufnahme-defekte-Solaranlage-in-Sachsen_jpg.rf.7ca1f924ec050b1ec202a36531958722.jpg,1
images-20-3-_jpeg_jpg.rf.2615396994b8a4a75f343e43c8ce5f7d.jpg,1
images-20-62-_jpeg_jpg.rf.ce78915ae68c85552c06cc8e8c109a4a.jpg,1
images_20-55-_jpeg_jpg.rf.87b311a4f7ea5a465d4cc1a90db9bcd7.jpg,1
images_20-60-_jpeg_jpg.rf.24f8deb06d06e17782f0ce2e16f7316d.jpg,1
images-20-62-_jpeg_jpg.rf.980de4f9d8f5958b63134ccee6725ddc.jpg,1
crop-hotspot_jpg.rf.edc2177ab3bf6518513abcc41caca789.jpg,1
o_p_lo_the_002249-jpg_jpg.rf.7144f7978c9c34fc97cfd34c38dcbd5c.jpg,1
download-20-16-_jpeg_jpg.rf.a8e5749ab4d61e09519bcb693832fe74.jpg,1
imgFC411_png_jpg.rf.c3d9cc5626deb5f43cffe059a2167dd3.jpg,1
imgFC321_png_jpg.rf.838c1117024e2420d27506bf88737e13.jpg,1
images-20-38-_jpeg_jpg.rf.07f17bc1344f9e1d4287bb539679b2de.jpg,1
imgFC321_png_jpg.rf.3ede2021b7e45da2995b32ac2ba6eca4.jpg,1
crop_jpg.rf.cfdd48966ffedfc5dd21930bee0211ba.jpg,1
images-20-62-_jpeg_jpg.rf.65ff0c54fa90113e02cd8a0913b24fb0.jpg,1
o_p_lo_the_002249-jpg_jpg.rf.4b94d8b966a7d42ef425aefa4307a112.jpg,1
thermalimage1_solarpanel1_iz-500x500_jpg.rf.b2fbed77ef04bfcc5dd2e996f0b182b2.jpg,1
download-20-16-_jpeg_jpg.rf.2b55c175d69af076daa21b528f00174d.jpg,1
imgFC639_png_jpg.rf.e93da9c69764c1d37d40d3eca21a0099.jpg,1
images-20-28-_jpeg_jpg.rf.5527043f101228b8c6c40e5959199409.jpg,1
imgFC50_png_jpg.rf.757a4703c34d5104bd678529a3232d7a.jpg,1
images_20-60-_jpeg_jpg.rf.b239165cd512455ff0b150d2ff12e3c7.jpg,1
images-20-56-_jpeg_jpg.rf.72b458d25e10315d4a8595b1fc38b333.jpg,1
download-20-15-_jpeg_jpg.rf.5e5330398b06f27f4b69d3b74832e93b.jpg,1
crop_jpg.rf.13d8c7383e3756abf188bd6f82eb816a.jpg,1
imgFC657_png_jpg.rf.7c2e53b1e260b08513753f36868264c6.jpg,1
images-20-55-_jpeg_jpg.rf.4900ede340f1e717fbfcc748be219efb.jpg,1
imgFC688A_png_jpg.rf.08e1f2719ce05db76b2f96c44f0829dc.jpg,1
images-20-55-_jpeg_jpg.rf.fbd86e1957bd317dc3c30e8066a35fed.jpg,1
images-20-62-_jpeg_jpg.rf.8deeb2a6fad58548b27b894dee05583f.jpg,1
crop-might-be-okay_jpg.rf.81f0cfe0661f13184218e6a40b9a24d8.jpg,1
imgFC321_png_jpg.rf.24e9a7cc8fb6d50c621284ec26297e9e.jpg,1
DJI_0002_R_png_jpg.rf.564997c287250fe56ce1412be81b2d6c.jpg,1
images-20-55-_jpeg_jpg.rf.db23a3a30ae0ac0171d67212d6a314b8.jpg,1
crop-might-be-okay_jpg.rf.2ce5831dfcfd6180fb184a560767b7cf.jpg,1
imgFC647A_png_jpg.rf.3d5212b3752f55d75d2c79b71c5b9305.jpg,1
images-20-55-_jpeg_jpg.rf.5d55f0eed01ac4e04b057b05f97d539c.jpg,1
imgFC411_png_jpg.rf.9a5b97b8ccc1f9a620db5e91a540da31.jpg,1
o_p_lo_the_002249-jpg_jpg.rf.4e18c0ef8b50c7892ef503d5be412eb5.jpg,1
imgFC658A_png_jpg.rf.02716b735a1b04cd93e2ce944663486c.jpg,1
imgFC688A_png_jpg.rf.94feaf7dbf21f6851bdab7f146e19b70.jpg,1
images-20-56-_jpeg_jpg.rf.60f5e84dc68851e02567f13b5c24566b.jpg,1
imgFC651A_png_jpg.rf.04d0b6fcee46b99b0965ecc31c0dca58.jpg,1
imgFC658A_png_jpg.rf.269676a45f747f916bf3cfc93ed41112.jpg,1
imgFC653A_png_jpg.rf.53f8a1609b36a416aac587abffa59cac.jpg,1
imgFC647A_png_jpg.rf.4e318c70dbbfafea81f93df61f240238.jpg,1
imgFC657_png_jpg.rf.091e70fbded7526f89207dd16cbffd68.jpg,1
images-20-56-_jpeg_jpg.rf.75417165d30f223e1ab8aedfecafdda8.jpg,1
download-20-15-_jpeg_jpg.rf.dbfa6addf297ec456563eb934256aaed.jpg,1
imgFC321_png_jpg.rf.f2192b3e69b311d988271d75780ad260.jpg,1
DJI_0007_grande_jpg.rf.631fe5c09a80a264d33cf4d811216db1.jpg,1
images_20-34-_jpeg_jpg.rf.a579ad1bc23b8145fc1558845e4ba55b.jpg,1
images-20-56-_jpeg_jpg.rf.18b8112bfe6ccaa5e71f86ff66dbb33b.jpg,1
images_20-33-_jpeg_jpg.rf.0c4c342cff1b33e88561db48a8322152.jpg,1
images-20-62-_jpeg_jpg.rf.a4b96fbfbcc3716a55eb83b15c92e4bb.jpg,1
images-20-63-_jpeg_jpg.rf.91e3816edf69c3d216f0c5ecff092a5c.jpg,1
images-20-62-_jpeg_jpg.rf.9ee91ed033a335bf99e4b352677e074d.jpg,1
o_p_lo_the_002249-jpg_jpg.rf.674024e7a1d6ef23bcbfe14628110212.jpg,1
images-20-5-_jpeg_jpg.rf.751ea7f1d7d3ec8c09d84da408f4ac93.jpg,1
download-20-18-_jpeg_jpg.rf.45b6940dc85e5810bd2b6a9a2b7e978b.jpg,1
download-20-22-_jpeg_jpg.rf.5aa865ef0682dfe05fc637bd78f4f145.jpg,1
images-20-5-_jpeg_jpg.rf.a9a821108a40eef295453dc23ef0e9e7.jpg,1
images_20-29-_jpeg_jpg.rf.0438975feaf763abe4672e21465dfeb3.jpg,1
imgFC658A_png_jpg.rf.c97548a057335d711e193fcfeaf069c2.jpg,1
images-20-61-_jpeg_jpg.rf.22e280321c6cbdde70c88cb13b4d1d9a.jpg,1
DJI_0007_grande_jpg.rf.60f0e3853a42ab110be3db5edab81d2e.jpg,1
imgFC524_png_jpg.rf.84d796bbb8d8e230ddf5c34f23665a68.jpg,1
images-20-5-_jpeg_jpg.rf.a4e850b817c58f1a60f00f1374ed93f6.jpg,1
imgFC511_png_jpg.rf.5ef630a5da1cbbda99dbef03c150d73f.jpg,1
imgFC5_png_jpg.rf.ed4b3ef8993b449c535a77b9ead4ccb9.jpg,1
images-20-56-_jpeg_jpg.rf.e57e6e8a0d18f3e0c0e5ab3e2884d39f.jpg,1
imgFC321_png_jpg.rf.3daf1d07aa2f2ad3873810a81ed2c3b2.jpg,1
images-20-61-_jpeg_jpg.rf.b8465372ccb6da94a25c5178c0f7d3a7.jpg,1
images_20-3-_jpeg_jpg.rf.0f28c4bbe6d971a7a3150acc778cfafa.jpg,1
images_20-33-_jpeg_jpg.rf.5c5b7fa00a5543f5d5d04f6fa15f5a43.jpg,1
images_20-34-_jpeg_jpg.rf.4b02660569053a77f82b4345bbd5fb0a.jpg,1
images_20-29-_jpeg_jpg.rf.4c9d21e0f57b24ff2b90dc6b80138107.jpg,1
imgFC511_png_jpg.rf.a3cd08e523f2b0f4cbc1913d3dfc500d.jpg,1
images-20-5-_jpeg_jpg.rf.7a70c68a241f3f3e3582d7cf6f11c071.jpg,1
imgFC523_png_jpg.rf.bc01c46a2deb47278d20f84ab62d2dd3.jpg,1
images_20-3-_jpeg_jpg.rf.ffeaf374bdbf69ec400584d282fd52e8.jpg,1
images_20-34-_jpeg_jpg.rf.69b8b75f5ae262c78ece207dd5f6b560.jpg,1
imgFC524_png_jpg.rf.2471dcc75f40a892c56f4cf8a0cabf0a.jpg,1
imgFC523_png_jpg.rf.82255f5cb4b8a3545ba2af0dc2524c13.jpg,1
imgFC321_png_jpg.rf.d93ff79aa066624fd460caca7f960a08.jpg,1
images-20-55-_jpeg_jpg.rf.459263791db2dca0296c30f90305232e.jpg,1
imgFC524_png_jpg.rf.988e38ff50197e2ebed711bc1bd8df87.jpg,1
imgFC524_png_jpg.rf.f40b96580836dce4e1efc5eecb5396e0.jpg,1
imgFC651A_png_jpg.rf.91e556087afe789916dbe213949307a5.jpg,1
images_20-3-_jpeg_jpg.rf.615c29a065965122d0e193b41d8fa828.jpg,1
images-20-61-_jpeg_jpg.rf.0696f06fe252ba4ad70ebd6332c4a65a.jpg,1
imgFC321_png_jpg.rf.df3af34adf00a380eeabe5c3f7b049b2.jpg,1
images_20-3-_jpeg_jpg.rf.551cbdc9481ea462249870bf14319a78.jpg,1
images-20-55-_jpeg_jpg.rf.57a4227931ea89a79174bc1876abc851.jpg,1
images-20-55-_jpeg_jpg.rf.28ea7371aa9fbfbd58c6b2fe98ae53a1.jpg,1
imgFC524_png_jpg.rf.26eb1a123a118c81ed7ef09f8e675151.jpg,1
IR_0246_jpg.rf.a32a29e21b9888583e876c99bbec3ca8.jpg,1
imgFC60_png_jpg.rf.1d5edfb6f42c9f2f36e6e1ab88b1f451.jpg,1
images-20-61-_jpeg_jpg.rf.caded809da1ec09d37d6228dd263f9bc.jpg,1
imgFC523_png_jpg.rf.f77534d6db97bcd45745a8496c8b962e.jpg,1
imgFC658A_png_jpg.rf.4ca37c1dd6b3d72002f4622e449fea8d.jpg,1
images-20-55-_jpeg_jpg.rf.d00d3bbc19bc03dd086e7ea6c7ad700b.jpg,1
images-20-61-_jpeg_jpg.rf.2edc5b27a81c87bee3e35265ee5fd630.jpg,1
SolarPanel-1_jpg.rf.4e4a2bc0a8359d4f84fa9cd573c607bf.jpg,1
IR_4959_jpg.rf.a99cd0eb1cbe5c4d58dd1f56b3b9b01e.jpg,1
imgFC524_png_jpg.rf.387adf362b639847a1245bc713c206b9.jpg,1
IR_4959_jpg.rf.f7c75485866a0594ebd92cfdf9713dc1.jpg,1
SolarPanel-1_jpg.rf.e9229a3e498b3bd7ba47f3f37ab3aea8.jpg,1
download-20-15-_jpeg_jpg.rf.3c61150af49286046a6410c8bf783d9a.jpg,1
download-20-16-_jpeg_jpg.rf.9ebf50ae6e95fb030643ae15319813a5.jpg,1
IR_4973_jpg.rf.0bdd45b12baf4deb1fb3a81e7e1cb9f4.jpg,1
IR_4987_jpg.rf.211e1d53f88b1e337b50135fbc9776e6.jpg,1
IR_4973_jpg.rf.d0ca64e431409345e922de67d6c8fab2.jpg,1
IR_4959_jpg.rf.6e6abed45cf73e34f440bfa4519c6851.jpg,1
thermal-image-from-back_jpg.rf.cb3fd79593cbe821fd9f5dff98d92ca9.jpg,1
download-20-14-_jpeg_jpg.rf.c94fa3964f5336e33ad7451dd1c5fbef.jpg,1
maxresdefault_jpg.rf.163aaa75d6bbfeece33ca2fb28f2d839.jpg,1
images-20-55-_jpeg_jpg.rf.33b0a7ae322535bacbae647cbb2e402f.jpg,1
Thermal-Solar-Panel-Inspection-Services_2_jpg.rf.629c06e217740b2564e19c55ce4ae2c4.jpg,1
imgFC524_png_jpg.rf.9674b56a671da4ec6b434e4f8c66ccf9.jpg,1
IR_4987_jpg.rf.0f81c9d5d31699a558b318dd35c70075.jpg,1
images-20-55-_jpeg_jpg.rf.003765d03cfd61d7b32ea0cef0a54d54.jpg,1
maxresdefault_jpg.rf.9f39a1e1da6915b3c45c394e3fbed82a.jpg,1
download-20-16-_jpeg_jpg.rf.3bbb1336f9c78bad56d845dc50b02bce.jpg,1
crop-hotspot_jpg.rf.6cd1a714d7e497e5df3929f52ace387f.jpg,1
IR_4959_jpg.rf.be869d63213929210353b18d5ad61767.jpg,1
IR_0246_jpg.rf.c1e8f1eff34e963605faea984bd6bb8c.jpg,1
crop-hotspot_jpg.rf.c4e41ab13548d160cf217c102cad4035.jpg,1
SolarPanel-1_jpg.rf.05fc2051f415a380eae9425fb7d363de.jpg,1
SolarPanel-1_jpg.rf.97f5e03f158eda202f667db498a7b34a.jpg,1
download-20-14-_jpeg_jpg.rf.52c2213386b336cc3d92702c4f2241b6.jpg,1
IR_4983_jpg.rf.4065e29df7d61a9a8d31bfc7b2b78929.jpg,1
crop-might-be-okay_jpg.rf.a7540b89079ebf2bc13f1d5ddc462bf2.jpg,1
SolarPanel-1_jpg.rf.47093e10dede19c0d1e99b4c1bf1333d.jpg,1
IR_4959_jpg.rf.06b78ca610e11ab41f51189b7106d57e.jpg,1
IR_4959_jpg.rf.da56bf5944c62d98ea4a18823d8e661c.jpg,1
thermal-image-from-back_jpg.rf.58d07d185ad5532be0144dd623ad821d.jpg,1
crop-might-be-okay_jpg.rf.539ebff95447b10286a36dd1691f1982.jpg,1
images_20-26-_jpeg_jpg.rf.b72ce73377a74922318981273cfa5bcb.jpg,1
download-20-15-_jpeg_jpg.rf.3538a786811eb90639e711f3ded2361a.jpg,1
imgFC651A_png_jpg.rf.3415a623f19430462095b5697fec26dc.jpg,1
images_20-40-_jpeg_jpg.rf.6347d36c56cc62e78c76ad870a8fe000.jpg,1
IR_0246_jpg.rf.91b3269e91a04d10d5077ec0b28c1d6a.jpg,1
IR_0246_jpg.rf.9463d28fbf75931d4fd1325be57050fd.jpg,1
SolarPanel-1_jpg.rf.b56e770f259644ff211b626a5c79776a.jpg,1
IR_4987_jpg.rf.233b1a0125c9d20457b4ace4e57c2c59.jpg,1
images_20-16-_jpeg_jpg.rf.9649f3ffd61ca8b982c2789d03c3fc72.jpg,1
download-20-15-_jpeg_jpg.rf.3db617c47ca533b694aabdd0ff9a770e.jpg,1
thermal-image-from-back_jpg.rf.854b1e8f18cdc73061c29adae972339f.jpg,1
imgFC657_png_jpg.rf.60560afec45d39e5ac30fa672bd6966d.jpg,1
images_20-49-_jpeg_jpg.rf.aef2e7daae2260a90c06df617f32eee1.jpg,1
images_20-49-_jpeg_jpg.rf.db18579df792dc829ee2c2d5696995e2.jpg,1
images_20-27-_jpeg_jpg.rf.741cbdaf4ebe7ad685ee5049d03a37b0.jpg,1
images_20-20-_jpeg_jpg.rf.d70e62761042700fb49b6b5ebc52391d.jpg,1
imgFC658A_png_jpg.rf.62c5ac337826790cc2bd52777cd8beba.jpg,1
images_20-5-_jpeg_jpg.rf.9de877b506fc6299f694ed80e330decf.jpg,1
images_20-20-_jpeg_jpg.rf.2f9be0b7a3ea8942fcee2fcd1b85f028.jpg,1
images_20-26-_jpeg_jpg.rf.d6e12a4637bebbf2a91c9af465ea9ace.jpg,1
imgFC653A_png_jpg.rf.95cb255a73775bd9f10c887931ae1e17.jpg,1
IR_4987_jpg.rf.8d84b8ffa66aac8c219dc2f867b382b4.jpg,1
imgFC658A_png_jpg.rf.fcbbad5ede6bc64d86691ac9de204983.jpg,1
imgFC647A_png_jpg.rf.6cecd12e30e1caa4ba56c76014b50568.jpg,1
images_20-21-_jpeg_jpg.rf.6b709b4525789c3877f4f4ba89c6de50.jpg,1
imgFC713A_png_jpg.rf.ecd77eaee7863ffdc047f5a4e268ea16.jpg,1
imgFC651A_png_jpg.rf.d1b4afad0a127d768268d22193476d93.jpg,1
images_20-20-_jpeg_jpg.rf.9b3d22492f6cd16313bc4f8455b5ff0f.jpg,1
download-20-15-_jpeg_jpg.rf.484775d5aeb5f3ddcc9fa777d11dbffc.jpg,1
imgFC157_png_jpg.rf.426690d390d9f4a3f6f6caf4efe04aed.jpg,1
IR_4983_jpg.rf.6cea45deee9f49acaccf8153c73f0648.jpg,1
imgFC658A_png_jpg.rf.a026498ea08d4c090398092e77f15ab8.jpg,1
IR_4983_jpg.rf.783c2564763db02be65ea9d8dc8da1af.jpg,1
imgFC653A_png_jpg.rf.80b8dfda6150f960b1edf56c45707948.jpg,1
IR_4987_jpg.rf.8ba4094400febd32762436e8c7fbe702.jpg,1
IR_4983_jpg.rf.870b3c58f750e67412b54aace44e8214.jpg,1
images_20-27-_jpeg_jpg.rf.b86edfeda976e5b8be9127319119ab07.jpg,1
images_20-26-_jpeg_jpg.rf.89cece65de0e6c3b0e00e443086bdd0c.jpg,1
thermal-image-from-back_jpg.rf.b9340ebe2c14b863c6d9d5eddd057c15.jpg,1
IR_4987_jpg.rf.a87aab56cbd6833ff60de00fdf5b28b2.jpg,1
IR_4987_jpg.rf.ab265d1e42de0b86cce05e5da4c98ad9.jpg,1
IR_4973_jpg.rf.752fa05f3dfb9a44d6943e02c7dde934.jpg,1
thermal-image-from-back_jpg.rf.c4659210f42372c8873d18285058438b.jpg,1
images_20-20-_jpeg_jpg.rf.a2046e13ccdbc8040d6e737a3079641d.jpg,1
images_20-2-_jpeg_jpg.rf.de665245318ded8021f956144d2877d6.jpg,1
images_20-27-_jpeg_jpg.rf.e6a66e0d0749871d0dc17b0b3acab507.jpg,1
images_20-21-_jpeg_jpg.rf.81593d765756c51eb618b2d43d3e8868.jpg,1
imgFC581_png_jpg.rf.0408d350364a7545e36d4a9e619cbf2c.jpg,1
imgFC157_png_jpg.rf.5eca55f99797612b8517abe59bbc2e3e.jpg,1
thermal-image-from-back_jpg.rf.25e633843522774cde7559dc13037e16.jpg,1
images_20-27-_jpeg_jpg.rf.6a48f5d3c8cf35fc8ac9979a9e9a68fe.jpg,1
imgFC148_png_jpg.rf.b5831718712865544129efb77bf2242c.jpg,1
SolarPanel-1_jpg.rf.720488bd857781eb6de9804cdf0f66d7.jpg,1
imgFC130_png_jpg.rf.3577ffdba20a27ad67caa83e37472d86.jpg,1
imgFC193_png_jpg.rf.64ee8e3a503678d9f74d3e2894a2f86c.jpg,1
IR_4987_jpg.rf.ebf1f1a692ddcc71ae1fcc211d6c9f8c.jpg,1
imgFC148_png_jpg.rf.ae3fcdfa1d702cc71347f2de915b83f8.jpg,1
SolarPanel-1_jpg.rf.b3e4c59c9e128c694e63ff1d6c28939f.jpg,1
imgFC55_png_jpg.rf.3e66f42c48aa42f2bb32b555704b55b1.jpg,1
images_20-21-_jpeg_jpg.rf.6a21acf74e84fa885bbae24494cefaca.jpg,1
imgFC581_png_jpg.rf.d31f91f6823bfb7c3e9080c8a3f4fee6.jpg,1
imgFC123_png_jpg.rf.634938b3d2f77fe70f1e1d6b814478c1.jpg,1
imgFC55_png_jpg.rf.8f1c58ee76fe7b4f90115213874415a9.jpg,1
imgFC130_png_jpg.rf.46c51064dd1c7372b7dfe19523530534.jpg,1
imgFC653A_png_jpg.rf.9f12e2b46b29a1964c40a39edfe9f106.jpg,1
SolarPanel-1_jpg.rf.6d4d9cbfaab0f4a6128675cd1c50a291.jpg,1
imgFC123_png_jpg.rf.a0e6a31e699897b666f9b0d1706aafa6.jpg,1
imgFC653A_png_jpg.rf.425baab4732cf08fdd119be3ec767dcd.jpg,1
IR_4983_jpg.rf.60739031feecd13af835784787e43825.jpg,1
imgFC134_png_jpg.rf.707bd706b25b091ede70920b0aae57f5.jpg,1
imgFC130_png_jpg.rf.a73b0e1552dd8dfee2f322c6f08fcbfa.jpg,1
imgFC126_png_jpg.rf.2cd92a0ce1d8bfcf619daa8efb4babdc.jpg,1
imgFC130_png_jpg.rf.01f7253e5d3c4282a6cd21d661fe70cf.jpg,1
images_20-21-_jpeg_jpg.rf.77b469d0b09cc12385fc18ab97cf0862.jpg,1
imgFC587_png_jpg.rf.fdaab14617d7112c8962eda537639bf0.jpg,1
imgFC134_png_jpg.rf.bf0a1ec0b8c04f98fae6edb58b49744a.jpg,1
imgFC55_png_jpg.rf.aa71429d713be956d1d8bc8a3c851162.jpg,1
crop-might-be-okay_jpg.rf.26dfde8f5caebfd1440d4a49cd8e1025.jpg,1
imgFC126_png_jpg.rf.09f7644cd7adbfdf4864819bd0a40701.jpg,1
imgFC126_png_jpg.rf.b160497b7572c77590d14e4e3ad1d14c.jpg,1
imgFC587_png_jpg.rf.0dfab27b0991d7b9056c437153ab47f0.jpg,1
imgFC581_png_jpg.rf.0fda07aee6c5a937908aab313f935efe.jpg,1
imgFC130_png_jpg.rf.d07703505cb1eb2e69a87242b864f901.jpg,1
imgFC126_png_jpg.rf.16abf025c8391f265cf191cf65ccda72.jpg,1
imgFC142_png_jpg.rf.d09e60b37ca8b47df49eb8606a39f3c5.jpg,1
imgFC587_png_jpg.rf.8c84d95b621aea04bbae38fd7f7f0a6a.jpg,1
imgFC135_png_jpg.rf.807d20ce989f65fdc4f843dd472812fc.jpg,1
imgFC130_png_jpg.rf.41772146c1b170bae8c75bcf54074f12.jpg,1
imgFC130_png_jpg.rf.e970aba1379568a7476fa69d6371f174.jpg,1
imgFC130_png_jpg.rf.e432c9c038d1bb9df3c805c8e1529cf3.jpg,1
imgFC142_png_jpg.rf.92296e1493f425d6c5520738d2d86e14.jpg,1
imgFC140_png_jpg.rf.38c0c449f2d5089d7287d241649f6de4.jpg,1
imgFC55_png_jpg.rf.de4ff0f732473699c4143a600899aa52.jpg,1
imgFC135_png_jpg.rf.aca41a7313122f84204f53f77dc2f5ff.jpg,1
imgFC140_png_jpg.rf.5c1a105358a7dba5a9ff76c930f02a2e.jpg,1
imgFC165_png_jpg.rf.138b8c3f0aa7955d80cedfc9c4f70702.jpg,1
imgFC138_png_jpg.rf.f11f59bc70cd0154c4493249946bd2da.jpg,1
imgFC142_png_jpg.rf.8bedc10e63cd0073180661f847337b07.jpg,1
imgFC140_png_jpg.rf.78e10471f697ab5e7f3f646762bb5507.jpg,1
imgFC142_png_jpg.rf.d4154a07a87c5c1aa860ce4bf3291b19.jpg,1
imgFC130_png_jpg.rf.9fa04b39421662ebdadc2bd7dfb6469b.jpg,1
imgFC581_png_jpg.rf.b8e3f39ebac246a984950d5bfcd12e75.jpg,1
imgFC139_png_jpg.rf.6c5528f78a33dc573cfd1abd6c6458a7.jpg,1
imgFC55_png_jpg.rf.9d081c56bb5833b26d1dfbfef7b053cd.jpg,1
imgFC133_png_jpg.rf.1b1a5ccf6cf8c60141095bd692f75f7a.jpg,1
imgFC133_png_jpg.rf.f72c2889c6e89312d02b423b2ec4691d.jpg,1
imgFC135_png_jpg.rf.b12ee78de01a94e48fb8842c58813a66.jpg,1
imgFC133_png_jpg.rf.53cb81b78fcb679aff446192b5710733.jpg,1
imgFC130_png_jpg.rf.436a88b1e3bbb389eae153539802d7df.jpg,1
imgFC161_png_jpg.rf.b71ce4f642dbed3815f2dd37bc4eb88c.jpg,1
imgFC172_png_jpg.rf.482f42202308c0e7d0ed68387ecdd1e0.jpg,1
imgFC138_png_jpg.rf.aadc53bf6b2b15788947ed75b62691e3.jpg,1
imgFC143_png_jpg.rf.ee40afd44572354cf2da5f061ff63b3e.jpg,1
imgFC138_png_jpg.rf.4189e684bc44286730e49067c908307f.jpg,1
imgFC135_png_jpg.rf.f449b272605b1b233e5bbaa64d347cc3.jpg,1
imgFC130_png_jpg.rf.20fbc11f41b3b56642e42f6cb81ddd90.jpg,1
imgFC130_png_jpg.rf.e2fbcf5d4ef33668c91b6802de683b4a.jpg,1
imgFC138_png_jpg.rf.17bfd77022d9d1a97c49e53e42a08faf.jpg,1
imgFC139_png_jpg.rf.abb22295de37048ac38aac6639ec3be0.jpg,1
imgFC130_png_jpg.rf.7201fee1cc493ff2c6801cb6af9a35db.jpg,1
images-20-59-_jpeg_jpg.rf.653f1425e00acd6371e1da65c347c98d.jpg,1
imgFC14_png_jpg.rf.6d729bd99c6cc5140e3524f9962bd0da.jpg,1
imgFC130_png_jpg.rf.b878f4bdaf7829742734f7d46c99a6fa.jpg,1
imgFC137_png_jpg.rf.1240dae27eff5b00f9b499be3e7399fb.jpg,1
imgFC130_png_jpg.rf.d7a90745b3eeb785607abcec184652a7.jpg,1
imgFC12_png_jpg.rf.f46b7f7f1e5b1618215fff28173b22b5.jpg,1
imgFC148_png_jpg.rf.fd7c41c8cce07af08ee5ba05c17628a4.jpg,1
imgFC137_png_jpg.rf.c7489dd4858e65574ebda1dd345b06c8.jpg,1
imgFC140_png_jpg.rf.479176c4c93d7dc2267da8e90ac7e340.jpg,1
imgFC139_png_jpg.rf.99444e2444c9776f59f2cb2ed3c9ac10.jpg,1
imgFC133_png_jpg.rf.89bd9ddf56e72988fbc11167d10468a7.jpg,1
imgFC137_png_jpg.rf.dbd23a675f00cb4a73669f21fd549b69.jpg,1
imgFC135_png_jpg.rf.1e8992c72f199475392d1a93b6f37544.jpg,1
imgFC130_png_jpg.rf.197a0c20636dd7504e4e1fac550256c3.jpg,1
images-20-57-_jpeg_jpg.rf.0e42d2be210dd11d58f3723bf83f08ea.jpg,1
imgFC156_png_jpg.rf.782da3844652f7e175fb8b4ab1fa90e0.jpg,1
imgFC139_png_jpg.rf.d8ea49b3b3cb2c40cdbd3669a51b22c2.jpg,1
imgFC12_png_jpg.rf.50edbb68ff0402611a4060033230a14e.jpg,1
imgFC12_png_jpg.rf.c60bbdc23cb3a180931b367bcf3011ad.jpg,1
imgFC156_png_jpg.rf.e75d665e66067a0b3a9647d46cb30726.jpg,1
imgFC133_png_jpg.rf.b6a17885b327ddcf5c10193ed1382950.jpg,1
imgFC138_png_jpg.rf.1cea89fe80b44d2a95af0d06843d9e57.jpg,1
images-20-57-_jpeg_jpg.rf.3e4d32fc705a6d6012d3ee039f98c7a6.jpg,1
imgFC14_png_jpg.rf.491bed928024ce90b16b8330c025b37f.jpg,1
images-20-59-_jpeg_jpg.rf.82fb675d7132960f8f72cd745ac8c1b8.jpg,1
images-20-64-_jpeg_jpg.rf.e7928e9ba780c4bbc955142e50379e87.jpg,1
imgFC133_png_jpg.rf.f203c2f9c1a4c67d91c7ad8462c45e80.jpg,1
imgFC138_png_jpg.rf.ea8e1f9eeb9f709aacb3ae04a7c91bfa.jpg,1
imgFC139_png_jpg.rf.d3682af5516ef283cec9ebea57239a8e.jpg,1
imgFC138_png_jpg.rf.3271822e30027abd2a66a9a5d88abe44.jpg,1
images-20-64-_jpeg_jpg.rf.3a78c61235d7ebe58a5aa0d97b1fc56d.jpg,1
imgFC139_png_jpg.rf.71ec0de547129a98059c561e289d62da.jpg,1
imgFC140_png_jpg.rf.54ad400960509c223c98872b6ecefc46.jpg,1
images-20-57-_jpeg_jpg.rf.7c1f27385a611baf3ab14781fa20fb41.jpg,1
imgFC138_png_jpg.rf.74e09f79fec7ea2d035985254a6d3c3f.jpg,1
imgFC130_png_jpg.rf.c90acd46ccf4d333098ce768788a9598.jpg,1
images-20-64-_jpeg_jpg.rf.b1b311b45c5c7013a902e3c793773429.jpg,1
images-20-57-_jpeg_jpg.rf.e9b63434ce362b254c9fec1375b59b1f.jpg,1
images-20-64-_jpeg_jpg.rf.029ae0ec7d74d8091c3382d9ce96ca50.jpg,1
imgFC133_png_jpg.rf.eb76840b7358f83894346d322604406a.jpg,1
imgFC148_png_jpg.rf.bd9ae2e377d7c5696b38fc77bec66409.jpg,1
images-20-57-_jpeg_jpg.rf.9c8d55c28b9cd413eefd5566cce8bb10.jpg,1
imgFC140_png_jpg.rf.cc102eed3b00f8121ba2bab54298b495.jpg,1
imgFC139_png_jpg.rf.b72d9b39b418b6e814c2e1e9ed9ad41d.jpg,1
imgFC141_png_jpg.rf.81482d5b6cca315437ad8d99d46ccfdb.jpg,1
imgFC139_png_jpg.rf.6849057302ca3ccb07f6ee531ff9c879.jpg,1
images-20-64-_jpeg_jpg.rf.a3f4c52b427f9898c9814fb60334981a.jpg,1
imgFC137_png_jpg.rf.dc9a355da9c3254ba48688181ac8351a.jpg,1
images-20-58-_jpeg_jpg.rf.93ca142d0595ea0263288cd273372840.jpg,1
imgFC138_png_jpg.rf.926b9dc9f9a614d65c21be7001d608e7.jpg,1
imgFC156_png_jpg.rf.9401753a83035eac4693eefacd3937ba.jpg,1
imgFC137_png_jpg.rf.aa3fa951bc8f5eaeee8a91fad5ea88cc.jpg,1
imgFC141_png_jpg.rf.6ed67ae8b4c01254cb1e6a200a9f8db2.jpg,1
images-20-58-_jpeg_jpg.rf.ef1086031d911643156cd87c4b76ef4e.jpg,1
images-20-58-_jpeg_jpg.rf.54526da2b499f52dee6014c8f6b9e395.jpg,1
images-20-58-_jpeg_jpg.rf.9423d3916adab1184f38ff0476da5169.jpg,1
imgFC161_png_jpg.rf.a19218dc96db63e6a9a158db4c7b836e.jpg,1
imgFC133_png_jpg.rf.70295995ceeae87c47b28a1f4f72ff69.jpg,1
images-20-6-_jpeg_jpg.rf.69c209bdac6286b6c06470ce521a6864.jpg,1
imgFC130_png_jpg.rf.026ba02e8e9dc78ce4a8ec8e9fa67a91.jpg,1
images-20-58-_jpeg_jpg.rf.fa7bb06f6788c8da70412d880dc98dcb.jpg,1
imgFC134_png_jpg.rf.8e4bb3ca88256235a14e84d0d81cbefd.jpg,1
imgFC134_png_jpg.rf.a7e611518cf0922645c3e9d2cf866fb9.jpg,1
images-20-58-_jpeg_jpg.rf.99e8fecbd859fbac08398d21c1558b3d.jpg,1
imgFC134_png_jpg.rf.fe43305be40aa4337d2bf2dadd9b53ee.jpg,1
imgFC134_png_jpg.rf.08410dd3dde7ba1a0efd0756a881d2e4.jpg,1
imgFC134_png_jpg.rf.b3ffc0d5279bd3cb9c0236127cb675c8.jpg,1
images-20-6-_jpeg_jpg.rf.09f74ccea8500a39281e624284b8bc40.jpg,1
imgFC141_png_jpg.rf.ad1f33daea2a3ba1021c0ab4a9459f9d.jpg,1
images-20-65-_jpeg_jpg.rf.503b32159575fbbb580acb7f48036269.jpg,1
imgFC161_png_jpg.rf.3ca890a1ac754480b64c87692d338bf9.jpg,1
images-20-72-_jpeg_jpg.rf.a83bf63e2f6f5312a9a5fd0f3770b410.jpg,1
imgFC142_png_jpg.rf.027e8e229d3db094f1cde0ff76a5e387.jpg,1
imgFC130_png_jpg.rf.f1c92539aaf6bf72b8cfa58d81040319.jpg,1
imgFC141_png_jpg.rf.d04647baf2e88c0f1c9f4be6cdc924c6.jpg,1
images-20-65-_jpeg_jpg.rf.981e646d9a452285afdcb6c475ce21c5.jpg,1
images-20-65-_jpeg_jpg.rf.2259e0d0697ce2f1ac1a72d5d749aec2.jpg,1
imgFC135_png_jpg.rf.95cc08576fb8aff2761ad2ed712d0e2f.jpg,1
images-20-69-_jpeg_jpg.rf.9860abdca0c041754bb372b74adc912d.jpg,1
imgFC165_png_jpg.rf.44106bf2af62fe5861ae1f59f43380fb.jpg,1
images-20-59-_jpeg_jpg.rf.9c7c5dc78e084f2a13ce0adfdc37d675.jpg,1
images-20-58-_jpeg_jpg.rf.a40e1fec79561fc87004271f162af903.jpg,1
imgFC14_png_jpg.rf.d8a5909d6d10fa11108b3be42e701e01.jpg,1
imgFC134_png_jpg.rf.231b5dbf5eec6ff04bb334480c642515.jpg,1
imgFC133_png_jpg.rf.60501351fa93c81055f29b1b36ddeec0.jpg,1
images-20-65-_jpeg_jpg.rf.5475217506cd2a349f0503c88559d9e4.jpg,1
imgFC142_png_jpg.rf.9d25ef35032da2e6a248ad7d73c4186f.jpg,1
images-20-59-_jpeg_jpg.rf.98c9019fcafdec0c3dc79df83c0a92f2.jpg,1
images-20-59-_jpeg_jpg.rf.5938aa38208065e84224cf3d61285766.jpg,1
images-20-72-_jpeg_jpg.rf.2b4953117d324dfc0759a047ce2adb12.jpg,1
images-20-58-_jpeg_jpg.rf.2ae3421194139aa553c940beab61f034.jpg,1
imgFC141_png_jpg.rf.04447548e805897a5250038e49e44836.jpg,1
images-20-58-_jpeg_jpg.rf.dce5bcb32ba0089c54c39f9b6b430f32.jpg,1
images-20-73-_jpeg_jpg.rf.a6c0ae82617952af64fae350ca87c05f.jpg,1
imgFC141_png_jpg.rf.bd68cf1347817f5f9a383dfc27eff863.jpg,1
imgFC141_png_jpg.rf.d045c006cccea429d42dcda568e81c77.jpg,1
imgFC134_png_jpg.rf.a917e3628e7863a78a7c3e7347a473d2.jpg,1
images-20-69-_jpeg_jpg.rf.8bce5bb66fc7ece93bebe977198766a6.jpg,1
images-20-65-_jpeg_jpg.rf.e5c1f2900a4e97534bf8349db97463d8.jpg,1
images-20-69-_jpeg_jpg.rf.7d530b5d4e91eeb465962e8d70f0a657.jpg,1
images-20-65-_jpeg_jpg.rf.9fa750be89f09905bafe9e9efc0b3fe4.jpg,1
imgFC141_png_jpg.rf.555f2073bf91aa95e4d876c953e149f3.jpg,1
images-20-63-_jpeg_jpg.rf.666a7f56fc3e3c8f8e70a2ba15ec5f32.jpg,1
imgFC141_png_jpg.rf.8a31f2a4a02a68c0b2fed8e53f5f40cf.jpg,1
images-20-6-_jpeg_jpg.rf.5079385b2d6417d249374a79dd751d55.jpg,1
images-20-61-_jpeg_jpg.rf.ec40daf6304664272a7534cd339f7d67.jpg,1
images-20-62-_jpeg_jpg.rf.a4b8f89e0c91f899f498b55c745a1ba9.jpg,1
imgFC139_png_jpg.rf.2f4aa311393028035f2200ac232a2ac5.jpg,1
images-20-60-_jpeg_jpg.rf.1edb27d33b66872363e868eae9d2369e.jpg,1
images-20-6-_jpeg_jpg.rf.9f30e9d1a79331a970479c47f3367f11.jpg,1
imgFC134_png_jpg.rf.f4a00981787a32592bb70fd218cf576a.jpg,1
images-20-6-_jpeg_jpg.rf.1f72dbdd3e6a47961d5c381419fa0ebd.jpg,1
images-20-62-_jpeg_jpg.rf.1f34f188c374fd07b7c19fec7b952d2d.jpg,1
images-20-62-_jpeg_jpg.rf.5ca340f74c2351262cc68feead0fffff.jpg,1
images-20-60-_jpeg_jpg.rf.6d2a97fde11eb5b26f02838e01aa689d.jpg,1
imgFC165_png_jpg.rf.6be5a7b959ed911ad3483c0194650ccf.jpg,1
images-20-62-_jpeg_jpg.rf.0fbcccea11820cfa96ff2e13e4de4e83.jpg,1
images-20-73-_jpeg_jpg.rf.d76209f685d984de4a1ade3ff78bb5e8.jpg,1
images-20-60-_jpeg_jpg.rf.d1ba2fd8001e123d8d3349dc8af28063.jpg,1
images-20-61-_jpeg_jpg.rf.d479283523310222f445be1d644313ab.jpg,1
images-20-61-_jpeg_jpg.rf.f660d081404de887d7392d99acc44ced.jpg,1
images-20-70-_jpeg_jpg.rf.edb5eadbd9e8d4d37e9e25dbaa9ace53.jpg,1
images-20-6-_jpeg_jpg.rf.141f72cd1885995be59454619bde6020.jpg,1
images-20-70-_jpeg_jpg.rf.1f4d32aa4a3230abd20c51f4259ae1d7.jpg,1
images-20-6-_jpeg_jpg.rf.acc80544d6ee305e9e1b5df8ccfca4cf.jpg,1
images-20-6-_jpeg_jpg.rf.6d2119772706d283549d8e12047d366d.jpg,1
images-20-70-_jpeg_jpg.rf.1e714cbf17702b9ff233ad650ac9d67c.jpg,1
imgFC134_png_jpg.rf.f12e1e277a47c10361dcc8ca5494792d.jpg,1
images-20-62-_jpeg_jpg.rf.8cd6bbd8f4224d4b9f84ce615c1594ad.jpg,1
images-20-60-_jpeg_jpg.rf.9c7f54d41ed1decbee14e09c83d41aae.jpg,1
images-20-6-_jpeg_jpg.rf.ddc4199f2b2c9db4962950d40fb3d55e.jpg,1
images-20-62-_jpeg_jpg.rf.a8a1fcecb89657ca88cacaec602549dd.jpg,1
images-20-62-_jpeg_jpg.rf.1c9a3e2d60b65ae122cf7e5df67aec26.jpg,1
images-20-72-_jpeg_jpg.rf.c41628e9b904724a531d6977bc115cc6.jpg,1
images-20-60-_jpeg_jpg.rf.6b1a8c5267f311e418ba13754577f50e.jpg,1
images-20-73-_jpeg_jpg.rf.5d2fc6dec3ceee5e7fe2e430dc3edd1e.jpg,1
images-20-6-_jpeg_jpg.rf.48456d76180b486adfd31d479bf4ce0a.jpg,1
images-20-63-_jpeg_jpg.rf.d137a597e07ea27f0b525f8b2f259f64.jpg,1
images-20-72-_jpeg_jpg.rf.18aaf6dcffac73bf978193aa8585ddbd.jpg,1
images-20-60-_jpeg_jpg.rf.dc7f22c9ae68f07d28b3a44ca627ff4e.jpg,1
images-20-62-_jpeg_jpg.rf.4978e194ef2e1b47fe1a5789b63c13bc.jpg,1
images-20-69-_jpeg_jpg.rf.6ba47418c58117cb3ef998ac8d31bed6.jpg,1
images-20-72-_jpeg_jpg.rf.2f53ddd5549361fac52bd7ec55192e18.jpg,1
images-20-73-_jpeg_jpg.rf.4953ac34492c6af6281f559311d402b8.jpg,1
images-20-69-_jpeg_jpg.rf.856b4e8575eaa4ab7ab13c2aa1328d42.jpg,1
images-20-69-_jpeg_jpg.rf.8e51630300d830b6f95e6a54585e1e84.jpg,1
images-20-60-_jpeg_jpg.rf.dda887225b5ad89217af2bcd5d28b019.jpg,1
images-20-73-_jpeg_jpg.rf.519596b3f237a2d444176ef6f1f4cf61.jpg,1
images-20-6-_jpeg_jpg.rf.e4f183d7653f7a91d8e88dfc65f5ee99.jpg,1
images-20-60-_jpeg_jpg.rf.d92287e108b4ef4daeabddd634ff7a4c.jpg,1
images-20-73-_jpeg_jpg.rf.a7e5b335c736bcfb200ddc9102a921e1.jpg,1
images-20-61-_jpeg_jpg.rf.4ef6e550e82f64a157f1837a87cdcb51.jpg,1
images-20-73-_jpeg_jpg.rf.0864355ed8734b374c282bfd6dc13c2b.jpg,1
images-20-73-_jpeg_jpg.rf.7689db34507e760bb836dafae0efca21.jpg,1
images-20-63-_jpeg_jpg.rf.2b368bfc64c7065c5446bd10f1df94f0.jpg,1
images-20-72-_jpeg_jpg.rf.f53093f50bd4fc1c6418cc8f541e64e2.jpg,1
images-20-64-_jpeg_jpg.rf.b4e27c94bd4eb343742ef11dfebce153.jpg,1
images-20-61-_jpeg_jpg.rf.73d655ba972eeeb0a8307b36348c325e.jpg,1
images-20-60-_jpeg_jpg.rf.1a091dc5207984fb6cca46ddceac235a.jpg,1
images-20-73-_jpeg_jpg.rf.22bc8f725f4a1090dfa3609a601032d9.jpg,1
images-20-63-_jpeg_jpg.rf.67c69d3cac572c0f9a5b323cbd4908fa.jpg,1
images-20-62-_jpeg_jpg.rf.36681d30fa14bb4f9020d85a6c6e7433.jpg,1
images-20-70-_jpeg_jpg.rf.a832f547ec6502c85cc5c74165ed112b.jpg,1
images-20-73-_jpeg_jpg.rf.f97cd99b87df546f16f91e2f6b406abc.jpg,1
images-20-6-_jpeg_jpg.rf.b7c3067dac75cae063a24454c432f03a.jpg,1
images-20-65-_jpeg_jpg.rf.291ce3e6bf708f280141df9d85957fd1.jpg,1
images-20-62-_jpeg_jpg.rf.3c7115bcd747b1adebbc2be7cd03d85b.jpg,1
images-20-60-_jpeg_jpg.rf.d69d5e448b717b3be38b1d782ab3bf6b.jpg,1
images-20-70-_jpeg_jpg.rf.02291df0b3241ee30fda1c9608d3719a.jpg,1
images_20-2-_jpeg_jpg.rf.46ba7c76f4c1c4282971f851d8637313.jpg,1
images-20-63-_jpeg_jpg.rf.81ed24a3d07c05733f32927433034356.jpg,1
images-20-63-_jpeg_jpg.rf.9c26e4e5f8385578b18cac35b966bdc9.jpg,1
images_20-15-_jpeg_jpg.rf.c7261382ef711839b77681e6243b783c.jpg,1
imgFC492_png_jpg.rf.658b81e1e550c103375f2a4035ba4fb3.jpg,1
images-20-60-_jpeg_jpg.rf.84456f5c815770bb7cc5bdadc0dd8b10.jpg,1
images-20-65-_jpeg_jpg.rf.276a4f6a8f83fd3430eef6ef83064225.jpg,1
images-20-63-_jpeg_jpg.rf.00c5c6401f2ce9f9a5f2df648b428fd9.jpg,1
imgFC270_png_jpg.rf.5a4570f4bac2dd6423b1384793f263b1.jpg,1
images-20-70-_jpeg_jpg.rf.e132b9d69b5fc31c47f7dbf0d73e3f2d.jpg,1
images-20-63-_jpeg_jpg.rf.c1fbdac8fc1a478ed989eb5c27116921.jpg,1
images_20-2-_jpeg_jpg.rf.3b6d63cb490bc1b1fe7faf312961dadc.jpg,1
images-20-69-_jpeg_jpg.rf.525e074b451fe0c10af37f74b942e5a2.jpg,1
images-20-69-_jpeg_jpg.rf.7503dbec9a5b404ba50b798b0158baa5.jpg,1
imgFC270_png_jpg.rf.9a950c7756d8419ebc8fd8729cb66730.jpg,1
imgFC298_png_jpg.rf.dbd63b9c8d5583eccc0e518a9ac78ec5.jpg,1
images-20-65-_jpeg_jpg.rf.00e5232b6affaae2004486f75495dd1b.jpg,1
images-20-70-_jpeg_jpg.rf.cbd70b16b404a674df22b64ba97d776d.jpg,1
images-20-73-_jpeg_jpg.rf.fbcf5a76ab58f5f0189cd9a9de02f24b.jpg,1
images_20-16-_jpeg_jpg.rf.cfbee8896f632dcc764c82749b14ec62.jpg,1
imgFC49_png_jpg.rf.e1d27d140a2ed439c35b3dcab95cb7a4.jpg,1
images-20-62-_jpeg_jpg.rf.52745ccebf6826642dff360f2f7a14d9.jpg,1
images-20-64-_jpeg_jpg.rf.d1d66406c66b37d81c12b09e47da6642.jpg,1
images_20-15-_jpeg_jpg.rf.87bb21f2117c01b7890abe027bd8c75f.jpg,1
images_20-16-_jpeg_jpg.rf.89b528bda08f910d4c2c3f7befef4c45.jpg,1
images-20-64-_jpeg_jpg.rf.a13c09d49bf61c9a6b96c946c22357c7.jpg,1
images-20-73-_jpeg_jpg.rf.f17dbbf7f70836b34578a7b01cbc3502.jpg,1
images_20-2-_jpeg_jpg.rf.969344ad827f244075aee0892ae8a561.jpg,1
images-20-70-_jpeg_jpg.rf.80d1b4e395453a611625844eb849ee62.jpg,1
imgFC298_png_jpg.rf.b6a21a2ca3fbd358b9bb9227c41b203b.jpg,1
images_20-15-_jpeg_jpg.rf.2f4a029f885d1801c7f2871cecbea99e.jpg,1
images_20-2-_jpeg_jpg.rf.a4c9a69bb501d5adc78d43db6ce17406.jpg,1
images-20-65-_jpeg_jpg.rf.29b1f0e0af836b71d132dc90ecaf49a5.jpg,1
imgFC270_png_jpg.rf.1a496058a4636a798ba0364ca7a9da45.jpg,1
images-20-65-_jpeg_jpg.rf.ad8e6a1a06bbf4eb7a9e392b83b7d1f1.jpg,1
images-20-64-_jpeg_jpg.rf.cb9cc3e3cba5e88d549189c6d3cb4910.jpg,1
imgFC298_png_jpg.rf.ab57f0da6eb9084d0835c089cbd5861d.jpg,1
imgFC257_png_jpg.rf.d11e9919a583fb4002e7df3ce4eda9ef.jpg,1
images-20-65-_jpeg_jpg.rf.400d4548d96ec23664e9fefeeb7c4f0e.jpg,1
imgFC310_png_jpg.rf.94741962ead1b7549e043eea4edc17e4.jpg,1
imgFC270_png_jpg.rf.7c75041cf03fd52e3fe20816585a957b.jpg,1
images_20-15-_jpeg_jpg.rf.5da662dc7e51a43e3f0293a8d4bd03fe.jpg,1
imgFC270_png_jpg.rf.609c441e4ffca7feccf3ed2fa418124b.jpg,1
imgFC298_png_jpg.rf.9932e766b31f326637db490fe05fc5b9.jpg,1
images-20-63-_jpeg_jpg.rf.0b44ba27585e6cb3008ec13f0e23cb68.jpg,1
images_20-2-_jpeg_jpg.rf.8506d317f2ce4d10a717add74ebb85e1.jpg,1
imgFC49_png_jpg.rf.71131c1819008b5126ad9c8898d3457c.jpg,1
images-20-70-_jpeg_jpg.rf.7d274f2b5e5bbd3005072484d167e40e.jpg,1
imgFC244_png_jpg.rf.1aa8ed0bcae5d2d2f3e42d3e139ea00d.jpg,1
images-20-64-_jpeg_jpg.rf.6f32e8e55b6b7e8ad971a52677c2e297.jpg,1
images_20-16-_jpeg_jpg.rf.aae0a4d3aee95180b382794c6977c398.jpg,1
images_20-16-_jpeg_jpg.rf.8236d8b9c76f10586bd25d30359e15ae.jpg,1
imgFC270_png_jpg.rf.45a6356af86162b3114491ba92103d8f.jpg,1
imgFC310_png_jpg.rf.a50205e17664923f7d94ad0e930433bd.jpg,1
imgFC250_png_jpg.rf.9c95d3f424244dbd72389961a114dcce.jpg,1
imgFC298_png_jpg.rf.bcb229fd89eb3f3ebab1e9c5d03f43f6.jpg,1
imgFC298_png_jpg.rf.2bc1e22377d553b8542031777da7e465.jpg,1
imgFC310_png_jpg.rf.d2a4e152592da0e8f94735ae9e75eda1.jpg,1
images-20-70-_jpeg_jpg.rf.b7c50fcca16586fd587ed32331cffcfc.jpg,1
imgFC244_png_jpg.rf.f0ab9591d8698ee96b7c9a78fb07a157.jpg,1
imgFC229_png_jpg.rf.e04c2b94fa67dfab053f5a5844137842.jpg,1
imgFC492_png_jpg.rf.5549304f5ab863c93a0c51e25c52c392.jpg,1
imgFC298_png_jpg.rf.806a9f97baff1dd38bce14622791b1b8.jpg,1
imgFC270_png_jpg.rf.55a69c0158028f38e7d9d81ec3dcf986.jpg,1
images-20-69-_jpeg_jpg.rf.9bd1a45207c496f049b592b16e96deaf.jpg,1
images-20-64-_jpeg_jpg.rf.e1187d4f3aa37f924919d7b4e382bc02.jpg,1
images-20-65-_jpeg_jpg.rf.b92644901d77568abdc327ebc7844a04.jpg,1
imgFC508_png_jpg.rf.f64811c439dcf86885550c3b7ffd54c0.jpg,1
imgFC229_png_jpg.rf.0983771982e83d317e47e5e59044ab2b.jpg,1
imgFC310_png_jpg.rf.ebc7ae4344f3876506406e225671bcb2.jpg,1
images-20-70-_jpeg_jpg.rf.5abd853c8ffc7d765f7622e0fed0c343.jpg,1
imgFC49_png_jpg.rf.eb1be76f34254918d5d7a4f2856a056a.jpg,1
images-20-64-_jpeg_jpg.rf.bd9728e027b0df31282aee83add53b27.jpg,1
imgFC270_png_jpg.rf.6ce0bbf918fe79f45f39681036716f65.jpg,1
imgFC229_png_jpg.rf.7a41a68d07b856a1848fc352e81ee72d.jpg,1
imgFC298_png_jpg.rf.76c708380f186565a7bde68bc1ea7338.jpg,1
imgFC244_png_jpg.rf.c978ec9b6b6a9796ab631c4a8fa5b64f.jpg,1
imgFC298_png_jpg.rf.5403dce756938ba1390abfcae9f531e4.jpg,1
images_20-15-_jpeg_jpg.rf.f4ab1e308821f94c2aad4035451323a5.jpg,1
imgFC244_png_jpg.rf.83fb9b80e62a5f3f394304fba16529c2.jpg,1
imgFC298_png_jpg.rf.ff8caa9284879dd57deea6bf08c5e5d7.jpg,1
images-20-64-_jpeg_jpg.rf.b941f6c39451eafd35ebeb6e62189d90.jpg,1
images-20-65-_jpeg_jpg.rf.c5b8e6681f01174c9891e71d601a4c01.jpg,1
imgFC250_png_jpg.rf.8f95745aa78dd1fb3e0917b5c24f7371.jpg,1
images_20-15-_jpeg_jpg.rf.5f158a59a6ec100f06dfb38a29bf6d8b.jpg,1
imgFC298_png_jpg.rf.b05784e600972694f94b103d91cffc7f.jpg,1
imgFC298_png_jpg.rf.92ac6eb70a0814cc8a0532610f257d97.jpg,1
imgFC474_png_jpg.rf.2c6821f506be1d46c9be1b73dae58f23.jpg,1
imgFC257_png_jpg.rf.2647aca11aaaca6aacebf3c0c8e070df.jpg,1
imgFC298_png_jpg.rf.3d3e03cf02474ea5b9355298e473fe40.jpg,1
images_20-16-_jpeg_jpg.rf.b5e4393dbefdba39d3aa8f7a3481cd9d.jpg,1
imgFC298_png_jpg.rf.1c00613e300fd159aa21efd1e6907ea2.jpg,1
imgFC270_png_jpg.rf.eb34d2910949a327c8edde1b04a49fd6.jpg,1
imgFC250_png_jpg.rf.843765cfda20797b37cc02418370f83c.jpg,1
imgFC270_png_jpg.rf.a37ffcdea7bfd288059531b556558a2d.jpg,1
imgFC310_png_jpg.rf.6525ba862716fb78ab1567f30d9401fc.jpg,1
another-crop-but-good_jpg.rf.47b78a5958a375b85282f5dbd9c05e51.jpg,1
imgFC310_png_jpg.rf.e0df835a84598f2da176747d4c33d970.jpg,1
imgFC311_png_jpg.rf.07d3945293642e0b91fb877d8e14ada8.jpg,1
imgFC244_png_jpg.rf.9bf9004773281d00b03fda4c39c55183.jpg,1
imgFC298_png_jpg.rf.07154c876a0610b89f1aa73e6569fd97.jpg,1
imgFC250_png_jpg.rf.0cd52f38503f0d558196c9986091a157.jpg,1
imgFC311_png_jpg.rf.d7c02db9c637bf9a6d23726d38a02e80.jpg,1
imgFC311_png_jpg.rf.487ecb26a8e359b5a9dbcd13902a618d.jpg,1
imgFC252_png_jpg.rf.14f064d17ba04dd0fe2e65a3ab897c9f.jpg,1
imgFC489_png_jpg.rf.8144d31fa18f517f53fd0d80873c1a1c.jpg,1
imgFC138_png_jpg.rf.5a88ffc8bbb9a9c28b3a61fa98904744.jpg,1
imgFC136_png_jpg.rf.afe6feb352ab57a2b7ed06ebfd17c5d1.jpg,1
imgFC135_png_jpg.rf.d6e7b2536b40ff6aa288f8c60a1a875e.jpg,1
imgFC129_png_jpg.rf.31fd10f65dfc7fca06a40b1fcb3263d2.jpg,1
imgFC12_png_jpg.rf.6c00324e0f63a997592d52e01a1da278.jpg,1
imgFC129_png_jpg.rf.9bf10ec3c6f4ff6cf47854cb2cedcc90.jpg,1
imgFC138_png_jpg.rf.dd928449dbe1bfee682f1207a109ca1f.jpg,1
imgFC128_png_jpg.rf.66bc58d731dc77c33798dd8ab158582a.jpg,1
imgFC137_png_jpg.rf.9139b0d423505f8b4300977bd3d174b8.jpg,1
imgFC177_png_jpg.rf.696fe9d7f8e36b5e7824bd0c036492c8.jpg,1
imgFC172_png_jpg.rf.1b88e6d7f14fc38355a3fcff44778c62.jpg,1
imgFC143_png_jpg.rf.5a9aaaca83f551b6bb1cc9d6e939ecf5.jpg,1
imgFC137_png_jpg.rf.8e0a3681df7d01b22fe421d9ed89c14c.jpg,1
imgFC135_png_jpg.rf.3638b3988928e1947fb368841421f5c7.jpg,1
imgFC18_png_jpg.rf.0d7fa4f66d7f42a8b60901a3830d1b96.jpg,1
imgFC136_png_jpg.rf.d9b9ba977bc176333b7ca9ff7512d13f.jpg,1
imgFC143_png_jpg.rf.d14cd21e8797666a9e3d2099e46f111b.jpg,1
imgFC12_png_jpg.rf.118933d01f61913b45f4c53704f014bf.jpg,1
imgFC137_png_jpg.rf.4f2a3fdccabc82d15acac88e392d2d2a.jpg,1
imgFC140_png_jpg.rf.9eb9237d55f0be364db22d8cc9516ea4.jpg,1
imgFC135_png_jpg.rf.dffa1f0a55a337d8e52f9c19acd35ace.jpg,1
imgFC137_png_jpg.rf.2355e75a9d2f003b9486e8321745e455.jpg,1
imgFC177_png_jpg.rf.03b8f067854bac230816b18661fec094.jpg,1
imgFC143_png_jpg.rf.26745a80244c470367dd45d61100feeb.jpg,1
imgFC141_png_jpg.rf.0e702e191efdc13923c21620d53928aa.jpg,1
imgFC134_png_jpg.rf.d143dbf9fe97afdca867d27a9c754b3f.jpg,1
imgFC136_png_jpg.rf.2e1af4e97a0f8bb31afd193d00898edf.jpg,1
imgFC139_png_jpg.rf.4595fed821b66e45df70697e959e331b.jpg,1
imgFC142_png_jpg.rf.72c2e1d0f4d5d484a6fb8929321c119d.jpg,1
imgFC136_png_jpg.rf.4e3a5b6e0b010a8b62ee73c68f716634.jpg,1
imgFC147_png_jpg.rf.e493bb1b8d2bbef04d635c755cdff3b8.jpg,1
imgFC137_png_jpg.rf.35183f8fa01b517a729d9005b32388ea.jpg,1
imgFC147_png_jpg.rf.cc5ad84dbe1032a3be227b51d8dd37c1.jpg,1
imgFC147_png_jpg.rf.381ca9f2e0d3b142b98d14710a245d37.jpg,1
imgFC140_png_jpg.rf.709fff546e6a1738e9eb5470d90f51ca.jpg,1
imgFC14_png_jpg.rf.d5e5a9b724076c925697fc0260e4f0a9.jpg,1
imgFC14_png_jpg.rf.f48b4d9ace2b251f98a7c64b9b15fd56.jpg,1
imgFC141_png_jpg.rf.f921900837337817000a9241b31eeeb0.jpg,1
imgFC135_png_jpg.rf.6e618bf475b93b13eeff20b030fe31f1.jpg,1
imgFC135_png_jpg.rf.0cfcb58c6d9eb81331d5e5441240dffb.jpg,1
imgFC172_png_jpg.rf.6995916d2f68dbddd1a526db8414fa26.jpg,1
imgFC137_png_jpg.rf.ee6b84b62b75f8b7a2b21aaed3784e1a.jpg,1
imgFC14_png_jpg.rf.3d652ea786867b7d1cb0d7143035cb53.jpg,1
imgFC12_png_jpg.rf.09fb3e90ae60fa0d661b8c308a4bcc0a.jpg,1
imgFC137_png_jpg.rf.dc3f1b667699a3f5899d3ca0d0b7bc17.jpg,1
imgFC140_png_jpg.rf.53de29bc9d2056932df99425103baf7e.jpg,1
imgFC140_png_jpg.rf.ac73994f2e305e8b9c3fd8637b7de8b9.jpg,1
imgFC12_png_jpg.rf.af3d7abc81de5d81eb5694e62f95163b.jpg,1
imgFC138_png_jpg.rf.d55feb2bd18955d0e883e7889bb98140.jpg,1
imgFC14_png_jpg.rf.fa069920f034c74bd3b1a2301c1dd9db.jpg,1
imgFC143_png_jpg.rf.d484f595a6760e8f4f468d9833fa4679.jpg,1
imgFC18_png_jpg.rf.b1aa447124b23bf330e99e3d688e1b0b.jpg,1
imgFC14_png_jpg.rf.48bcc28124997861a3e33230e6e2726b.jpg,1
imgFC134_png_jpg.rf.8c190bbe5ec294d9bfc13fd55856ecb6.jpg,1
imgFC147_png_jpg.rf.50fbf8b6a584cbe62f17a174011da0cf.jpg,1
imgFC137_png_jpg.rf.9ea4927dca780017ec3d5ba79096d97f.jpg,1
imgFC135_png_jpg.rf.eba44fdac55a8e00a7e2e5aa42cccf90.jpg,1
imgFC129_png_jpg.rf.23ac0573e84070f4f3731d2890877048.jpg,1
imgFC135_png_jpg.rf.4e907e7cdb58003e753f9c30a02990c5.jpg,1
imgFC129_png_jpg.rf.75d3160901eb80976490e4fe4f3a6852.jpg,1
imgFC129_png_jpg.rf.f87487e64030f9bb666cb08faa465cae.jpg,1
imgFC143_png_jpg.rf.903257bb985db55deaa3a9d6a30f0058.jpg,1
imgFC143_png_jpg.rf.becba76a8af3a874f38180e7eb23e21f.jpg,1
imgFC192_png_jpg.rf.6f4a8ac891a05be3c26640a1810121b2.jpg,1
imgFC148_png_jpg.rf.9559f9334fb626b75eca132f13603224.jpg,1
imgFC186_png_jpg.rf.78ecd67c6606779613ddffe1d200434a.jpg,1
imgFC147_png_jpg.rf.0a67cd4d47d4b5245dab272194542bb2.jpg,1
imgFC137_png_jpg.rf.d3e9280817d03f419a47748e8adb2a76.jpg,1
imgFC157_png_jpg.rf.a8f21dec13b6dc103da6673ea04bb1d1.jpg,1
imgFC143_png_jpg.rf.27fd8bf11afa30dd5db54643470bf8d4.jpg,1
imgFC147_png_jpg.rf.667b404d0faf3657d9388ab0ee7f48ce.jpg,1
imgFC137_png_jpg.rf.2d6bc7d005b183c69e3f1e269d6aa36d.jpg,1
imgFC148_png_jpg.rf.603ec62c4ebad1d05de8e27ce6667217.jpg,1
imgFC135_png_jpg.rf.ba130f6acb45765a982cb5bc13fc485b.jpg,1
imgFC129_png_jpg.rf.8c01791dbce429cf69971af36d0558a9.jpg,1
imgFC141_png_jpg.rf.ece5692b40da640e55e6404cd8f66b29.jpg,1
imgFC186_png_jpg.rf.912e2466e81b2764d82f2d9694251b13.jpg,1
imgFC148_png_jpg.rf.f41810bac1639c17e668389cb6edfe64.jpg,1
imgFC193_png_jpg.rf.014b7cabe96d11f8be03977dd3448e38.jpg,1
imgFC137_png_jpg.rf.abade7296b9e0d0db13aa24f33fd560b.jpg,1
imgFC148_png_jpg.rf.a30f69d8464a378f6266f744db7f2e65.jpg,1
imgFC129_png_jpg.rf.5d3ae31b7fec50cf38380a9aacf9b4d2.jpg,1
imgFC137_png_jpg.rf.bd020318c8d6644e05799515601c0493.jpg,1
imgFC148_png_jpg.rf.6812814746436c21dbeb67f13f16a74f.jpg,1
imgFC147_png_jpg.rf.65031f3b2199c9fad555861a5cdab4e7.jpg,1
imgFC156_png_jpg.rf.a9681cb9d5f7f2cde417fdf53a689aff.jpg,1
imgFC148_png_jpg.rf.c8dfcc62fbabf5501a2c09674713da53.jpg,1
imgFC14_png_jpg.rf.33a789fb330b87adcc9810c2a9fc16ad.jpg,1
imgFC138_png_jpg.rf.e9f1a762a74f5d620e015ee54f62d4c6.jpg,1
imgFC156_png_jpg.rf.bc7cddc437ede1dbf715dfd4bf986b7e.jpg,1
imgFC156_png_jpg.rf.dff5cee602a702baf216f7bda45ba284.jpg,1
imgFC143_png_jpg.rf.6daba802c4ad76b78a839008a3158906.jpg,1
imgFC139_png_jpg.rf.4d3f2bba58abb8f12f7335079c09ff1c.jpg,1
imgFC156_png_jpg.rf.94ce6145883762f31966696f40e0c298.jpg,1
imgFC147_png_jpg.rf.a9e0dcb7aa9ee8dafd52565110121871.jpg,1
imgFC139_png_jpg.rf.afc443824ea7b0402edbd920489a55d6.jpg,1
imgFC14_png_jpg.rf.5a1111386dfb766964afea1315da7a80.jpg,1
imgFC139_png_jpg.rf.cb80dba9cd189ebdea37dcfac774824a.jpg,1
imgFC138_png_jpg.rf.32729578ccfc234b5506cbfc2f232d8f.jpg,1
imgFC147_png_jpg.rf.1f094ac352317af514e2cd8deebd6b4a.jpg,1
imgFC148_png_jpg.rf.d82dbf22c49fae0bc2dab8bfb42c07e8.jpg,1
imgFC147_png_jpg.rf.24804cd1dab0073316b0fcdcbfc2ce2f.jpg,1
imgFC148_png_jpg.rf.ca7cdb38fbb901c658dc73c7c08aff49.jpg,1
imgFC148_png_jpg.rf.5087b60112e62e5095ad2361dfa2092a.jpg,1
imgFC14_png_jpg.rf.452545502bd47f0c409b85aa7f0629d4.jpg,1
imgFC192_png_jpg.rf.2e08c8351b8bbb73214df2daf9f7bc7b.jpg,1
imgFC148_png_jpg.rf.26e46508bc2e430baec6f93ac47fe19a.jpg,1
imgFC156_png_jpg.rf.239a2c4d0593cfee6088808aab530219.jpg,1
imgFC147_png_jpg.rf.18b1d3c47cd42ab4283ba2507b183064.jpg,1
imgFC143_png_jpg.rf.fa66b7b28684fb4b28bb7b5d3f75d8eb.jpg,1
imgFC158_png_jpg.rf.4e5c3c371e01b9e2e063e3b06afc1723.jpg,1
imgFC157_png_jpg.rf.b61e7383756cea3be8d53d923c496e9e.jpg,1
imgFC147_png_jpg.rf.f9194f83b15e2bbcbee15f66f0fbd52d.jpg,1
imgFC143_png_jpg.rf.154783d9027c2305549ca89b29ff8625.jpg,1
imgFC155_png_jpg.rf.0d802cefd00340bb2e50362e1682b531.jpg,1
imgFC18_png_jpg.rf.a7ef5d540479ca7e0ba9bfcb67224eb5.jpg,1
imgFC156_png_jpg.rf.651a7e61640b51981cd9e0b620837c22.jpg,1
imgFC143_png_jpg.rf.7ea10ea594dc938528a6c057a9477cd7.jpg,1
imgFC139_png_jpg.rf.f443bb4961d6a64156e35aefefd64cce.jpg,1
imgFC137_png_jpg.rf.9e62f9268c1bade0798c59f5c928df88.jpg,1
imgFC193_png_jpg.rf.14712f22f1d2f89a33ef1e61696186e1.jpg,1
imgFC186_png_jpg.rf.080316a14785f80153fbb5d9b8d577f9.jpg,1
imgFC155_png_jpg.rf.aa772a6d371f914d639bf542b4405e6f.jpg,1
imgFC14_png_jpg.rf.2122bd1f5c488ac18d17366f2d4eaaf1.jpg,1
imgFC155_png_jpg.rf.06a918d930eacd3539f254e487e0fb11.jpg,1
imgFC155_png_jpg.rf.39be7c0d636aeba51b967fe3a581f0af.jpg,1
imgFC155_png_jpg.rf.f8b65d386507f2f8e392eb9227c797ae.jpg,1
imgFC161_png_jpg.rf.6c72e4c825ce0021cb74e2bd3a66365e.jpg,1
imgFC1_png_jpg.rf.c1c3a8301752dc45e1498d579db2d625.jpg,1
imgFC209_png_jpg.rf.6e102ccabd62f6564b12f31b97a161ce.jpg,1
imgFC14_png_jpg.rf.6e906af75aa06dd6152dff757f3faf40.jpg,1
imgFC141_png_jpg.rf.06457027221d7d7baa2052a5c18669e9.jpg,1
imgFC157_png_jpg.rf.631a4dfc209f4f70462eab2118b86bc7.jpg,1
imgFC14_png_jpg.rf.7f764aa55c41e7432521180025f10f85.jpg,1
imgFC157_png_jpg.rf.fe61de67e0c729bc7926ae1cf5bd316b.jpg,1
imgFC143_png_jpg.rf.69b6d7ddfb97439e2e32aea4de48b1a7.jpg,1
imgFC141_png_jpg.rf.c1af9c765c2a09626b8ba1aa8ca85c14.jpg,1
imgFC158_png_jpg.rf.555af7d6f248ae59bdc473de15dce0f5.jpg,1
imgFC158_png_jpg.rf.f9c475f1abd61c70c1397ef8b42cfb4e.jpg,1
imgFC148_png_jpg.rf.7c3eec0cbdee474320d0da8acf7add6b.jpg,1
imgFC155_png_jpg.rf.a7cc56b30d8bc018bd8a0b86c22233a5.jpg,1
imgFC161_png_jpg.rf.95a69ece62134812dda9318766f89435.jpg,1
imgFC14_png_jpg.rf.a7cb7e62963380463daa2c12825b4a8d.jpg,1
imgFC155_png_jpg.rf.df890e5bd432687d2e1edb7aed104ae3.jpg,1
imgFC148_png_jpg.rf.1acf845d6d94f24edba9b5ddfec21e69.jpg,1
imgFC14_png_jpg.rf.0821676e3920f1e6c2edaeaa824d1452.jpg,1
imgFC143_png_jpg.rf.d1dbd671f5c024501ec01108af2815e6.jpg,1
imgFC1_png_jpg.rf.dd1aeff05ab2c6b4d2b901fbf82e8c3f.jpg,1
imgFC209_png_jpg.rf.500d5119576ccbaa5820d56986063891.jpg,1
imgFC155_png_jpg.rf.76ef694002eead0d3600e632dcc249f3.jpg,1
imgFC155_png_jpg.rf.b97b028e269a66d7ddb3a0e3681598b4.jpg,1
imgFC156_png_jpg.rf.9351b2ca9016ed0ed47c9ff314e04165.jpg,1
imgFC139_png_jpg.rf.cc46bcdcb20038426f917106afb331e9.jpg,1
imgFC158_png_jpg.rf.dcf288887bdfe1050f730aeefc214fff.jpg,1
imgFC165_png_jpg.rf.b7692b8e7c0f0bb9f1cbd76fe890dd11.jpg,1
imgFC192_png_jpg.rf.f563f38d4f41791b4267ad3503400661.jpg,1
imgFC138_png_jpg.rf.2ba95f69e0e44d5d027a8a87be56c17b.jpg,1
imgFC155_png_jpg.rf.76fa0fa49d24008aa66378dbf2e61c54.jpg,1
imgFC221_png_jpg.rf.582d24459da9472b173885fe73972314.jpg,1
imgFC141_png_jpg.rf.4f9f23fcb7cf4e51cf87b95a66b16838.jpg,1
imgFC14_png_jpg.rf.699d993fd6dffcf9fc8ac88cc00e6c8a.jpg,1
imgFC156_png_jpg.rf.00b126d70c7e134b0ece5ea0a41a4421.jpg,1
imgFC148_png_jpg.rf.7522733cdb80d001997c1201e26a8e4f.jpg,1
imgFC1_png_jpg.rf.46329e516b6124ce9cd3b8cfd5e3b7ac.jpg,1
imgFC164_png_jpg.rf.cc004df4d24a1e01d762ac1da4d75efb.jpg,1
imgFC14_png_jpg.rf.0fc9583d9a124945d121a391b67f8b7b.jpg,1
imgFC155_png_jpg.rf.a3f734ade38a9c531a84a29c5cc23f9f.jpg,1
imgFC164_png_jpg.rf.867339a1f3fe4314c45152eaf4bae2da.jpg,1
imgFC161_png_jpg.rf.29421d248efbee110ec9bfce75fb1bf3.jpg,1
imgFC14_png_jpg.rf.5a6030a08d9875ac3914dc4a6f64219b.jpg,1
imgFC157_png_jpg.rf.cb8bdd991ddc81db990a47b589fcd7cc.jpg,1
imgFC164_png_jpg.rf.11a0ef62bbf1bda39b0484c8989c2007.jpg,1
imgFC156_png_jpg.rf.232eb90fe113fc451407966d82fa6b48.jpg,1
imgFC157_png_jpg.rf.99b99f6c085f3074bba95cab334bf629.jpg,1
imgFC161_png_jpg.rf.aff5611a6c4e78acf5d2033efa13e127.jpg,1
imgFC158_png_jpg.rf.20c1eb7709f15179bdb930d67037852a.jpg,1
imgFC165_png_jpg.rf.08a1a5fe60c08f59b99574d0af5f537b.jpg,1
imgFC244_png_jpg.rf.3f17229c400a649498aa693155be66af.jpg,1
imgFC161_png_jpg.rf.ac9307b20c27d0b072e4cb2b48f3ea16.jpg,1
imgFC158_png_jpg.rf.fa2f9c539a4e2a251978b3feec89cd10.jpg,1
imgFC244_png_jpg.rf.a42f285168b90408658750ea22ad6675.jpg,1
imgFC157_png_jpg.rf.0492225076d99e9ecb78fd99a9d2f77d.jpg,1
imgFC164_png_jpg.rf.47f36859648bc887ab4c0b4e30a014e1.jpg,1
imgFC177_png_jpg.rf.c5ed65cd4ed2ffc57a8aaa46c7936ce0.jpg,1
imgFC165_png_jpg.rf.e4b0037b6db0f7f123ea7549d61dc1b0.jpg,1
imgFC182_png_jpg.rf.9454f57e379aedf8c1bcb1378f69e647.jpg,1
imgFC165_png_jpg.rf.6892f2de70dffd0b482c2adbfca9a6ef.jpg,1
imgFC157_png_jpg.rf.856709cb4695b3615cf4eb0655df6bea.jpg,1
imgFC14_png_jpg.rf.ba1cff867e6bc305958184bc2e52571f.jpg,1
imgFC182_png_jpg.rf.cc346f354a0e2a0321b55ade8a2a604d.jpg,1
imgFC161_png_jpg.rf.ef79daa76ced80a79723e87ceeb10b87.jpg,1
imgFC165_png_jpg.rf.bebd18d368591c86acef393f57ad42ec.jpg,1
imgFC221_png_jpg.rf.ec48a555c19acc3aa12855e73198143a.jpg,1
imgFC156_png_jpg.rf.561af42e276cba6331ad22a01d723bd1.jpg,1
imgFC156_png_jpg.rf.5abd93713e37da399b5c55794958f5b2.jpg,1
imgFC157_png_jpg.rf.6ce9189b2591af8fe8de6f6445ea211b.jpg,1
imgFC161_png_jpg.rf.85cba094c46d95f4dd976cf70b5717a2.jpg,1
imgFC156_png_jpg.rf.846d6823f17ae42b8c7f5ac8084da452.jpg,1
imgFC14_png_jpg.rf.871fa510c231a8b09c1e73b4a571745d.jpg,1
imgFC156_png_jpg.rf.495270a15adde7917fb7f43e8044ccb5.jpg,1
imgFC161_png_jpg.rf.0bbaca9f35c501059058bd7a4a69ccae.jpg,1
imgFC209_png_jpg.rf.50d8e232338cffbe8abbaa6962f3d04b.jpg,1
imgFC172_png_jpg.rf.8c310fb3bc11a5c1c897c4e6cfde0001.jpg,1
imgFC229_png_jpg.rf.5928ac283493e2892fc8f0817852fe38.jpg,1
imgFC177_png_jpg.rf.8fe8b1c0c692f82255ae8fd75b49f156.jpg,1
imgFC156_png_jpg.rf.66fe1ddac7a67ffac0b510a7f7209b64.jpg,1
imgFC185_png_jpg.rf.08574f135e2c47fef62ec903411917ce.jpg,1
imgFC161_png_jpg.rf.f603e78d8ce3dcdaa6c63c3112a1d71c.jpg,1
imgFC161_png_jpg.rf.f65605f413f50deed6fdb5f2b19d84ff.jpg,1
imgFC172_png_jpg.rf.08016eb9889c9ed21a979b724cdef766.jpg,1
imgFC161_png_jpg.rf.2938786c8ddfdd7223465d59d858ab27.jpg,1
imgFC182_png_jpg.rf.883400ea32e9fcaa2e097805ed3c3830.jpg,1
imgFC164_png_jpg.rf.711a74a1fee5a5db6aab1da12d3ba7b8.jpg,1
imgFC172_png_jpg.rf.8c94071e144c6db4f439a42fa1d7da81.jpg,1
imgFC158_png_jpg.rf.c2f58d2d79051e753dfb2d6285156726.jpg,1
imgFC172_png_jpg.rf.b0000f0535a653e3b4e20cb6231509c6.jpg,1
imgFC158_png_jpg.rf.7b1397092df50f4552b1617bc046a709.jpg,1
imgFC156_png_jpg.rf.48d27e48cb6f2c6767c7cf253a6b7d4a.jpg,1
imgFC185_png_jpg.rf.2945db08f47e2cd6c5b4503a66930e70.jpg,1
imgFC182_png_jpg.rf.72b85e4366d5c6c6fe4e648c1ba25af8.jpg,1
imgFC161_png_jpg.rf.e6e862fc995c6ee84bc1f423eef08a61.jpg,1
imgFC172_png_jpg.rf.10bda1e7003eb28fb4f7f978f7feebce.jpg,1
imgFC244_png_jpg.rf.3b5317285a1890db6885212bdc715c40.jpg,1
imgFC270_png_jpg.rf.6648bf45cd3096bff30266f1207f5659.jpg,1
imgFC221_png_jpg.rf.677555a3d42bba47b0daac2163bd0d45.jpg,1
imgFC161_png_jpg.rf.e5a83bf6fd77d190862fd1287674f9ac.jpg,1
imgFC157_png_jpg.rf.8e9b2c6b5ae8327b3b05a33050014658.jpg,1
imgFC158_png_jpg.rf.d1775ed6b7102e841990a961554a87f9.jpg,1
imgFC182_png_jpg.rf.b29b3721c75eba729b56a3ca89cdf839.jpg,1
imgFC164_png_jpg.rf.e3f01dc619a408c45634d48261544351.jpg,1
imgFC161_png_jpg.rf.5aed1008dfa77a69ed27e906ae9630e7.jpg,1
imgFC164_png_jpg.rf.9edee388ba3411056bc068d0fcca5e16.jpg,1
imgFC177_png_jpg.rf.a0525218f93c1fe8124dc5c4336c4ffc.jpg,1
imgFC164_png_jpg.rf.a803264c7a05cae837a0f49ec6efd453.jpg,1
imgFC158_png_jpg.rf.c8fa717771ba4f2294fbc60c4b0d68bd.jpg,1
imgFC177_png_jpg.rf.05411788bc55d0b69fe449fa7cb43ed3.jpg,1
imgFC177_png_jpg.rf.9a89617ee383b0ee423a59df07a2c871.jpg,1
imgFC229_png_jpg.rf.fbb41faec44a261df143c06506637c26.jpg,1
imgFC165_png_jpg.rf.a441344d4cf883b0e8779befecf77c60.jpg,1
imgFC158_png_jpg.rf.70b31b712ca811b8f04e439d1d5dd555.jpg,1
imgFC172_png_jpg.rf.1a854f20c608c67d15860fe1e9511a4d.jpg,1
imgFC164_png_jpg.rf.52f3829a9667801acb092ca48518fe5e.jpg,1
imgFC164_png_jpg.rf.4ad51341fea29198c8501126a1a67bdf.jpg,1
imgFC158_png_jpg.rf.9794af1506d99b45894854d28e0bb82e.jpg,1
imgFC158_png_jpg.rf.d94619a8cfa45f97edce31182233ba8a.jpg,1
imgFC158_png_jpg.rf.ea80b9a39bc75b8509277d03cafdcf57.jpg,1
imgFC177_png_jpg.rf.95777fc4bc1a2ab5f965f526b5ba0538.jpg,1
imgFC158_png_jpg.rf.49d2069da0d05b2e5a97015afab6e2f2.jpg,1
imgFC182_png_jpg.rf.fefc8bf0c73c267ebf224cb0a8a52c6f.jpg,1
imgFC161_png_jpg.rf.2ddccafbe0598a6984a127b0fe431bb2.jpg,1
imgFC164_png_jpg.rf.9310a5b31143c316632543c9bf2fc231.jpg,1
imgFC229_png_jpg.rf.b0b99cde740e5c1758012efd88ec4092.jpg,1
cant-hurt-to-have-another_jpg.rf.9f84d681cc3ef60c8d41e74e8cd7de98.jpg,1
imgFC250_png_jpg.rf.bbdb6d97e34a7c797357abeee7635677.jpg,1
cant-hurt-to-have-another_jpg.rf.140134eb7860b9a64684ed9671ef5e3c.jpg,1
2_jpg.rf.591ebaef961fc14a1ac3675c3e142e59.jpg,1
imgFC250_png_jpg.rf.74b03b37f3cd53cc21041b1c28de29be.jpg,1
2_jpg.rf.3a10a64e46c3363c1a8bd99ab9abb655.jpg,1
imgFC244_png_jpg.rf.de083f8fab6579bd61e4fd634798fab2.jpg,1
imgFC244_png_jpg.rf.b6b0f5cab28dc6f14677ccfccedb06aa.jpg,1
imgFC310_png_jpg.rf.22c93d5c168f6a1c6470c94e5aa2ed2a.jpg,1
imgFC250_png_jpg.rf.07c103db4ca1c696df3aa6c0eb2472d3.jpg,1
blurry-but-good_jpg.rf.448d29cb5c11a2f81e40134baaace494.jpg,1
imgFC252_png_jpg.rf.25c6f5c6d65c009354c7251ac5c8ce07.jpg,1
imgFC311_png_jpg.rf.9feca2b96857cfcaf68f050dd2895b55.jpg,1
imgFC244_png_jpg.rf.7f4ac36d1b844277718d3e5cc56e4c9d.jpg,1
images-20-64-_jpeg_jpg.rf.f88d9ec91634ca748292d2b9cf68a786.jpg,1
2_jpg.rf.d8aff39b81991a3d3afd03e04ecd3327.jpg,1
imgFC508_png_jpg.rf.d67d967cf3d99cbd955ca3e2e1ef7d09.jpg,1
imgFC250_png_jpg.rf.18814b40e3b0b1252ffc02f1344d4f17.jpg,1
images-20-65-_jpeg_jpg.rf.34a664a9562e6462236cf7cfbb263800.jpg,1
cant-hurt-to-have-another_jpg.rf.61e226456a7d60946372e6fe66b493de.jpg,1
imgFC229_png_jpg.rf.e36c45b71cd4926e27fbd8cae548fe6c.jpg,1
imgFC250_png_jpg.rf.dbd11015b20a7ee6b03abf1394a87064.jpg,1
imgFC270_png_jpg.rf.9c924f9efae653f55f96497be832ad2e.jpg,1
imgFC252_png_jpg.rf.af7ca0e474cc4653e180d9081867a91c.jpg,1
2_jpg.rf.43cb0b3082bff96d9f8ddaba0bbf1b2a.jpg,1
crop-but-good-too_jpg.rf.6acfa3d861b1e6f74ea90efe04bf9fc2.jpg,1
imgFC487_png_jpg.rf.5d89b771ac8544f8bfe1ff66dc2397e8.jpg,1
images_20-16-_jpeg_jpg.rf.db30f00970a37b6ce932be8e949978bf.jpg,1
cant-hurt-to-have-another_jpg.rf.108c790a8fdd9363caf0c4d95790199d.jpg,1
imgFC310_png_jpg.rf.8a73264d4213f99542b1cf8d84e55dd9.jpg,1
2_jpg.rf.a26e33ffb952c430bcb84ddd7cb69e82.jpg,1
imgFC310_png_jpg.rf.a47566ac1c483b2ed67023ddb4d37f25.jpg,1
imgFC252_png_jpg.rf.0622c8bf9602240fe7b3a928f513bb3d.jpg,1
crop-but-good-too_jpg.rf.50ebc72178523e2d5258716c8b7922c1.jpg,1
imgFC253_png_jpg.rf.0b3fd90ca48de91b64c90f2cca16c9f7.jpg,1
2_jpg.rf.f13e0356114b5174222ead96335387c2.jpg,1
imgFC310_png_jpg.rf.c060a179deb616300dcccfc5438a9c20.jpg,1
7_jpg.rf.6d9c3696f3507653959100c75af58f26.jpg,1
crop-might-be-okay_jpg.rf.e4b34948e17236b8c531eb0c34249ffc.jpg,1
imgFC487_png_jpg.rf.c01d2b734c5602c2ef50cff728a9ae93.jpg,1
cant-hurt-to-have-another_jpg.rf.fedb4fa5c14498f68d7c417ea34c6cac.jpg,1
imgFC244_png_jpg.rf.c1fbb56d744dc262a4ec7b694160bed7.jpg,1
another-crop-but-good_jpg.rf.5aba0b8258c15f8fa4a6e3081364b9b1.jpg,1
396792-fig-003a_jpg.rf.23503812044e1a8858098890508be9ba.jpg,1
imgFC250_png_jpg.rf.0baf2fafa547bbfed1c694ce95c1ba55.jpg,1
imgFC244_png_jpg.rf.e498b5f10ae5c4a236c58f75be1af7d4.jpg,1
crop-hard_jpg.rf.0af1ba648a22a401657b3d08e54ad66a.jpg,1
4_jpg.rf.b8c5a8382ebb5356d40c033362428500.jpg,1
imgFC250_png_jpg.rf.e4891497d66b549130592c26731eaa71.jpg,1
crop_jpg.rf.6cfc4e68a71809554028aaf927fc3108.jpg,1
imgFC487_png_jpg.rf.5eece9d84a013b00284077ed1e1d56a2.jpg,1
8_jpg.rf.dcc47ac6ac72fbfe47aa9deefd987472.jpg,1
3_jpg.rf.77a6c6a164465f6fc6106ec94bb20f5b.jpg,1
imgFC311_png_jpg.rf.d9f6b25cb4487ec1f09d270e9fdfc670.jpg,1
imgFC489_png_jpg.rf.f87b736978c22bb779038bcc778fb830.jpg,1
4_jpg.rf.3031daf50357903200663e14678d1fc6.jpg,1
4_jpg.rf.a9b036b40796984c4f2bc52df81cdb91.jpg,1
8_jpg.rf.49f721dfee2859a7256d60810826f880.jpg,1
8_jpg.rf.66506df6ec5d3c1b12e2f9cec0687b85.jpg,1
8_jpg.rf.30ab7af0d11eae815255ccb68111dc80.jpg,1
crop-hard_jpg.rf.320376f067fa328fd4f78338e6bb596a.jpg,1
cant-hurt-to-have-another_jpg.rf.a0f886c64bcedce323476ca4880d2b7f.jpg,1
8_jpg.rf.83b35ceb0813138bf1ca552bdeceadc4.jpg,1
crop_jpg.rf.c4cbe5539ce1420281443f0573286b73.jpg,1
imgFC250_png_jpg.rf.39db87a945f8758d710febc3df382027.jpg,1
crop-hotspot_jpg.rf.b55fe5fc65dff1f51ac6584062792fd2.jpg,1
4_jpg.rf.a75f2d912eda708b6bc505cf12ab0298.jpg,1
images-20-13-_jpeg_jpg.rf.a76a9e394f73b10876b7a3e6d3735ebf.jpg,1
crop-might-be-okay_jpg.rf.ffbd764c02f5838073642a63f3ddd5eb.jpg,1
396792-fig-003a_jpg.rf.2d16e0093b674c5163c10a6e3dc4ce02.jpg,1
crop-hard_jpg.rf.d7d656b0ea85cfa9653e1f5d465abcc6.jpg,1
7_jpg.rf.913c778ca9d54a7fd8dfb043d1a3d397.jpg,1
crop-but-good-too_jpg.rf.f29e9f5007f4fdddb0b18733c7f77af2.jpg,1
crop-but-good-_jpg.rf.a8b54c87e6b71f9d2f8a0abeefd7c2a7.jpg,1
crop-hotspot_jpg.rf.2072c9049c118897d034c4602b079114.jpg,1
crop-hotspot_jpg.rf.54fba67fc44dfd5ca0720741d6a5720b.jpg,1
crop-hard_jpg.rf.13056e00457f9e337a902ee38f3ebdf5.jpg,1
images-20-22-_jpeg_jpg.rf.44daf1e85d5171ab36e52bfb4b89093f.jpg,1
2_jpg.rf.cb80f7cf4b6ea66adff9221c9d6765fc.jpg,1
396792-fig-003a_jpg.rf.d58ce86f4831f0ce89ca017187df12e8.jpg,1
imgFC244_png_jpg.rf.1a2ba62b9145533245bac415a6bc50a1.jpg,1
396792-fig-003a_jpg.rf.2e22a6243d07af8ae47ce0e5a4c8c7b3.jpg,1
crop-hard_jpg.rf.e77d0814a983b4632856b0c645b0a0f1.jpg,1
crop-hotspot_jpg.rf.f8a2f17fb03f6b64b05a9c9942339596.jpg,1
396792-fig-003a_jpg.rf.1d49cc1e54b1bc1bcbcf3dd6f5fb42b1.jpg,1
2_jpg.rf.c5d2eeedfd8d2cc5185182de24ad1896.jpg,1
crop-but-good-too_jpg.rf.1615f438a5a0f63ced5d862abc92e72c.jpg,1
2_jpg.rf.a467799d7bd048e8e96c26137f10146b.jpg,1
4_jpg.rf.090a8a87d523cba532cf355e9a9af37e.jpg,1
images-20-12-_jpeg_jpg.rf.723ea9d9d1428defc983beb3f146a2c3.jpg,1
4_jpg.rf.96540981d8ea1cac955b02f62ee653e4.jpg,1
crop-but-good-_jpg.rf.9ee0d8eb3eee0a2c92750b66af7ef58a.jpg,1
images-20-14-_jpeg_jpg.rf.ee801d8d2fd60c1686672c0c4fce7837.jpg,1
3_jpg.rf.4ffbec059ebea8063566d860eaa1a81b.jpg,1
3_jpg.rf.9bffd385c7aff11db11207f688d13231.jpg,1
crop-hard_jpg.rf.bf99435d0e5d6ec342f5434d9b59892b.jpg,1
crop-but-good-_jpg.rf.05db3554f5205c057ddf67a69eb1e0ad.jpg,1
6_jpg.rf.71da899dd071f71d106935c200c22bdf.jpg,1
crop-hard_jpg.rf.94030b94db4412857a45b85b53cba0c6.jpg,1
images-20-22-_jpeg_jpg.rf.57a2d12d402081e02962e7ed2f21d746.jpg,1
3_jpg.rf.95570f2e6fbbd946f4966b316f30a282.jpg,1
6_jpg.rf.462909a3577a9d3f99daf9fce1c66a68.jpg,1
6_jpg.rf.876cc1c84c6cf30ef094223b1036d58c.jpg,1
blurry-but-good_jpg.rf.8b5c317e893aa92b0587e00166e826ed.jpg,1
3_jpg.rf.90a495dfa29949964938671a11cf33de.jpg,1
images-20-26-_jpeg_jpg.rf.8ba397a607e272791a79750023202d53.jpg,1
crop-but-good-too_jpg.rf.526b3fd9b7aeaf81fc6f3d71dad203a1.jpg,1
crop-hard_jpg.rf.1d785f53ebd95f1d967f1379e7762573.jpg,1
images-20-22-_jpeg_jpg.rf.0ccfa5555e5f0e1f502ec85d4cc9bc2c.jpg,1
6_jpg.rf.acb8b475ef7f47bbfe966b6ecbf2c004.jpg,1
images-20-12-_jpeg_jpg.rf.0dd7447c39b5528923773f6f0e85e36f.jpg,1
crop-might-be-okay_jpg.rf.d4bd36ec9758daad39277ab1a25d4b13.jpg,1
crop-hard_jpg.rf.7f2133307723c37b441567c288822ce9.jpg,1
images-20-14-_jpeg_jpg.rf.0c246edc3c4b816e37ef2abe0014a309.jpg,1
crop-but-good-_jpg.rf.8dce25ae1e7f6ed898a463d817135c63.jpg,1
images-20-12-_jpeg_jpg.rf.923c5b47ebbe7dd67ff826120e7bdb09.jpg,1
images-20-27-_jpeg_jpg.rf.bbcaf613110f63a13caab399d1d7b3b3.jpg,1
images-20-12-_jpeg_jpg.rf.4b49dec963bc932c9a995e85f1e188d2.jpg,1
crop-might-be-okay_jpg.rf.e8840cfc6797afc36d246eb6508002a0.jpg,1
blurry-but-good_jpg.rf.d6b57340ca1275579315235bb01b05f6.jpg,1
images-20-22-_jpeg_jpg.rf.4e9b76aadebe67c8cdcf9b8017b48695.jpg,1
396792-fig-003a_jpg.rf.62402c292ae88ec543bbeea77c278c7c.jpg,1
images-20-26-_jpeg_jpg.rf.7255b3d62da0ecbf2698e1e966e64ed7.jpg,1
images-20-12-_jpeg_jpg.rf.ffa006b5a0963def8edc16584fd6edec.jpg,1
396792-fig-003a_jpg.rf.8c87ce621943f4a20c21f1fa7683e74e.jpg,1
crop-might-be-okay_jpg.rf.2b4abe9e569fcd010af9c8b3b4566436.jpg,1
7_jpg.rf.a4727b7b6999a039de39844341e104f2.jpg,1
images-20-12-_jpeg_jpg.rf.f506c22dc53da8ceb33e53abe8714061.jpg,1
images-20-13-_jpeg_jpg.rf.5f7ffeb4ee44ab75fb0236d6abffdc9d.jpg,1
images-20-12-_jpeg_jpg.rf.c4a625a869d14e812a7ef06b36e46777.jpg,1
396792-fig-003a_jpg.rf.5efbb4271b7dcdb268b1f9a40e87dc53.jpg,1
crop-but-good-too_jpg.rf.5a9be55ad26f23a81057e6033237120c.jpg,1
6_jpg.rf.b4b9132471af463b98867323192305db.jpg,1
imgFC310_png_jpg.rf.5c8958ced6258546124e6c531491d699.jpg,1
images-20-22-_jpeg_jpg.rf.8232744e000867a73728d0e47a2443b3.jpg,1
crop-might-be-okay_jpg.rf.1ee0c0050df4658257bf77dd59c86a35.jpg,1
images-20-13-_jpeg_jpg.rf.29e13c0d26bbf9f6473cd8863f959f3b.jpg,1
7_jpg.rf.442c1456e710f94e07c02fee0a81b267.jpg,1
7_jpg.rf.6064bfdba3c68e1f6e23f19afd0aa933.jpg,1
crop-might-be-okay_jpg.rf.7efcf75de358c13e1089637e4d1b552b.jpg,1
crop-hotspot_jpg.rf.7bd3e00a5be0eda99a2df806370aed54.jpg,1
images-20-15-_jpeg_jpg.rf.fa8861dc85b9c7a80edb9d0b12ade662.jpg,1
396792-fig-003a_jpg.rf.1b79d8e73005122c72d55b4b12558222.jpg,1
396792-fig-003a_jpg.rf.3f98ccd9938ecc8cdac56f30f680ba0d.jpg,1
images-20-12-_jpeg_jpg.rf.f0753d98526168aa954572feb041ed4e.jpg,1
3_jpg.rf.50059ee4f7140e98056798a04ce88daf.jpg,1
images-20-12-_jpeg_jpg.rf.ba452605d84a8c06a6158144f7e96513.jpg,1
images-20-28-_jpeg_jpg.rf.a8cbd6e526c4e98cdd767022a1db8a4e.jpg,1
crop-hotspot_jpg.rf.7e9d325042b7c4ecc1d63a3ab65127e8.jpg,1
images-20-13-_jpeg_jpg.rf.01342250101852e084132d24c47cff7b.jpg,1
crop-but-good-_jpg.rf.ccfba22a973a3984d83dbd89ccb565cb.jpg,1
396792-fig-003a_jpg.rf.0adca4bb694756f2dc000ccca8b91edd.jpg,1
images-20-26-_jpeg_jpg.rf.a9c1f134ecb4e2cc5a892f41726d4b07.jpg,1
images-20-2-_jpeg_jpg.rf.b99be442ac89855b55d75da5ac3e5b75.jpg,1
crop-might-be-okay_jpg.rf.eb9fb05c2d4179b5684a37ac3b989e5e.jpg,1
images-20-22-_jpeg_jpg.rf.d0b241efae466af392cf7f0b59929e7e.jpg,1
images-20-28-_jpeg_jpg.rf.e8b80c28d3484c9e80b87261cc343c98.jpg,1
another-crop-but-good_jpg.rf.ac1a7eb5ad696d330e88ef738bf17ee1.jpg,1
images-20-13-_jpeg_jpg.rf.fd1235409d6da99d911078ace6d913f2.jpg,1
images-20-20-_jpeg_jpg.rf.b72227fe58cb024d51bfc64a03724284.jpg,1
images-20-29-_jpeg_jpg.rf.3655d8c6a57f9c50efc74ef311d1b4fc.jpg,1
blurry-but-good_jpg.rf.dddeab6f9c8dafd1a4e17c429f9db246.jpg,1
images-20-13-_jpeg_jpg.rf.7d30d5c02e5e69aed1643ef074a37b4e.jpg,1
crop-but-good-_jpg.rf.75de9c91c4975cae9cf53fbdf882b5c7.jpg,1
crop-might-be-okay_jpg.rf.ee782902982260695addbb6c56ed9505.jpg,1
396792-fig-003a_jpg.rf.5498cb2f23ff211cd25df9c464fd0f61.jpg,1
imgFC253_png_jpg.rf.0fa96a5541a76d9688ced6eab4c4281f.jpg,1
images-20-29-_jpeg_jpg.rf.16952ee1a5bd9c2c2954710058107920.jpg,1
images-20-13-_jpeg_jpg.rf.95abcd1270fe52e8fbba63e15abad440.jpg,1
images-20-26-_jpeg_jpg.rf.c8d4bd038451828cc3213de1935b0434.jpg,1
images-20-30-_jpeg_jpg.rf.81da2abac63b841ca75e247b87b700e1.jpg,1
imgFC252_png_jpg.rf.e571c9e491e7c722d66f80a5e9e05581.jpg,1
images-20-13-_jpeg_jpg.rf.18a0868824c1d76b21b5b6c586a516e7.jpg,1
images-20-27-_jpeg_jpg.rf.d648c5a3ff1c4e843edc144b1cfcdcd1.jpg,1
images-20-14-_jpeg_jpg.rf.be7c2983392ff47b756b6c2d37eb2c89.jpg,1
images-20-13-_jpeg_jpg.rf.45e4bd6498059356778ccaf9f4105162.jpg,1
images-20-29-_jpeg_jpg.rf.fe296c5406a88ce2f239819cd9cdcfb1.jpg,1
images-20-12-_jpeg_jpg.rf.3398ea80aa134c3f8e220abfe0c4a6eb.jpg,1
images-20-12-_jpeg_jpg.rf.96aaa9f3aebcdb8f85465532f38c1c9f.jpg,1
images-20-29-_jpeg_jpg.rf.5c4a1d0c2854fcec38f88a1e96724ba2.jpg,1
images-20-26-_jpeg_jpg.rf.dcd133f2fa6a6a465fa3f69fffacac8f.jpg,1
7_jpg.rf.b6a8a8dcaa2b8b861389464ae64e1ad1.jpg,1
images-20-13-_jpeg_jpg.rf.3e428997d440417a2d5c8634f682448e.jpg,1
images-20-3-_jpeg_jpg.rf.4fc105fc4a749fa6d034b473f4614f03.jpg,1
imgFC489_png_jpg.rf.d159b741a94b6f08711a3004421145b1.jpg,1
images-20-30-_jpeg_jpg.rf.b555f674963716315d7e3c02ff2d94f3.jpg,1
images-20-15-_jpeg_jpg.rf.a5e7b4cf7d10bda722d8d7a47b1e39a9.jpg,1
images-20-14-_jpeg_jpg.rf.434432a6c91b99a5c2da9936de1ca5ce.jpg,1
images-20-27-_jpeg_jpg.rf.ddf7fae762fa1ea83aa9940520aba46b.jpg,1
images-20-30-_jpeg_jpg.rf.27cb5d5192ad576c4ee32ee6d0690e1c.jpg,1
images-20-30-_jpeg_jpg.rf.abc20a301a57fd78bc7a54bfe7e31b02.jpg,1
images-20-15-_jpeg_jpg.rf.abc4de7ab063f26d279cc7962b38543f.jpg,1
images-20-27-_jpeg_jpg.rf.a2c143bfa801ac4f6f15c0e59386e036.jpg,1
images-20-14-_jpeg_jpg.rf.32cdd01dfce483aaa0d7795b87950296.jpg,1
images-20-27-_jpeg_jpg.rf.f9ed28ba06fc2f44eb32cf85f5eab4c4.jpg,1
images-20-29-_jpeg_jpg.rf.25357dfcae6af3d7c3a03988ea1637b4.jpg,1
images-20-21-_jpeg_jpg.rf.c0535372930c27793fe24e1c68ac5052.jpg,1
images-20-14-_jpeg_jpg.rf.649d1b338c35be78e637d5ba0f9c2f7c.jpg,1
images-20-2-_jpeg_jpg.rf.530be7e515801e07822b92e273f37153.jpg,1
images-20-13-_jpeg_jpg.rf.e60198b56ca1261fa16dcc8743d8836f.jpg,1
images-20-14-_jpeg_jpg.rf.3d242ad831a1112043d71f47722d1b09.jpg,1
images-20-13-_jpeg_jpg.rf.a9be7065b4ed1838729faf5f682b8e0d.jpg,1
images-20-15-_jpeg_jpg.rf.35d1c35321ec8dd36c42e2df21ea90fb.jpg,1
images-20-26-_jpeg_jpg.rf.272002293a184ab12c170fe12c0b3530.jpg,1
images-20-15-_jpeg_jpg.rf.d70813de411dee7fe325835e00c7891b.jpg,1
images-20-3-_jpeg_jpg.rf.3e76c82326f672bd9c30986a66e53d49.jpg,1
images-20-2-_jpeg_jpg.rf.9dc5219d4fd6a4d022fa20f6aeed8fa4.jpg,1
images-20-14-_jpeg_jpg.rf.36d8af43b2734b6d0fa53ca4db591c3a.jpg,1
images-20-3-_jpeg_jpg.rf.e906c6df8d208bb862c8acb9e0274057.jpg,1
images-20-13-_jpeg_jpg.rf.636e9483b223516a0a1ae2b26dc8daa4.jpg,1
images-20-13-_jpeg_jpg.rf.129b7c36ec2b0e5a111df8a190d17412.jpg,1
images-20-31-_jpeg_jpg.rf.433ffb90298f971fa03ec978ef5c4540.jpg,1
images-20-28-_jpeg_jpg.rf.6f947dd093c87a4cb0db81eba0e9740b.jpg,1
images-20-14-_jpeg_jpg.rf.491f0de126dc13b8237e1121e2615d11.jpg,1
images-20-29-_jpeg_jpg.rf.ce99b715ae6ce91314ca9eb8a82a84cf.jpg,1
images-20-15-_jpeg_jpg.rf.4d9cd74648cd38d61305b68a74bbd323.jpg,1
images-20-13-_jpeg_jpg.rf.e4e43d167db9b495c3f87ac5cb9b8b76.jpg,1
images-20-14-_jpeg_jpg.rf.e9b3020107cdc06200cb48b6a36e4824.jpg,1
images-20-3-_jpeg_jpg.rf.7daa596b66eb076c168a505da7a284f8.jpg,1
images-20-14-_jpeg_jpg.rf.90cdbff9c4b93aa00abef5bc083d3467.jpg,1
images-20-13-_jpeg_jpg.rf.8a29f144feeb7b585cf7e942458356fb.jpg,1
images-20-14-_jpeg_jpg.rf.980c83f12a4ab8538c7d976a71ec5850.jpg,1
IR_0214_jpg.rf.3e25311a593a1cd59030de6bc6c4f7ce.jpg,1
images-20-14-_jpeg_jpg.rf.3185b0f5f0a7fb4a8738cd1f7a6a5f24.jpg,1
images-20-3-_jpeg_jpg.rf.e61dce6bf9d346ec01dae18c4f2cf607.jpg,1
imgFC253_png_jpg.rf.d48217021526fd13554ca8250b026d64.jpg,1
IR_0078_jpg.rf.4f4c60f42d6360a48017018e1ca6d0bd.jpg,1
IR_0178_jpg.rf.cf0b765667a8ad8ed68ec1ea3f3ceca8.jpg,1
images-20-14-_jpeg_jpg.rf.778d6fcf31e7a82f428bb503b72ec2b1.jpg,1
IR_0090_jpg.rf.84ccea18ff8bd17dd9e1a5a4e4dbb1aa.jpg,1
images-20-27-_jpeg_jpg.rf.5347d482c7a15e266103196861668893.jpg,1
images-20-14-_jpeg_jpg.rf.e86659986a7cbe33f0ced1078f3ee604.jpg,1
IR_0208_jpg.rf.94a725a0dedce7f31eca74d365854797.jpg,1
images-20-16-_jpeg_jpg.rf.897a49137b54d8245aa27a5af454a1d8.jpg,1
images-20-30-_jpeg_jpg.rf.23d92427bf2057ad244506e4e5ae9460.jpg,1
imgFC253_png_jpg.rf.399829dfcc6c6495259f4ed480092139.jpg,1
images-20-30-_jpeg_jpg.rf.5519fbfc749082633d9c12ef286d032a.jpg,1
IR_0090_jpg.rf.238c4baea4a19aacb52e7784f63897d8.jpg,1
images-20-14-_jpeg_jpg.rf.780fb1c3d790bd958775b16db3e101dc.jpg,1
IR_0214_jpg.rf.c77a2046a3b525b17a8965be7cd25c3c.jpg,1
IR_0210_jpg.rf.e006d2feb2909da1c9396b6ec4e6623f.jpg,1
IR_0124_jpg.rf.264f79466213757eb6aa15787a3b0458.jpg,1
IR_0134_jpg.rf.83ef5f5822b6195997ae4ba676dd2afd.jpg,1
images-20-20-_jpeg_jpg.rf.dd4f6ee854beb0c3146e65b14371314e.jpg,1
images-20-3-_jpeg_jpg.rf.8c2ab67c389b38a92b7467d479e9d3e5.jpg,1
IR_0210_jpg.rf.736293a2d822653fa9c8e05063938cfa.jpg,1
images-20-14-_jpeg_jpg.rf.4c3ba9b56311c2e2f440a5ed7d207b38.jpg,1
IR_0080_jpg.rf.0ed6af6173bb223c21b713e3d640440a.jpg,1
IR_0218_jpg.rf.ad1e2a0aa333d918e7c870c160bd9e63.jpg,1
IR_0214_jpg.rf.99a89e30a0bef71acae92fa04525e7fe.jpg,1
IR_0210_jpg.rf.9446445e8140dce039a98aa89a848b79.jpg,1
IR_0210_jpg.rf.045c49da3e244640a718158ec87daabf.jpg,1
IR_0182_jpg.rf.f5ed597683c6437ae8728f0d336be2b8.jpg,1
IR_0186_jpg.rf.8054156cd9d685d408718afb695389cf.jpg,1
IR_0090_jpg.rf.81ff1f1c1163dc0132c9b0301e981b66.jpg,1
imgFC252_png_jpg.rf.d7dcae2359f702fd1f6845a3289c5900.jpg,1
IR_0090_jpg.rf.e00b7495f1c6e22825f61219b56cbcd6.jpg,1
IR_0090_jpg.rf.fe86a4402077a06b1d85d9a00391d7ee.jpg,1
imgFC253_png_jpg.rf.584e0a4fff65bfbcb81885ffaf489e30.jpg,1
imgFC252_png_jpg.rf.fce042184f1a3c064b496a3cb0d807c2.jpg,1
images-20-14-_jpeg_jpg.rf.a9234de5f81be4c06925ef2805d523ab.jpg,1
IR_0218_jpg.rf.d6e523dc108b7e0b301b430e6a94f334.jpg,1
IR_0134_jpg.rf.a2784e47b747e8620a49cde2b1968495.jpg,1
IR_0196_jpg.rf.61c7bc205cf3e8c6479326bf8fc0ca76.jpg,1
IR_0218_jpg.rf.3eea7a4abfba07e9c424297c4e757436.jpg,1
IR_0208_jpg.rf.265cf5c9d25bad3319660e9ef67224b9.jpg,1
IR_0090_jpg.rf.98d481b08565bf7668437e3c7fdf54e6.jpg,1
IR_0206_jpg.rf.0de500db1dc1679a2b94c281b2e09f51.jpg,1
IR_0134_jpg.rf.9fc18e55e571fb893c5c2f2926f58cb2.jpg,1
imgFC253_png_jpg.rf.a83e3616ef0978c4365e702746f12347.jpg,1
images-20-20-_jpeg_jpg.rf.d1c8fbf9efe0d3bc19bde3f3d9d17403.jpg,1
images-20-14-_jpeg_jpg.rf.f636cce5b74b4eccc1b4c8db0ce1e272.jpg,1
IR_0078_jpg.rf.a6a3c80baa385b5aa6e9ebcaeaf19278.jpg,1
IR_0214_jpg.rf.62086e36716a38eec857aad8bb6204ed.jpg,1
IR_0134_jpg.rf.12530210310ec216c7000a9578fc1f27.jpg,1
imgFC253_png_jpg.rf.713b514294fb35f7e60584cb47326c0c.jpg,1
IR_0080_jpg.rf.e255f3e5df28e2c8efe1209af1ea0dbc.jpg,1
IR_0178_jpg.rf.e10acc29723198191cb00767deebd911.jpg,1
IR_0206_jpg.rf.7d573981a30c51b19664ccaf1c28499c.jpg,1
IR_0134_jpg.rf.f00744ac97b931d334c0b433be73b9f3.jpg,1
IR_0196_jpg.rf.da232abb8aee8a11b35cf3c1c485f775.jpg,1
images-20-33-_jpeg_jpg.rf.e5abbd8de0a8c237af0a86288c026059.jpg,1
IR_0136_jpg.rf.b0d18d2aec956682d4e2e753f34fae93.jpg,1
IR_0080_jpg.rf.8777ca906d17729c146951204df8eb85.jpg,1
IR_0208_jpg.rf.24d0c384a7e433e45dbeb0db6f8fe237.jpg,1
imgFC252_png_jpg.rf.40f129ad2bd8ea93668214e82b16060b.jpg,1
IR_0210_jpg.rf.1c224d09d7a9c1e3100d51a8832f9988.jpg,1
IR_0186_jpg.rf.5d30c8f2b60b3d1e6aa4cadebd85b5e5.jpg,1
IR_0220_jpg.rf.5a54ddc1d497c7ecfcc9eb2e30c49a69.jpg,1
IR_0218_jpg.rf.52d454b4c975c81a0df6c141e3b7e955.jpg,1
IR_0196_jpg.rf.7c0e4d59c634f0e4544088d46287e778.jpg,1
images-20-20-_jpeg_jpg.rf.c87022499a05f63358e2326bde66797c.jpg,1
IR_0186_jpg.rf.b246d7ed716eed016053090a031a6ad7.jpg,1
IR_0218_jpg.rf.309e8dafa391abc9b2884b344311e11c.jpg,1
images-20-22-_jpeg_jpg.rf.b90820c60dcfe232dccb777116618b13.jpg,1
IR_0090_jpg.rf.48a88baee85911ee1c67d893d7be61eb.jpg,1
IR_0136_jpg.rf.a0183fcba3bd14e986bddfdfa9757d9f.jpg,1
images-20-33-_jpeg_jpg.rf.5a50f2ca910a1d0323cf815a689af01c.jpg,1
IR_0136_jpg.rf.e5905c82f05a1e83c3134df46d980e62.jpg,1
IR_0134_jpg.rf.cc51bd3606d4083ecff71566d5ff51c1.jpg,1
IR_0080_jpg.rf.e04af4263f9a4cce133cc26e581d3cf7.jpg,1
IR_0206_jpg.rf.03d4f0f0e23d7ec6da4ebdda39275ae2.jpg,1
IR_0090_jpg.rf.ef88a42c711f51d03a2f9f234d6b5c75.jpg,1
IR_0136_jpg.rf.2a3a2ea3ceca39c776086f801dbba067.jpg,1
IR_0178_jpg.rf.14328338514908dcc10fd2fcd899f7f5.jpg,1
images-20-20-_jpeg_jpg.rf.a9cfeff8a4e53d1435fca6fa9983da81.jpg,1
IR_0190_jpg.rf.1407aa58bda48f5372d3d7a2552044fa.jpg,1
imgFC253_png_jpg.rf.fd3db01ed9446d6c1cb9a037eb744a61.jpg,1
images-20-21-_jpeg_jpg.rf.b968faebe016b875e8048ab5f1d62be9.jpg,1
images-20-20-_jpeg_jpg.rf.b97d7759907954007ac0640e6f535a4d.jpg,1
IR_0222_jpg.rf.5dcd3f4c93af743aa1fcb11d67d88cb6.jpg,1
IR_0220_jpg.rf.a265a6e2b3e933eefff69764ac7b8174.jpg,1
IR_0190_jpg.rf.36686a289dfed49c2da6bba7c7321c43.jpg,1
IR_0224_jpg.rf.ad15aab7fbc4858340221a4dedcfd33f.jpg,1
IR_0136_jpg.rf.c63f0114a4d8edf1101b1024d3035ed4.jpg,1
IR_0218_jpg.rf.a098350ae6929bb2e17165043e302e64.jpg,1
images-20-20-_jpeg_jpg.rf.49528e2602f1d0c08b84db3875562b49.jpg,1
images-20-34-_jpeg_jpg.rf.1fd055930648ad6221a226f876494659.jpg,1
IR_0220_jpg.rf.a46cf4bbeac7ff27176e419e5fc91ab5.jpg,1
IR_0182_jpg.rf.32331e188e10da3c01d4c2aa08e30869.jpg,1
IR_0078_jpg.rf.b12d9cecfe932009d014430ccc1e7590.jpg,1
images-20-33-_jpeg_jpg.rf.cc7491b28e9d6c4742579d5ee5301a3c.jpg,1
images-20-33-_jpeg_jpg.rf.f5fea7a5d723be62f772164b422a20c3.jpg,1
IR_0178_jpg.rf.da7290fd5b2df8f8ddd9f183fa9cbc21.jpg,1
IR_0090_jpg.rf.7886c7619c7c2484d19f7357eac904d5.jpg,1
images-20-33-_jpeg_jpg.rf.baf05c05ad9b32724d70a3c7442b2695.jpg,1
IR_0124_jpg.rf.ffdf5b9abb9555532ae95f4410d105b2.jpg,1
IR_0124_jpg.rf.b90c8d0e573c19e57d5a6b3ea8f2eacd.jpg,1
IR_0136_jpg.rf.da7c0986dc37c7e92eab4636d5f036d1.jpg,1
IR_0190_jpg.rf.182a0949679fa244097664fcd09d6078.jpg,1
IR_0212_jpg.rf.f669108b50953baa6c673265c78ae8df.jpg,1
IR_0180_jpg.rf.2df991c83019e21bd03a8c8b424279a7.jpg,1
IR_0214_jpg.rf.f5c0ce0ec37f7f5442c1175e1333b1d8.jpg,1
images-20-20-_jpeg_jpg.rf.5daffbb4eb6fa25a47af21a3b66da2da.jpg,1
IR_0196_jpg.rf.a1bdf037c97a8a009e007f0a1ad7707f.jpg,1
IR_0220_jpg.rf.7efb5adc6077cf296b9f2ba9707a0328.jpg,1
IR_0080_jpg.rf.8dbdd9a9f91cb98d380b1fbff177b6d3.jpg,1
IR_0196_jpg.rf.c16c6895f982cc087c9949e5f0d64cfc.jpg,1
images-20-27-_jpeg_jpg.rf.7b180ad5bd0154e3aeffcee98ba50519.jpg,1
images-20-34-_jpeg_jpg.rf.171b0165ff2019b5a34f13852b7ff601.jpg,1
IR_0178_jpg.rf.66819aa47b33d08f7d983c9a4962993f.jpg,1
images-20-22-_jpeg_jpg.rf.a87a28335e4ed950ccf39adc466e9c01.jpg,1
images-20-32-_jpeg_jpg.rf.3f27e3e31f6c39fb85b2ba41d24dc177.jpg,1
IR_0222_jpg.rf.82b1a2b1c616471462ddfe43e81163ac.jpg,1
IR_0124_jpg.rf.1edf2de21a54fc41e8751d2e883ff1a8.jpg,1
IR_0178_jpg.rf.cae2b3b37b720d70c8f3198c6712ddad.jpg,1
images-20-35-_jpeg_jpg.rf.88f551f118fb3d115d851b03b2464273.jpg,1
IR_0136_jpg.rf.d86b320e779e6cd94f5cd890322249dc.jpg,1
images-20-21-_jpeg_jpg.rf.d50f285993224a6e05cce74b4ae200c8.jpg,1
images-20-16-_jpeg_jpg.rf.72ff82769f0a0bd820e7e376cf3ca10e.jpg,1
images-20-35-_jpeg_jpg.rf.af7cb7cf76f51a7ec3a039d830c4a236.jpg,1
IR_0212_jpg.rf.00a87df13cb7219c3a66844cd5c64c56.jpg,1
IR_0220_jpg.rf.f84ea9803c0a2e49f69e5d323d00fee0.jpg,1
images-20-37-_jpeg_jpg.rf.b9ba37441db53519422b35ff42e3579f.jpg,1
IR_0136_jpg.rf.aa8f3d364964565ac4c64c40f40d4707.jpg,1
images-20-2-_jpeg_jpg.rf.662333ca734379819e585cf7bf5c6037.jpg,1
images-20-22-_jpeg_jpg.rf.3d9d23ff0d9821174d58dd24e9fbda1f.jpg,1
IR_0178_jpg.rf.123dff81664abc2648e2735c27215535.jpg,1
IR_0222_jpg.rf.f21cbe42b3263d5d0e82aef00169065a.jpg,1
images-20-37-_jpeg_jpg.rf.370dea70fad1a9eae0b7a4556cf593fd.jpg,1
IR_0212_jpg.rf.489ad6561a816bad09370afb04e5db6e.jpg,1
images-20-28-_jpeg_jpg.rf.041a0ef485ef53d11bdeb3be7f63b08c.jpg,1
images-20-33-_jpeg_jpg.rf.fe04d89585ed0046e1005a6d5b360c15.jpg,1
images-20-35-_jpeg_jpg.rf.ba633646e43e1df9995b210a401c23a5.jpg,1
images-20-22-_jpeg_jpg.rf.0cfd8ebca2a080fab04caf789231d846.jpg,1
IR_0136_jpg.rf.76ee342f7e42f3c25027129e6d549fdc.jpg,1
images-20-32-_jpeg_jpg.rf.24dd3e09cd29dd2e483d1fb76756c2b9.jpg,1
IR_0124_jpg.rf.4b81c345e1d7f52f8ff5514dd6eb012b.jpg,1
IR_0124_jpg.rf.7c257bbc4d0f227d4d1fb22ef0e6a159.jpg,1
IR_0220_jpg.rf.db62eeb4c8e164dfb97658abd693d37b.jpg,1
images-20-16-_jpeg_jpg.rf.522e53bf9314f0d2c2a73ab8f007566e.jpg,1
IR_0178_jpg.rf.12bcaab693c0c73f5adb49d610eca2a6.jpg,1
IR_0136_jpg.rf.adb26fc882c8805d1ac0d9b38f4bc1c0.jpg,1
images-20-21-_jpeg_jpg.rf.e925c6f6c7ebaefde72a5cdf1d0ed33c.jpg,1
IR_0178_jpg.rf.3099f95373fbd05e9a8607299885c66d.jpg,1
IR_0224_jpg.rf.cf940fc05c95006771b93f85c1bac557.jpg,1
images-20-22-_jpeg_jpg.rf.478414cb44c28d0117817f7e4947df68.jpg,1
images-20-27-_jpeg_jpg.rf.f9ea60dcc2e9a627ec360252e05b2106.jpg,1
images-20-32-_jpeg_jpg.rf.37828909c55309bd25b25e50f713bbca.jpg,1
images-20-27-_jpeg_jpg.rf.c41add9d83bf50863893ab0b47d37066.jpg,1
images-20-32-_jpeg_jpg.rf.72eecf6f2482745566a1f0fa7e4bbed4.jpg,1
images-20-22-_jpeg_jpg.rf.32085988f43210fc3c58cabb8c24f8fe.jpg,1
images-20-26-_jpeg_jpg.rf.c9ac4a472d7e2565e567fa2de2ea3ed4.jpg,1
images-20-16-_jpeg_jpg.rf.a4da83a54174761fc13e9827f989f3e9.jpg,1
images-20-35-_jpeg_jpg.rf.19933c34538e2a621f25679e61996adb.jpg,1
images-20-35-_jpeg_jpg.rf.aef9431d7376f516d4d5b7b1897caa58.jpg,1
another-crop-but-good_jpg.rf.7009686761ce213a41ecc1329bb0a015.jpg,1
images-20-16-_jpeg_jpg.rf.10321c1cb81f995314bac8076624a35d.jpg,1
images-20-16-_jpeg_jpg.rf.7a48e40426a28aecc6ebe18f5d03dbdb.jpg,1
images-20-27-_jpeg_jpg.rf.445510dc5fe004e3e0ac97970d080e1b.jpg,1
images-20-27-_jpeg_jpg.rf.32ca67f4924ad58bdd7f2495d79a91a0.jpg,1
images-20-16-_jpeg_jpg.rf.aa45dbd0532b7769ceed9441f188291f.jpg,1
images-20-22-_jpeg_jpg.rf.669f2c73c953858be51c7df1c98f7303.jpg,1
images-20-21-_jpeg_jpg.rf.7662eb61a26f07bfda0ab00be2b3f196.jpg,1
images-20-38-_jpeg_jpg.rf.b6faaa7c74abd2556949ff7a81a5fb26.jpg,1
DJI_0007_grande_jpg.rf.5e2648e66e1258a3fe8a05c457a6aba9.jpg,1
images-20-31-_jpeg_jpg.rf.455e7b37b3cae9b795a3b0a7ccfd6983.jpg,1
images-20-16-_jpeg_jpg.rf.3039607431f949cac36bbe8d73bcc941.jpg,1
images-20-26-_jpeg_jpg.rf.2617fdcb75655727b1e368ea12082796.jpg,1
images-20-31-_jpeg_jpg.rf.228f48b91a6234fedc244ba11affc1dd.jpg,1
images-20-32-_jpeg_jpg.rf.e7d6465ef4058ab8921084e662a8992c.jpg,1
another-crop-but-good_jpg.rf.e47fdae07e5052819f82bdb18cf06b8a.jpg,1
images-20-28-_jpeg_jpg.rf.04b2d326573add5ef76fc4c7be1ebc7d.jpg,1
images-20-21-_jpeg_jpg.rf.48b324a172ebf24e62ce5bc77bf99bcc.jpg,1
images-20-16-_jpeg_jpg.rf.a3e8076b644c32b0c3c9dd38d5a6f552.jpg,1
images-20-36-_jpeg_jpg.rf.a93e0623bdcce4fccc9d4364d54138df.jpg,1
download-20-1-_jpeg_jpg.rf.f3267b85024b0a750feb787b4e31475a.jpg,1
images-20-22-_jpeg_jpg.rf.4860691fa3d749869e39dff831a07f31.jpg,1
images-20-32-_jpeg_jpg.rf.c7664f9fb24f0310b4dc1add12471c92.jpg,1
IR_0182_jpg.rf.1b69c73f751efc64b65a2eb432212f9f.jpg,1
images-20-26-_jpeg_jpg.rf.a71473661f973993c425bea2e9e6f3b2.jpg,1
images-20-21-_jpeg_jpg.rf.6e8f14260463ac9f0612de1b5c117846.jpg,1
images-20-36-_jpeg_jpg.rf.d7395742c805262dec7fc312cee6446d.jpg,1
images-20-26-_jpeg_jpg.rf.63b79a2bda4941483228e88de13da541.jpg,1
DJI_0002_R_png_jpg.rf.93f60cce87538f89a31b915b70fb3a58.jpg,1
another-crop-but-good_jpg.rf.d8a742a3a4eb71efbe25c6879ae4ea2f.jpg,1
images-20-26-_jpeg_jpg.rf.9dbe9e1686b252e6d27255849c098244.jpg,1
images-20-22-_jpeg_jpg.rf.69fee284d0c088c8f9efae1a8b5c08d1.jpg,1
images-20-36-_jpeg_jpg.rf.4f2231bb14acbc93e7dff124dc7f3e06.jpg,1
images-20-27-_jpeg_jpg.rf.c6a1cf421cdea10940721cd8473d2312.jpg,1
blurry-but-good_jpg.rf.ef039e83834ccd8a18fc493aeb847d1e.jpg,1
images-20-26-_jpeg_jpg.rf.5c42a4435c3827bd4431aa98589df48a.jpg,1
another-crop-but-good_jpg.rf.f74cc44d2da19bd8ec6402da795673e0.jpg,1
DJI_0007_grande_jpg.rf.bedecbf678db747b44c1e4044a53ea69.jpg,1
DJI_0002_R_png_jpg.rf.dc0804df5313086725cc8acc9cd21048.jpg,1
images-20-36-_jpeg_jpg.rf.23081301a480b00adb771da007b991a7.jpg,1
images-20-34-_jpeg_jpg.rf.ee269f874a74d8de1502b9ace9c4c5de.jpg,1
images-20-21-_jpeg_jpg.rf.25feb10b9500797dd082020da9649f32.jpg,1
images-20-20-_jpeg_jpg.rf.95cefff13e6fe51b12bf9b7697b0bea6.jpg,1
download-20-1-_jpeg_jpg.rf.0f52f37b1c46d0ceb5aa12cb23337096.jpg,1
IR_0124_jpg.rf.ea1c516555975e9fe01cfc6bb64f7e98.jpg,1
images-20-34-_jpeg_jpg.rf.4eec9330c3af007fbcb910fc4068da57.jpg,1
download-20-11-_jpeg_jpg.rf.ad996c4f2728dba73baf37f412a77a0b.jpg,1
images-20-21-_jpeg_jpg.rf.a9aa7671603761e26f50d1e0cc73faeb.jpg,1
images-20-2-_jpeg_jpg.rf.be5cf68674888db980f06df963642079.jpg,1
images-20-2-_jpeg_jpg.rf.55bf226c0d1e0cfa14ba1c78ad50885b.jpg,1
images-20-34-_jpeg_jpg.rf.fbf230568f943eb5f126c0eba0737c90.jpg,1
images-20-34-_jpeg_jpg.rf.a9b998af2f5f4c77f233303983ce8137.jpg,1
download-20-11-_jpeg_jpg.rf.124e0e86aabb029b2ae5d7b1425ce0d5.jpg,1
images-20-28-_jpeg_jpg.rf.69dfc61be496b5d4dfafea0abdebb6ef.jpg,1
blurry-but-good_jpg.rf.be4badf0b36c9edcc6b3edecc841489f.jpg,1
download-20-12-_jpeg_jpg.rf.d7dc973675160278a60f4615d5413bfb.jpg,1
download-20-11-_jpeg_jpg.rf.9e7fa031466117df1d96f7f156b4e2ae.jpg,1
images-20-36-_jpeg_jpg.rf.87be3f8e8801300ca9aba3d649ee3933.jpg,1
images-20-35-_jpeg_jpg.rf.ed2aa12f5c93c39d1b54251bb803da70.jpg,1
another-crop-but-good_jpg.rf.4cb5a3d85cd389e38700aa0f857888c6.jpg,1
download-20-1-_jpeg_jpg.rf.b4fd3c6e1a2c81a3d3dbc429d6c3aa96.jpg,1
DJI_0007_grande_jpg.rf.2aa13fda2e13b7dfd4fb02a4f27854b7.jpg,1
cant-hurt-to-have-another_jpg.rf.8692a23a8553b8d413447d23ca51c8c5.jpg,1
images-20-27-_jpeg_jpg.rf.3ca1300d88f1922065d58fd77a757d19.jpg,1
cant-hurt-to-have-another_jpg.rf.0158e230a2877eaffb7724919741af9d.jpg,1
images-20-26-_jpeg_jpg.rf.86d2c3ae36d954002a01fa98899cc735.jpg,1
images-20-22-_jpeg_jpg.rf.f0b3a0ad9688ce1bd42781053731499e.jpg,1
cant-hurt-to-have-another_jpg.rf.b57db64ee5f2c34ef69d73573b23ce55.jpg,1
download-20-13-_jpeg_jpg.rf.14d7dad1ed4c7f7aa1ff8e52a9dd7b12.jpg,1
DJI_0002_R_png_jpg.rf.d8b9955c0496ec8d28ed8aa0c1c3927e.jpg,1
crop-but-good-_jpg.rf.fdaaf8ae507b10b35caf0572ce02aad9.jpg,1
crop-but-good-_jpg.rf.25d70ca4781464c112f0892f2da1ef00.jpg,1
download-20-12-_jpeg_jpg.rf.9c4cc9fc26d8a48d247624146e543614.jpg,1
download-20-12-_jpeg_jpg.rf.75bc9ef8fc181702a05aa55572a111e9.jpg,1
cant-hurt-to-have-another_jpg.rf.feaa5d4bf3fbfb07f54bbe0730731fd6.jpg,1
cant-hurt-to-have-another_jpg.rf.396742dfd41478d6b077f4e312c9ed37.jpg,1
download-20-11-_jpeg_jpg.rf.dd782499fdf0ff87a9cf73c4ff914c04.jpg,1
images-20-26-_jpeg_jpg.rf.7671622c63ed5a917c6a6da64522d734.jpg,1
crop-but-good-too_jpg.rf.3485a4dd0338954686fc40397c14bb8a.jpg,1
download-20-1-_jpeg_jpg.rf.76c101c8bd777659c31677968db7d93e.jpg,1
blurry-but-good_jpg.rf.51e5c325657f30b523f195cc1b43eaf7.jpg,1
download-20-13-_jpeg_jpg.rf.7ebe604650bc34b9f22488c5b5d100ce.jpg,1
images-20-27-_jpeg_jpg.rf.71be1603f4c4f72b9f35264d77fba8d9.jpg,1
images-20-26-_jpeg_jpg.rf.0389e481b0ac35292b960c603296a4cd.jpg,1
images-20-37-_jpeg_jpg.rf.acca5c726aae4659e40301bd0cc9de56.jpg,1
images-20-37-_jpeg_jpg.rf.13b14d257ad9c0328e6080e3714cc226.jpg,1
blurry-but-good_jpg.rf.994c7e1e7bafd28feb82a6cb241a82b5.jpg,1
IR_0180_jpg.rf.206468eb7b629afdba2758bc8ee82d1d.jpg,1
cant-hurt-to-have-another_jpg.rf.77e69493c617b38449af3c5c40da1189.jpg,1
DJI_0007_grande_jpg.rf.837d38bf0f20b89968647ec5224e3f69.jpg,1
download-20-11-_jpeg_jpg.rf.dd6e7e6f80b90e17bad5718d30ffbe90.jpg,1
images-20-36-_jpeg_jpg.rf.b5480d560458d880949cfe03d86e9fbc.jpg,1
download-20-12-_jpeg_jpg.rf.9b5355a5c660376cdf56b2435f7133da.jpg,1
images-20-27-_jpeg_jpg.rf.faee070ec339dc2b688b794b8674a4c1.jpg,1
download-20-1-_jpeg_jpg.rf.2be8d3ada1e9d5b5ab43500c618af45a.jpg,1
IR_0226_jpg.rf.6e50d6a32dc0dc31fc526b4b4bf6220f.jpg,1
images-20-22-_jpeg_jpg.rf.6308843d43be5121f2ae1c202665bfff.jpg,1
another-crop-but-good_jpg.rf.3f1224685b005315e07f5c78c5a0efdf.jpg,1
imgFC318_png_jpg.rf.be64d719c258a95a89f604f1980508b5.jpg,1
imgFC310_png_jpg.rf.e99d253d5f897843b3355016fdd1e9f9.jpg,1
imgFC318_png_jpg.rf.d0821d5ac24e1a49b8f553843740b857.jpg,1
imgFC311_png_jpg.rf.5e86ead09d6178beca5c19d355e86eaa.jpg,1
crop-but-good-_jpg.rf.da8c0b39932f3d0b9d0487353850f8db.jpg,1
cant-hurt-to-have-another_jpg.rf.de7d9ed0fd90e87cb8ea82ffe219c0b6.jpg,1
imgFC509_png_jpg.rf.45c34910a7cb36ce7edb3b272c4e3296.jpg,1
images-20-22-_jpeg_jpg.rf.c5e9c2af7443889831494ccf80884b7c.jpg,1
images-20-37-_jpeg_jpg.rf.4d00064fc273a825158f3849e6aab2e4.jpg,1
imgFC321_png_jpg.rf.1eef3e916b890bf81d0e37eb7dc2d6e6.jpg,1
IR_0182_jpg.rf.1a1a02c45bd62e8314d3750d333d420e.jpg,1
images-20-37-_jpeg_jpg.rf.8817a3a13a98b72cf9c8a6d40d7fc0fe.jpg,1
IR_0226_jpg.rf.71c33f8c1e2ca01beccdbec3565c5f8a.jpg,1
images-20-26-_jpeg_jpg.rf.ba8def2109cf7a718848b30ae34629d6.jpg,1
imgFC508_png_jpg.rf.f93b37e58b718907ce6b0c63fdec2e99.jpg,1
crop-hard_jpg.rf.b01b00a9a9e89c156a2352bed0f8103b.jpg,1
images-20-28-_jpeg_jpg.rf.7a50570f28865f1141dcd650bc0d2f1c.jpg,1
imgFC318_png_jpg.rf.65b920dfe1cafac551ac31b5312e7589.jpg,1
DJI_0007_grande_jpg.rf.166dbc6e6ec4800d58bb254b8872f9d0.jpg,1
another-crop-but-good_jpg.rf.8c4a9ec27e6eff885606d9fdcd98a88e.jpg,1
imgFC318_png_jpg.rf.d238e4d96043bb43d5badd4992b1054f.jpg,1
blurry-but-good_jpg.rf.b2f180e8282240b1b15d29bf8899449e.jpg,1
images-20-26-_jpeg_jpg.rf.35ba6336f9d49b4baf64943a1a7f4a2a.jpg,1
imgFC318_png_jpg.rf.28b967e0fd4a26db49d63d3e38a75546.jpg,1
download-20-11-_jpeg_jpg.rf.9f355d631d81e5206cbeb144ba10bf20.jpg,1
imgFC310_png_jpg.rf.68df6ce85fe9ce42cae8daea3793f2c1.jpg,1
IR_0226_jpg.rf.518cec5a9e2cebcbe4d36d0c819c8537.jpg,1
IR_0224_jpg.rf.7a94062fb7b3e89077fa1958db8ad473.jpg,1
imgFC318_png_jpg.rf.6dc8eea2d8f6e15ac282f4ad8fbb1a5d.jpg,1
cant-hurt-to-have-another_jpg.rf.1df8d378ef4e6ac021710ddd42b77418.jpg,1
IR_0226_jpg.rf.1627d8477ae89e29c5c7d43eb6508d27.jpg,1
imgFC509_png_jpg.rf.4fcffa59fb9438af7a5e599c1bd9c368.jpg,1
DJI_0007_grande_jpg.rf.56e730e08967e5546712688de2b2e694.jpg,1
IR_0180_jpg.rf.9236ef595f9f00bf9cd3dfa8c75dea7e.jpg,1
IR_0180_jpg.rf.93446695d510b91b394ca81201a53f17.jpg,1
IR_0230_jpg.rf.b464e8b5e5e87b8ca1133a5e89057a56.jpg,1
IR_0196_jpg.rf.d0ad832543b0f218d960bfa7b2f1d8e8.jpg,1
blurry-but-good_jpg.rf.61224209492ef77def0a7b63eb82b3d2.jpg,1
IR_0182_jpg.rf.55031f276a63975f3b9edbdad34201f0.jpg,1
imgFC321_png_jpg.rf.91980f57d8210d9ca5c0514c2f3a2ac4.jpg,1
IR_0196_jpg.rf.ad736dc3075a926f16bb1dfcc2a5463c.jpg,1
imgFC321_png_jpg.rf.5e654bfd72ad1f5756c1e234267d3958.jpg,1
imgFC311_png_jpg.rf.32525cbac02c4c4fd2ba98507c136092.jpg,1
imgFC311_png_jpg.rf.33547e1572bf072e09e239543a1cdbcc.jpg,1
download-20-1-_jpeg_jpg.rf.02c096883e120078370dc549de493ebb.jpg,1
download-20-12-_jpeg_jpg.rf.e8108ac70e1776e7bf015d44ff6fad17.jpg,1
download-20-12-_jpeg_jpg.rf.cca90c5ce0fff9bbf51b2b95e3b4dba7.jpg,1
IR_0182_jpg.rf.a2017e3ecaaeefb2106b44436238fc3a.jpg,1
IR_0238_jpg.rf.2e3b45188b5092e1c0df965321bd4afb.jpg,1
IR_0226_jpg.rf.f7e0b02883b232aae22a2a7882122bff.jpg,1
crop-hard_jpg.rf.b95089bd5573d27e6b7dc93f328350f8.jpg,1
IR_0206_jpg.rf.7edfc35041c5bc1681cad5ec65a72c8a.jpg,1
blurry-but-good_jpg.rf.aa6396cf45345bd9569aea9920ecfb90.jpg,1
IR_0210_jpg.rf.3be80acc489732a2b7842307792259e0.jpg,1
IR_0182_jpg.rf.1ebc209d5b82a2be3a2554e0e38be903.jpg,1
imgFC318_png_jpg.rf.284472f769f5b11abf245cc359727ecf.jpg,1
IR_0180_jpg.rf.d13d2120477adb9f444a7674c843300c.jpg,1
download-20-1-_jpeg_jpg.rf.b12b325d65194561ee43ee5709c6fad9.jpg,1
crop-hard_jpg.rf.58c630bbdbf5344b7c00efda66bdf979.jpg,1
download-20-1-_jpeg_jpg.rf.8e1d72fb8769c88bf5a9bc18f112d456.jpg,1
IR_0188_jpg.rf.9aad3f4b231386dd08678f7afcc2a2e7.jpg,1
IR_0224_jpg.rf.7c25048358fb14cb035eeac0b7882797.jpg,1
imgFC310_png_jpg.rf.d7d0c83bbacdb4b094f6f7570838beb7.jpg,1
download-20-1-_jpeg_jpg.rf.805ac383836b03eedb87d319196df4a9.jpg,1
IR_0182_jpg.rf.6b204a3c7cd98eb0fe315e97eb74b9a3.jpg,1
IR_0230_jpg.rf.3e749529ece38f87e70ac8bd0a90741c.jpg,1
download-20-13-_jpeg_jpg.rf.2d5175bf03977c22d08a9683fe09b1e2.jpg,1
IR_0182_jpg.rf.cc93156790bad540f62c360d1b0cf52a.jpg,1
IR_0186_jpg.rf.46512d263e0de7107166c3a7cbd7f59e.jpg,1
crop-hard_jpg.rf.4dc7bf1c30021d8ee036c043994b00bb.jpg,1
download-20-13-_jpeg_jpg.rf.970e9347ddc7f00e1278a97b4a43a7bc.jpg,1
crop-hotspot_jpg.rf.6e2925359709e418c7abc0109d98e401.jpg,1
IR_0238_jpg.rf.4a184eed30b7b6e4a842af4ca9c1e5f6.jpg,1
IR_0182_jpg.rf.d46167b804fddc3562f6e7ec835cf5f5.jpg,1
IR_0186_jpg.rf.615fbc1f639b4ce7aab47fb924a63168.jpg,1
IR_0238_jpg.rf.23463e3f3eb31e675851cae3dab7228d.jpg,1
download-20-12-_jpeg_jpg.rf.b6f34d6fe48a98f7a85c7cb343e74309.jpg,1
blurry-but-good_jpg.rf.47373d8d523aa28c032acc1a083d2e88.jpg,1
IR_0180_jpg.rf.cd0fc2beb0163d1fdb13f9c215ce06a5.jpg,1
IR_0238_jpg.rf.66cc637b0abfdda7d44dceb5407d5c85.jpg,1
IR_0210_jpg.rf.349ad5f31a8c172c9b000e6556a1aeb0.jpg,1
imgFC509_png_jpg.rf.f6a7a6c5ff77908556e4df559ecaedbc.jpg,1
crop-hard_jpg.rf.22d009c4fb01a31446e3a9237a9f5500.jpg,1
IR_0186_jpg.rf.bc52e7718ebd6a777f41bb20a12d28db.jpg,1
IR_0188_jpg.rf.9220d2463f0b15234a09a0390d4d1659.jpg,1
IR_0238_jpg.rf.8f47cdbec05b74203310003b3b3d7570.jpg,1
download-20-13-_jpeg_jpg.rf.b193509f6c1df4125a7879c6f4406b85.jpg,1
IR_0188_jpg.rf.8b6be432d93e768a03563b5445e82dfd.jpg,1
IR_0188_jpg.rf.42bf626fe00cb2840f14dcfd17412ef2.jpg,1
IR_0186_jpg.rf.7418429d848d1b7ba9811c0628581fd1.jpg,1
IR_0190_jpg.rf.b4ab7e87780a1abd6f7d5223ac58cfe8.jpg,1
IR_0186_jpg.rf.c302736ed78b1508dccf2374673e449d.jpg,1
IR_0188_jpg.rf.896d1294fce9337e6ed38da51c3ba2ee.jpg,1
imgFC311_png_jpg.rf.c6d3692f1012f964c0deb04fb46bd2bd.jpg,1
IR_0232_jpg.rf.724ea61bac96505980e549cf375deff4.jpg,1
IR_0232_jpg.rf.9e4022375ba3e154f6bd7cc537e30819.jpg,1
IR_0186_jpg.rf.c4895c0c95a9e273fc17f0c27ee989f6.jpg,1
IR_0210_jpg.rf.3356e54e4a1a7e9c259cd137a3c2b1a7.jpg,1
download-20-14-_jpeg_jpg.rf.03037f36c7fba5ef3e15e2304c1f16d7.jpg,1
IR_0206_jpg.rf.2e2093db33b1e6a95c4443f69b42e9e3.jpg,1
crop-but-good-too_jpg.rf.42aab1a70da603483c08b5a882f9bb19.jpg,1
crop-but-good-too_jpg.rf.ba277c223febdb593325bd05cde229bb.jpg,1
IR_0186_jpg.rf.3a1ff71670ef67e206baa2150972bd68.jpg,1
IR_0240_jpg.rf.6d2292572b1c561571ab6b21bb48716c.jpg,1
imgFC311_png_jpg.rf.e941256800e393a83c474ef4bd56b667.jpg,1
download-20-13-_jpeg_jpg.rf.8cfdacad84de77940f0517a0168eb9e8.jpg,1
IR_0232_jpg.rf.c3868048a2e9d29736460a43aee771ee.jpg,1
IR_0232_jpg.rf.c3f08b171b9421e7f204bbdea13d6650.jpg,1
IR_0188_jpg.rf.f0d650cbbb5b317581bd58e2b581e8f7.jpg,1
download-20-12-_jpeg_jpg.rf.106e855e4110fd285399ca8617c2a941.jpg,1
IR_0242_jpg.rf.e33184ffc3da0ae0c9021b0eed819b1a.jpg,1
IR_0230_jpg.rf.262b20b5bf9051a0660e4318c87cd426.jpg,1
download-20-13-_jpeg_jpg.rf.6ab86e7b0af17192ba06b5313f1d58a4.jpg,1
IR_0230_jpg.rf.d2b4a740daa90e961fb9f4d8d194396a.jpg,1
crop-hard_jpg.rf.3f9bc3d75792fd8c7850b2cbc206f752.jpg,1
imgFC311_png_jpg.rf.b30544d54d9c0feba0127d6327d906da.jpg,1
imgFC318_png_jpg.rf.4a3466dd392a0658743501cd6df96340.jpg,1
IR_0214_jpg.rf.c30e0abd49b24c55a1b3e186c23b35a0.jpg,1
download-20-12-_jpeg_jpg.rf.850b23e7a7180cf795ddaede7055bd92.jpg,1
IR_0186_jpg.rf.e6e97a91b9d3299a5ed2dc2468c6a43e.jpg,1
IR_0232_jpg.rf.32c0575055c940f4b9a49d809f9a26b4.jpg,1
IR_0192_jpg.rf.214472d4905a01254056030fb4f32559.jpg,1
download-20-13-_jpeg_jpg.rf.b860ac22331a9b17b829954571e97f57.jpg,1
IR_0190_jpg.rf.7cbb1a9bd58c0524f381765d2d27232e.jpg,1
IR_0192_jpg.rf.e54924ec6c64f6760c5c8f8998aab265.jpg,1
IR_0190_jpg.rf.9173f4d900c6ea480e9961f57f3de39d.jpg,1
imgFC318_png_jpg.rf.f1c2e7f598160a70d13f6337f7c6f142.jpg,1
IR_0182_jpg.rf.ff29243f7f14d1e59d8a52e32f917c73.jpg,1
IR_0214_jpg.rf.9a5abfbe3608e65bb29c55671c3abdc5.jpg,1
IR_0212_jpg.rf.2226135a0ef2fc88228adc2ffaae4a4a.jpg,1
IR_0186_jpg.rf.1d57d909cc8aa8fd8d0c571e9ae17776.jpg,1
IR_0192_jpg.rf.5553750a72967f1b0a00f244231b37cc.jpg,1
IR_0244_jpg.rf.921830848afde233b5b465a3543c4afb.jpg,1
IR_0242_jpg.rf.cfd7722fef4db75be79de6d0635167ef.jpg,1
IR_0190_jpg.rf.b35835a2d1bc41cdb3bcb72e54f62937.jpg,1
IR_0240_jpg.rf.92164e761eb82ff4323f8bd007de1761.jpg,1
IR_0196_jpg.rf.99b2f9cafb00b4201659445ed18bbfac.jpg,1
IR_0240_jpg.rf.b92e959a49f40e2ff067babdbcde5cd1.jpg,1
IR_0230_jpg.rf.973f8c5553502e96c89b9a595f229901.jpg,1
IR_0192_jpg.rf.028c53ab38f37444ba8275ecd9db9158.jpg,1
IR_0196_jpg.rf.af245ef17e50e09bc43fa6e62f502356.jpg,1
download-20-14-_jpeg_jpg.rf.d50239c4b26726ffd02990a5c2a2f5b5.jpg,1
crop-hard_jpg.rf.b355bc19b1c9f48e55313aa3ef4a53ca.jpg,1
images-20-31-_jpeg_jpg.rf.11dfb5c115298320b42b0df0132a1791.jpg,1
IR_0206_jpg.rf.47705fb2b217cdd28b56f8eb159060ed.jpg,1
IR_0240_jpg.rf.be93634ed1d2bd2b49985d1554bb4d40.jpg,1
IR_0182_jpg.rf.758e9c37af45efa61853c0c88425a2e5.jpg,1
IR_0192_jpg.rf.70c531220f882b929d75f208465f0ce4.jpg,1
crop-hard_jpg.rf.f37553e43ff01321b76030ec30969daa.jpg,1
crop-hotspot_jpg.rf.f4555e0460f6077f7fd44f06fd3978a9.jpg,1
IR_0190_jpg.rf.fda88dbb50abe27c4e033aa001aacc6e.jpg,1
IR_0242_jpg.rf.03b465374b41a30a401fa7fde0aa8bc2.jpg,1
IR_0212_jpg.rf.29c77e8c174c85f2df691d3665f4a6d6.jpg,1
IR_0192_jpg.rf.1e2593715b90559c12e79483a312f521.jpg,1
IR_0192_jpg.rf.1a64d2dae0ca1a6e7492a6c9ad0a5b85.jpg,1
IR_0242_jpg.rf.067ba05e9c8e8e792e5f9cce606bcc06.jpg,1
IR_0190_jpg.rf.308bb57e59f9684367f12a4a797736c6.jpg,1
download-20-14-_jpeg_jpg.rf.810de476421ca76ad72003a15329459d.jpg,1
IR_0192_jpg.rf.ba2e4f2f79ee1b3eee0029600a42b1bd.jpg,1
IR_0232_jpg.rf.3a9754010e1a8ed608b129f5ea5143ad.jpg,1
images-20-29-_jpeg_jpg.rf.b7c99191574d75380879f96de8ee8131.jpg,1
IR_0212_jpg.rf.0ec45ef770fc55bc0b27023897df033d.jpg,1
IR_0196_jpg.rf.6291d9ee0522a6a3632216435af768b3.jpg,1
images-20-4-_jpeg_jpg.rf.b7b1f94e3f25edce2cd09dfd26c4d430.jpg,1
images-20-4-_jpeg_jpg.rf.52e6d7e3be40d5ee0336262a15020fe4.jpg,1
images-20-4-_jpeg_jpg.rf.41f62349f4b736ed830d7feaa1a2bece.jpg,1
images-20-42-_jpeg_jpg.rf.1652257bcc25a519dbecb293732aed4f.jpg,1
images-20-3-_jpeg_jpg.rf.c8ec6dddb03bd7835bf5fcdd38e4f5b5.jpg,1
crop-hard_jpg.rf.5704e558982d371897b79c7e5e230c6d.jpg,1
IR_0238_jpg.rf.468c9216d8f90c2d1aa1606a7c608d57.jpg,1
images-20-41-_jpeg_jpg.rf.b1ebbcdfb9fd943db55c59b8457e52fc.jpg,1
IR_0240_jpg.rf.29b5a3efef823020bd4104cb4ece8e89.jpg,1
images-20-30-_jpeg_jpg.rf.c1922992da295f8082fc8eacb8fb634d.jpg,1
images-20-3-_jpeg_jpg.rf.4abec4d39f178ee4bfca3bf550acbf85.jpg,1
IR_0196_jpg.rf.d4857cca16c59b3ec5b38938c6cf1ef1.jpg,1
IR_0244_jpg.rf.df8d5ee25ec4dbf5b3ccb0bacf8772d8.jpg,1
IR_0242_jpg.rf.e1d62d96c8086b6a09025d72c3476282.jpg,1
images-20-4-_jpeg_jpg.rf.2ae7e96956c40066bfa4580078f22ae0.jpg,1
images-20-32-_jpeg_jpg.rf.9a4445af913d620cb05cc3b4883b7d60.jpg,1
images-20-29-_jpeg_jpg.rf.86ffc410163d1d37e8f997be3d69ca73.jpg,1
images-20-31-_jpeg_jpg.rf.d695c552ab2b28fec124aa4b22f547eb.jpg,1
IR_0242_jpg.rf.46973b339b3434210052fad8288fdbe8.jpg,1
images-20-32-_jpeg_jpg.rf.de6882d0a5ad84174133ee4821ad3e98.jpg,1
images-20-38-_jpeg_jpg.rf.f223172622e3153473f6b84720a94321.jpg,1
images-20-38-_jpeg_jpg.rf.c63514e66fb7b692694a96925384b672.jpg,1
images-20-31-_jpeg_jpg.rf.4322bc1cfd3958510ef5e6b1e8e60de8.jpg,1
images-20-41-_jpeg_jpg.rf.a6a2daed327d4b5bece115443ee0bb09.jpg,1
images-20-31-_jpeg_jpg.rf.f7f58b6efe19ce867c42df35b8478c6e.jpg,1
images-20-31-_jpeg_jpg.rf.bdd0443fd2136fae7d5c15e83d78b808.jpg,1
images-20-41-_jpeg_jpg.rf.abd54bb237e0c65fa38f17f75e3b8aad.jpg,1
images-20-40-_jpeg_jpg.rf.7337a1fbfd85cc21a52a653eafd922ca.jpg,1
images-20-29-_jpeg_jpg.rf.7a6c171b3df1704ee7c9796c037db540.jpg,1
images-20-40-_jpeg_jpg.rf.3eae355d7d783ab8162632646f679f33.jpg,1
images-20-34-_jpeg_jpg.rf.a0225af2ff02ff35bbad1ba4b3a1c5eb.jpg,1
images-20-29-_jpeg_jpg.rf.4bedf9fcea7c94c4484739c30308b409.jpg,1
images-20-3-_jpeg_jpg.rf.e70af5276195c72d17dbad6c8ff63cdf.jpg,1
images-20-31-_jpeg_jpg.rf.3a3bed7e84424d07e54ecb47378543e0.jpg,1
images-20-33-_jpeg_jpg.rf.d886f560d610d62085d1f26409a4a604.jpg,1
images-20-29-_jpeg_jpg.rf.9db2f76dc373731ccb24885e7ee39e09.jpg,1
IR_0196_jpg.rf.4a258ee1b0bb76e31530a2912cc832d1.jpg,1
images-20-41-_jpeg_jpg.rf.bce26071b7a4ec9d4b4b1c152b2a9077.jpg,1
images-20-32-_jpeg_jpg.rf.b957fde7c648629058e3e4618d6f484a.jpg,1
images-20-31-_jpeg_jpg.rf.f062f2e40b583ea75fa099eeb857ec07.jpg,1
images-20-4-_jpeg_jpg.rf.5a62d475ab8d9f7d9712254cd01af643.jpg,1
images-20-31-_jpeg_jpg.rf.df838d2f14c4fa13dc15239e034d4e49.jpg,1
images-20-40-_jpeg_jpg.rf.701e1320ec8820ea6f0320ef288c3375.jpg,1