Fault_Type,Fault_Location,Severity_Level,Module_Age_Years,Rectification_Action,Previous_Rectification_Action,Irradiance,Weather_Condition,Timestamp,String_Num,Panel_Num,Repair_Cost,Downtime_Hours,Energy_Loss_Cost,Total_Cost
Hotspot,String-9_Panel-20,High,12,Replace Module,Remove Obstruction,211,Cloudy,2023-01-01 00:00:00,9,20,532.68,5.25,0.329,533.0089999999999
Open Circuit,String-3_Panel-14,High,5,Replace Wiring,Replace Fuse,221,Cloudy,2023-01-01 00:00:00,3,14,161.29,1.53,0.1,161.39
Shadowing,String-8_Panel-13,High,10,Remove Obstruction,Tighten Connection,424,Cloudy,2023-01-01 01:00:00,8,13,50.51,0.48,0.022,50.532
Short Circuit,String-6_Panel-8,Medium,6,Replace Fuse,Replace Fuse,597,Rainy,2023-01-01 02:00:00,6,8,55.91,0.55,0.036,55.946
Open Circuit,String-6_Panel-11,Low,10,Tighten Connection,Clean Panel,739,Sunny,2023-01-01 02:00:00,6,11,40.21,0.57,0.03,40.24
Shadowing,String-3_Panel-10,Critical,2,Reinstall Module,Replace Fuse,671,Cloudy,2023-01-01 02:00:00,3,10,186.25,3.13,0.136,186.386
Open Circuit,String-5_Panel-6,Low,6,Tighten Connection,Tighten Connection,516,Cloudy,2023-01-01 04:00:00,5,6,42.81,0.5,0.03,42.84
Shadowing,String-3_Panel-2,Medium,1,Remove Obstruction,Tighten Connection,374,Cloudy,2023-01-01 04:00:00,3,2,47.28,0.57,0.036,47.316
Open Circuit,String-7_Panel-12,Critical,3,Replace Module,Replace Module,274,Cloudy,2023-01-01 05:00:00,7,12,502.18,5.75,0.306,502.486
Shadowing,String-6_Panel-17,Low,13,Remove Obstruction,Remove Obstruction,729,Rainy,2023-01-01 05:00:00,6,17,51.46,0.52,0.031,51.491
Open Circuit,String-8_Panel-6,Medium,6,Replace Connector,Adjust Tilt,308,Sunny,2023-01-01 09:00:00,8,6,105.42,0.95,0.047,105.467
Hotspot,String-1_Panel-2,Critical,7,Replace Module,Adjust Tilt,237,Cloudy,2023-01-01 09:00:00,1,2,486.15,6.44,0.3,486.45
Hotspot,String-3_Panel-13,Low,6,Clean Panel,Reinstall Module,663,Sunny,2023-01-01 11:00:00,3,13,29.73,0.27,0.013,29.743000000000002
Hotspot,String-3_Panel-18,Medium,8,Inspect Cells,Inspect Cells,665,Sunny,2023-01-01 13:00:00,3,18,89.42,1.09,0.068,89.488
Shadowing,String-3_Panel-2,Critical,14,Replace Module,Reinstall Module,339,Sunny,2023-01-01 17:00:00,3,2,471.28,6.39,0.396,471.676
Shadowing,String-6_Panel-16,Medium,4,Remove Obstruction,Remove Obstruction,877,Cloudy,2023-01-01 18:00:00,6,16,50.93,0.51,0.025,50.955
Short Circuit,String-1_Panel-12,Critical,13,Replace Module,Clean Panel,385,Rainy,2023-01-01 18:00:00,1,12,556.25,6.16,0.288,556.538
Shadowing,String-1_Panel-6,Medium,7,Remove Obstruction,Inspect Junction Box,638,Cloudy,2023-01-01 19:00:00,1,6,50.27,0.52,0.03,50.300000000000004
Short Circuit,String-3_Panel-4,Critical,2,Replace Module,Replace Module,917,Rainy,2023-01-01 20:00:00,3,4,459.38,5.77,0.306,459.686
Hotspot,String-6_Panel-19,High,4,Replace Panel Section,Replace Wiring,426,Cloudy,2023-01-01 20:00:00,6,19,303.64,3.87,0.173,303.813
Short Circuit,String-10_Panel-12,Critical,2,Replace Module,Replace Module,396,Cloudy,2023-01-01 21:00:00,10,12,483.98,6.7,0.372,484.35200000000003
Open Circuit,String-2_Panel-13,Low,3,Tighten Connection,Tighten Connection,802,Sunny,2023-01-01 21:00:00,2,13,38.93,0.51,0.028,38.958
Open Circuit,String-3_Panel-5,High,3,Replace Wiring,Replace Wiring,984,Cloudy,2023-01-01 21:00:00,3,5,158.53,2.19,0.094,158.624
Hotspot,String-3_Panel-6,High,13,Replace Panel Section,Reinstall Module,736,Rainy,2023-01-01 21:00:00,3,6,308.16,4.41,0.229,308.389
Short Circuit,String-2_Panel-6,Medium,1,Inspect Junction Box,Replace Fuse,786,Sunny,2023-01-01 21:00:00,2,6,62.86,0.86,0.037,62.897
Open Circuit,String-8_Panel-16,Critical,12,Replace Module,Replace Module,561,Sunny,2023-01-01 22:00:00,8,16,540.68,6.1,0.353,541.0329999999999
Short Circuit,String-6_Panel-8,Low,5,Inspect Junction Box,Inspect Cells,322,Sunny,2023-01-01 22:00:00,6,8,67.61,1.02,0.059,67.669
Shadowing,String-10_Panel-2,Critical,7,Replace Module,Reinstall Module,961,Sunny,2023-01-01 22:00:00,10,2,507.13,6.33,0.291,507.421
Shadowing,String-6_Panel-8,Medium,5,Remove Obstruction,Remove Obstruction,559,Rainy,2023-01-01 22:00:00,6,8,48.55,0.48,0.028,48.577999999999996
Shadowing,String-7_Panel-10,Low,7,Remove Obstruction,Clean Panel,272,Rainy,2023-01-01 22:00:00,7,10,51.95,0.47,0.025,51.975
Open Circuit,String-9_Panel-15,High,11,Replace Connector,Clean Panel,360,Rainy,2023-01-01 22:00:00,9,15,93.46,1.05,0.056,93.51599999999999
Hotspot,String-7_Panel-7,Low,9,Clean Panel,Remove Obstruction,708,Cloudy,2023-01-01 23:00:00,7,7,29.76,0.28,0.016,29.776
Open Circuit,String-9_Panel-8,Medium,9,Inspect Junction Box,Replace Connector,210,Rainy,2023-01-01 23:00:00,9,8,60.55,0.83,0.037,60.586999999999996
Hotspot,String-10_Panel-4,Low,6,Inspect Cells,Clean Panel,732,Sunny,2023-01-02 00:00:00,10,4,78.22,1.05,0.062,78.282
Short Circuit,String-5_Panel-19,Low,11,Replace Fuse,Inspect Cells,877,Rainy,2023-01-02 00:00:00,5,19,58.18,0.58,0.035,58.214999999999996
Short Circuit,String-6_Panel-9,Medium,4,Replace Fuse,Inspect Junction Box,952,Cloudy,2023-01-02 02:00:00,6,9,63.54,0.44,0.022,63.562
Open Circuit,String-4_Panel-14,Medium,11,Replace Wiring,Inspect Cells,759,Rainy,2023-01-02 02:00:00,4,14,138.6,1.92,0.102,138.702
Short Circuit,String-10_Panel-2,Low,8,Inspect Junction Box,Inspect Junction Box,839,Sunny,2023-01-02 03:00:00,10,2,60.33,1.05,0.059,60.388999999999996
Shadowing,String-10_Panel-12,High,10,Adjust Tilt,Remove Obstruction,869,Cloudy,2023-01-02 04:00:00,10,12,114.3,1.65,0.1,114.39999999999999
Hotspot,String-3_Panel-17,Medium,13,Replace Panel Section,Inspect Cells,852,Rainy,2023-01-02 05:00:00,3,17,306.44,4.11,0.235,306.675
Hotspot,String-5_Panel-15,High,8,Replace Module,Replace Panel Section,831,Cloudy,2023-01-02 06:00:00,5,15,586.63,5.83,0.257,586.887
Shadowing,String-3_Panel-7,High,10,Remove Obstruction,Tighten Connection,454,Rainy,2023-01-02 06:00:00,3,7,50.72,0.51,0.028,50.748
Hotspot,String-5_Panel-17,Low,11,Inspect Cells,Clean Panel,904,Rainy,2023-01-02 06:00:00,5,17,90.68,1.04,0.046,90.72600000000001
Hotspot,String-4_Panel-4,Medium,7,Inspect Cells,Inspect Cells,715,Rainy,2023-01-02 07:00:00,4,4,76.92,0.92,0.059,76.979
Shadowing,String-8_Panel-15,Low,5,Clean Panel,Replace Wiring,757,Sunny,2023-01-02 08:00:00,8,15,29.06,0.25,0.014,29.073999999999998
Open Circuit,String-5_Panel-9,Critical,3,Replace Module,Replace Fuse,641,Sunny,2023-01-02 08:00:00,5,9,510.76,4.94,0.265,511.025
Shadowing,String-10_Panel-1,Medium,10,Remove Obstruction,Remove Obstruction,813,Sunny,2023-01-02 09:00:00,10,1,51.25,0.55,0.03,51.28
Hotspot,String-4_Panel-9,Critical,1,Replace Module,Clean Panel,805,Cloudy,2023-01-02 10:00:00,4,9,641.22,6.3,0.351,641.571
Hotspot,String-7_Panel-2,Medium,6,Inspect Cells,Inspect Cells,285,Cloudy,2023-01-02 10:00:00,7,2,70.5,1.03,0.052,70.552
Hotspot,String-6_Panel-8,High,10,Replace Panel Section,Replace Panel Section,392,Cloudy,2023-01-02 11:00:00,6,8,309.37,3.71,0.158,309.528
Shadowing,String-6_Panel-14,Low,14,Remove Obstruction,Clean Panel,215,Rainy,2023-01-02 13:00:00,6,14,54.26,0.51,0.023,54.283
Hotspot,String-9_Panel-1,Low,10,Inspect Cells,Clean Panel,896,Sunny,2023-01-02 14:00:00,9,1,77.96,0.8,0.046,78.006
Shadowing,String-2_Panel-20,Critical,8,Replace Module,Clean Panel,265,Sunny,2023-01-02 15:00:00,2,20,517.76,7.27,0.44,518.2
Shadowing,String-4_Panel-14,High,12,Remove Obstruction,Adjust Tilt,306,Rainy,2023-01-02 15:00:00,4,14,53.93,0.47,0.022,53.952
Hotspot,String-9_Panel-11,Critical,14,Replace Module,Replace Module,561,Cloudy,2023-01-02 16:00:00,9,11,479.85,5.48,0.279,480.129
Short Circuit,String-6_Panel-18,Low,5,Inspect Junction Box,Clean Panel,424,Sunny,2023-01-02 16:00:00,6,18,65.4,1.1,0.055,65.45500000000001
Hotspot,String-10_Panel-18,High,2,Replace Module,Replace Panel Section,727,Cloudy,2023-01-02 17:00:00,10,18,558.75,6.28,0.341,559.091
Open Circuit,String-2_Panel-8,High,5,Replace Wiring,Replace Wiring,522,Rainy,2023-01-02 17:00:00,2,8,149.51,1.84,0.085,149.595
Short Circuit,String-6_Panel-20,Medium,7,Replace Fuse,Replace Fuse,805,Sunny,2023-01-02 18:00:00,6,20,57.82,0.43,0.028,57.848
Hotspot,String-3_Panel-20,Medium,11,Replace Panel Section,Tighten Connection,956,Cloudy,2023-01-02 21:00:00,3,20,324.42,4.76,0.302,324.72200000000004
Short Circuit,String-2_Panel-7,Low,1,Replace Fuse,Inspect Junction Box,982,Cloudy,2023-01-02 21:00:00,2,7,59.43,0.52,0.026,59.456
Open Circuit,String-6_Panel-8,Critical,10,Replace Module,Inspect Cells,804,Rainy,2023-01-02 22:00:00,6,8,529.13,5.7,0.291,529.421
Shadowing,String-2_Panel-18,High,7,Adjust Tilt,Replace Fuse,854,Sunny,2023-01-03 00:00:00,2,18,124.12,2.37,0.114,124.23400000000001
Open Circuit,String-4_Panel-14,Low,9,Tighten Connection,Inspect Junction Box,424,Sunny,2023-01-03 00:00:00,4,14,36.08,0.42,0.019,36.099
Hotspot,String-2_Panel-15,Medium,6,Inspect Cells,Inspect Cells,928,Sunny,2023-01-03 01:00:00,2,15,96.72,0.98,0.045,96.765
Short Circuit,String-9_Panel-12,Critical,2,Replace Module,Clean Panel,803,Sunny,2023-01-03 03:00:00,9,12,580.8,5.2,0.257,581.0569999999999
Short Circuit,String-8_Panel-18,Medium,14,Replace Fuse,Tighten Connection,268,Cloudy,2023-01-03 03:00:00,8,18,63.09,0.48,0.026,63.11600000000001
Shadowing,String-3_Panel-20,Critical,2,Reinstall Module,Reinstall Module,583,Cloudy,2023-01-03 05:00:00,3,20,197.38,3.12,0.148,197.528
Short Circuit,String-8_Panel-20,Low,14,Inspect Junction Box,Replace Connector,957,Sunny,2023-01-03 06:00:00,8,20,70.51,1.08,0.048,70.558
Open Circuit,String-6_Panel-14,Medium,2,Replace Wiring,Inspect Cells,973,Cloudy,2023-01-03 06:00:00,6,14,149.42,1.8,0.101,149.521
Hotspot,String-3_Panel-4,Medium,3,Inspect Cells,Inspect Cells,300,Sunny,2023-01-03 06:00:00,3,4,79.03,0.96,0.057,79.087
Short Circuit,String-2_Panel-5,Critical,3,Replace Module,Replace Module,889,Rainy,2023-01-03 08:00:00,2,5,464.82,6.02,0.271,465.091
Hotspot,String-7_Panel-13,Low,5,Inspect Cells,Replace Fuse,942,Rainy,2023-01-03 09:00:00,7,13,88.32,0.94,0.046,88.366
Open Circuit,String-10_Panel-7,High,11,Replace Wiring,Replace Wiring,317,Cloudy,2023-01-03 10:00:00,10,7,162.03,2.13,0.138,162.168
Short Circuit,String-10_Panel-2,Medium,5,Replace Fuse,Reinstall Module,365,Cloudy,2023-01-03 10:00:00,10,2,59.26,0.46,0.02,59.28
Shadowing,String-2_Panel-1,Medium,1,Remove Obstruction,Replace Module,393,Sunny,2023-01-03 11:00:00,2,1,50.97,0.51,0.023,50.993
Hotspot,String-10_Panel-2,Low,6,Clean Panel,Replace Fuse,537,Sunny,2023-01-03 14:00:00,10,2,30.22,0.31,0.02,30.24
Shadowing,String-5_Panel-5,Critical,6,Replace Module,Reinstall Module,337,Cloudy,2023-01-03 16:00:00,5,5,598.08,5.39,0.33,598.4100000000001
Shadowing,String-7_Panel-8,Critical,13,Replace Module,Reinstall Module,912,Rainy,2023-01-03 17:00:00,7,8,459.12,5.57,0.237,459.357
Shadowing,String-5_Panel-12,High,14,Adjust Tilt,Reinstall Module,740,Rainy,2023-01-03 18:00:00,5,12,131.58,1.83,0.112,131.692
Short Circuit,String-5_Panel-14,Medium,4,Replace Fuse,Replace Panel Section,452,Sunny,2023-01-03 18:00:00,5,14,49.69,0.49,0.028,49.717999999999996
Open Circuit,String-8_Panel-18,Medium,9,Replace Connector,Tighten Connection,693,Cloudy,2023-01-03 20:00:00,8,18,86.19,0.89,0.052,86.242
Shadowing,String-1_Panel-9,Critical,2,Reinstall Module,Inspect Cells,614,Sunny,2023-01-03 21:00:00,1,9,171.88,2.47,0.119,171.999
Shadowing,String-6_Panel-17,Low,10,Remove Obstruction,Clean Panel,713,Rainy,2023-01-04 00:00:00,6,17,44.85,0.43,0.027,44.877
Short Circuit,String-9_Panel-1,High,1,Replace Wiring,Replace Wiring,311,Rainy,2023-01-04 00:00:00,9,1,184.86,1.72,0.097,184.95700000000002
Short Circuit,String-7_Panel-8,High,5,Replace Wiring,Replace Panel Section,575,Rainy,2023-01-04 01:00:00,7,8,154.1,2.41,0.119,154.219
Open Circuit,String-6_Panel-8,Medium,9,Replace Wiring,Replace Connector,811,Sunny,2023-01-04 01:00:00,6,8,147.06,2.19,0.101,147.161
Open Circuit,String-8_Panel-9,High,4,Replace Wiring,Tighten Connection,224,Sunny,2023-01-04 02:00:00,8,9,145.49,1.97,0.088,145.578
Shadowing,String-7_Panel-13,Medium,2,Remove Obstruction,Replace Wiring,431,Rainy,2023-01-04 03:00:00,7,13,49.05,0.48,0.022,49.071999999999996
Hotspot,String-3_Panel-9,Critical,11,Replace Module,Replace Panel Section,419,Cloudy,2023-01-04 05:00:00,3,9,496.9,6.34,0.37,497.27
Open Circuit,String-5_Panel-19,Medium,6,Replace Connector,Replace Connector,213,Rainy,2023-01-04 06:00:00,5,19,91.12,1.04,0.056,91.176
Short Circuit,String-7_Panel-18,Critical,3,Replace Module,Replace Module,894,Rainy,2023-01-04 07:00:00,7,18,520.0,5.48,0.236,520.236
Shadowing,String-3_Panel-16,Medium,5,Remove Obstruction,Replace Connector,703,Sunny,2023-01-04 07:00:00,3,16,49.61,0.63,0.035,49.644999999999996
Shadowing,String-3_Panel-5,High,11,Adjust Tilt,Adjust Tilt,750,Cloudy,2023-01-04 07:00:00,3,5,123.7,1.82,0.093,123.793
Hotspot,String-4_Panel-17,Low,3,Inspect Cells,Clean Panel,737,Sunny,2023-01-04 07:00:00,4,17,86.78,0.87,0.054,86.834
Short Circuit,String-1_Panel-20,Critical,7,Replace Module,Replace Module,907,Sunny,2023-01-04 09:00:00,1,20,530.93,6.35,0.282,531.212
Hotspot,String-10_Panel-1,Medium,9,Replace Panel Section,Inspect Cells,749,Cloudy,2023-01-04 09:00:00,10,1,343.74,4.22,0.276,344.016
Short Circuit,String-10_Panel-13,Critical,1,Replace Module,Inspect Cells,627,Cloudy,2023-01-04 09:00:00,10,13,500.38,6.19,0.355,500.735
Shadowing,String-2_Panel-19,Low,12,Remove Obstruction,Clean Panel,390,Sunny,2023-01-04 10:00:00,2,19,48.83,0.49,0.027,48.857
Hotspot,String-5_Panel-14,Medium,12,Inspect Cells,Replace Fuse,639,Rainy,2023-01-04 11:00:00,5,14,86.04,1.18,0.062,86.102
Short Circuit,String-8_Panel-3,High,3,Replace Connector,Replace Wiring,405,Rainy,2023-01-04 12:00:00,8,3,88.29,1.02,0.049,88.33900000000001
Open Circuit,String-2_Panel-13,High,12,Replace Wiring,Replace Module,373,Rainy,2023-01-04 13:00:00,2,13,145.54,1.58,0.082,145.62199999999999
Hotspot,String-4_Panel-19,High,4,Replace Module,Replace Panel Section,279,Rainy,2023-01-04 13:00:00,4,19,591.86,4.9,0.249,592.109
Hotspot,String-8_Panel-1,High,7,Replace Panel Section,Replace Panel Section,452,Rainy,2023-01-04 14:00:00,8,1,311.59,3.97,0.232,311.822
Short Circuit,String-6_Panel-2,Critical,13,Replace Module,Clean Panel,577,Cloudy,2023-01-04 14:00:00,6,2,506.09,6.94,0.444,506.534
Hotspot,String-3_Panel-10,High,12,Replace Panel Section,Replace Panel Section,833,Cloudy,2023-01-04 14:00:00,3,10,364.35,4.57,0.25,364.6
Shadowing,String-2_Panel-15,Low,11,Remove Obstruction,Inspect Junction Box,425,Cloudy,2023-01-04 15:00:00,2,15,56.98,0.53,0.032,57.01199999999999
Hotspot,String-8_Panel-15,Low,4,Clean Panel,Clean Panel,340,Sunny,2023-01-04 15:00:00,8,15,29.29,0.3,0.015,29.305
Open Circuit,String-9_Panel-16,Low,8,Tighten Connection,Replace Panel Section,861,Rainy,2023-01-04 15:00:00,9,16,43.17,0.43,0.025,43.195
Open Circuit,String-3_Panel-20,High,9,Inspect Junction Box,Replace Wiring,700,Rainy,2023-01-04 15:00:00,3,20,68.93,1.14,0.051,68.98100000000001
Open Circuit,String-4_Panel-5,Low,6,Tighten Connection,Inspect Cells,909,Rainy,2023-01-04 17:00:00,4,5,45.83,0.54,0.035,45.864999999999995
Open Circuit,String-10_Panel-2,Low,10,Replace Wiring,Tighten Connection,866,Sunny,2023-01-04 19:00:00,10,2,149.2,1.72,0.105,149.30499999999998
Shadowing,String-5_Panel-12,High,13,Adjust Tilt,Clean Panel,952,Rainy,2023-01-04 19:00:00,5,12,134.51,2.15,0.132,134.642
Shadowing,String-10_Panel-19,High,12,Adjust Tilt,Adjust Tilt,961,Cloudy,2023-01-04 21:00:00,10,19,110.27,2.01,0.113,110.383
Open Circuit,String-1_Panel-13,Low,7,Tighten Connection,Remove Obstruction,691,Rainy,2023-01-04 22:00:00,1,13,37.85,0.52,0.029,37.879000000000005
Shadowing,String-4_Panel-18,Critical,11,Replace Module,Reinstall Module,491,Sunny,2023-01-04 22:00:00,4,18,545.32,4.35,0.237,545.557
Short Circuit,String-7_Panel-11,Low,14,Inspect Junction Box,Inspect Junction Box,258,Sunny,2023-01-04 23:00:00,7,11,70.4,1.05,0.056,70.456
Shadowing,String-3_Panel-5,Medium,10,Remove Obstruction,Tighten Connection,480,Cloudy,2023-01-04 23:00:00,3,5,41.75,0.46,0.021,41.771
Short Circuit,String-3_Panel-4,Low,7,Inspect Junction Box,Inspect Junction Box,383,Cloudy,2023-01-05 01:00:00,3,4,61.14,1.18,0.068,61.208
Open Circuit,String-7_Panel-15,Critical,7,Replace Module,Replace Wiring,328,Rainy,2023-01-05 01:00:00,7,15,555.22,5.59,0.325,555.5450000000001
Short Circuit,String-9_Panel-1,Critical,8,Replace Module,Replace Wiring,863,Cloudy,2023-01-05 02:00:00,9,1,564.45,6.17,0.372,564.822
Open Circuit,String-3_Panel-17,High,7,Replace Wiring,Inspect Cells,832,Sunny,2023-01-05 02:00:00,3,17,153.24,1.79,0.089,153.329
Open Circuit,String-8_Panel-4,High,12,Replace Wiring,Inspect Junction Box,383,Rainy,2023-01-05 04:00:00,8,4,148.17,2.09,0.135,148.30499999999998
Open Circuit,String-2_Panel-13,High,8,Replace Wiring,Remove Obstruction,371,Rainy,2023-01-05 04:00:00,2,13,137.3,1.97,0.117,137.417
Open Circuit,String-6_Panel-19,Critical,5,Replace Module,Replace Module,670,Sunny,2023-01-05 04:00:00,6,19,489.07,5.41,0.328,489.39799999999997
Open Circuit,String-1_Panel-20,High,9,Replace Wiring,Inspect Cells,663,Sunny,2023-01-05 06:00:00,1,20,160.13,2.0,0.132,160.262
Hotspot,String-6_Panel-14,High,4,Inspect Cells,Replace Fuse,973,Rainy,2023-01-05 07:00:00,6,14,90.83,1.1,0.049,90.879
Open Circuit,String-3_Panel-4,High,9,Replace Wiring,Replace Wiring,468,Rainy,2023-01-05 07:00:00,3,4,177.93,1.95,0.088,178.018
Open Circuit,String-7_Panel-20,Critical,1,Replace Module,Replace Connector,283,Sunny,2023-01-05 07:00:00,7,20,586.74,5.67,0.24,586.98
Shadowing,String-8_Panel-12,Medium,12,Remove Obstruction,Remove Obstruction,641,Sunny,2023-01-05 08:00:00,8,12,55.24,0.4,0.02,55.260000000000005
Short Circuit,String-6_Panel-6,Low,14,Inspect Junction Box,Clean Panel,277,Cloudy,2023-01-05 08:00:00,6,6,61.03,0.9,0.045,61.075
Shadowing,String-9_Panel-2,Critical,11,Replace Module,Reinstall Module,207,Rainy,2023-01-05 10:00:00,9,2,541.81,6.2,0.277,542.087
Open Circuit,String-1_Panel-11,Critical,14,Replace Module,Replace Module,993,Sunny,2023-01-05 11:00:00,1,11,423.9,6.04,0.295,424.195
Hotspot,String-10_Panel-3,Low,4,Remove Obstruction,Remove Obstruction,349,Cloudy,2023-01-05 11:00:00,10,3,51.84,0.54,0.036,51.876000000000005
Shadowing,String-1_Panel-18,Medium,2,Remove Obstruction,Replace Connector,241,Cloudy,2023-01-05 11:00:00,1,18,47.35,0.51,0.022,47.372
Short Circuit,String-3_Panel-10,Medium,3,Inspect Junction Box,Replace Fuse,604,Sunny,2023-01-05 11:00:00,3,10,71.28,1.06,0.051,71.331
Short Circuit,String-1_Panel-7,Low,5,Inspect Junction Box,Adjust Tilt,634,Sunny,2023-01-05 11:00:00,1,7,68.99,1.02,0.048,69.038
Shadowing,String-5_Panel-2,Low,6,Clean Panel,Replace Wiring,456,Sunny,2023-01-05 12:00:00,5,2,29.06,0.32,0.014,29.073999999999998
Hotspot,String-4_Panel-7,High,10,Replace Panel Section,Replace Panel Section,854,Rainy,2023-01-05 13:00:00,4,7,316.99,4.4,0.249,317.23900000000003
Short Circuit,String-4_Panel-18,Critical,10,Replace Module,Replace Module,801,Cloudy,2023-01-05 13:00:00,4,18,466.07,4.93,0.308,466.378
Hotspot,String-6_Panel-5,Low,6,Clean Panel,Clean Panel,308,Rainy,2023-01-05 15:00:00,6,5,28.37,0.33,0.021,28.391000000000002
Short Circuit,String-8_Panel-1,Low,2,Inspect Junction Box,Tighten Connection,571,Cloudy,2023-01-05 15:00:00,8,1,71.11,1.13,0.07,71.17999999999999
Short Circuit,String-1_Panel-15,High,1,Replace Wiring,Replace Module,734,Cloudy,2023-01-05 16:00:00,1,15,149.17,2.32,0.133,149.303
Open Circuit,String-3_Panel-10,Low,12,Replace Wiring,Tighten Connection,224,Sunny,2023-01-05 16:00:00,3,10,139.95,1.86,0.111,140.06099999999998
Open Circuit,String-8_Panel-15,Low,10,Replace Wiring,Inspect Junction Box,616,Sunny,2023-01-05 16:00:00,8,15,139.34,1.91,0.113,139.453
Open Circuit,String-5_Panel-13,High,7,Replace Wiring,Replace Wiring,801,Cloudy,2023-01-05 17:00:00,5,13,170.65,1.67,0.072,170.722
Hotspot,String-3_Panel-5,Critical,8,Replace Module,Reinstall Module,392,Cloudy,2023-01-05 17:00:00,3,5,476.71,6.34,0.401,477.111
Shadowing,String-4_Panel-12,Low,9,Remove Obstruction,Clean Panel,204,Sunny,2023-01-05 19:00:00,4,12,42.68,0.56,0.025,42.705
Open Circuit,String-1_Panel-4,Medium,6,Replace Wiring,Replace Connector,899,Sunny,2023-01-05 19:00:00,1,4,143.59,1.74,0.092,143.68200000000002
Short Circuit,String-1_Panel-19,Medium,9,Replace Fuse,Replace Fuse,418,Rainy,2023-01-05 20:00:00,1,19,62.05,0.49,0.027,62.077
Hotspot,String-6_Panel-17,Medium,8,Inspect Cells,Replace Panel Section,681,Rainy,2023-01-05 20:00:00,6,17,87.46,1.16,0.057,87.517
Shadowing,String-4_Panel-19,Medium,3,Remove Obstruction,Inspect Junction Box,862,Cloudy,2023-01-05 21:00:00,4,19,44.09,0.56,0.032,44.122
Open Circuit,String-4_Panel-6,Critical,2,Replace Module,Remove Obstruction,882,Rainy,2023-01-05 21:00:00,4,6,566.37,6.28,0.34,566.71
Short Circuit,String-8_Panel-5,Low,3,Inspect Junction Box,Inspect Junction Box,934,Sunny,2023-01-05 23:00:00,8,5,71.95,1.23,0.055,72.00500000000001
Hotspot,String-8_Panel-18,Medium,14,Replace Panel Section,Inspect Cells,980,Cloudy,2023-01-05 23:00:00,8,18,321.78,4.08,0.201,321.981
Open Circuit,String-10_Panel-11,Critical,11,Replace Module,Replace Module,924,Sunny,2023-01-06 00:00:00,10,11,484.82,6.24,0.357,485.177
Open Circuit,String-1_Panel-18,Critical,12,Replace Module,Replace Module,337,Rainy,2023-01-06 00:00:00,1,18,533.06,5.4,0.255,533.3149999999999
Open Circuit,String-7_Panel-1,Low,9,Replace Connector,Tighten Connection,583,Rainy,2023-01-06 00:00:00,7,1,75.07,0.87,0.037,75.107
Hotspot,String-1_Panel-5,Medium,7,Inspect Cells,Inspect Cells,283,Sunny,2023-01-06 01:00:00,1,5,83.01,1.23,0.058,83.06800000000001
Short Circuit,String-10_Panel-2,Critical,12,Replace Module,Replace Module,367,Rainy,2023-01-06 02:00:00,10,2,479.98,6.25,0.368,480.348
Shadowing,String-2_Panel-7,Critical,9,Reinstall Module,Tighten Connection,224,Cloudy,2023-01-06 02:00:00,2,7,195.45,3.07,0.152,195.60199999999998
Open Circuit,String-7_Panel-11,Medium,2,Replace Wiring,Replace Connector,823,Sunny,2023-01-06 03:00:00,7,11,145.93,2.26,0.118,146.048
Hotspot,String-7_Panel-14,Critical,12,Replace Module,Replace Connector,473,Rainy,2023-01-06 03:00:00,7,14,520.26,7.87,0.427,520.687
Hotspot,String-9_Panel-15,Low,8,Clean Panel,Clean Panel,433,Cloudy,2023-01-06 05:00:00,9,15,33.44,0.3,0.019,33.458999999999996
Hotspot,String-1_Panel-14,Medium,3,Inspect Cells,Inspect Cells,527,Rainy,2023-01-06 08:00:00,1,14,84.61,0.98,0.06,84.67
Hotspot,String-7_Panel-16,Medium,12,Inspect Cells,Inspect Cells,477,Rainy,2023-01-06 09:00:00,7,16,87.93,0.9,0.048,87.97800000000001
Shadowing,String-2_Panel-11,Critical,7,Replace Module,Inspect Cells,666,Sunny,2023-01-06 09:00:00,2,11,545.48,6.48,0.403,545.883
Short Circuit,String-6_Panel-16,Medium,12,Replace Fuse,Remove Obstruction,767,Rainy,2023-01-06 10:00:00,6,16,61.76,0.48,0.024,61.784
Short Circuit,String-2_Panel-4,Critical,2,Replace Module,Remove Obstruction,456,Sunny,2023-01-06 10:00:00,2,4,507.16,6.67,0.399,507.559
Open Circuit,String-6_Panel-2,Medium,5,Replace Wiring,Clean Panel,788,Cloudy,2023-01-06 11:00:00,6,2,145.97,1.52,0.095,146.065
Shadowing,String-9_Panel-12,Low,13,Remove Obstruction,Replace Module,796,Rainy,2023-01-06 12:00:00,9,12,55.46,0.55,0.031,55.491
Hotspot,String-2_Panel-18,Medium,4,Inspect Cells,Replace Module,512,Rainy,2023-01-06 13:00:00,2,18,74.78,0.64,0.042,74.822
Shadowing,String-1_Panel-11,Critical,8,Replace Module,Reinstall Module,741,Rainy,2023-01-06 16:00:00,1,11,620.69,6.31,0.312,621.0020000000001
Short Circuit,String-3_Panel-8,Critical,11,Replace Module,Reinstall Module,899,Rainy,2023-01-06 16:00:00,3,8,539.35,4.88,0.25,539.6
Shadowing,String-1_Panel-8,High,9,Adjust Tilt,Replace Module,889,Rainy,2023-01-06 16:00:00,1,8,120.95,1.98,0.093,121.043
Shadowing,String-4_Panel-6,Low,6,Remove Obstruction,Remove Obstruction,415,Rainy,2023-01-06 17:00:00,4,6,51.38,0.54,0.025,51.405
Open Circuit,String-10_Panel-4,High,13,Replace Wiring,Inspect Junction Box,642,Sunny,2023-01-06 17:00:00,10,4,160.77,2.39,0.132,160.90200000000002
Short Circuit,String-1_Panel-13,Critical,13,Replace Module,Replace Module,998,Cloudy,2023-01-06 18:00:00,1,13,483.07,6.96,0.316,483.38599999999997
Hotspot,String-10_Panel-6,Medium,14,Replace Panel Section,Inspect Cells,900,Cloudy,2023-01-06 20:00:00,10,6,355.94,3.79,0.166,356.106
Short Circuit,String-1_Panel-7,Low,13,Inspect Junction Box,Replace Wiring,514,Sunny,2023-01-06 20:00:00,1,7,70.74,1.03,0.055,70.795
Shadowing,String-8_Panel-13,Medium,8,Remove Obstruction,Replace Module,754,Cloudy,2023-01-06 20:00:00,8,13,48.55,0.44,0.028,48.577999999999996
Hotspot,String-7_Panel-9,Medium,1,Inspect Cells,Replace Fuse,667,Rainy,2023-01-06 20:00:00,7,9,88.08,0.81,0.04,88.12
Hotspot,String-8_Panel-15,High,8,Replace Module,Replace Panel Section,971,Cloudy,2023-01-06 21:00:00,8,15,497.59,6.83,0.368,497.95799999999997
Short Circuit,String-8_Panel-15,Critical,8,Replace Module,Replace Module,979,Rainy,2023-01-06 21:00:00,8,15,487.28,4.79,0.298,487.578
Open Circuit,String-2_Panel-5,Critical,3,Replace Module,Replace Module,787,Cloudy,2023-01-06 22:00:00,2,5,530.3,5.87,0.341,530.641
Hotspot,String-4_Panel-18,Medium,7,Inspect Cells,Inspect Cells,928,Sunny,2023-01-06 22:00:00,4,18,83.92,1.02,0.052,83.97200000000001
Shadowing,String-5_Panel-1,Medium,1,Remove Obstruction,Remove Obstruction,352,Sunny,2023-01-06 23:00:00,5,1,52.83,0.54,0.034,52.864
Hotspot,String-1_Panel-10,Critical,13,Replace Module,Clean Panel,542,Sunny,2023-01-07 02:00:00,1,10,543.15,6.21,0.388,543.538
Shadowing,String-9_Panel-2,High,6,Adjust Tilt,Adjust Tilt,563,Sunny,2023-01-07 04:00:00,9,2,119.16,1.93,0.108,119.268
Hotspot,String-1_Panel-5,Medium,7,Inspect Cells,Inspect Cells,226,Sunny,2023-01-07 04:00:00,1,5,77.98,0.85,0.046,78.02600000000001
Short Circuit,String-8_Panel-8,Critical,7,Replace Module,Inspect Cells,435,Rainy,2023-01-07 06:00:00,8,8,498.63,5.36,0.276,498.906
Open Circuit,String-9_Panel-8,Medium,5,Replace Connector,Replace Fuse,512,Cloudy,2023-01-07 06:00:00,9,8,92.41,1.01,0.047,92.457
Short Circuit,String-2_Panel-3,Medium,2,Replace Fuse,Reinstall Module,731,Cloudy,2023-01-07 08:00:00,2,3,64.32,0.54,0.023,64.34299999999999
Open Circuit,String-2_Panel-17,Low,4,Tighten Connection,Tighten Connection,282,Sunny,2023-01-07 09:00:00,2,17,37.91,0.53,0.026,37.936
Short Circuit,String-7_Panel-7,High,5,Replace Wiring,Replace Fuse,645,Cloudy,2023-01-07 09:00:00,7,7,132.62,1.98,0.097,132.717
Short Circuit,String-2_Panel-3,Low,12,Inspect Junction Box,Reinstall Module,937,Cloudy,2023-01-07 10:00:00,2,3,64.96,1.02,0.067,65.02699999999999
Short Circuit,String-2_Panel-16,Critical,12,Replace Module,Replace Module,694,Rainy,2023-01-07 11:00:00,2,16,575.59,6.9,0.416,576.0060000000001
Shadowing,String-6_Panel-8,Medium,1,Remove Obstruction,Replace Connector,804,Cloudy,2023-01-07 11:00:00,6,8,51.45,0.36,0.023,51.473000000000006
Short Circuit,String-3_Panel-16,Medium,10,Replace Fuse,Replace Panel Section,614,Sunny,2023-01-07 12:00:00,3,16,58.59,0.44,0.019,58.609
Short Circuit,String-10_Panel-16,Medium,11,Replace Fuse,Replace Fuse,862,Sunny,2023-01-07 14:00:00,10,16,69.59,0.43,0.024,69.614
Hotspot,String-10_Panel-14,Critical,6,Replace Module,Replace Module,352,Cloudy,2023-01-07 15:00:00,10,14,529.79,7.16,0.47,530.26
Shadowing,String-7_Panel-16,High,2,Adjust Tilt,Remove Obstruction,416,Cloudy,2023-01-07 19:00:00,7,16,122.39,2.44,0.146,122.536
Shadowing,String-7_Panel-8,Medium,9,Remove Obstruction,Remove Obstruction,224,Sunny,2023-01-07 21:00:00,7,8,48.3,0.4,0.017,48.317
Open Circuit,String-5_Panel-13,High,12,Inspect Junction Box,Replace Wiring,671,Rainy,2023-01-07 22:00:00,5,13,67.63,0.94,0.062,67.692
Open Circuit,String-6_Panel-13,Critical,12,Replace Module,Replace Module,472,Rainy,2023-01-07 23:00:00,6,13,530.05,4.72,0.245,530.295
Short Circuit,String-6_Panel-8,High,11,Replace Module,Inspect Junction Box,355,Cloudy,2023-01-08 00:00:00,6,8,495.97,6.92,0.383,496.353
Short Circuit,String-6_Panel-14,Low,12,Inspect Junction Box,Replace Connector,316,Cloudy,2023-01-08 00:00:00,6,14,66.43,1.06,0.066,66.49600000000001
Short Circuit,String-5_Panel-17,Low,2,Inspect Junction Box,Inspect Junction Box,974,Cloudy,2023-01-08 01:00:00,5,17,72.51,0.8,0.034,72.54400000000001
Open Circuit,String-5_Panel-9,Medium,9,Inspect Junction Box,Replace Connector,313,Rainy,2023-01-08 01:00:00,5,9,64.21,1.03,0.061,64.271
Hotspot,String-10_Panel-19,Low,8,Inspect Cells,Replace Wiring,839,Sunny,2023-01-08 01:00:00,10,19,88.03,0.9,0.054,88.084
Short Circuit,String-7_Panel-13,Low,4,Inspect Junction Box,Replace Module,211,Rainy,2023-01-08 01:00:00,7,13,74.0,1.03,0.049,74.049
Open Circuit,String-7_Panel-14,Low,4,Tighten Connection,Tighten Connection,735,Sunny,2023-01-08 03:00:00,7,14,44.64,0.47,0.02,44.660000000000004
Short Circuit,String-5_Panel-4,Medium,7,Replace Fuse,Clean Panel,613,Sunny,2023-01-08 03:00:00,5,4,61.29,0.46,0.02,61.31
Shadowing,String-2_Panel-5,High,9,Adjust Tilt,Adjust Tilt,856,Cloudy,2023-01-08 05:00:00,2,5,114.88,1.9,0.11,114.99
Open Circuit,String-1_Panel-15,High,7,Replace Wiring,Reinstall Module,478,Sunny,2023-01-08 06:00:00,1,15,137.51,1.42,0.072,137.582
Shadowing,String-7_Panel-15,Medium,4,Remove Obstruction,Replace Module,381,Cloudy,2023-01-08 07:00:00,7,15,60.2,0.48,0.027,60.227000000000004
Shadowing,String-1_Panel-2,Low,1,Remove Obstruction,Clean Panel,938,Rainy,2023-01-08 09:00:00,1,2,48.76,0.48,0.031,48.791
Short Circuit,String-6_Panel-4,High,1,Replace Wiring,Tighten Connection,989,Rainy,2023-01-08 09:00:00,6,4,136.64,2.14,0.107,136.74699999999999
Open Circuit,String-7_Panel-6,High,8,Replace Wiring,Clean Panel,555,Sunny,2023-01-08 10:00:00,7,6,132.07,2.17,0.143,132.213
Open Circuit,String-8_Panel-14,High,7,Replace Wiring,Remove Obstruction,310,Cloudy,2023-01-08 10:00:00,8,14,152.06,1.92,0.087,152.147
Short Circuit,String-6_Panel-2,High,6,Replace Wiring,Replace Wiring,351,Rainy,2023-01-08 11:00:00,6,2,157.38,1.58,0.081,157.46099999999998
Shadowing,String-6_Panel-11,Critical,2,Reinstall Module,Reinstall Module,746,Sunny,2023-01-08 11:00:00,6,11,193.75,3.67,0.166,193.916
Shadowing,String-8_Panel-19,High,6,Remove Obstruction,Replace Wiring,405,Sunny,2023-01-08 14:00:00,8,19,56.67,0.43,0.02,56.690000000000005
Shadowing,String-5_Panel-17,Critical,14,Replace Module,Tighten Connection,237,Sunny,2023-01-08 15:00:00,5,17,533.29,5.37,0.308,533.598
Shadowing,String-10_Panel-15,Medium,7,Remove Obstruction,Remove Obstruction,838,Sunny,2023-01-08 16:00:00,10,15,54.85,0.48,0.031,54.881
Shadowing,String-10_Panel-1,Low,12,Adjust Tilt,Replace Panel Section,534,Cloudy,2023-01-08 17:00:00,10,1,119.83,1.78,0.087,119.917
Short Circuit,String-2_Panel-10,High,8,Replace Wiring,Replace Fuse,455,Sunny,2023-01-08 18:00:00,2,10,149.02,1.59,0.079,149.09900000000002
Open Circuit,String-5_Panel-14,Critical,1,Replace Module,Replace Module,759,Cloudy,2023-01-08 18:00:00,5,14,540.05,5.62,0.336,540.386
Hotspot,String-1_Panel-15,High,11,Replace Module,Clean Panel,273,Cloudy,2023-01-08 19:00:00,1,15,552.65,6.2,0.305,552.9549999999999
Shadowing,String-2_Panel-12,Medium,8,Clean Panel,Replace Connector,247,Rainy,2023-01-08 19:00:00,2,12,26.84,0.33,0.015,26.855
Hotspot,String-6_Panel-17,Medium,1,Inspect Cells,Replace Panel Section,534,Rainy,2023-01-08 20:00:00,6,17,101.2,1.05,0.064,101.264
Open Circuit,String-6_Panel-7,High,10,Replace Wiring,Tighten Connection,322,Sunny,2023-01-08 21:00:00,6,7,148.0,2.2,0.117,148.117
Open Circuit,String-1_Panel-16,High,12,Replace Wiring,Replace Wiring,647,Cloudy,2023-01-08 22:00:00,1,16,165.02,1.87,0.115,165.13500000000002
Short Circuit,String-10_Panel-12,Critical,14,Replace Module,Adjust Tilt,736,Cloudy,2023-01-08 23:00:00,10,12,499.16,5.69,0.264,499.42400000000004
Hotspot,String-3_Panel-9,High,5,Replace Panel Section,Replace Panel Section,200,Rainy,2023-01-09 00:00:00,3,9,340.24,4.72,0.272,340.512
Shadowing,String-4_Panel-14,Low,5,Remove Obstruction,Clean Panel,703,Cloudy,2023-01-09 04:00:00,4,14,48.3,0.52,0.027,48.327
Short Circuit,String-3_Panel-17,Critical,4,Replace Module,Clean Panel,444,Rainy,2023-01-09 05:00:00,3,17,559.61,4.38,0.195,559.8050000000001
Hotspot,String-1_Panel-15,Low,11,Clean Panel,Replace Wiring,303,Rainy,2023-01-09 06:00:00,1,15,28.12,0.22,0.009,28.129
Open Circuit,String-1_Panel-18,High,1,Replace Wiring,Inspect Cells,869,Sunny,2023-01-09 06:00:00,1,18,139.02,1.95,0.097,139.11700000000002
Hotspot,String-10_Panel-19,Medium,2,Inspect Cells,Inspect Cells,991,Rainy,2023-01-09 07:00:00,10,19,83.33,0.88,0.045,83.375
Hotspot,String-10_Panel-19,Medium,8,Inspect Cells,Replace Module,760,Cloudy,2023-01-09 10:00:00,10,19,92.13,0.88,0.041,92.17099999999999
Hotspot,String-8_Panel-15,Medium,4,Inspect Cells,Inspect Cells,476,Sunny,2023-01-09 10:00:00,8,15,88.8,0.97,0.051,88.851
Hotspot,String-10_Panel-10,High,3,Replace Panel Section,Replace Panel Section,332,Cloudy,2023-01-09 10:00:00,10,10,319.65,4.34,0.272,319.92199999999997
Shadowing,String-3_Panel-14,Medium,7,Remove Obstruction,Clean Panel,514,Sunny,2023-01-09 11:00:00,3,14,49.95,0.49,0.026,49.976000000000006
Short Circuit,String-9_Panel-8,Critical,11,Replace Module,Replace Module,847,Cloudy,2023-01-09 14:00:00,9,8,454.96,6.49,0.394,455.354
Short Circuit,String-5_Panel-13,Critical,7,Reinstall Module,Replace Module,614,Cloudy,2023-01-09 14:00:00,5,13,183.64,2.97,0.147,183.78699999999998
Shadowing,String-9_Panel-4,High,12,Adjust Tilt,Reinstall Module,408,Cloudy,2023-01-09 15:00:00,9,4,98.1,1.64,0.096,98.196
Short Circuit,String-6_Panel-15,Medium,11,Replace Fuse,Replace Fuse,691,Rainy,2023-01-09 15:00:00,6,15,67.01,0.52,0.033,67.043
Open Circuit,String-2_Panel-18,High,7,Replace Wiring,Reinstall Module,265,Sunny,2023-01-09 16:00:00,2,18,136.32,1.73,0.102,136.422
Short Circuit,String-6_Panel-5,Low,5,Inspect Junction Box,Inspect Junction Box,938,Rainy,2023-01-09 16:00:00,6,5,70.33,1.07,0.048,70.378
Hotspot,String-6_Panel-12,High,10,Replace Panel Section,Adjust Tilt,750,Rainy,2023-01-09 16:00:00,6,12,327.12,4.08,0.19,327.31
Shadowing,String-4_Panel-11,Critical,8,Reinstall Module,Replace Module,562,Cloudy,2023-01-09 17:00:00,4,11,212.91,2.42,0.137,213.047
Shadowing,String-6_Panel-1,High,9,Adjust Tilt,Adjust Tilt,808,Cloudy,2023-01-09 19:00:00,6,1,129.62,2.29,0.128,129.748
Short Circuit,String-7_Panel-13,Critical,2,Replace Module,Replace Panel Section,284,Sunny,2023-01-09 20:00:00,7,13,442.63,6.07,0.379,443.009
Open Circuit,String-2_Panel-13,Critical,2,Replace Module,Remove Obstruction,761,Rainy,2023-01-09 21:00:00,2,13,594.78,6.37,0.386,595.1659999999999
Short Circuit,String-4_Panel-16,Low,14,Inspect Junction Box,Inspect Cells,544,Sunny,2023-01-09 23:00:00,4,16,65.0,1.0,0.064,65.064
Open Circuit,String-1_Panel-7,Low,1,Tighten Connection,Inspect Junction Box,789,Rainy,2023-01-10 02:00:00,1,7,36.75,0.62,0.041,36.791
Open Circuit,String-5_Panel-11,High,5,Replace Wiring,Replace Wiring,835,Cloudy,2023-01-10 03:00:00,5,11,163.63,1.78,0.088,163.718
Hotspot,String-7_Panel-15,High,8,Replace Module,Inspect Cells,524,Rainy,2023-01-10 03:00:00,7,15,546.61,6.32,0.298,546.908
Hotspot,String-8_Panel-8,Critical,4,Replace Module,Replace Module,953,Rainy,2023-01-10 03:00:00,8,8,546.43,6.53,0.287,546.717
Short Circuit,String-3_Panel-5,Low,5,Inspect Junction Box,Replace Panel Section,707,Sunny,2023-01-10 05:00:00,3,5,71.91,0.79,0.033,71.943
Short Circuit,String-9_Panel-20,High,5,Replace Wiring,Replace Wiring,661,Cloudy,2023-01-10 06:00:00,9,20,143.33,1.69,0.1,143.43
Shadowing,String-5_Panel-16,Critical,4,Reinstall Module,Reinstall Module,317,Sunny,2023-01-10 06:00:00,5,16,227.66,3.49,0.221,227.881
Shadowing,String-6_Panel-6,Medium,2,Remove Obstruction,Replace Wiring,776,Sunny,2023-01-10 06:00:00,6,6,55.4,0.5,0.023,55.423
Short Circuit,String-10_Panel-3,High,11,Replace Wiring,Replace Wiring,493,Cloudy,2023-01-10 07:00:00,10,3,136.88,2.1,0.114,136.994
Short Circuit,String-1_Panel-6,Low,7,Inspect Junction Box,Clean Panel,414,Sunny,2023-01-10 08:00:00,1,6,62.71,0.99,0.042,62.752
Hotspot,String-2_Panel-10,Medium,10,Inspect Cells,Inspect Cells,269,Cloudy,2023-01-10 08:00:00,2,10,97.22,1.11,0.05,97.27
Short Circuit,String-8_Panel-19,High,13,Replace Module,Replace Wiring,587,Cloudy,2023-01-10 08:00:00,8,19,530.35,6.03,0.331,530.681
Hotspot,String-8_Panel-10,High,10,Clean Panel,Replace Panel Section,872,Sunny,2023-01-10 09:00:00,8,10,27.4,0.29,0.013,27.413
Hotspot,String-8_Panel-9,Medium,2,Inspect Cells,Tighten Connection,655,Cloudy,2023-01-10 09:00:00,8,9,76.5,1.06,0.061,76.561
Open Circuit,String-6_Panel-19,Critical,14,Replace Module,Replace Fuse,223,Sunny,2023-01-10 09:00:00,6,19,445.67,5.91,0.333,446.00300000000004
Shadowing,String-6_Panel-13,Low,8,Remove Obstruction,Replace Module,923,Cloudy,2023-01-10 10:00:00,6,13,54.24,0.56,0.027,54.267
Open Circuit,String-10_Panel-5,Low,12,Replace Wiring,Tighten Connection,809,Cloudy,2023-01-10 11:00:00,10,5,139.86,1.74,0.09,139.95000000000002
Shadowing,String-2_Panel-13,Medium,3,Remove Obstruction,Remove Obstruction,809,Cloudy,2023-01-10 11:00:00,2,13,51.52,0.58,0.032,51.552
Open Circuit,String-10_Panel-12,High,14,Replace Wiring,Replace Wiring,270,Rainy,2023-01-10 13:00:00,10,12,148.41,1.7,0.089,148.499
Short Circuit,String-6_Panel-19,High,6,Replace Wiring,Replace Panel Section,481,Rainy,2023-01-10 15:00:00,6,19,152.61,1.95,0.119,152.729
Short Circuit,String-8_Panel-10,Medium,1,Inspect Junction Box,Replace Fuse,901,Cloudy,2023-01-10 16:00:00,8,10,71.42,0.94,0.042,71.462
Shadowing,String-10_Panel-15,Medium,7,Reinstall Module,Adjust Tilt,532,Rainy,2023-01-10 17:00:00,10,15,204.98,2.86,0.167,205.147
Hotspot,String-7_Panel-14,High,3,Replace Panel Section,Inspect Junction Box,485,Rainy,2023-01-10 18:00:00,7,14,326.99,3.45,0.16,327.15000000000003
Shadowing,String-4_Panel-7,High,9,Adjust Tilt,Replace Module,887,Rainy,2023-01-10 18:00:00,4,7,133.8,1.72,0.092,133.89200000000002
Shadowing,String-9_Panel-8,High,7,Remove Obstruction,Adjust Tilt,278,Sunny,2023-01-10 19:00:00,9,8,42.55,0.5,0.026,42.576
Short Circuit,String-7_Panel-16,Critical,6,Replace Module,Adjust Tilt,263,Sunny,2023-01-10 21:00:00,7,16,515.11,6.87,0.409,515.519
Shadowing,String-7_Panel-13,Medium,3,Adjust Tilt,Replace Wiring,306,Sunny,2023-01-10 23:00:00,7,13,123.8,2.37,0.106,123.90599999999999
Short Circuit,String-8_Panel-2,Medium,10,Replace Fuse,Replace Fuse,799,Sunny,2023-01-10 23:00:00,8,2,58.18,0.45,0.028,58.208
Short Circuit,String-3_Panel-8,High,3,Replace Wiring,Replace Wiring,965,Sunny,2023-01-11 00:00:00,3,8,146.08,2.34,0.14,146.22
Hotspot,String-5_Panel-4,Medium,6,Inspect Cells,Remove Obstruction,769,Cloudy,2023-01-11 00:00:00,5,4,82.72,1.23,0.063,82.783
Hotspot,String-10_Panel-8,Medium,13,Inspect Cells,Inspect Cells,449,Sunny,2023-01-11 00:00:00,10,8,96.93,0.99,0.051,96.98100000000001
Short Circuit,String-7_Panel-1,Low,7,Inspect Junction Box,Inspect Junction Box,955,Sunny,2023-01-11 00:00:00,7,1,72.05,1.38,0.077,72.127
Short Circuit,String-2_Panel-5,Critical,13,Replace Module,Replace Module,387,Sunny,2023-01-11 00:00:00,2,5,490.58,6.7,0.432,491.012
Open Circuit,String-2_Panel-7,Medium,1,Replace Connector,Replace Module,618,Sunny,2023-01-11 01:00:00,2,7,86.47,1.11,0.057,86.527
Shadowing,String-6_Panel-15,High,2,Remove Obstruction,Replace Wiring,527,Sunny,2023-01-11 02:00:00,6,15,51.11,0.5,0.023,51.133
Shadowing,String-2_Panel-2,Critical,12,Replace Module,Tighten Connection,602,Cloudy,2023-01-11 04:00:00,2,2,537.68,4.61,0.299,537.9789999999999
Open Circuit,String-10_Panel-3,High,2,Replace Wiring,Reinstall Module,429,Sunny,2023-01-11 05:00:00,10,3,138.22,1.65,0.099,138.319
Open Circuit,String-6_Panel-4,Low,4,Tighten Connection,Reinstall Module,958,Rainy,2023-01-11 05:00:00,6,4,40.27,0.46,0.021,40.291000000000004
Short Circuit,String-7_Panel-14,High,3,Replace Wiring,Replace Fuse,611,Sunny,2023-01-11 05:00:00,7,14,133.89,1.9,0.101,133.99099999999999
Short Circuit,String-9_Panel-16,Low,3,Inspect Junction Box,Inspect Junction Box,364,Rainy,2023-01-11 06:00:00,9,16,69.74,1.03,0.055,69.795
Open Circuit,String-8_Panel-8,Medium,14,Replace Wiring,Replace Connector,822,Sunny,2023-01-11 08:00:00,8,8,158.69,2.02,0.109,158.799
Open Circuit,String-3_Panel-19,High,5,Replace Wiring,Replace Wiring,621,Cloudy,2023-01-11 09:00:00,3,19,126.5,2.0,0.098,126.598
Open Circuit,String-1_Panel-19,High,14,Replace Module,Replace Wiring,351,Cloudy,2023-01-11 09:00:00,1,19,515.7,5.98,0.381,516.081
Short Circuit,String-8_Panel-14,Critical,11,Replace Module,Replace Module,785,Rainy,2023-01-11 10:00:00,8,14,559.42,5.2,0.337,559.757
Short Circuit,String-5_Panel-7,Medium,4,Inspect Junction Box,Adjust Tilt,242,Sunny,2023-01-11 10:00:00,5,7,63.88,1.03,0.051,63.931000000000004
Shadowing,String-7_Panel-16,Critical,9,Reinstall Module,Reinstall Module,713,Cloudy,2023-01-11 10:00:00,7,16,193.1,2.1,0.131,193.231
Shadowing,String-2_Panel-18,Critical,12,Replace Module,Reinstall Module,799,Rainy,2023-01-11 13:00:00,2,18,485.35,5.6,0.257,485.607
Shadowing,String-6_Panel-16,Medium,12,Remove Obstruction,Remove Obstruction,227,Rainy,2023-01-11 13:00:00,6,16,50.15,0.48,0.03,50.18
Shadowing,String-8_Panel-12,Low,7,Clean Panel,Clean Panel,963,Sunny,2023-01-11 15:00:00,8,12,28.38,0.27,0.013,28.393
Open Circuit,String-8_Panel-9,Medium,8,Replace Wiring,Clean Panel,987,Cloudy,2023-01-11 17:00:00,8,9,131.57,2.09,0.126,131.696
Hotspot,String-7_Panel-11,Low,1,Clean Panel,Clean Panel,547,Sunny,2023-01-11 18:00:00,7,11,29.65,0.36,0.023,29.673
Hotspot,String-7_Panel-11,Low,9,Inspect Cells,Clean Panel,984,Rainy,2023-01-11 18:00:00,7,11,99.01,0.97,0.043,99.05300000000001
Short Circuit,String-5_Panel-2,Medium,3,Inspect Junction Box,Tighten Connection,980,Sunny,2023-01-11 18:00:00,5,2,70.39,0.87,0.04,70.43
Open Circuit,String-8_Panel-12,Low,8,Tighten Connection,Replace Module,836,Rainy,2023-01-11 19:00:00,8,12,41.27,0.53,0.026,41.29600000000001
Hotspot,String-6_Panel-15,Critical,8,Replace Module,Replace Module,807,Cloudy,2023-01-11 19:00:00,6,15,561.08,6.83,0.43,561.51
Short Circuit,String-6_Panel-18,Critical,3,Replace Module,Replace Connector,662,Rainy,2023-01-11 19:00:00,6,18,479.94,6.38,0.306,480.246
Short Circuit,String-3_Panel-14,High,3,Inspect Junction Box,Replace Wiring,377,Sunny,2023-01-11 19:00:00,3,14,59.47,0.96,0.062,59.532
Shadowing,String-5_Panel-11,Medium,11,Reinstall Module,Remove Obstruction,216,Rainy,2023-01-11 19:00:00,5,11,201.91,2.79,0.152,202.06199999999998
Hotspot,String-9_Panel-1,Medium,4,Inspect Cells,Inspect Cells,268,Sunny,2023-01-11 21:00:00,9,1,97.8,0.98,0.054,97.854
Open Circuit,String-8_Panel-1,Medium,5,Replace Module,Inspect Junction Box,785,Sunny,2023-01-11 22:00:00,8,1,510.34,6.05,0.273,510.613
Short Circuit,String-4_Panel-10,Low,7,Inspect Junction Box,Inspect Junction Box,809,Cloudy,2023-01-11 22:00:00,4,10,72.51,1.14,0.074,72.584
Open Circuit,String-9_Panel-6,Medium,1,Replace Connector,Replace Connector,580,Sunny,2023-01-11 22:00:00,9,6,92.23,1.07,0.05,92.28
Shadowing,String-6_Panel-15,Medium,7,Remove Obstruction,Replace Module,398,Sunny,2023-01-11 23:00:00,6,15,49.65,0.56,0.025,49.675
Short Circuit,String-2_Panel-1,Medium,9,Replace Fuse,Replace Fuse,975,Cloudy,2023-01-12 00:00:00,2,1,61.02,0.55,0.031,61.051
Open Circuit,String-3_Panel-1,Critical,9,Replace Module,Replace Module,717,Sunny,2023-01-12 01:00:00,3,1,569.93,6.21,0.34,570.27
Short Circuit,String-8_Panel-18,Low,10,Replace Fuse,Reinstall Module,982,Rainy,2023-01-12 02:00:00,8,18,61.61,0.32,0.02,61.63
Short Circuit,String-4_Panel-20,Low,3,Inspect Junction Box,Replace Connector,625,Cloudy,2023-01-12 02:00:00,4,20,49.57,0.79,0.036,49.606
Open Circuit,String-5_Panel-18,Medium,11,Replace Connector,Inspect Junction Box,631,Cloudy,2023-01-12 02:00:00,5,18,93.44,0.86,0.037,93.477
Shadowing,String-1_Panel-7,Low,9,Remove Obstruction,Clean Panel,829,Cloudy,2023-01-12 03:00:00,1,7,55.48,0.47,0.027,55.507
Shadowing,String-8_Panel-10,Critical,9,Reinstall Module,Clean Panel,349,Rainy,2023-01-12 03:00:00,8,10,199.97,3.15,0.148,200.118
Short Circuit,String-4_Panel-10,Low,3,Inspect Junction Box,Inspect Junction Box,924,Rainy,2023-01-12 03:00:00,4,10,70.73,0.88,0.05,70.78
Shadowing,String-1_Panel-17,Medium,8,Remove Obstruction,Remove Obstruction,804,Cloudy,2023-01-12 03:00:00,1,17,49.86,0.42,0.02,49.88
Short Circuit,String-8_Panel-16,Low,14,Replace Fuse,Replace Module,951,Rainy,2023-01-12 03:00:00,8,16,56.44,0.56,0.025,56.464999999999996
Open Circuit,String-9_Panel-19,Low,1,Tighten Connection,Reinstall Module,823,Rainy,2023-01-12 05:00:00,9,19,39.1,0.49,0.025,39.125
Short Circuit,String-10_Panel-4,Medium,11,Replace Fuse,Tighten Connection,919,Cloudy,2023-01-12 05:00:00,10,4,62.96,0.44,0.026,62.986000000000004
Open Circuit,String-1_Panel-8,Medium,9,Replace Connector,Remove Obstruction,449,Sunny,2023-01-12 06:00:00,1,8,97.95,0.95,0.054,98.004
Short Circuit,String-10_Panel-5,Medium,4,Replace Fuse,Inspect Cells,570,Cloudy,2023-01-12 06:00:00,10,5,62.13,0.53,0.027,62.157000000000004
Hotspot,String-1_Panel-20,Critical,9,Replace Module,Replace Module,290,Sunny,2023-01-12 06:00:00,1,20,529.55,6.53,0.407,529.957
Short Circuit,String-7_Panel-18,Critical,2,Replace Module,Remove Obstruction,695,Cloudy,2023-01-12 06:00:00,7,18,546.29,4.99,0.316,546.606
Open Circuit,String-6_Panel-1,Critical,8,Replace Module,Replace Module,219,Cloudy,2023-01-12 07:00:00,6,1,507.41,5.65,0.278,507.68800000000005
Open Circuit,String-9_Panel-6,Medium,1,Replace Connector,Clean Panel,479,Cloudy,2023-01-12 07:00:00,9,6,100.65,1.22,0.073,100.723
Shadowing,String-6_Panel-1,Medium,7,Remove Obstruction,Remove Obstruction,836,Rainy,2023-01-12 07:00:00,6,1,49.56,0.52,0.031,49.591
Open Circuit,String-7_Panel-14,High,3,Replace Wiring,Replace Wiring,828,Sunny,2023-01-12 08:00:00,7,14,151.45,2.03,0.106,151.55599999999998
Open Circuit,String-1_Panel-3,High,6,Replace Wiring,Replace Wiring,620,Rainy,2023-01-12 09:00:00,1,3,149.29,1.82,0.095,149.385
Open Circuit,String-10_Panel-19,High,8,Inspect Junction Box,Tighten Connection,843,Rainy,2023-01-12 10:00:00,10,19,73.55,1.0,0.044,73.594
Open Circuit,String-3_Panel-6,Low,8,Tighten Connection,Tighten Connection,285,Cloudy,2023-01-12 11:00:00,3,6,42.14,0.48,0.028,42.168
Open Circuit,String-8_Panel-17,Critical,2,Replace Module,Adjust Tilt,817,Sunny,2023-01-12 11:00:00,8,17,535.76,5.11,0.239,535.999
Shadowing,String-1_Panel-17,Medium,13,Remove Obstruction,Remove Obstruction,485,Rainy,2023-01-12 13:00:00,1,17,48.0,0.4,0.019,48.019
Shadowing,String-7_Panel-8,Medium,6,Remove Obstruction,Remove Obstruction,620,Rainy,2023-01-12 14:00:00,7,8,45.92,0.5,0.024,45.944
Short Circuit,String-2_Panel-16,Medium,12,Replace Fuse,Replace Fuse,553,Sunny,2023-01-12 16:00:00,2,16,58.38,0.54,0.031,58.411
Hotspot,String-9_Panel-14,Low,5,Clean Panel,Clean Panel,329,Cloudy,2023-01-12 17:00:00,9,14,30.76,0.31,0.017,30.777
Hotspot,String-6_Panel-4,High,4,Replace Panel Section,Replace Panel Section,261,Cloudy,2023-01-12 21:00:00,6,4,266.04,3.83,0.217,266.257
Hotspot,String-4_Panel-3,Low,10,Remove Obstruction,Clean Panel,380,Rainy,2023-01-12 21:00:00,4,3,50.14,0.5,0.025,50.165
Open Circuit,String-3_Panel-14,Low,13,Tighten Connection,Tighten Connection,814,Rainy,2023-01-12 22:00:00,3,14,43.8,0.51,0.03,43.83
Open Circuit,String-1_Panel-10,High,10,Inspect Junction Box,Replace Wiring,693,Cloudy,2023-01-12 22:00:00,1,10,72.72,0.94,0.059,72.779
Open Circuit,String-1_Panel-12,High,5,Replace Wiring,Clean Panel,811,Cloudy,2023-01-13 00:00:00,1,12,161.83,1.87,0.12,161.95000000000002
Hotspot,String-5_Panel-7,Critical,2,Replace Module,Replace Module,390,Cloudy,2023-01-13 00:00:00,5,7,548.18,5.31,0.293,548.473
Open Circuit,String-2_Panel-8,Low,2,Tighten Connection,Tighten Connection,264,Cloudy,2023-01-13 00:00:00,2,8,42.24,0.51,0.025,42.265
Shadowing,String-7_Panel-13,High,1,Adjust Tilt,Adjust Tilt,925,Cloudy,2023-01-13 01:00:00,7,13,111.75,1.87,0.12,111.87
Short Circuit,String-4_Panel-3,High,4,Replace Wiring,Replace Wiring,896,Rainy,2023-01-13 02:00:00,4,3,138.53,2.11,0.126,138.656
Shadowing,String-10_Panel-2,Low,8,Clean Panel,Replace Module,718,Sunny,2023-01-13 02:00:00,10,2,29.51,0.3,0.016,29.526
Shadowing,String-1_Panel-4,Medium,9,Remove Obstruction,Adjust Tilt,955,Cloudy,2023-01-13 03:00:00,1,4,44.49,0.59,0.034,44.524
Hotspot,String-6_Panel-10,Critical,2,Replace Module,Tighten Connection,582,Sunny,2023-01-13 03:00:00,6,10,537.1,6.09,0.341,537.441
Open Circuit,String-9_Panel-19,Medium,8,Replace Connector,Reinstall Module,371,Rainy,2023-01-13 04:00:00,9,19,88.89,1.17,0.072,88.962
Hotspot,String-4_Panel-1,Critical,1,Replace Module,Replace Module,666,Sunny,2023-01-13 07:00:00,4,1,567.1,5.54,0.234,567.3340000000001
Short Circuit,String-10_Panel-19,Low,10,Replace Fuse,Inspect Junction Box,522,Rainy,2023-01-13 07:00:00,10,19,54.85,0.53,0.033,54.883
Open Circuit,String-1_Panel-5,Medium,8,Replace Connector,Adjust Tilt,572,Rainy,2023-01-13 07:00:00,1,5,89.44,0.98,0.044,89.484
Shadowing,String-9_Panel-9,Low,3,Remove Obstruction,Clean Panel,899,Cloudy,2023-01-13 07:00:00,9,9,49.08,0.4,0.019,49.099
Open Circuit,String-4_Panel-3,High,1,Replace Wiring,Adjust Tilt,253,Cloudy,2023-01-13 08:00:00,4,3,152.72,2.32,0.132,152.852
Shadowing,String-10_Panel-4,Medium,10,Remove Obstruction,Remove Obstruction,762,Rainy,2023-01-13 10:00:00,10,4,47.65,0.59,0.026,47.676
Shadowing,String-4_Panel-2,High,4,Remove Obstruction,Adjust Tilt,379,Rainy,2023-01-13 10:00:00,4,2,49.4,0.53,0.026,49.426
Shadowing,String-7_Panel-19,Critical,9,Reinstall Module,Reinstall Module,706,Cloudy,2023-01-13 11:00:00,7,19,201.77,2.85,0.127,201.89700000000002
Short Circuit,String-3_Panel-7,Low,5,Replace Fuse,Remove Obstruction,719,Rainy,2023-01-13 11:00:00,3,7,52.59,0.54,0.028,52.618
Shadowing,String-6_Panel-19,Critical,7,Reinstall Module,Replace Connector,751,Cloudy,2023-01-13 12:00:00,6,19,190.46,3.0,0.176,190.636
Hotspot,String-8_Panel-5,High,12,Replace Panel Section,Replace Module,804,Cloudy,2023-01-13 12:00:00,8,5,324.62,3.69,0.243,324.863
Shadowing,String-7_Panel-18,Critical,1,Reinstall Module,Reinstall Module,343,Cloudy,2023-01-13 12:00:00,7,18,198.93,3.57,0.212,199.142
Hotspot,String-1_Panel-5,High,8,Replace Panel Section,Replace Wiring,772,Rainy,2023-01-13 13:00:00,1,5,344.93,4.6,0.244,345.17400000000004
Open Circuit,String-9_Panel-13,Critical,6,Replace Module,Replace Module,206,Cloudy,2023-01-13 13:00:00,9,13,545.55,6.43,0.374,545.924
Shadowing,String-7_Panel-18,Critical,11,Replace Module,Replace Module,999,Rainy,2023-01-13 13:00:00,7,18,474.35,6.5,0.403,474.75300000000004
Short Circuit,String-7_Panel-1,Medium,8,Replace Fuse,Replace Fuse,329,Sunny,2023-01-13 16:00:00,7,1,56.19,0.58,0.029,56.219
Short Circuit,String-4_Panel-13,Low,5,Inspect Junction Box,Inspect Junction Box,300,Rainy,2023-01-13 17:00:00,4,13,78.33,0.97,0.052,78.382
Short Circuit,String-8_Panel-19,Low,8,Replace Fuse,Inspect Junction Box,628,Rainy,2023-01-13 18:00:00,8,19,58.85,0.51,0.032,58.882
Shadowing,String-4_Panel-13,Low,6,Clean Panel,Clean Panel,441,Sunny,2023-01-13 18:00:00,4,13,32.72,0.29,0.016,32.736
Short Circuit,String-6_Panel-3,Critical,12,Replace Module,Replace Module,256,Cloudy,2023-01-13 18:00:00,6,3,478.87,6.32,0.266,479.136
Short Circuit,String-5_Panel-3,High,2,Replace Module,Tighten Connection,592,Sunny,2023-01-13 19:00:00,5,3,488.81,5.83,0.25,489.06
Shadowing,String-5_Panel-7,High,10,Remove Obstruction,Replace Module,339,Sunny,2023-01-13 19:00:00,5,7,48.92,0.61,0.028,48.948
Open Circuit,String-10_Panel-7,Low,4,Tighten Connection,Clean Panel,702,Cloudy,2023-01-13 20:00:00,10,7,39.22,0.37,0.023,39.243
Hotspot,String-3_Panel-1,Critical,13,Replace Module,Inspect Junction Box,817,Sunny,2023-01-13 21:00:00,3,1,509.06,5.51,0.244,509.30400000000003
Open Circuit,String-3_Panel-7,Low,13,Tighten Connection,Inspect Cells,708,Rainy,2023-01-13 21:00:00,3,7,39.47,0.58,0.028,39.498
Open Circuit,String-2_Panel-8,Critical,4,Replace Module,Replace Module,909,Cloudy,2023-01-13 23:00:00,2,8,521.55,5.94,0.356,521.906
Short Circuit,String-3_Panel-13,Medium,12,Replace Fuse,Replace Wiring,346,Sunny,2023-01-14 02:00:00,3,13,68.25,0.36,0.017,68.267
Shadowing,String-3_Panel-14,High,12,Adjust Tilt,Adjust Tilt,503,Sunny,2023-01-14 02:00:00,3,14,114.79,2.0,0.09,114.88000000000001
Hotspot,String-5_Panel-6,Low,8,Clean Panel,Clean Panel,228,Sunny,2023-01-14 04:00:00,5,6,31.14,0.29,0.013,31.153000000000002
Short Circuit,String-8_Panel-8,Low,5,Inspect Junction Box,Inspect Cells,962,Cloudy,2023-01-14 06:00:00,8,8,75.77,1.02,0.067,75.83699999999999
Open Circuit,String-6_Panel-4,Low,7,Replace Wiring,Tighten Connection,755,Sunny,2023-01-14 07:00:00,6,4,153.27,1.87,0.098,153.36800000000002
Open Circuit,String-3_Panel-16,Medium,5,Replace Connector,Tighten Connection,638,Rainy,2023-01-14 07:00:00,3,16,90.8,1.0,0.065,90.865
Hotspot,String-9_Panel-17,Medium,12,Replace Panel Section,Inspect Cells,811,Sunny,2023-01-14 09:00:00,9,17,257.26,3.32,0.157,257.417
Short Circuit,String-5_Panel-6,High,10,Replace Module,Replace Wiring,648,Rainy,2023-01-14 10:00:00,5,6,504.89,5.82,0.347,505.23699999999997
Short Circuit,String-8_Panel-20,High,2,Replace Connector,Replace Wiring,800,Rainy,2023-01-14 11:00:00,8,20,82.91,0.9,0.055,82.965
Open Circuit,String-3_Panel-9,Critical,8,Replace Module,Clean Panel,295,Cloudy,2023-01-14 11:00:00,3,9,594.95,5.7,0.246,595.196
Short Circuit,String-5_Panel-6,Critical,8,Replace Panel Section,Replace Connector,291,Sunny,2023-01-14 11:00:00,5,6,290.58,3.08,0.149,290.729
Short Circuit,String-5_Panel-12,Critical,5,Replace Module,Replace Module,908,Sunny,2023-01-14 14:00:00,5,12,478.49,5.94,0.367,478.857
Hotspot,String-7_Panel-7,Medium,13,Replace Panel Section,Replace Wiring,982,Sunny,2023-01-14 15:00:00,7,7,300.49,4.07,0.197,300.687
Open Circuit,String-7_Panel-10,Low,3,Tighten Connection,Replace Fuse,208,Cloudy,2023-01-14 16:00:00,7,10,41.34,0.42,0.023,41.36300000000001
Short Circuit,String-8_Panel-6,Medium,11,Replace Fuse,Remove Obstruction,701,Sunny,2023-01-14 17:00:00,8,6,56.16,0.54,0.023,56.183
Open Circuit,String-5_Panel-20,Low,14,Tighten Connection,Tighten Connection,691,Sunny,2023-01-14 18:00:00,5,20,35.6,0.48,0.028,35.628
Short Circuit,String-7_Panel-2,Medium,6,Replace Fuse,Remove Obstruction,686,Rainy,2023-01-14 19:00:00,7,2,62.94,0.49,0.026,62.966
Shadowing,String-1_Panel-9,Critical,8,Replace Module,Reinstall Module,585,Cloudy,2023-01-14 19:00:00,1,9,561.91,5.82,0.253,562.163
Short Circuit,String-4_Panel-18,Medium,11,Replace Fuse,Replace Fuse,718,Rainy,2023-01-14 19:00:00,4,18,69.28,0.62,0.029,69.309
Open Circuit,String-7_Panel-8,Critical,13,Replace Module,Replace Module,322,Cloudy,2023-01-14 20:00:00,7,8,481.46,7.07,0.314,481.774
Short Circuit,String-5_Panel-18,Critical,14,Replace Module,Inspect Cells,585,Cloudy,2023-01-14 20:00:00,5,18,464.98,5.65,0.261,465.24100000000004
Open Circuit,String-9_Panel-12,Critical,1,Replace Module,Replace Module,230,Sunny,2023-01-14 20:00:00,9,12,515.74,5.53,0.275,516.015
Hotspot,String-9_Panel-8,Critical,6,Replace Module,Replace Fuse,467,Cloudy,2023-01-14 20:00:00,9,8,490.37,5.37,0.271,490.641
Short Circuit,String-9_Panel-9,Medium,12,Replace Fuse,Replace Fuse,256,Rainy,2023-01-14 20:00:00,9,9,61.43,0.55,0.026,61.456
Open Circuit,String-8_Panel-20,Low,8,Tighten Connection,Tighten Connection,495,Cloudy,2023-01-14 22:00:00,8,20,39.4,0.46,0.02,39.42
Shadowing,String-6_Panel-15,Critical,4,Reinstall Module,Reinstall Module,639,Cloudy,2023-01-14 22:00:00,6,15,177.95,2.35,0.134,178.08399999999997
Open Circuit,String-2_Panel-19,High,14,Inspect Junction Box,Replace Fuse,853,Rainy,2023-01-15 00:00:00,2,19,63.31,1.16,0.07,63.38
Shadowing,String-4_Panel-17,High,8,Remove Obstruction,Adjust Tilt,364,Rainy,2023-01-15 00:00:00,4,17,55.16,0.52,0.035,55.19499999999999
Short Circuit,String-2_Panel-18,High,10,Replace Module,Replace Wiring,794,Rainy,2023-01-15 00:00:00,2,18,482.52,6.38,0.317,482.837
Hotspot,String-8_Panel-20,Critical,3,Replace Module,Reinstall Module,378,Rainy,2023-01-15 00:00:00,8,20,496.01,6.4,0.393,496.40299999999996
Open Circuit,String-10_Panel-4,Low,8,Tighten Connection,Replace Module,215,Sunny,2023-01-15 00:00:00,10,4,38.24,0.43,0.023,38.263000000000005
Shadowing,String-9_Panel-11,Medium,1,Remove Obstruction,Remove Obstruction,317,Cloudy,2023-01-15 01:00:00,9,11,50.35,0.52,0.029,50.379000000000005
Open Circuit,String-2_Panel-19,Medium,6,Replace Connector,Replace Connector,592,Sunny,2023-01-15 03:00:00,2,19,90.19,1.07,0.05,90.24
Short Circuit,String-8_Panel-16,Low,7,Inspect Junction Box,Replace Panel Section,948,Cloudy,2023-01-15 03:00:00,8,16,78.69,1.15,0.065,78.755
Hotspot,String-4_Panel-13,Medium,9,Inspect Cells,Inspect Cells,698,Sunny,2023-01-15 04:00:00,4,13,96.45,0.94,0.049,96.49900000000001
Open Circuit,String-6_Panel-7,Medium,3,Replace Connector,Replace Connector,658,Sunny,2023-01-15 05:00:00,6,7,90.49,0.95,0.061,90.551
Shadowing,String-1_Panel-17,High,4,Remove Obstruction,Adjust Tilt,311,Cloudy,2023-01-15 05:00:00,1,17,49.31,0.41,0.021,49.331
Open Circuit,String-10_Panel-13,High,10,Replace Wiring,Replace Module,939,Cloudy,2023-01-15 07:00:00,10,13,168.2,1.81,0.105,168.30499999999998
Shadowing,String-1_Panel-7,High,8,Adjust Tilt,Adjust Tilt,889,Cloudy,2023-01-15 08:00:00,1,7,113.04,1.85,0.093,113.13300000000001
Hotspot,String-9_Panel-20,Medium,4,Inspect Cells,Inspect Cells,926,Rainy,2023-01-15 10:00:00,9,20,84.74,1.21,0.056,84.79599999999999
Shadowing,String-5_Panel-6,High,9,Remove Obstruction,Replace Connector,327,Sunny,2023-01-15 10:00:00,5,6,54.0,0.51,0.024,54.024
Open Circuit,String-8_Panel-1,High,1,Replace Wiring,Replace Module,636,Cloudy,2023-01-15 14:00:00,8,1,144.63,1.99,0.096,144.726
Shadowing,String-1_Panel-11,Low,7,Clean Panel,Clean Panel,640,Sunny,2023-01-15 14:00:00,1,11,27.99,0.32,0.018,28.008
Short Circuit,String-5_Panel-17,Critical,6,Replace Module,Replace Panel Section,252,Rainy,2023-01-15 15:00:00,5,17,544.69,7.11,0.46,545.1500000000001
Hotspot,String-5_Panel-17,Low,2,Inspect Cells,Clean Panel,965,Sunny,2023-01-15 16:00:00,5,17,82.45,1.04,0.058,82.50800000000001
Short Circuit,String-5_Panel-12,Critical,9,Replace Module,Replace Module,401,Cloudy,2023-01-15 19:00:00,5,12,520.97,5.57,0.325,521.2950000000001
Hotspot,String-1_Panel-19,Medium,4,Inspect Cells,Inspect Cells,897,Sunny,2023-01-15 19:00:00,1,19,87.47,0.97,0.058,87.528
Short Circuit,String-3_Panel-15,Medium,9,Replace Fuse,Tighten Connection,638,Rainy,2023-01-15 21:00:00,3,15,49.58,0.38,0.02,49.6
Shadowing,String-3_Panel-8,Critical,1,Reinstall Module,Remove Obstruction,712,Sunny,2023-01-15 22:00:00,3,8,200.97,3.09,0.154,201.124
Short Circuit,String-3_Panel-7,Critical,1,Replace Module,Inspect Junction Box,229,Sunny,2023-01-15 23:00:00,3,7,519.03,7.44,0.414,519.444
Hotspot,String-10_Panel-5,High,10,Replace Panel Section,Clean Panel,769,Cloudy,2023-01-15 23:00:00,10,5,324.34,3.79,0.23,324.57
Short Circuit,String-3_Panel-6,Low,13,Inspect Junction Box,Replace Wiring,743,Sunny,2023-01-16 00:00:00,3,6,58.08,1.03,0.067,58.147
Short Circuit,String-1_Panel-4,High,10,Replace Wiring,Replace Wiring,769,Cloudy,2023-01-16 01:00:00,1,4,131.09,1.84,0.086,131.17600000000002
Hotspot,String-6_Panel-6,Low,2,Inspect Cells,Replace Panel Section,982,Sunny,2023-01-16 02:00:00,6,6,78.44,1.01,0.051,78.491
Shadowing,String-7_Panel-13,Critical,11,Replace Panel Section,Inspect Junction Box,745,Cloudy,2023-01-16 02:00:00,7,13,254.82,4.29,0.23,255.04999999999998
Shadowing,String-7_Panel-15,Critical,1,Reinstall Module,Replace Wiring,446,Sunny,2023-01-16 03:00:00,7,15,195.98,2.11,0.119,196.099
Hotspot,String-2_Panel-19,Critical,1,Replace Module,Replace Module,769,Rainy,2023-01-16 03:00:00,2,19,571.29,4.0,0.208,571.4979999999999
Shadowing,String-3_Panel-2,Low,11,Remove Obstruction,Clean Panel,436,Rainy,2023-01-16 04:00:00,3,2,45.28,0.55,0.034,45.314
Shadowing,String-8_Panel-8,Medium,3,Remove Obstruction,Replace Fuse,584,Sunny,2023-01-16 05:00:00,8,8,51.62,0.53,0.034,51.653999999999996
Shadowing,String-1_Panel-6,Critical,7,Replace Panel Section,Reinstall Module,328,Cloudy,2023-01-16 05:00:00,1,6,314.8,4.18,0.222,315.022
Shadowing,String-6_Panel-3,Low,3,Remove Obstruction,Replace Wiring,638,Sunny,2023-01-16 06:00:00,6,3,54.76,0.45,0.026,54.786
Hotspot,String-6_Panel-13,Medium,1,Inspect Cells,Inspect Cells,406,Cloudy,2023-01-16 06:00:00,6,13,84.85,0.81,0.035,84.88499999999999
Open Circuit,String-8_Panel-14,Low,11,Replace Wiring,Tighten Connection,338,Sunny,2023-01-16 07:00:00,8,14,161.61,2.07,0.098,161.70800000000003
Hotspot,String-7_Panel-19,Medium,8,Inspect Cells,Replace Module,424,Sunny,2023-01-16 07:00:00,7,19,84.16,1.09,0.055,84.215
Short Circuit,String-7_Panel-4,Low,8,Replace Fuse,Replace Wiring,586,Rainy,2023-01-16 09:00:00,7,4,54.84,0.55,0.029,54.86900000000001
Hotspot,String-10_Panel-4,High,14,Replace Panel Section,Inspect Junction Box,398,Rainy,2023-01-16 10:00:00,10,4,330.55,4.89,0.215,330.765
Shadowing,String-10_Panel-1,Medium,11,Remove Obstruction,Remove Obstruction,597,Rainy,2023-01-16 10:00:00,10,1,52.63,0.66,0.038,52.668
Hotspot,String-10_Panel-14,High,14,Replace Panel Section,Replace Panel Section,887,Rainy,2023-01-16 12:00:00,10,14,299.57,4.21,0.18,299.75
Hotspot,String-3_Panel-9,Low,9,Clean Panel,Replace Connector,355,Rainy,2023-01-16 12:00:00,3,9,28.74,0.26,0.017,28.756999999999998
Open Circuit,String-5_Panel-3,Medium,8,Replace Connector,Replace Connector,524,Sunny,2023-01-16 12:00:00,5,3,92.35,0.91,0.045,92.395
Hotspot,String-10_Panel-20,Medium,2,Replace Module,Inspect Cells,486,Cloudy,2023-01-16 12:00:00,10,20,515.46,5.82,0.375,515.835
Hotspot,String-4_Panel-14,High,3,Clean Panel,Replace Panel Section,291,Sunny,2023-01-16 13:00:00,4,14,26.9,0.31,0.019,26.918999999999997
Open Circuit,String-4_Panel-11,High,10,Replace Wiring,Replace Wiring,298,Cloudy,2023-01-16 13:00:00,4,11,155.59,1.91,0.122,155.71200000000002
Hotspot,String-2_Panel-4,High,14,Replace Panel Section,Tighten Connection,307,Cloudy,2023-01-16 15:00:00,2,4,309.5,3.88,0.204,309.704
Shadowing,String-6_Panel-18,Critical,8,Replace Module,Tighten Connection,610,Sunny,2023-01-16 15:00:00,6,18,558.12,4.75,0.235,558.355
Hotspot,String-10_Panel-16,Medium,3,Inspect Cells,Inspect Cells,424,Sunny,2023-01-16 18:00:00,10,16,82.42,1.05,0.068,82.488
Open Circuit,String-8_Panel-16,Critical,12,Replace Module,Replace Module,604,Cloudy,2023-01-16 18:00:00,8,16,575.27,6.9,0.407,575.677
Shadowing,String-7_Panel-8,High,13,Remove Obstruction,Adjust Tilt,278,Cloudy,2023-01-16 18:00:00,7,8,43.94,0.55,0.034,43.974
Hotspot,String-1_Panel-4,Critical,10,Replace Module,Replace Fuse,250,Sunny,2023-01-16 19:00:00,1,4,453.22,5.98,0.366,453.586
Open Circuit,String-4_Panel-12,Critical,12,Replace Module,Replace Panel Section,828,Sunny,2023-01-16 20:00:00,4,12,543.13,6.13,0.39,543.52
Hotspot,String-3_Panel-14,Low,3,Inspect Cells,Clean Panel,729,Cloudy,2023-01-16 20:00:00,3,14,95.02,1.15,0.061,95.081
Short Circuit,String-1_Panel-2,Low,10,Replace Fuse,Adjust Tilt,553,Rainy,2023-01-16 21:00:00,1,2,58.48,0.49,0.025,58.504999999999995
Open Circuit,String-6_Panel-12,Medium,14,Replace Wiring,Inspect Cells,820,Cloudy,2023-01-16 22:00:00,6,12,151.13,2.3,0.101,151.231
Shadowing,String-8_Panel-13,Critical,7,Replace Module,Replace Panel Section,403,Cloudy,2023-01-16 23:00:00,8,13,533.99,5.34,0.344,534.3340000000001
Hotspot,String-8_Panel-16,Medium,10,Inspect Cells,Adjust Tilt,826,Sunny,2023-01-16 23:00:00,8,16,95.05,0.93,0.043,95.093
Open Circuit,String-8_Panel-6,Low,3,Replace Connector,Tighten Connection,454,Cloudy,2023-01-17 00:00:00,8,6,76.53,1.22,0.058,76.58800000000001
Short Circuit,String-5_Panel-6,High,11,Replace Wiring,Remove Obstruction,414,Rainy,2023-01-17 00:00:00,5,6,147.81,2.14,0.14,147.95
Open Circuit,String-2_Panel-5,High,6,Inspect Junction Box,Replace Wiring,305,Sunny,2023-01-17 02:00:00,2,5,76.62,0.96,0.044,76.664
Open Circuit,String-2_Panel-3,Medium,11,Replace Wiring,Clean Panel,909,Sunny,2023-01-17 02:00:00,2,3,144.1,1.86,0.104,144.204
Hotspot,String-3_Panel-6,Medium,3,Inspect Cells,Inspect Cells,425,Rainy,2023-01-17 02:00:00,3,6,86.74,1.08,0.061,86.801
Shadowing,String-1_Panel-17,Low,6,Clean Panel,Reinstall Module,316,Sunny,2023-01-17 02:00:00,1,17,31.23,0.28,0.016,31.246
Shadowing,String-5_Panel-9,Low,7,Remove Obstruction,Clean Panel,928,Rainy,2023-01-17 05:00:00,5,9,43.73,0.58,0.029,43.759
Open Circuit,String-8_Panel-13,Critical,3,Replace Module,Clean Panel,457,Rainy,2023-01-17 06:00:00,8,13,484.55,7.61,0.399,484.949
Hotspot,String-5_Panel-19,Medium,6,Inspect Cells,Reinstall Module,786,Rainy,2023-01-17 06:00:00,5,19,91.6,1.0,0.061,91.661
Shadowing,String-5_Panel-4,Low,4,Remove Obstruction,Inspect Junction Box,305,Cloudy,2023-01-17 07:00:00,5,4,49.16,0.52,0.026,49.186
Short Circuit,String-1_Panel-14,Critical,14,Reinstall Module,Replace Module,521,Sunny,2023-01-17 07:00:00,1,14,202.9,2.67,0.14,203.04
Shadowing,String-7_Panel-18,High,1,Adjust Tilt,Adjust Tilt,660,Rainy,2023-01-17 09:00:00,7,18,128.84,2.16,0.099,128.939
Short Circuit,String-2_Panel-13,High,7,Replace Wiring,Replace Fuse,606,Sunny,2023-01-17 10:00:00,2,13,146.75,1.78,0.079,146.829
Short Circuit,String-9_Panel-18,Low,8,Inspect Junction Box,Replace Fuse,481,Sunny,2023-01-17 11:00:00,9,18,60.84,1.03,0.056,60.896
Shadowing,String-9_Panel-13,Low,9,Inspect Cells,Remove Obstruction,274,Sunny,2023-01-17 12:00:00,9,13,82.01,0.65,0.035,82.045
Short Circuit,String-6_Panel-13,Critical,11,Replace Module,Replace Module,792,Sunny,2023-01-17 14:00:00,6,13,566.63,5.52,0.241,566.871
Open Circuit,String-9_Panel-20,Critical,14,Replace Module,Replace Wiring,436,Rainy,2023-01-17 14:00:00,9,20,462.15,7.04,0.403,462.553
Short Circuit,String-5_Panel-2,Low,7,Inspect Junction Box,Clean Panel,827,Cloudy,2023-01-17 15:00:00,5,2,71.62,1.28,0.068,71.688
Hotspot,String-6_Panel-4,Low,5,Inspect Cells,Tighten Connection,848,Cloudy,2023-01-17 18:00:00,6,4,82.92,0.93,0.04,82.96000000000001
Hotspot,String-9_Panel-15,Critical,11,Replace Module,Reinstall Module,992,Sunny,2023-01-17 18:00:00,9,15,541.21,5.92,0.36,541.57
Open Circuit,String-5_Panel-11,High,13,Replace Wiring,Replace Wiring,645,Cloudy,2023-01-17 19:00:00,5,11,167.61,1.97,0.123,167.733
Shadowing,String-4_Panel-12,Medium,3,Remove Obstruction,Replace Fuse,859,Rainy,2023-01-17 19:00:00,4,12,50.36,0.61,0.035,50.394999999999996
Shadowing,String-10_Panel-16,High,10,Adjust Tilt,Adjust Tilt,522,Cloudy,2023-01-17 21:00:00,10,16,129.24,1.83,0.093,129.333
Shadowing,String-3_Panel-5,Medium,1,Remove Obstruction,Remove Obstruction,294,Sunny,2023-01-17 22:00:00,3,5,51.84,0.56,0.03,51.870000000000005
Short Circuit,String-5_Panel-6,Low,9,Inspect Junction Box,Tighten Connection,809,Cloudy,2023-01-17 23:00:00,5,6,62.8,0.84,0.039,62.839
Shadowing,String-3_Panel-9,Low,2,Clean Panel,Clean Panel,517,Rainy,2023-01-18 01:00:00,3,9,25.76,0.3,0.014,25.774
Open Circuit,String-4_Panel-7,Low,6,Tighten Connection,Tighten Connection,590,Cloudy,2023-01-18 01:00:00,4,7,39.96,0.36,0.023,39.983000000000004
Hotspot,String-4_Panel-14,High,12,Replace Module,Replace Panel Section,256,Cloudy,2023-01-18 02:00:00,4,14,513.23,7.51,0.488,513.7180000000001
Shadowing,String-10_Panel-5,Medium,3,Remove Obstruction,Replace Connector,602,Cloudy,2023-01-18 03:00:00,10,5,48.44,0.6,0.03,48.47
Shadowing,String-10_Panel-1,Critical,4,Reinstall Module,Reinstall Module,789,Cloudy,2023-01-18 04:00:00,10,1,209.01,3.04,0.183,209.19299999999998
Hotspot,String-5_Panel-2,Medium,2,Inspect Cells,Inspect Cells,641,Sunny,2023-01-18 04:00:00,5,2,90.29,0.9,0.046,90.33600000000001
Hotspot,String-1_Panel-16,Critical,13,Replace Module,Replace Module,862,Sunny,2023-01-18 05:00:00,1,16,462.88,6.24,0.303,463.183
Hotspot,String-2_Panel-4,Medium,6,Inspect Cells,Replace Connector,968,Cloudy,2023-01-18 05:00:00,2,4,80.81,1.0,0.055,80.86500000000001
Hotspot,String-10_Panel-4,Medium,8,Inspect Cells,Replace Connector,475,Rainy,2023-01-18 05:00:00,10,4,77.71,0.96,0.051,77.761
Short Circuit,String-4_Panel-5,High,10,Replace Wiring,Replace Wiring,268,Rainy,2023-01-18 05:00:00,4,5,153.87,1.72,0.106,153.976
Shadowing,String-6_Panel-2,Medium,11,Remove Obstruction,Remove Obstruction,419,Sunny,2023-01-18 06:00:00,6,2,45.27,0.47,0.022,45.292
Hotspot,String-6_Panel-5,Critical,4,Replace Module,Replace Fuse,613,Rainy,2023-01-18 07:00:00,6,5,575.13,6.24,0.332,575.462
Open Circuit,String-3_Panel-8,Medium,7,Replace Wiring,Reinstall Module,211,Rainy,2023-01-18 07:00:00,3,8,155.98,1.49,0.09,156.07
Open Circuit,String-7_Panel-4,Critical,13,Replace Module,Replace Fuse,766,Sunny,2023-01-18 07:00:00,7,4,603.1,6.1,0.275,603.375
Hotspot,String-1_Panel-14,Critical,13,Replace Module,Replace Module,709,Rainy,2023-01-18 07:00:00,1,14,542.8,6.64,0.338,543.1379999999999
Shadowing,String-6_Panel-20,Medium,1,Remove Obstruction,Remove Obstruction,801,Sunny,2023-01-18 08:00:00,6,20,43.27,0.51,0.033,43.303000000000004
Open Circuit,String-1_Panel-16,Low,2,Tighten Connection,Tighten Connection,343,Rainy,2023-01-18 09:00:00,1,16,44.2,0.48,0.03,44.230000000000004
Short Circuit,String-5_Panel-16,Medium,12,Replace Fuse,Replace Fuse,549,Cloudy,2023-01-18 10:00:00,5,16,53.91,0.34,0.021,53.931
Short Circuit,String-7_Panel-19,Medium,10,Replace Fuse,Replace Fuse,489,Rainy,2023-01-18 11:00:00,7,19,59.1,0.47,0.025,59.125
Hotspot,String-2_Panel-4,Critical,7,Replace Module,Replace Module,379,Cloudy,2023-01-18 11:00:00,2,4,569.86,5.88,0.314,570.174
Hotspot,String-6_Panel-6,Critical,12,Replace Module,Replace Module,289,Cloudy,2023-01-18 12:00:00,6,6,545.68,6.4,0.356,546.036
Short Circuit,String-6_Panel-17,Low,14,Replace Fuse,Reinstall Module,762,Rainy,2023-01-18 14:00:00,6,17,64.71,0.43,0.019,64.729
Hotspot,String-9_Panel-11,Low,3,Clean Panel,Clean Panel,271,Rainy,2023-01-18 15:00:00,9,11,27.7,0.33,0.02,27.72
Short Circuit,String-7_Panel-18,High,3,Replace Wiring,Inspect Junction Box,315,Rainy,2023-01-18 16:00:00,7,18,138.84,2.36,0.15,138.99
Shadowing,String-8_Panel-10,Critical,2,Reinstall Module,Tighten Connection,332,Rainy,2023-01-18 16:00:00,8,10,213.44,3.09,0.149,213.589
Shadowing,String-4_Panel-12,Medium,5,Remove Obstruction,Inspect Cells,256,Rainy,2023-01-18 16:00:00,4,12,55.46,0.49,0.024,55.484
Hotspot,String-4_Panel-8,Medium,14,Inspect Cells,Reinstall Module,302,Sunny,2023-01-18 17:00:00,4,8,79.54,1.07,0.049,79.58900000000001
Shadowing,String-1_Panel-18,High,13,Adjust Tilt,Adjust Tilt,605,Sunny,2023-01-18 18:00:00,1,18,104.96,1.83,0.118,105.07799999999999
Open Circuit,String-6_Panel-12,Medium,2,Replace Connector,Replace Connector,465,Sunny,2023-01-18 18:00:00,6,12,87.37,0.83,0.049,87.41900000000001
Open Circuit,String-10_Panel-14,Low,13,Replace Wiring,Inspect Junction Box,900,Cloudy,2023-01-18 18:00:00,10,14,141.26,2.19,0.134,141.39399999999998
Shadowing,String-9_Panel-2,High,13,Adjust Tilt,Inspect Cells,444,Sunny,2023-01-18 18:00:00,9,2,118.6,1.91,0.086,118.68599999999999
Shadowing,String-3_Panel-9,Medium,3,Adjust Tilt,Remove Obstruction,425,Sunny,2023-01-18 19:00:00,3,9,112.16,1.72,0.082,112.24199999999999
Hotspot,String-10_Panel-16,Medium,2,Inspect Cells,Replace Connector,661,Sunny,2023-01-18 20:00:00,10,16,80.68,0.86,0.042,80.72200000000001
Short Circuit,String-7_Panel-18,Medium,13,Replace Fuse,Tighten Connection,460,Cloudy,2023-01-18 20:00:00,7,18,63.5,0.4,0.019,63.519
Open Circuit,String-5_Panel-15,Low,1,Tighten Connection,Tighten Connection,955,Cloudy,2023-01-18 21:00:00,5,15,39.3,0.52,0.027,39.327
Short Circuit,String-4_Panel-8,Low,8,Replace Fuse,Replace Wiring,275,Rainy,2023-01-18 22:00:00,4,8,53.02,0.42,0.018,53.038000000000004
Hotspot,String-5_Panel-11,Critical,12,Replace Module,Replace Connector,595,Rainy,2023-01-18 23:00:00,5,11,562.8,4.41,0.189,562.9889999999999
Shadowing,String-1_Panel-4,Medium,9,Remove Obstruction,Remove Obstruction,539,Rainy,2023-01-19 00:00:00,1,4,54.76,0.49,0.03,54.79
Short Circuit,String-10_Panel-9,Medium,11,Replace Fuse,Replace Fuse,378,Sunny,2023-01-19 01:00:00,10,9,56.63,0.49,0.03,56.660000000000004
Short Circuit,String-4_Panel-8,Critical,10,Replace Module,Replace Module,376,Rainy,2023-01-19 01:00:00,4,8,422.48,6.68,0.312,422.79200000000003
Short Circuit,String-4_Panel-9,Critical,11,Replace Module,Reinstall Module,622,Rainy,2023-01-19 02:00:00,4,9,501.05,5.0,0.314,501.36400000000003
Shadowing,String-6_Panel-11,Medium,6,Remove Obstruction,Replace Connector,774,Rainy,2023-01-19 02:00:00,6,11,49.3,0.46,0.03,49.33
Short Circuit,String-9_Panel-9,Medium,6,Replace Fuse,Replace Fuse,438,Cloudy,2023-01-19 04:00:00,9,9,62.17,0.52,0.033,62.203
Open Circuit,String-1_Panel-14,Medium,8,Replace Connector,Replace Connector,288,Cloudy,2023-01-19 04:00:00,1,14,101.36,0.87,0.052,101.412
Shadowing,String-2_Panel-15,High,14,Adjust Tilt,Clean Panel,593,Rainy,2023-01-19 05:00:00,2,15,130.87,2.3,0.108,130.978
Shadowing,String-6_Panel-10,Medium,9,Remove Obstruction,Remove Obstruction,883,Rainy,2023-01-19 05:00:00,6,10,48.75,0.58,0.028,48.778
Open Circuit,String-10_Panel-3,Critical,10,Replace Module,Adjust Tilt,978,Sunny,2023-01-19 06:00:00,10,3,528.12,5.84,0.358,528.478
Shadowing,String-2_Panel-6,Low,2,Clean Panel,Clean Panel,896,Sunny,2023-01-19 06:00:00,2,6,30.69,0.29,0.014,30.704
Hotspot,String-8_Panel-5,High,5,Replace Panel Section,Replace Panel Section,480,Cloudy,2023-01-19 07:00:00,8,5,322.01,3.67,0.19,322.2
Open Circuit,String-1_Panel-8,High,2,Replace Wiring,Replace Wiring,358,Cloudy,2023-01-19 07:00:00,1,8,184.97,1.57,0.081,185.051
Shadowing,String-6_Panel-8,High,12,Remove Obstruction,Reinstall Module,367,Rainy,2023-01-19 07:00:00,6,8,46.96,0.53,0.031,46.991
Shadowing,String-8_Panel-18,Low,5,Clean Panel,Inspect Cells,809,Sunny,2023-01-19 08:00:00,8,18,31.83,0.34,0.022,31.851999999999997
Shadowing,String-2_Panel-5,Critical,10,Replace Module,Adjust Tilt,218,Sunny,2023-01-19 08:00:00,2,5,567.09,4.31,0.205,567.2950000000001
Open Circuit,String-9_Panel-16,High,5,Inspect Junction Box,Replace Wiring,561,Cloudy,2023-01-19 11:00:00,9,16,72.1,1.13,0.056,72.15599999999999
Hotspot,String-5_Panel-8,Medium,2,Inspect Cells,Tighten Connection,733,Rainy,2023-01-19 12:00:00,5,8,79.35,1.02,0.046,79.396
Open Circuit,String-2_Panel-11,High,12,Inspect Junction Box,Clean Panel,998,Rainy,2023-01-19 13:00:00,2,11,71.59,1.13,0.067,71.657
Open Circuit,String-7_Panel-14,Critical,13,Replace Module,Replace Module,752,Rainy,2023-01-19 14:00:00,7,14,560.51,6.01,0.328,560.838
Shadowing,String-10_Panel-9,High,5,Remove Obstruction,Inspect Junction Box,361,Rainy,2023-01-19 15:00:00,10,9,44.12,0.53,0.032,44.151999999999994
Shadowing,String-10_Panel-2,High,9,Adjust Tilt,Tighten Connection,798,Cloudy,2023-01-19 15:00:00,10,2,115.58,2.16,0.103,115.68299999999999
Shadowing,String-6_Panel-18,Low,2,Remove Obstruction,Remove Obstruction,593,Rainy,2023-01-19 16:00:00,6,18,50.21,0.49,0.028,50.238
Short Circuit,String-2_Panel-3,Critical,4,Replace Module,Reinstall Module,270,Rainy,2023-01-19 17:00:00,2,3,512.57,5.5,0.352,512.922
Short Circuit,String-5_Panel-6,Critical,1,Replace Module,Replace Fuse,601,Rainy,2023-01-19 19:00:00,5,6,572.95,6.39,0.372,573.322
Open Circuit,String-1_Panel-7,Medium,9,Replace Connector,Replace Panel Section,441,Cloudy,2023-01-19 21:00:00,1,7,88.3,0.81,0.05,88.35
Hotspot,String-8_Panel-7,Low,1,Inspect Cells,Adjust Tilt,719,Cloudy,2023-01-19 21:00:00,8,7,73.03,1.09,0.07,73.1
Short Circuit,String-5_Panel-11,Medium,8,Replace Fuse,Replace Fuse,806,Sunny,2023-01-19 22:00:00,5,11,71.46,0.43,0.025,71.485
Open Circuit,String-9_Panel-15,Critical,9,Reinstall Module,Reinstall Module,918,Cloudy,2023-01-19 23:00:00,9,15,228.77,3.43,0.152,228.922
Short Circuit,String-10_Panel-5,High,4,Replace Wiring,Replace Fuse,713,Sunny,2023-01-19 23:00:00,10,5,152.69,2.0,0.098,152.788
Shadowing,String-3_Panel-17,Critical,4,Reinstall Module,Reinstall Module,513,Cloudy,2023-01-20 00:00:00,3,17,188.82,2.97,0.194,189.01399999999998
Open Circuit,String-4_Panel-19,High,12,Replace Wiring,Inspect Cells,245,Sunny,2023-01-20 00:00:00,4,19,151.62,2.11,0.128,151.748
Short Circuit,String-3_Panel-8,High,7,Replace Wiring,Replace Wiring,865,Cloudy,2023-01-20 01:00:00,3,8,130.62,2.24,0.129,130.749
Shadowing,String-7_Panel-20,Medium,9,Remove Obstruction,Clean Panel,667,Rainy,2023-01-20 02:00:00,7,20,47.1,0.48,0.023,47.123000000000005
Hotspot,String-7_Panel-3,Low,2,Clean Panel,Clean Panel,282,Rainy,2023-01-20 02:00:00,7,3,27.54,0.28,0.015,27.555
Hotspot,String-6_Panel-16,High,4,Replace Module,Replace Fuse,246,Sunny,2023-01-20 03:00:00,6,16,493.4,6.46,0.406,493.806
Short Circuit,String-9_Panel-12,Critical,14,Replace Module,Replace Module,964,Rainy,2023-01-20 04:00:00,9,12,530.31,5.9,0.382,530.6919999999999
Open Circuit,String-7_Panel-12,Critical,3,Replace Module,Reinstall Module,235,Cloudy,2023-01-20 06:00:00,7,12,497.75,4.87,0.306,498.056
Open Circuit,String-8_Panel-19,Medium,11,Replace Wiring,Replace Connector,972,Sunny,2023-01-20 07:00:00,8,19,143.62,1.7,0.093,143.713
Shadowing,String-2_Panel-12,Low,6,Remove Obstruction,Reinstall Module,915,Cloudy,2023-01-20 07:00:00,2,12,48.14,0.64,0.031,48.171
Short Circuit,String-2_Panel-11,Medium,13,Replace Fuse,Replace Fuse,658,Rainy,2023-01-20 10:00:00,2,11,60.98,0.43,0.026,61.006
Short Circuit,String-6_Panel-13,Medium,13,Replace Fuse,Replace Connector,275,Sunny,2023-01-20 12:00:00,6,13,60.68,0.36,0.02,60.7
Shadowing,String-7_Panel-6,Low,5,Remove Obstruction,Clean Panel,424,Cloudy,2023-01-20 12:00:00,7,6,57.61,0.47,0.027,57.637
Short Circuit,String-9_Panel-12,Critical,6,Replace Module,Replace Panel Section,646,Sunny,2023-01-20 12:00:00,9,12,562.64,5.88,0.362,563.002
Hotspot,String-7_Panel-13,Medium,4,Inspect Cells,Inspect Cells,806,Cloudy,2023-01-20 12:00:00,7,13,69.52,1.08,0.049,69.569
Short Circuit,String-3_Panel-19,High,12,Replace Module,Replace Wiring,764,Cloudy,2023-01-20 15:00:00,3,19,477.87,6.09,0.391,478.261
Hotspot,String-3_Panel-13,High,7,Replace Module,Replace Panel Section,736,Rainy,2023-01-20 15:00:00,3,13,498.02,6.44,0.303,498.323
Shadowing,String-3_Panel-15,Medium,4,Remove Obstruction,Remove Obstruction,673,Sunny,2023-01-20 16:00:00,3,15,54.19,0.42,0.018,54.208
Open Circuit,String-3_Panel-19,Critical,13,Reinstall Module,Replace Module,387,Sunny,2023-01-20 17:00:00,3,19,230.77,3.41,0.154,230.924
Short Circuit,String-9_Panel-16,Medium,14,Replace Fuse,Replace Fuse,582,Cloudy,2023-01-20 17:00:00,9,16,55.49,0.47,0.028,55.518
Open Circuit,String-2_Panel-20,Medium,13,Replace Connector,Replace Module,531,Rainy,2023-01-20 20:00:00,2,20,90.27,0.99,0.057,90.327
Short Circuit,String-10_Panel-8,Critical,3,Replace Module,Replace Module,942,Sunny,2023-01-20 21:00:00,10,8,511.08,4.96,0.262,511.342
Shadowing,String-7_Panel-11,Critical,13,Replace Module,Reinstall Module,454,Cloudy,2023-01-20 22:00:00,7,11,558.05,5.01,0.231,558.281
Open Circuit,String-10_Panel-6,Low,1,Tighten Connection,Replace Connector,493,Rainy,2023-01-20 23:00:00,10,6,37.38,0.51,0.023,37.403000000000006
Open Circuit,String-3_Panel-13,Critical,9,Replace Module,Replace Module,803,Sunny,2023-01-21 02:00:00,3,13,581.46,6.36,0.318,581.778
Open Circuit,String-1_Panel-7,Low,12,Tighten Connection,Tighten Connection,565,Cloudy,2023-01-21 02:00:00,1,7,42.15,0.45,0.02,42.17
Shadowing,String-3_Panel-12,Medium,8,Remove Obstruction,Clean Panel,513,Cloudy,2023-01-21 03:00:00,3,12,51.26,0.47,0.022,51.282
Short Circuit,String-10_Panel-3,Low,12,Replace Fuse,Inspect Junction Box,377,Rainy,2023-01-21 03:00:00,10,3,56.28,0.46,0.023,56.303000000000004
Open Circuit,String-2_Panel-7,High,7,Replace Wiring,Replace Wiring,555,Rainy,2023-01-21 04:00:00,2,7,143.21,2.26,0.125,143.335
Open Circuit,String-1_Panel-18,High,7,Replace Wiring,Replace Wiring,282,Sunny,2023-01-21 04:00:00,1,18,170.52,2.54,0.145,170.66500000000002
Open Circuit,String-1_Panel-19,Critical,7,Replace Module,Reinstall Module,701,Cloudy,2023-01-21 05:00:00,1,19,522.93,5.15,0.3,523.2299999999999
Open Circuit,String-9_Panel-8,Medium,9,Replace Connector,Inspect Junction Box,517,Cloudy,2023-01-21 06:00:00,9,8,85.46,0.87,0.046,85.506
Shadowing,String-4_Panel-7,Medium,1,Remove Obstruction,Replace Module,813,Rainy,2023-01-21 06:00:00,4,7,49.42,0.43,0.02,49.440000000000005
Hotspot,String-6_Panel-1,Critical,10,Replace Module,Replace Module,652,Cloudy,2023-01-21 10:00:00,6,1,481.82,8.02,0.383,482.203
Open Circuit,String-9_Panel-9,Low,8,Tighten Connection,Replace Module,347,Sunny,2023-01-21 10:00:00,9,9,39.0,0.47,0.028,39.028
Shadowing,String-2_Panel-3,Low,8,Remove Obstruction,Clean Panel,886,Rainy,2023-01-21 10:00:00,2,3,44.82,0.6,0.034,44.854
Hotspot,String-5_Panel-5,High,13,Replace Panel Section,Adjust Tilt,550,Cloudy,2023-01-21 10:00:00,5,5,327.6,3.35,0.183,327.783
Short Circuit,String-10_Panel-12,Critical,13,Reinstall Module,Replace Module,519,Rainy,2023-01-21 11:00:00,10,12,182.06,3.53,0.154,182.214
Short Circuit,String-10_Panel-11,Medium,5,Inspect Junction Box,Replace Fuse,305,Cloudy,2023-01-21 11:00:00,10,11,70.53,0.71,0.045,70.575
Hotspot,String-6_Panel-17,Critical,9,Replace Module,Adjust Tilt,927,Sunny,2023-01-21 11:00:00,6,17,548.61,6.87,0.447,549.057
Shadowing,String-2_Panel-6,Medium,10,Remove Obstruction,Inspect Cells,821,Rainy,2023-01-21 12:00:00,2,6,43.63,0.52,0.024,43.654
Open Circuit,String-2_Panel-18,Low,5,Tighten Connection,Tighten Connection,699,Cloudy,2023-01-21 13:00:00,2,18,34.69,0.5,0.026,34.716
Short Circuit,String-10_Panel-19,Medium,3,Inspect Junction Box,Clean Panel,753,Cloudy,2023-01-21 14:00:00,10,19,68.32,0.78,0.033,68.353
Short Circuit,String-8_Panel-12,Low,14,Inspect Junction Box,Remove Obstruction,807,Sunny,2023-01-21 15:00:00,8,12,68.17,0.98,0.063,68.233
Short Circuit,String-2_Panel-10,Medium,12,Replace Fuse,Replace Wiring,793,Rainy,2023-01-21 16:00:00,2,10,57.87,0.5,0.025,57.894999999999996
Shadowing,String-1_Panel-4,Critical,10,Replace Module,Reinstall Module,407,Cloudy,2023-01-21 16:00:00,1,4,507.34,5.71,0.344,507.68399999999997
Open Circuit,String-8_Panel-14,Critical,3,Replace Module,Replace Module,917,Cloudy,2023-01-21 16:00:00,8,14,440.09,6.34,0.343,440.433
Short Circuit,String-1_Panel-18,Low,10,Inspect Junction Box,Adjust Tilt,313,Cloudy,2023-01-21 17:00:00,1,18,70.22,1.12,0.074,70.294
Short Circuit,String-6_Panel-9,Low,5,Inspect Junction Box,Inspect Junction Box,588,Rainy,2023-01-21 18:00:00,6,9,58.95,1.03,0.05,59.0
Open Circuit,String-2_Panel-2,High,14,Replace Wiring,Clean Panel,708,Rainy,2023-01-21 18:00:00,2,2,152.04,1.89,0.124,152.164
Open Circuit,String-9_Panel-6,Medium,6,Replace Connector,Replace Wiring,566,Cloudy,2023-01-21 19:00:00,9,6,96.71,1.06,0.061,96.771
Open Circuit,String-3_Panel-5,Medium,4,Replace Connector,Replace Connector,575,Cloudy,2023-01-21 19:00:00,3,5,74.82,1.09,0.051,74.871
Hotspot,String-4_Panel-1,High,7,Replace Panel Section,Remove Obstruction,301,Sunny,2023-01-21 19:00:00,4,1,336.5,3.58,0.176,336.676
Short Circuit,String-10_Panel-18,High,11,Replace Module,Adjust Tilt,772,Sunny,2023-01-21 19:00:00,10,18,555.8,7.12,0.468,556.2679999999999
Shadowing,String-4_Panel-3,Critical,6,Reinstall Module,Adjust Tilt,556,Sunny,2023-01-21 22:00:00,4,3,196.38,3.27,0.158,196.53799999999998
Hotspot,String-1_Panel-10,High,5,Replace Panel Section,Replace Panel Section,848,Rainy,2023-01-21 23:00:00,1,10,291.4,4.2,0.233,291.633
Shadowing,String-5_Panel-19,Critical,13,Replace Module,Replace Wiring,382,Cloudy,2023-01-22 00:00:00,5,19,523.66,6.16,0.319,523.9789999999999
Open Circuit,String-7_Panel-3,Medium,11,Replace Connector,Reinstall Module,638,Rainy,2023-01-22 03:00:00,7,3,100.64,0.89,0.045,100.685
Shadowing,String-8_Panel-14,Critical,4,Reinstall Module,Reinstall Module,710,Cloudy,2023-01-22 06:00:00,8,14,200.18,3.32,0.207,200.387
Shadowing,String-2_Panel-9,High,14,Adjust Tilt,Reinstall Module,876,Cloudy,2023-01-22 07:00:00,2,9,107.42,1.51,0.091,107.511
Open Circuit,String-1_Panel-1,Medium,7,Replace Connector,Replace Module,532,Sunny,2023-01-22 12:00:00,1,1,81.95,0.95,0.047,81.997
Shadowing,String-9_Panel-9,Low,7,Remove Obstruction,Reinstall Module,305,Rainy,2023-01-22 13:00:00,9,9,47.43,0.51,0.025,47.455
Shadowing,String-10_Panel-16,High,1,Adjust Tilt,Replace Panel Section,641,Cloudy,2023-01-22 14:00:00,10,16,126.45,2.11,0.118,126.568
Short Circuit,String-8_Panel-6,Critical,13,Replace Module,Remove Obstruction,554,Sunny,2023-01-22 14:00:00,8,6,512.98,6.75,0.309,513.289
Hotspot,String-6_Panel-11,Low,6,Clean Panel,Replace Fuse,385,Sunny,2023-01-22 16:00:00,6,11,26.65,0.32,0.017,26.666999999999998
Open Circuit,String-9_Panel-4,Medium,4,Replace Connector,Replace Connector,783,Rainy,2023-01-22 16:00:00,9,4,100.17,1.12,0.071,100.241
Open Circuit,String-5_Panel-17,Critical,3,Replace Wiring,Replace Module,727,Cloudy,2023-01-22 17:00:00,5,17,151.89,1.95,0.124,152.01399999999998
Open Circuit,String-6_Panel-8,Medium,7,Replace Connector,Tighten Connection,315,Sunny,2023-01-22 18:00:00,6,8,87.33,1.03,0.048,87.378
Hotspot,String-3_Panel-16,Low,8,Clean Panel,Adjust Tilt,302,Rainy,2023-01-22 19:00:00,3,16,28.65,0.28,0.016,28.665999999999997
Shadowing,String-10_Panel-20,Critical,3,Reinstall Module,Replace Wiring,426,Cloudy,2023-01-22 19:00:00,10,20,182.97,2.34,0.115,183.085
Open Circuit,String-9_Panel-16,Critical,9,Replace Module,Tighten Connection,921,Rainy,2023-01-22 19:00:00,9,16,595.25,7.03,0.333,595.583
Shadowing,String-3_Panel-15,High,6,Adjust Tilt,Adjust Tilt,715,Sunny,2023-01-22 20:00:00,3,15,126.96,2.34,0.138,127.098
Hotspot,String-5_Panel-16,Critical,7,Replace Module,Adjust Tilt,300,Rainy,2023-01-22 20:00:00,5,16,524.22,4.55,0.262,524.482
Hotspot,String-8_Panel-11,Critical,11,Replace Module,Remove Obstruction,902,Sunny,2023-01-22 20:00:00,8,11,475.76,6.14,0.378,476.138
Shadowing,String-10_Panel-12,Critical,13,Replace Module,Reinstall Module,800,Cloudy,2023-01-22 21:00:00,10,12,542.58,6.74,0.36,542.94
Short Circuit,String-6_Panel-17,Critical,12,Replace Module,Replace Module,451,Rainy,2023-01-22 21:00:00,6,17,472.7,4.45,0.191,472.89099999999996
Open Circuit,String-4_Panel-6,High,1,Replace Wiring,Replace Module,468,Rainy,2023-01-22 22:00:00,4,6,143.02,1.63,0.085,143.10500000000002
Open Circuit,String-2_Panel-9,High,8,Replace Wiring,Clean Panel,911,Sunny,2023-01-22 22:00:00,2,9,144.6,1.74,0.112,144.712
Short Circuit,String-3_Panel-7,Medium,8,Replace Fuse,Replace Module,770,Sunny,2023-01-22 22:00:00,3,7,65.14,0.54,0.023,65.163
Open Circuit,String-4_Panel-9,Critical,1,Replace Module,Replace Module,892,Cloudy,2023-01-22 23:00:00,4,9,545.75,5.16,0.218,545.968
Open Circuit,String-5_Panel-5,High,10,Replace Wiring,Replace Wiring,633,Cloudy,2023-01-23 02:00:00,5,5,151.77,1.89,0.12,151.89000000000001
Short Circuit,String-2_Panel-16,Critical,1,Replace Wiring,Remove Obstruction,416,Sunny,2023-01-23 03:00:00,2,16,140.63,2.12,0.093,140.72299999999998
Open Circuit,String-7_Panel-11,Low,5,Tighten Connection,Tighten Connection,414,Sunny,2023-01-23 04:00:00,7,11,30.67,0.57,0.032,30.702
Open Circuit,String-5_Panel-16,Medium,5,Replace Connector,Reinstall Module,394,Rainy,2023-01-23 04:00:00,5,16,85.56,1.12,0.051,85.611
Short Circuit,String-1_Panel-4,Medium,10,Replace Fuse,Replace Fuse,253,Rainy,2023-01-23 05:00:00,1,4,52.96,0.43,0.026,52.986000000000004
Short Circuit,String-5_Panel-1,Low,9,Replace Fuse,Inspect Junction Box,261,Rainy,2023-01-23 06:00:00,5,1,50.78,0.57,0.031,50.811
Short Circuit,String-6_Panel-8,Medium,9,Replace Fuse,Tighten Connection,834,Cloudy,2023-01-23 07:00:00,6,8,54.28,0.47,0.028,54.308
Open Circuit,String-9_Panel-1,Low,2,Tighten Connection,Clean Panel,565,Sunny,2023-01-23 08:00:00,9,1,42.77,0.54,0.026,42.79600000000001
Open Circuit,String-7_Panel-1,Low,1,Tighten Connection,Tighten Connection,731,Sunny,2023-01-23 09:00:00,7,1,38.71,0.45,0.027,38.737
Shadowing,String-10_Panel-5,Low,5,Clean Panel,Clean Panel,559,Sunny,2023-01-23 10:00:00,10,5,26.76,0.36,0.018,26.778000000000002
Short Circuit,String-5_Panel-17,Medium,11,Replace Connector,Reinstall Module,685,Cloudy,2023-01-23 12:00:00,5,17,81.63,0.92,0.052,81.682
Shadowing,String-10_Panel-19,Medium,12,Remove Obstruction,Tighten Connection,522,Cloudy,2023-01-23 13:00:00,10,19,44.9,0.51,0.03,44.93
Hotspot,String-6_Panel-12,Low,9,Inspect Cells,Inspect Junction Box,965,Sunny,2023-01-23 14:00:00,6,12,70.17,0.95,0.042,70.212
Short Circuit,String-4_Panel-18,Critical,14,Replace Module,Replace Module,264,Rainy,2023-01-23 14:00:00,4,18,488.71,5.35,0.234,488.94399999999996
Short Circuit,String-5_Panel-1,Critical,4,Replace Module,Replace Module,733,Rainy,2023-01-23 15:00:00,5,1,603.24,6.04,0.295,603.535
Hotspot,String-5_Panel-17,Critical,7,Replace Module,Replace Connector,999,Sunny,2023-01-23 15:00:00,5,17,446.1,5.53,0.301,446.401
Shadowing,String-7_Panel-7,Medium,11,Remove Obstruction,Inspect Junction Box,271,Cloudy,2023-01-23 16:00:00,7,7,45.9,0.55,0.036,45.936
Short Circuit,String-5_Panel-4,Low,10,Inspect Junction Box,Inspect Junction Box,805,Sunny,2023-01-23 16:00:00,5,4,68.4,0.93,0.059,68.459
Shadowing,String-8_Panel-8,Medium,7,Remove Obstruction,Remove Obstruction,520,Rainy,2023-01-23 18:00:00,8,8,47.44,0.48,0.022,47.461999999999996
Open Circuit,String-9_Panel-9,High,13,Replace Wiring,Replace Wiring,902,Sunny,2023-01-23 19:00:00,9,9,141.19,2.12,0.103,141.293
Open Circuit,String-7_Panel-17,Low,12,Tighten Connection,Tighten Connection,525,Sunny,2023-01-23 19:00:00,7,17,39.72,0.47,0.025,39.745
Shadowing,String-5_Panel-17,Critical,9,Reinstall Module,Reinstall Module,510,Cloudy,2023-01-23 20:00:00,5,17,196.23,2.89,0.124,196.35399999999998
Shadowing,String-8_Panel-1,Low,6,Remove Obstruction,Clean Panel,532,Cloudy,2023-01-23 21:00:00,8,1,56.79,0.42,0.024,56.814
Short Circuit,String-1_Panel-11,High,13,Replace Module,Replace Wiring,245,Cloudy,2023-01-23 23:00:00,1,11,441.24,6.16,0.295,441.535
Hotspot,String-6_Panel-20,Low,7,Clean Panel,Replace Wiring,470,Sunny,2023-01-23 23:00:00,6,20,31.17,0.31,0.019,31.189
Short Circuit,String-1_Panel-8,Low,12,Inspect Junction Box,Replace Fuse,434,Sunny,2023-01-24 00:00:00,1,8,70.17,0.97,0.055,70.22500000000001
Hotspot,String-1_Panel-19,Medium,10,Replace Panel Section,Inspect Cells,925,Cloudy,2023-01-24 01:00:00,1,19,312.58,4.1,0.206,312.786
Short Circuit,String-6_Panel-16,High,8,Replace Wiring,Replace Module,554,Sunny,2023-01-24 01:00:00,6,16,140.32,1.67,0.102,140.422
Hotspot,String-2_Panel-14,High,13,Replace Panel Section,Replace Panel Section,208,Cloudy,2023-01-24 02:00:00,2,14,333.96,4.11,0.232,334.192
Hotspot,String-4_Panel-1,Low,11,Clean Panel,Clean Panel,435,Sunny,2023-01-24 03:00:00,4,1,30.21,0.31,0.019,30.229
Open Circuit,String-3_Panel-8,Low,2,Tighten Connection,Tighten Connection,212,Sunny,2023-01-24 04:00:00,3,8,39.71,0.47,0.031,39.741
Hotspot,String-1_Panel-1,Medium,5,Inspect Cells,Inspect Cells,487,Cloudy,2023-01-24 04:00:00,1,1,81.93,0.92,0.051,81.98100000000001
Open Circuit,String-7_Panel-18,High,13,Replace Wiring,Replace Panel Section,408,Cloudy,2023-01-24 04:00:00,7,18,153.02,1.66,0.109,153.12900000000002
Open Circuit,String-4_Panel-11,Critical,13,Replace Module,Replace Connector,982,Cloudy,2023-01-24 04:00:00,4,11,516.08,5.2,0.324,516.404
Short Circuit,String-3_Panel-3,Critical,11,Replace Module,Replace Module,372,Sunny,2023-01-24 04:00:00,3,3,546.03,5.09,0.333,546.3629999999999
Open Circuit,String-5_Panel-16,High,8,Replace Wiring,Replace Wiring,879,Sunny,2023-01-24 05:00:00,5,16,157.91,2.0,0.129,158.039
Short Circuit,String-5_Panel-15,Low,12,Inspect Junction Box,Inspect Junction Box,321,Sunny,2023-01-24 05:00:00,5,15,70.89,1.0,0.044,70.934
Open Circuit,String-1_Panel-5,High,6,Replace Wiring,Replace Wiring,818,Cloudy,2023-01-24 11:00:00,1,5,156.98,2.11,0.114,157.094
Short Circuit,String-1_Panel-5,High,14,Replace Module,Replace Connector,665,Sunny,2023-01-24 13:00:00,1,5,487.14,6.09,0.33,487.46999999999997
Short Circuit,String-7_Panel-12,Medium,9,Replace Fuse,Replace Fuse,946,Cloudy,2023-01-24 13:00:00,7,12,53.6,0.41,0.02,53.620000000000005
Open Circuit,String-2_Panel-17,Low,13,Tighten Connection,Reinstall Module,787,Rainy,2023-01-24 14:00:00,2,17,31.67,0.51,0.028,31.698
Open Circuit,String-2_Panel-16,Medium,8,Replace Connector,Reinstall Module,632,Rainy,2023-01-24 14:00:00,2,16,99.42,0.94,0.046,99.46600000000001
Hotspot,String-2_Panel-2,Low,5,Inspect Cells,Tighten Connection,597,Rainy,2023-01-24 15:00:00,2,2,82.3,1.01,0.047,82.347
Short Circuit,String-10_Panel-7,Medium,6,Inspect Junction Box,Reinstall Module,568,Cloudy,2023-01-24 16:00:00,10,7,67.41,1.12,0.065,67.475
Shadowing,String-10_Panel-20,High,1,Adjust Tilt,Replace Connector,890,Cloudy,2023-01-24 16:00:00,10,20,122.83,2.22,0.112,122.942
Hotspot,String-5_Panel-14,Medium,8,Inspect Cells,Replace Module,274,Rainy,2023-01-24 17:00:00,5,14,98.03,0.91,0.046,98.07600000000001
Hotspot,String-4_Panel-13,Medium,2,Inspect Cells,Inspect Cells,438,Rainy,2023-01-24 18:00:00,4,13,78.24,1.08,0.051,78.291
Hotspot,String-10_Panel-13,Low,12,Clean Panel,Replace Connector,212,Sunny,2023-01-24 18:00:00,10,13,30.25,0.26,0.011,30.261
Short Circuit,String-9_Panel-5,Critical,7,Replace Module,Replace Module,287,Sunny,2023-01-24 19:00:00,9,5,469.05,6.83,0.326,469.37600000000003
Hotspot,String-10_Panel-10,Medium,8,Inspect Cells,Inspect Cells,578,Sunny,2023-01-24 19:00:00,10,10,87.49,1.07,0.069,87.559
Short Circuit,String-8_Panel-9,High,11,Replace Wiring,Replace Wiring,570,Cloudy,2023-01-24 19:00:00,8,9,128.28,1.86,0.11,128.39000000000001
Short Circuit,String-9_Panel-19,High,3,Replace Wiring,Replace Wiring,865,Sunny,2023-01-24 20:00:00,9,19,132.64,2.41,0.111,132.75099999999998
Short Circuit,String-4_Panel-12,Medium,12,Replace Fuse,Replace Fuse,594,Rainy,2023-01-24 20:00:00,4,12,61.82,0.48,0.022,61.842
Shadowing,String-3_Panel-15,Low,12,Clean Panel,Adjust Tilt,620,Sunny,2023-01-24 20:00:00,3,15,32.31,0.3,0.019,32.329
Open Circuit,String-6_Panel-20,Low,4,Tighten Connection,Replace Module,734,Rainy,2023-01-25 00:00:00,6,20,39.37,0.48,0.021,39.391
Hotspot,String-6_Panel-9,Critical,7,Replace Module,Replace Module,527,Cloudy,2023-01-25 02:00:00,6,9,437.73,5.81,0.249,437.97900000000004
Open Circuit,String-6_Panel-18,Critical,8,Replace Panel Section,Replace Module,996,Rainy,2023-01-25 05:00:00,6,18,305.31,3.38,0.173,305.483
Shadowing,String-10_Panel-20,Low,7,Remove Obstruction,Clean Panel,544,Rainy,2023-01-25 07:00:00,10,20,50.22,0.37,0.018,50.238
Hotspot,String-5_Panel-13,Low,10,Clean Panel,Replace Fuse,656,Sunny,2023-01-25 08:00:00,5,13,30.98,0.31,0.015,30.995
Hotspot,String-4_Panel-9,Medium,3,Inspect Cells,Remove Obstruction,452,Cloudy,2023-01-25 08:00:00,4,9,86.08,1.12,0.072,86.152
Short Circuit,String-3_Panel-5,Low,14,Replace Fuse,Clean Panel,290,Rainy,2023-01-25 09:00:00,3,5,59.54,0.47,0.023,59.563
Shadowing,String-5_Panel-8,Medium,5,Remove Obstruction,Remove Obstruction,809,Cloudy,2023-01-25 11:00:00,5,8,51.87,0.51,0.032,51.901999999999994
Open Circuit,String-9_Panel-1,Medium,14,Replace Connector,Replace Connector,435,Sunny,2023-01-25 13:00:00,9,1,90.95,1.1,0.066,91.016
Open Circuit,String-4_Panel-8,Medium,14,Replace Connector,Replace Module,432,Cloudy,2023-01-25 14:00:00,4,8,95.65,1.1,0.071,95.721
Short Circuit,String-8_Panel-5,Low,14,Replace Fuse,Inspect Junction Box,375,Rainy,2023-01-25 15:00:00,8,5,51.32,0.59,0.036,51.356
Short Circuit,String-6_Panel-7,Low,3,Inspect Junction Box,Inspect Junction Box,309,Rainy,2023-01-25 15:00:00,6,7,60.4,0.91,0.039,60.439
Shadowing,String-8_Panel-2,High,9,Adjust Tilt,Adjust Tilt,871,Sunny,2023-01-25 17:00:00,8,2,117.32,1.88,0.106,117.42599999999999
Open Circuit,String-3_Panel-13,Low,11,Tighten Connection,Reinstall Module,808,Cloudy,2023-01-25 19:00:00,3,13,36.65,0.45,0.022,36.672
Shadowing,String-8_Panel-20,Low,2,Remove Obstruction,Clean Panel,706,Cloudy,2023-01-25 19:00:00,8,20,51.56,0.53,0.028,51.588
Hotspot,String-4_Panel-11,Critical,11,Replace Module,Replace Module,357,Rainy,2023-01-25 20:00:00,4,11,528.26,6.35,0.332,528.592
Hotspot,String-6_Panel-1,Low,3,Inspect Cells,Clean Panel,831,Sunny,2023-01-25 21:00:00,6,1,85.43,1.01,0.064,85.494
Shadowing,String-5_Panel-15,Medium,1,Remove Obstruction,Tighten Connection,271,Rainy,2023-01-25 21:00:00,5,15,53.09,0.53,0.029,53.11900000000001
Open Circuit,String-9_Panel-1,Critical,10,Replace Module,Replace Module,911,Sunny,2023-01-25 21:00:00,9,1,486.34,6.05,0.327,486.667
Shadowing,String-1_Panel-11,Critical,8,Reinstall Module,Reinstall Module,964,Sunny,2023-01-25 22:00:00,1,11,203.09,3.79,0.211,203.30100000000002
Hotspot,String-8_Panel-1,Medium,14,Inspect Cells,Remove Obstruction,677,Rainy,2023-01-25 23:00:00,8,1,87.87,1.13,0.054,87.924
Open Circuit,String-10_Panel-4,Low,3,Tighten Connection,Replace Panel Section,772,Cloudy,2023-01-26 00:00:00,10,4,47.48,0.48,0.031,47.510999999999996
Short Circuit,String-5_Panel-13,Low,10,Replace Connector,Replace Module,953,Cloudy,2023-01-26 01:00:00,5,13,84.25,0.96,0.052,84.302
Short Circuit,String-5_Panel-3,High,10,Replace Module,Replace Wiring,337,Rainy,2023-01-26 02:00:00,5,3,555.21,6.23,0.349,555.5590000000001
Shadowing,String-1_Panel-8,Low,4,Remove Obstruction,Replace Module,898,Cloudy,2023-01-26 03:00:00,1,8,49.62,0.48,0.021,49.641
Shadowing,String-3_Panel-12,Medium,8,Remove Obstruction,Inspect Cells,881,Sunny,2023-01-26 03:00:00,3,12,51.58,0.46,0.02,51.6
Hotspot,String-7_Panel-16,Critical,12,Replace Wiring,Replace Fuse,293,Sunny,2023-01-26 06:00:00,7,16,138.69,2.22,0.097,138.787
Hotspot,String-10_Panel-8,Critical,4,Replace Module,Replace Module,966,Rainy,2023-01-26 06:00:00,10,8,525.3,5.95,0.345,525.645
Hotspot,String-8_Panel-5,Critical,3,Replace Module,Reinstall Module,327,Cloudy,2023-01-26 06:00:00,8,5,484.78,5.23,0.332,485.11199999999997
Hotspot,String-6_Panel-17,High,14,Replace Module,Replace Panel Section,391,Rainy,2023-01-26 07:00:00,6,17,545.0,6.24,0.35,545.35
Shadowing,String-1_Panel-7,Critical,6,Reinstall Module,Clean Panel,684,Rainy,2023-01-26 08:00:00,1,7,210.84,2.73,0.125,210.965
Hotspot,String-2_Panel-8,Low,14,Remove Obstruction,Clean Panel,296,Sunny,2023-01-26 09:00:00,2,8,46.22,0.58,0.031,46.251
Hotspot,String-10_Panel-14,High,9,Replace Panel Section,Tighten Connection,625,Sunny,2023-01-26 09:00:00,10,14,335.49,4.6,0.206,335.696
Short Circuit,String-10_Panel-6,Critical,4,Replace Module,Clean Panel,496,Cloudy,2023-01-26 11:00:00,10,6,448.9,5.47,0.271,449.171
Short Circuit,String-8_Panel-10,High,5,Replace Wiring,Replace Connector,740,Sunny,2023-01-26 14:00:00,8,10,139.79,1.74,0.091,139.881
Open Circuit,String-1_Panel-10,High,10,Replace Module,Adjust Tilt,512,Sunny,2023-01-26 14:00:00,1,10,469.39,6.24,0.3,469.69
Open Circuit,String-5_Panel-10,High,8,Replace Wiring,Clean Panel,756,Sunny,2023-01-26 14:00:00,5,10,155.77,2.12,0.091,155.86100000000002
Open Circuit,String-5_Panel-2,High,1,Replace Wiring,Replace Fuse,410,Rainy,2023-01-26 14:00:00,5,2,145.52,2.51,0.145,145.66500000000002
Open Circuit,String-10_Panel-20,Critical,4,Replace Module,Replace Connector,347,Sunny,2023-01-26 14:00:00,10,20,442.52,5.28,0.317,442.837
Shadowing,String-4_Panel-6,Medium,6,Remove Obstruction,Tighten Connection,396,Rainy,2023-01-26 15:00:00,4,6,50.07,0.49,0.024,50.094
Short Circuit,String-10_Panel-5,High,12,Replace Module,Replace Wiring,295,Sunny,2023-01-26 17:00:00,10,5,603.65,6.4,0.314,603.9639999999999
Open Circuit,String-3_Panel-10,Medium,1,Replace Connector,Replace Connector,575,Sunny,2023-01-26 20:00:00,3,10,83.3,0.88,0.042,83.342
Open Circuit,String-6_Panel-15,Critical,12,Replace Panel Section,Replace Module,847,Rainy,2023-01-26 22:00:00,6,15,324.43,3.11,0.15,324.58
Open Circuit,String-4_Panel-13,High,13,Replace Wiring,Replace Wiring,595,Cloudy,2023-01-26 23:00:00,4,13,150.17,1.95,0.098,150.268
Hotspot,String-9_Panel-1,Critical,11,Replace Module,Replace Module,851,Sunny,2023-01-27 00:00:00,9,1,497.56,5.87,0.3,497.86
Shadowing,String-3_Panel-2,High,9,Remove Obstruction,Adjust Tilt,285,Rainy,2023-01-27 00:00:00,3,2,52.42,0.56,0.031,52.451
Open Circuit,String-9_Panel-3,High,1,Replace Wiring,Replace Connector,755,Cloudy,2023-01-27 00:00:00,9,3,144.53,2.11,0.091,144.621
Hotspot,String-6_Panel-9,Low,12,Clean Panel,Replace Panel Section,224,Cloudy,2023-01-27 01:00:00,6,9,28.96,0.33,0.022,28.982
Hotspot,String-3_Panel-18,High,4,Replace Module,Replace Panel Section,257,Rainy,2023-01-27 01:00:00,3,18,573.73,7.28,0.404,574.134
Short Circuit,String-1_Panel-7,Medium,8,Replace Fuse,Inspect Junction Box,852,Cloudy,2023-01-27 01:00:00,1,7,60.07,0.5,0.027,60.097
Short Circuit,String-2_Panel-3,Critical,6,Replace Module,Adjust Tilt,336,Cloudy,2023-01-27 01:00:00,2,3,492.99,4.93,0.281,493.271
Hotspot,String-10_Panel-4,Medium,8,Inspect Cells,Replace Wiring,479,Cloudy,2023-01-27 02:00:00,10,4,79.78,1.01,0.063,79.843
Shadowing,String-5_Panel-17,High,11,Adjust Tilt,Reinstall Module,673,Sunny,2023-01-27 05:00:00,5,17,109.44,2.06,0.114,109.554
Shadowing,String-7_Panel-16,Critical,11,Replace Module,Reinstall Module,899,Sunny,2023-01-27 05:00:00,7,16,544.1,7.57,0.436,544.5360000000001
Short Circuit,String-3_Panel-14,Low,6,Inspect Junction Box,Inspect Junction Box,400,Rainy,2023-01-27 05:00:00,3,14,72.72,0.87,0.044,72.764
Short Circuit,String-9_Panel-20,Critical,5,Replace Module,Replace Connector,931,Sunny,2023-01-27 08:00:00,9,20,585.85,5.34,0.236,586.086
Hotspot,String-5_Panel-15,Critical,4,Replace Module,Clean Panel,542,Rainy,2023-01-27 10:00:00,5,15,518.37,5.94,0.278,518.648
Open Circuit,String-9_Panel-20,Critical,3,Replace Module,Replace Module,422,Sunny,2023-01-27 10:00:00,9,20,507.31,6.89,0.406,507.716
Hotspot,String-9_Panel-7,Critical,13,Replace Module,Replace Connector,472,Cloudy,2023-01-27 10:00:00,9,7,462.02,6.68,0.328,462.34799999999996
Open Circuit,String-8_Panel-18,Low,2,Tighten Connection,Replace Wiring,737,Rainy,2023-01-27 12:00:00,8,18,38.01,0.41,0.017,38.027
Short Circuit,String-6_Panel-14,High,12,Replace Module,Replace Connector,481,Rainy,2023-01-27 13:00:00,6,14,517.72,6.84,0.443,518.163
Hotspot,String-9_Panel-17,Medium,9,Inspect Cells,Clean Panel,724,Cloudy,2023-01-27 13:00:00,9,17,84.43,1.08,0.058,84.48800000000001
Short Circuit,String-6_Panel-9,High,3,Replace Wiring,Remove Obstruction,693,Sunny,2023-01-27 14:00:00,6,9,162.41,1.72,0.094,162.504
Hotspot,String-7_Panel-14,Low,3,Clean Panel,Clean Panel,356,Cloudy,2023-01-27 15:00:00,7,14,30.59,0.34,0.022,30.612
Shadowing,String-2_Panel-9,Critical,9,Replace Module,Replace Module,244,Rainy,2023-01-27 16:00:00,2,9,421.1,5.43,0.278,421.37800000000004
Short Circuit,String-4_Panel-9,High,12,Replace Panel Section,Replace Wiring,719,Sunny,2023-01-27 19:00:00,4,9,315.01,4.23,0.207,315.217
Short Circuit,String-1_Panel-19,Critical,4,Replace Module,Replace Module,452,Cloudy,2023-01-27 19:00:00,1,19,545.31,5.85,0.315,545.625
Shadowing,String-4_Panel-18,High,2,Adjust Tilt,Adjust Tilt,981,Cloudy,2023-01-27 19:00:00,4,18,115.63,2.1,0.092,115.722
Hotspot,String-8_Panel-14,Low,10,Clean Panel,Reinstall Module,378,Sunny,2023-01-27 22:00:00,8,14,31.52,0.33,0.016,31.535999999999998
Short Circuit,String-9_Panel-15,Critical,4,Replace Module,Replace Module,579,Cloudy,2023-01-27 23:00:00,9,15,392.55,5.08,0.238,392.788
Shadowing,String-1_Panel-10,High,8,Adjust Tilt,Reinstall Module,586,Sunny,2023-01-27 23:00:00,1,10,114.75,1.52,0.085,114.835
Short Circuit,String-9_Panel-1,Medium,6,Replace Fuse,Replace Fuse,856,Rainy,2023-01-28 00:00:00,9,1,60.06,0.57,0.026,60.086000000000006
Hotspot,String-9_Panel-18,Low,9,Clean Panel,Replace Module,297,Cloudy,2023-01-28 02:00:00,9,18,31.1,0.31,0.02,31.12
Open Circuit,String-5_Panel-9,Low,8,Tighten Connection,Tighten Connection,348,Sunny,2023-01-28 03:00:00,5,9,47.29,0.56,0.024,47.314
Short Circuit,String-1_Panel-12,Medium,12,Replace Fuse,Replace Fuse,604,Sunny,2023-01-28 03:00:00,1,12,62.14,0.57,0.034,62.174
Open Circuit,String-5_Panel-15,High,3,Replace Wiring,Replace Fuse,834,Cloudy,2023-01-28 04:00:00,5,15,144.88,2.28,0.099,144.97899999999998
Shadowing,String-4_Panel-18,Medium,14,Remove Obstruction,Replace Fuse,863,Rainy,2023-01-28 04:00:00,4,18,60.29,0.45,0.02,60.31
Shadowing,String-6_Panel-13,High,5,Reinstall Module,Replace Wiring,788,Cloudy,2023-01-28 05:00:00,6,13,195.1,2.82,0.176,195.27599999999998
Shadowing,String-10_Panel-6,Medium,6,Adjust Tilt,Remove Obstruction,371,Rainy,2023-01-28 05:00:00,10,6,93.48,1.9,0.099,93.57900000000001
Open Circuit,String-5_Panel-17,Medium,5,Replace Connector,Replace Connector,329,Cloudy,2023-01-28 06:00:00,5,17,86.45,1.23,0.067,86.517
Open Circuit,String-1_Panel-2,Medium,9,Replace Wiring,Replace Fuse,578,Cloudy,2023-01-28 09:00:00,1,2,165.49,2.06,0.128,165.618
Shadowing,String-7_Panel-13,High,7,Remove Obstruction,Replace Wiring,536,Cloudy,2023-01-28 09:00:00,7,13,51.12,0.58,0.037,51.157
Open Circuit,String-5_Panel-10,Medium,8,Replace Wiring,Replace Fuse,234,Sunny,2023-01-28 10:00:00,5,10,155.95,2.09,0.101,156.051
Hotspot,String-6_Panel-18,Medium,2,Inspect Cells,Replace Module,624,Cloudy,2023-01-28 12:00:00,6,18,87.75,1.27,0.069,87.819
Open Circuit,String-10_Panel-20,High,10,Replace Wiring,Replace Module,799,Sunny,2023-01-28 12:00:00,10,20,155.03,2.3,0.114,155.144
Hotspot,String-6_Panel-4,Critical,5,Replace Module,Clean Panel,213,Cloudy,2023-01-28 13:00:00,6,4,520.49,4.28,0.195,520.6850000000001
Shadowing,String-6_Panel-10,Critical,6,Reinstall Module,Replace Module,964,Cloudy,2023-01-28 16:00:00,6,10,164.49,3.53,0.16,164.65
Hotspot,String-8_Panel-1,High,5,Replace Panel Section,Replace Panel Section,733,Rainy,2023-01-28 17:00:00,8,1,345.59,3.57,0.17,345.76
Open Circuit,String-4_Panel-9,Low,13,Tighten Connection,Replace Fuse,737,Sunny,2023-01-28 17:00:00,4,9,40.83,0.5,0.021,40.851
Hotspot,String-10_Panel-11,Low,6,Inspect Cells,Replace Connector,782,Cloudy,2023-01-28 18:00:00,10,11,85.58,1.33,0.057,85.637
Short Circuit,String-6_Panel-4,High,7,Replace Wiring,Replace Wiring,467,Cloudy,2023-01-28 19:00:00,6,4,162.59,2.2,0.124,162.714
Open Circuit,String-10_Panel-2,Low,13,Replace Wiring,Replace Panel Section,993,Sunny,2023-01-28 20:00:00,10,2,147.72,1.51,0.064,147.784
Shadowing,String-4_Panel-11,High,6,Adjust Tilt,Replace Connector,206,Sunny,2023-01-28 22:00:00,4,11,127.79,1.77,0.085,127.875
Shadowing,String-7_Panel-14,Low,1,Clean Panel,Clean Panel,276,Sunny,2023-01-28 23:00:00,7,14,28.34,0.35,0.02,28.36
Short Circuit,String-4_Panel-13,Low,6,Inspect Junction Box,Replace Module,660,Cloudy,2023-01-28 23:00:00,4,13,73.65,1.07,0.065,73.715
Shadowing,String-4_Panel-3,Low,3,Remove Obstruction,Replace Module,913,Rainy,2023-01-29 00:00:00,4,3,50.79,0.43,0.021,50.811
Open Circuit,String-7_Panel-16,High,13,Inspect Junction Box,Inspect Cells,395,Rainy,2023-01-29 01:00:00,7,16,70.84,1.04,0.052,70.89200000000001
Hotspot,String-5_Panel-9,Critical,12,Replace Module,Tighten Connection,725,Sunny,2023-01-29 01:00:00,5,9,585.37,7.13,0.466,585.836
Hotspot,String-6_Panel-9,Medium,2,Inspect Cells,Clean Panel,262,Cloudy,2023-01-29 03:00:00,6,9,82.6,1.06,0.057,82.657
Short Circuit,String-4_Panel-15,Critical,4,Replace Panel Section,Replace Module,646,Sunny,2023-01-29 03:00:00,4,15,357.89,4.54,0.248,358.138
Hotspot,String-10_Panel-3,Medium,13,Inspect Cells,Inspect Cells,466,Rainy,2023-01-29 04:00:00,10,3,78.99,1.09,0.049,79.039
Open Circuit,String-10_Panel-4,High,10,Replace Wiring,Replace Wiring,385,Cloudy,2023-01-29 04:00:00,10,4,147.14,1.97,0.087,147.22699999999998
Open Circuit,String-5_Panel-16,Critical,1,Replace Module,Tighten Connection,822,Cloudy,2023-01-29 04:00:00,5,16,505.24,4.24,0.185,505.425
Shadowing,String-3_Panel-11,High,12,Remove Obstruction,Inspect Junction Box,455,Cloudy,2023-01-29 04:00:00,3,11,47.2,0.5,0.03,47.230000000000004
Short Circuit,String-1_Panel-15,Low,8,Replace Fuse,Replace Wiring,740,Rainy,2023-01-29 07:00:00,1,15,58.69,0.55,0.031,58.721
Short Circuit,String-1_Panel-9,Critical,10,Replace Module,Reinstall Module,367,Cloudy,2023-01-29 07:00:00,1,9,498.49,6.49,0.422,498.91200000000003
Hotspot,String-5_Panel-12,High,12,Replace Module,Inspect Cells,278,Cloudy,2023-01-29 08:00:00,5,12,453.07,6.48,0.34,453.40999999999997
Hotspot,String-9_Panel-4,Medium,11,Inspect Cells,Inspect Cells,656,Cloudy,2023-01-29 09:00:00,9,4,84.69,0.76,0.035,84.725
Shadowing,String-7_Panel-14,Medium,4,Adjust Tilt,Tighten Connection,402,Cloudy,2023-01-29 09:00:00,7,14,104.07,2.07,0.111,104.181
Hotspot,String-10_Panel-12,Low,9,Clean Panel,Clean Panel,272,Sunny,2023-01-29 11:00:00,10,12,27.22,0.28,0.015,27.235
Open Circuit,String-4_Panel-17,Medium,3,Replace Connector,Replace Connector,470,Rainy,2023-01-29 12:00:00,4,17,85.36,1.07,0.062,85.422
Open Circuit,String-3_Panel-8,Low,1,Tighten Connection,Tighten Connection,544,Rainy,2023-01-29 12:00:00,3,8,43.14,0.52,0.032,43.172
Open Circuit,String-6_Panel-18,Critical,7,Replace Module,Replace Module,762,Sunny,2023-01-29 13:00:00,6,18,483.98,4.81,0.234,484.214
Open Circuit,String-1_Panel-1,Low,8,Tighten Connection,Adjust Tilt,506,Rainy,2023-01-29 13:00:00,1,1,38.87,0.36,0.021,38.891
Open Circuit,String-3_Panel-8,Critical,5,Replace Module,Replace Module,347,Cloudy,2023-01-29 13:00:00,3,8,482.52,7.13,0.338,482.858
Shadowing,String-10_Panel-17,Medium,7,Remove Obstruction,Remove Obstruction,957,Rainy,2023-01-29 14:00:00,10,17,44.23,0.57,0.032,44.26199999999999
Open Circuit,String-8_Panel-8,Critical,1,Replace Module,Replace Module,243,Sunny,2023-01-29 14:00:00,8,8,489.01,5.54,0.292,489.30199999999996
Short Circuit,String-10_Panel-1,Low,10,Inspect Junction Box,Inspect Junction Box,392,Cloudy,2023-01-29 15:00:00,10,1,56.97,0.78,0.042,57.012
Open Circuit,String-7_Panel-12,Medium,12,Replace Wiring,Replace Connector,787,Sunny,2023-01-29 16:00:00,7,12,168.6,1.9,0.086,168.686
Hotspot,String-5_Panel-1,Low,3,Clean Panel,Adjust Tilt,448,Cloudy,2023-01-29 16:00:00,5,1,32.72,0.38,0.024,32.744
Short Circuit,String-6_Panel-11,Low,14,Replace Fuse,Inspect Cells,779,Rainy,2023-01-29 16:00:00,6,11,59.92,0.61,0.027,59.947
Shadowing,String-8_Panel-12,Low,2,Remove Obstruction,Clean Panel,722,Rainy,2023-01-29 16:00:00,8,12,54.11,0.44,0.022,54.132
Shadowing,String-7_Panel-3,Low,9,Remove Obstruction,Clean Panel,709,Cloudy,2023-01-29 16:00:00,7,3,49.03,0.44,0.02,49.050000000000004
Shadowing,String-2_Panel-11,Medium,11,Remove Obstruction,Replace Panel Section,327,Sunny,2023-01-29 18:00:00,2,11,43.3,0.44,0.023,43.323
Hotspot,String-4_Panel-9,Critical,2,Replace Module,Replace Module,318,Cloudy,2023-01-29 18:00:00,4,9,561.41,5.91,0.373,561.783
Short Circuit,String-1_Panel-11,Critical,1,Replace Module,Replace Wiring,942,Sunny,2023-01-29 19:00:00,1,11,543.76,5.3,0.25,544.01
Short Circuit,String-1_Panel-20,Critical,4,Replace Wiring,Replace Module,298,Rainy,2023-01-29 20:00:00,1,20,159.83,2.62,0.112,159.942
Short Circuit,String-5_Panel-2,Medium,9,Replace Fuse,Remove Obstruction,804,Sunny,2023-01-29 21:00:00,5,2,57.8,0.55,0.034,57.833999999999996
Hotspot,String-7_Panel-13,Critical,3,Replace Module,Tighten Connection,583,Sunny,2023-01-29 21:00:00,7,13,497.74,5.71,0.369,498.10900000000004
Hotspot,String-8_Panel-2,Critical,13,Replace Module,Replace Module,777,Cloudy,2023-01-29 21:00:00,8,2,485.57,5.7,0.328,485.89799999999997
Hotspot,String-2_Panel-12,Low,3,Remove Obstruction,Remove Obstruction,370,Rainy,2023-01-29 22:00:00,2,12,53.98,0.46,0.021,54.001
Short Circuit,String-2_Panel-15,Critical,1,Replace Module,Replace Module,244,Cloudy,2023-01-29 22:00:00,2,15,440.27,5.09,0.316,440.58599999999996
Hotspot,String-8_Panel-7,Low,6,Inspect Cells,Inspect Junction Box,982,Sunny,2023-01-29 22:00:00,8,7,83.95,0.86,0.047,83.997
Open Circuit,String-3_Panel-9,Critical,6,Replace Module,Replace Module,343,Rainy,2023-01-29 23:00:00,3,9,487.8,5.68,0.316,488.116
Shadowing,String-8_Panel-20,High,8,Adjust Tilt,Adjust Tilt,906,Rainy,2023-01-29 23:00:00,8,20,126.35,2.0,0.128,126.478
Short Circuit,String-5_Panel-19,Medium,13,Replace Fuse,Adjust Tilt,884,Sunny,2023-01-29 23:00:00,5,19,57.92,0.52,0.033,57.953
Hotspot,String-2_Panel-16,Low,13,Inspect Cells,Clean Panel,933,Rainy,2023-01-30 00:00:00,2,16,78.83,1.0,0.057,78.887
Shadowing,String-2_Panel-16,Low,2,Remove Obstruction,Replace Connector,982,Cloudy,2023-01-30 00:00:00,2,16,50.85,0.55,0.023,50.873000000000005
Hotspot,String-7_Panel-4,Critical,7,Replace Module,Replace Module,524,Cloudy,2023-01-30 01:00:00,7,4,595.57,5.37,0.326,595.8960000000001
Open Circuit,String-8_Panel-12,Low,6,Tighten Connection,Tighten Connection,729,Sunny,2023-01-30 02:00:00,8,12,39.89,0.49,0.027,39.917
Hotspot,String-6_Panel-15,Critical,9,Replace Module,Replace Wiring,445,Rainy,2023-01-30 02:00:00,6,15,524.46,6.61,0.332,524.792
Shadowing,String-2_Panel-9,Medium,14,Remove Obstruction,Remove Obstruction,917,Cloudy,2023-01-30 03:00:00,2,9,49.99,0.55,0.025,50.015
Short Circuit,String-7_Panel-20,High,7,Replace Wiring,Replace Wiring,619,Cloudy,2023-01-30 05:00:00,7,20,159.19,1.82,0.1,159.29
Shadowing,String-6_Panel-5,Low,13,Clean Panel,Clean Panel,694,Sunny,2023-01-30 06:00:00,6,5,35.31,0.3,0.019,35.329
Shadowing,String-8_Panel-4,Critical,7,Reinstall Module,Reinstall Module,638,Rainy,2023-01-30 07:00:00,8,4,191.23,3.44,0.147,191.37699999999998
Short Circuit,String-5_Panel-2,High,2,Replace Wiring,Replace Wiring,787,Rainy,2023-01-30 08:00:00,5,2,152.99,2.24,0.096,153.086
Hotspot,String-10_Panel-3,High,8,Replace Panel Section,Reinstall Module,302,Cloudy,2023-01-30 08:00:00,10,3,351.17,4.44,0.266,351.43600000000004
Hotspot,String-3_Panel-20,High,2,Replace Module,Replace Panel Section,423,Cloudy,2023-01-30 10:00:00,3,20,534.93,6.65,0.343,535.2729999999999
Open Circuit,String-2_Panel-4,Medium,3,Replace Wiring,Reinstall Module,716,Rainy,2023-01-30 11:00:00,2,4,142.78,2.41,0.139,142.919
Shadowing,String-1_Panel-6,Medium,13,Adjust Tilt,Replace Module,367,Sunny,2023-01-30 11:00:00,1,6,127.73,2.03,0.112,127.842
Open Circuit,String-4_Panel-7,Low,7,Tighten Connection,Tighten Connection,416,Sunny,2023-01-30 14:00:00,4,7,40.04,0.59,0.032,40.071999999999996
Short Circuit,String-2_Panel-5,Critical,4,Replace Module,Replace Module,223,Cloudy,2023-01-30 15:00:00,2,5,448.8,5.85,0.366,449.166
Shadowing,String-8_Panel-9,High,14,Adjust Tilt,Adjust Tilt,962,Rainy,2023-01-30 16:00:00,8,9,117.95,1.57,0.069,118.019
Hotspot,String-2_Panel-10,Medium,4,Inspect Cells,Inspect Cells,684,Rainy,2023-01-30 17:00:00,2,10,89.64,0.99,0.052,89.69200000000001
Hotspot,String-7_Panel-14,Medium,4,Inspect Cells,Replace Panel Section,451,Sunny,2023-01-30 17:00:00,7,14,92.36,0.93,0.049,92.409
Short Circuit,String-1_Panel-10,High,5,Replace Wiring,Reinstall Module,409,Cloudy,2023-01-30 18:00:00,1,10,156.51,2.06,0.131,156.641
Short Circuit,String-10_Panel-8,High,12,Replace Wiring,Replace Wiring,478,Sunny,2023-01-30 19:00:00,10,8,147.9,2.25,0.144,148.044
Short Circuit,String-1_Panel-18,High,2,Replace Wiring,Replace Connector,218,Rainy,2023-01-30 21:00:00,1,18,130.54,2.15,0.139,130.679
Shadowing,String-7_Panel-16,Medium,7,Remove Obstruction,Remove Obstruction,640,Cloudy,2023-01-30 21:00:00,7,16,51.92,0.52,0.03,51.95
Shadowing,String-1_Panel-14,Medium,14,Remove Obstruction,Remove Obstruction,339,Sunny,2023-01-30 21:00:00,1,14,53.15,0.5,0.021,53.171
Short Circuit,String-6_Panel-1,Critical,7,Replace Module,Reinstall Module,599,Rainy,2023-01-30 23:00:00,6,1,507.03,7.45,0.355,507.385
Hotspot,String-8_Panel-18,High,12,Replace Module,Replace Panel Section,489,Sunny,2023-01-31 00:00:00,8,18,540.79,4.79,0.303,541.093
Hotspot,String-3_Panel-16,Medium,5,Inspect Cells,Replace Connector,772,Sunny,2023-01-31 01:00:00,3,16,82.05,0.75,0.045,82.095
Short Circuit,String-5_Panel-13,High,3,Replace Wiring,Reinstall Module,900,Sunny,2023-01-31 01:00:00,5,13,145.44,1.5,0.07,145.51
Short Circuit,String-3_Panel-5,Critical,10,Replace Module,Inspect Cells,600,Rainy,2023-01-31 02:00:00,3,5,579.7,7.07,0.45,580.1500000000001
Open Circuit,String-8_Panel-1,Critical,8,Replace Module,Replace Panel Section,418,Sunny,2023-01-31 02:00:00,8,1,521.92,6.96,0.33,522.25
Open Circuit,String-2_Panel-7,High,6,Replace Wiring,Inspect Cells,252,Sunny,2023-01-31 02:00:00,2,7,163.6,1.77,0.092,163.692
Shadowing,String-10_Panel-20,High,7,Adjust Tilt,Replace Panel Section,726,Cloudy,2023-01-31 03:00:00,10,20,124.22,1.57,0.077,124.297
Shadowing,String-3_Panel-4,High,9,Remove Obstruction,Adjust Tilt,218,Sunny,2023-01-31 04:00:00,3,4,59.09,0.54,0.029,59.11900000000001
Open Circuit,String-9_Panel-9,High,11,Replace Wiring,Replace Wiring,338,Sunny,2023-01-31 05:00:00,9,9,152.19,1.98,0.108,152.298
Open Circuit,String-10_Panel-9,Low,3,Replace Connector,Reinstall Module,486,Cloudy,2023-01-31 05:00:00,10,9,84.13,0.88,0.042,84.172
Shadowing,String-2_Panel-2,High,1,Remove Obstruction,Adjust Tilt,407,Sunny,2023-01-31 05:00:00,2,2,55.49,0.44,0.026,55.516000000000005
Open Circuit,String-6_Panel-4,Critical,7,Replace Module,Replace Module,833,Sunny,2023-01-31 06:00:00,6,4,516.38,6.24,0.392,516.772
Hotspot,String-8_Panel-9,Medium,14,Replace Panel Section,Replace Module,891,Rainy,2023-01-31 07:00:00,8,9,345.46,4.04,0.24,345.7
Shadowing,String-2_Panel-16,Low,12,Remove Obstruction,Clean Panel,295,Cloudy,2023-01-31 07:00:00,2,16,51.24,0.54,0.033,51.273
Open Circuit,String-10_Panel-10,Medium,3,Replace Connector,Replace Connector,360,Cloudy,2023-01-31 08:00:00,10,10,105.54,1.06,0.065,105.605
Short Circuit,String-1_Panel-7,Low,9,Inspect Junction Box,Inspect Junction Box,465,Cloudy,2023-01-31 08:00:00,1,7,60.99,0.9,0.058,61.048
Short Circuit,String-6_Panel-12,Low,5,Inspect Junction Box,Inspect Junction Box,265,Cloudy,2023-01-31 10:00:00,6,12,71.61,0.77,0.034,71.644
Shadowing,String-3_Panel-11,Critical,2,Reinstall Module,Replace Fuse,241,Rainy,2023-01-31 11:00:00,3,11,191.3,3.51,0.181,191.48100000000002
Open Circuit,String-3_Panel-8,Critical,5,Replace Module,Replace Module,973,Cloudy,2023-01-31 12:00:00,3,8,528.52,6.85,0.368,528.888
Open Circuit,String-3_Panel-12,Critical,13,Replace Module,Replace Module,646,Rainy,2023-01-31 13:00:00,3,12,478.7,5.86,0.256,478.95599999999996
Open Circuit,String-1_Panel-11,Low,11,Tighten Connection,Tighten Connection,807,Sunny,2023-01-31 16:00:00,1,11,35.74,0.4,0.023,35.763000000000005
Short Circuit,String-1_Panel-8,Low,8,Inspect Junction Box,Replace Fuse,842,Cloudy,2023-01-31 17:00:00,1,8,66.62,0.95,0.051,66.671
Shadowing,String-7_Panel-9,Medium,7,Remove Obstruction,Remove Obstruction,274,Sunny,2023-01-31 17:00:00,7,9,47.28,0.5,0.027,47.307
Open Circuit,String-8_Panel-5,Low,7,Tighten Connection,Tighten Connection,899,Sunny,2023-01-31 17:00:00,8,5,37.53,0.6,0.03,37.56
Short Circuit,String-8_Panel-8,Medium,5,Replace Fuse,Tighten Connection,392,Rainy,2023-01-31 18:00:00,8,8,56.72,0.59,0.027,56.747
Hotspot,String-8_Panel-10,Low,6,Clean Panel,Clean Panel,241,Cloudy,2023-01-31 19:00:00,8,10,28.68,0.29,0.018,28.698
Shadowing,String-9_Panel-16,Low,6,Remove Obstruction,Clean Panel,445,Rainy,2023-01-31 20:00:00,9,16,55.86,0.45,0.022,55.882
Short Circuit,String-6_Panel-2,Medium,6,Replace Fuse,Replace Fuse,511,Sunny,2023-01-31 20:00:00,6,2,60.43,0.44,0.023,60.453
Shadowing,String-10_Panel-2,Critical,1,Reinstall Module,Reinstall Module,255,Rainy,2023-01-31 21:00:00,10,2,200.09,3.41,0.215,200.305
Short Circuit,String-8_Panel-15,Critical,14,Replace Module,Clean Panel,704,Rainy,2023-01-31 21:00:00,8,15,548.61,6.87,0.294,548.904
Shadowing,String-10_Panel-20,Critical,3,Reinstall Module,Reinstall Module,314,Sunny,2023-01-31 22:00:00,10,20,196.58,3.24,0.19,196.77
Hotspot,String-7_Panel-2,High,1,Replace Panel Section,Clean Panel,346,Rainy,2023-01-31 22:00:00,7,2,335.07,3.96,0.243,335.313
Shadowing,String-9_Panel-1,Medium,8,Remove Obstruction,Replace Fuse,909,Rainy,2023-02-01 01:00:00,9,1,46.17,0.59,0.037,46.207
Hotspot,String-8_Panel-3,High,13,Replace Panel Section,Replace Panel Section,259,Cloudy,2023-02-01 03:00:00,8,3,361.99,3.75,0.216,362.206
Hotspot,String-1_Panel-19,High,5,Replace Module,Replace Fuse,302,Cloudy,2023-02-01 04:00:00,1,19,619.54,5.24,0.251,619.7909999999999
Open Circuit,String-4_Panel-19,Low,5,Tighten Connection,Remove Obstruction,334,Rainy,2023-02-01 04:00:00,4,19,40.52,0.58,0.027,40.547000000000004
Shadowing,String-9_Panel-2,Low,11,Clean Panel,Clean Panel,942,Sunny,2023-02-01 05:00:00,9,2,29.95,0.28,0.012,29.962
Open Circuit,String-2_Panel-15,Critical,10,Replace Module,Replace Module,927,Cloudy,2023-02-01 06:00:00,2,15,480.46,5.87,0.36,480.82
Open Circuit,String-2_Panel-6,Medium,9,Replace Wiring,Tighten Connection,660,Sunny,2023-02-01 07:00:00,2,6,137.9,1.83,0.084,137.984
Shadowing,String-8_Panel-8,Critical,2,Reinstall Module,Reinstall Module,502,Cloudy,2023-02-01 08:00:00,8,8,177.14,2.85,0.129,177.26899999999998
Short Circuit,String-1_Panel-1,High,10,Replace Wiring,Adjust Tilt,249,Cloudy,2023-02-01 09:00:00,1,1,145.21,1.93,0.081,145.291
Open Circuit,String-2_Panel-11,High,4,Replace Wiring,Replace Wiring,654,Sunny,2023-02-01 10:00:00,2,11,142.13,2.17,0.108,142.238
Short Circuit,String-2_Panel-12,Medium,2,Replace Fuse,Adjust Tilt,314,Rainy,2023-02-01 11:00:00,2,12,57.77,0.53,0.025,57.795
Short Circuit,String-5_Panel-2,High,3,Replace Wiring,Replace Wiring,850,Rainy,2023-02-01 12:00:00,5,2,154.39,2.38,0.133,154.523
Open Circuit,String-5_Panel-15,Critical,12,Replace Module,Replace Module,245,Sunny,2023-02-01 13:00:00,5,15,446.23,6.33,0.292,446.522
Shadowing,String-5_Panel-7,Medium,6,Remove Obstruction,Tighten Connection,310,Rainy,2023-02-01 16:00:00,5,7,49.11,0.56,0.034,49.144
Open Circuit,String-7_Panel-12,Medium,2,Replace Connector,Inspect Junction Box,623,Rainy,2023-02-01 16:00:00,7,12,79.3,1.02,0.055,79.355
Open Circuit,String-5_Panel-6,Low,8,Tighten Connection,Tighten Connection,493,Sunny,2023-02-01 16:00:00,5,6,39.23,0.58,0.034,39.263999999999996
Hotspot,String-10_Panel-3,High,10,Replace Panel Section,Inspect Junction Box,304,Rainy,2023-02-01 16:00:00,10,3,287.24,3.5,0.221,287.461
Shadowing,String-10_Panel-16,Low,10,Clean Panel,Remove Obstruction,454,Sunny,2023-02-01 17:00:00,10,16,29.12,0.35,0.021,29.141000000000002
Short Circuit,String-4_Panel-11,Low,10,Inspect Junction Box,Inspect Junction Box,294,Cloudy,2023-02-01 17:00:00,4,11,72.77,1.02,0.059,72.829
Shadowing,String-6_Panel-18,Low,11,Clean Panel,Inspect Junction Box,670,Sunny,2023-02-01 18:00:00,6,18,27.93,0.33,0.016,27.945999999999998
Short Circuit,String-6_Panel-2,Critical,12,Replace Module,Inspect Junction Box,275,Rainy,2023-02-01 18:00:00,6,2,554.75,6.85,0.361,555.111
Shadowing,String-3_Panel-17,High,9,Adjust Tilt,Replace Fuse,571,Rainy,2023-02-01 19:00:00,3,17,118.31,2.1,0.138,118.44800000000001
Shadowing,String-6_Panel-7,High,6,Adjust Tilt,Adjust Tilt,810,Rainy,2023-02-01 19:00:00,6,7,122.9,1.97,0.125,123.025
Hotspot,String-8_Panel-3,Medium,14,Inspect Cells,Replace Wiring,468,Sunny,2023-02-01 20:00:00,8,3,89.8,0.99,0.05,89.85
Short Circuit,String-9_Panel-13,High,6,Replace Wiring,Replace Module,627,Sunny,2023-02-01 20:00:00,9,13,148.3,2.02,0.097,148.39700000000002
Short Circuit,String-2_Panel-7,Critical,6,Replace Module,Replace Module,392,Rainy,2023-02-01 20:00:00,2,7,526.74,6.75,0.3,527.04
Open Circuit,String-7_Panel-13,Critical,6,Replace Module,Replace Module,409,Sunny,2023-02-01 20:00:00,7,13,527.31,6.93,0.327,527.637
Shadowing,String-2_Panel-12,Low,9,Remove Obstruction,Replace Module,490,Rainy,2023-02-01 22:00:00,2,12,50.72,0.46,0.026,50.746
Short Circuit,String-9_Panel-5,Medium,4,Replace Fuse,Reinstall Module,957,Rainy,2023-02-01 22:00:00,9,5,55.66,0.49,0.03,55.69
Open Circuit,String-1_Panel-1,Low,4,Tighten Connection,Tighten Connection,772,Rainy,2023-02-01 23:00:00,1,1,35.95,0.43,0.028,35.978
Short Circuit,String-10_Panel-1,Critical,6,Replace Module,Replace Module,877,Cloudy,2023-02-02 00:00:00,10,1,591.86,5.67,0.323,592.183
Hotspot,String-5_Panel-20,Low,7,Clean Panel,Clean Panel,326,Sunny,2023-02-02 00:00:00,5,20,29.03,0.27,0.016,29.046
Open Circuit,String-4_Panel-7,Low,4,Tighten Connection,Replace Connector,791,Cloudy,2023-02-02 00:00:00,4,7,47.87,0.58,0.025,47.894999999999996
Hotspot,String-8_Panel-14,Critical,5,Replace Module,Replace Module,360,Sunny,2023-02-02 00:00:00,8,14,546.94,5.4,0.259,547.1990000000001
Hotspot,String-3_Panel-9,Medium,7,Replace Panel Section,Inspect Cells,917,Rainy,2023-02-02 02:00:00,3,9,346.1,4.56,0.211,346.31100000000004
Hotspot,String-7_Panel-7,Critical,13,Replace Module,Replace Fuse,759,Sunny,2023-02-02 03:00:00,7,7,500.45,5.88,0.37,500.82
Open Circuit,String-3_Panel-19,High,13,Replace Wiring,Replace Fuse,277,Sunny,2023-02-02 03:00:00,3,19,137.38,2.09,0.089,137.469
Short Circuit,String-7_Panel-5,High,3,Replace Wiring,Replace Fuse,504,Sunny,2023-02-02 04:00:00,7,5,130.57,2.03,0.114,130.684
Hotspot,String-9_Panel-5,Critical,2,Replace Module,Replace Module,304,Rainy,2023-02-02 06:00:00,9,5,470.18,6.46,0.316,470.496
Shadowing,String-6_Panel-8,Low,13,Remove Obstruction,Replace Module,322,Cloudy,2023-02-02 06:00:00,6,8,53.0,0.55,0.036,53.036
Hotspot,String-2_Panel-19,Critical,14,Replace Module,Replace Module,295,Sunny,2023-02-02 08:00:00,2,19,452.73,5.62,0.299,453.029
Open Circuit,String-3_Panel-11,Medium,4,Replace Wiring,Replace Connector,915,Cloudy,2023-02-02 08:00:00,3,11,143.5,1.83,0.109,143.609
Open Circuit,String-4_Panel-13,Medium,11,Replace Connector,Replace Connector,400,Rainy,2023-02-02 09:00:00,4,13,102.62,1.1,0.058,102.67800000000001
Open Circuit,String-2_Panel-16,High,7,Inspect Junction Box,Remove Obstruction,357,Rainy,2023-02-02 11:00:00,2,16,75.42,1.07,0.061,75.48100000000001
Open Circuit,String-9_Panel-17,Medium,4,Replace Wiring,Replace Connector,814,Rainy,2023-02-02 12:00:00,9,17,148.03,1.9,0.097,148.127
Open Circuit,String-6_Panel-19,Critical,1,Replace Module,Replace Wiring,805,Cloudy,2023-02-02 13:00:00,6,19,543.13,5.67,0.297,543.427
Shadowing,String-3_Panel-19,Critical,5,Reinstall Module,Remove Obstruction,929,Cloudy,2023-02-02 14:00:00,3,19,183.83,3.54,0.167,183.997
Hotspot,String-8_Panel-1,Low,1,Clean Panel,Clean Panel,744,Rainy,2023-02-02 15:00:00,8,1,31.2,0.34,0.015,31.215
Short Circuit,String-7_Panel-7,Medium,9,Replace Fuse,Replace Fuse,789,Sunny,2023-02-02 16:00:00,7,7,60.45,0.5,0.026,60.476000000000006
Open Circuit,String-4_Panel-18,High,1,Replace Wiring,Adjust Tilt,335,Sunny,2023-02-02 16:00:00,4,18,143.08,1.89,0.094,143.174
Open Circuit,String-3_Panel-2,Medium,9,Replace Wiring,Adjust Tilt,947,Cloudy,2023-02-02 18:00:00,3,2,148.7,1.81,0.105,148.80499999999998
Shadowing,String-1_Panel-17,Critical,13,Replace Module,Reinstall Module,250,Cloudy,2023-02-02 18:00:00,1,17,565.78,6.49,0.337,566.117
Open Circuit,String-9_Panel-17,Medium,12,Replace Wiring,Replace Connector,876,Sunny,2023-02-02 20:00:00,9,17,146.91,2.14,0.095,147.005
Open Circuit,String-5_Panel-16,Medium,7,Replace Connector,Replace Connector,324,Sunny,2023-02-02 20:00:00,5,16,88.13,1.12,0.058,88.188
Hotspot,String-6_Panel-4,High,9,Replace Panel Section,Replace Panel Section,490,Cloudy,2023-02-02 20:00:00,6,4,294.86,3.59,0.154,295.014
Shadowing,String-9_Panel-12,High,11,Adjust Tilt,Replace Fuse,415,Sunny,2023-02-02 21:00:00,9,12,136.57,1.54,0.065,136.635
Hotspot,String-7_Panel-1,Medium,11,Inspect Cells,Remove Obstruction,702,Cloudy,2023-02-02 21:00:00,7,1,75.64,0.92,0.045,75.685
Shadowing,String-3_Panel-8,Low,1,Clean Panel,Clean Panel,680,Sunny,2023-02-02 22:00:00,3,8,28.99,0.28,0.012,29.002
Hotspot,String-4_Panel-18,Medium,4,Inspect Cells,Tighten Connection,626,Cloudy,2023-02-02 23:00:00,4,18,81.36,0.82,0.046,81.406
Short Circuit,String-10_Panel-16,Medium,2,Replace Fuse,Replace Fuse,893,Sunny,2023-02-03 00:00:00,10,16,63.61,0.55,0.026,63.636
Open Circuit,String-10_Panel-2,Low,11,Inspect Junction Box,Tighten Connection,797,Cloudy,2023-02-03 01:00:00,10,2,71.67,1.08,0.048,71.718
Shadowing,String-4_Panel-5,Low,4,Remove Obstruction,Reinstall Module,685,Cloudy,2023-02-03 01:00:00,4,5,50.04,0.49,0.032,50.071999999999996
Hotspot,String-10_Panel-9,Critical,3,Replace Module,Replace Module,990,Sunny,2023-02-03 01:00:00,10,9,600.06,4.8,0.315,600.375
Shadowing,String-9_Panel-2,High,8,Adjust Tilt,Reinstall Module,526,Rainy,2023-02-03 03:00:00,9,2,111.21,2.24,0.105,111.315
Open Circuit,String-4_Panel-17,Low,3,Tighten Connection,Tighten Connection,962,Cloudy,2023-02-03 03:00:00,4,17,36.81,0.53,0.027,36.837
Hotspot,String-9_Panel-11,Low,7,Inspect Cells,Adjust Tilt,856,Rainy,2023-02-03 03:00:00,9,11,88.77,1.03,0.068,88.838
Open Circuit,String-9_Panel-13,Low,5,Tighten Connection,Tighten Connection,331,Sunny,2023-02-03 04:00:00,9,13,40.24,0.49,0.032,40.272
Hotspot,String-8_Panel-1,Medium,5,Inspect Cells,Adjust Tilt,723,Rainy,2023-02-03 04:00:00,8,1,88.95,1.09,0.061,89.01100000000001
Hotspot,String-2_Panel-17,High,2,Replace Panel Section,Replace Panel Section,886,Cloudy,2023-02-03 07:00:00,2,17,293.24,3.73,0.204,293.444
Shadowing,String-6_Panel-16,Medium,1,Remove Obstruction,Remove Obstruction,866,Rainy,2023-02-03 07:00:00,6,16,53.14,0.56,0.026,53.166000000000004
Shadowing,String-6_Panel-1,Critical,1,Reinstall Module,Replace Module,292,Sunny,2023-02-03 08:00:00,6,1,222.89,3.49,0.15,223.04
Hotspot,String-6_Panel-19,Critical,14,Replace Module,Replace Module,838,Rainy,2023-02-03 08:00:00,6,19,485.81,7.13,0.301,486.111
Short Circuit,String-1_Panel-7,Critical,9,Replace Module,Replace Module,805,Rainy,2023-02-03 08:00:00,1,7,525.25,5.76,0.25,525.5
Hotspot,String-8_Panel-11,Low,8,Clean Panel,Remove Obstruction,201,Rainy,2023-02-03 09:00:00,8,11,26.48,0.32,0.018,26.498
Open Circuit,String-1_Panel-15,Critical,5,Replace Module,Replace Module,525,Rainy,2023-02-03 09:00:00,1,15,647.28,5.22,0.294,647.574
Open Circuit,String-1_Panel-12,Critical,12,Replace Module,Replace Module,783,Cloudy,2023-02-03 13:00:00,1,12,541.22,7.1,0.449,541.669
Shadowing,String-2_Panel-19,Critical,13,Replace Module,Replace Wiring,698,Sunny,2023-02-03 15:00:00,2,19,543.81,4.67,0.232,544.0419999999999
Short Circuit,String-1_Panel-7,High,6,Replace Wiring,Replace Wiring,472,Rainy,2023-02-03 16:00:00,1,7,137.12,1.55,0.065,137.185
Short Circuit,String-1_Panel-13,Medium,8,Replace Fuse,Replace Fuse,548,Cloudy,2023-02-03 17:00:00,1,13,49.23,0.42,0.026,49.256
Open Circuit,String-10_Panel-10,Low,12,Replace Module,Remove Obstruction,991,Rainy,2023-02-03 17:00:00,10,10,485.42,6.29,0.327,485.747
Short Circuit,String-7_Panel-6,Low,1,Replace Connector,Remove Obstruction,944,Sunny,2023-02-03 18:00:00,7,6,96.44,1.09,0.071,96.511
Shadowing,String-10_Panel-14,High,7,Adjust Tilt,Adjust Tilt,391,Cloudy,2023-02-03 20:00:00,10,14,119.98,2.07,0.126,120.10600000000001
Short Circuit,String-9_Panel-16,High,14,Reinstall Module,Replace Wiring,971,Rainy,2023-02-03 21:00:00,9,16,202.27,2.86,0.156,202.42600000000002
Shadowing,String-8_Panel-10,Critical,5,Replace Module,Reinstall Module,971,Cloudy,2023-02-04 00:00:00,8,10,485.99,6.3,0.267,486.257
Shadowing,String-2_Panel-18,High,4,Remove Obstruction,Replace Connector,595,Cloudy,2023-02-04 02:00:00,2,18,47.35,0.46,0.02,47.370000000000005
Short Circuit,String-2_Panel-8,Medium,9,Replace Fuse,Adjust Tilt,403,Cloudy,2023-02-04 02:00:00,2,8,64.7,0.5,0.028,64.72800000000001
Short Circuit,String-1_Panel-5,Critical,12,Replace Module,Replace Panel Section,329,Sunny,2023-02-04 02:00:00,1,5,553.64,5.6,0.312,553.952
Short Circuit,String-5_Panel-10,Medium,5,Replace Fuse,Replace Fuse,544,Cloudy,2023-02-04 03:00:00,5,10,64.9,0.47,0.027,64.927
Shadowing,String-3_Panel-7,Medium,12,Remove Obstruction,Remove Obstruction,990,Rainy,2023-02-04 04:00:00,3,7,50.16,0.57,0.031,50.190999999999995
Short Circuit,String-8_Panel-13,Low,3,Inspect Junction Box,Replace Wiring,505,Cloudy,2023-02-04 05:00:00,8,13,63.28,1.07,0.063,63.343
Open Circuit,String-4_Panel-5,High,14,Replace Wiring,Replace Connector,776,Sunny,2023-02-04 06:00:00,4,5,172.66,2.0,0.113,172.773
Hotspot,String-7_Panel-4,Medium,7,Inspect Cells,Inspect Cells,830,Rainy,2023-02-04 07:00:00,7,4,87.43,1.23,0.07,87.5
Hotspot,String-1_Panel-19,High,3,Replace Module,Replace Panel Section,456,Rainy,2023-02-04 08:00:00,1,19,596.17,5.27,0.229,596.399
Hotspot,String-8_Panel-16,Low,12,Replace Module,Adjust Tilt,863,Rainy,2023-02-04 09:00:00,8,16,489.97,6.16,0.349,490.319
Short Circuit,String-5_Panel-6,Medium,11,Replace Fuse,Replace Fuse,816,Sunny,2023-02-04 10:00:00,5,6,56.91,0.46,0.023,56.933
Open Circuit,String-1_Panel-5,Low,12,Tighten Connection,Inspect Junction Box,399,Cloudy,2023-02-04 10:00:00,1,5,42.56,0.52,0.028,42.588
Shadowing,String-6_Panel-16,High,14,Remove Obstruction,Tighten Connection,302,Sunny,2023-02-04 11:00:00,6,16,48.75,0.46,0.03,48.78
Shadowing,String-4_Panel-15,Low,13,Remove Obstruction,Replace Panel Section,349,Cloudy,2023-02-04 11:00:00,4,15,54.71,0.56,0.032,54.742
Shadowing,String-2_Panel-4,High,8,Remove Obstruction,Replace Panel Section,545,Cloudy,2023-02-04 12:00:00,2,4,39.04,0.39,0.017,39.057
Open Circuit,String-7_Panel-20,Critical,3,Replace Module,Tighten Connection,739,Cloudy,2023-02-04 13:00:00,7,20,503.31,5.46,0.244,503.55400000000003
Shadowing,String-9_Panel-13,Critical,12,Replace Module,Reinstall Module,892,Cloudy,2023-02-04 14:00:00,9,13,572.63,6.02,0.295,572.925
Hotspot,String-3_Panel-11,Medium,9,Replace Panel Section,Inspect Junction Box,929,Rainy,2023-02-04 14:00:00,3,11,316.62,4.11,0.241,316.861
Open Circuit,String-9_Panel-3,High,1,Replace Wiring,Replace Connector,328,Sunny,2023-02-04 15:00:00,9,3,155.07,2.17,0.141,155.21099999999998
Short Circuit,String-7_Panel-10,Low,8,Inspect Junction Box,Replace Panel Section,866,Sunny,2023-02-04 15:00:00,7,10,63.45,1.09,0.052,63.502
Short Circuit,String-8_Panel-1,Medium,12,Replace Fuse,Replace Fuse,555,Sunny,2023-02-04 15:00:00,8,1,58.43,0.35,0.019,58.449
Open Circuit,String-2_Panel-18,Critical,5,Replace Module,Replace Module,640,Cloudy,2023-02-04 17:00:00,2,18,477.65,6.38,0.29,477.94
Hotspot,String-4_Panel-12,Critical,8,Replace Module,Replace Connector,578,Rainy,2023-02-04 17:00:00,4,12,527.67,7.4,0.418,528.088
Shadowing,String-10_Panel-20,Critical,6,Reinstall Module,Inspect Junction Box,272,Sunny,2023-02-04 18:00:00,10,20,199.56,3.11,0.135,199.695
Open Circuit,String-8_Panel-15,High,4,Replace Wiring,Inspect Junction Box,593,Cloudy,2023-02-04 20:00:00,8,15,150.34,1.62,0.106,150.446
Hotspot,String-4_Panel-5,Low,14,Clean Panel,Inspect Cells,219,Cloudy,2023-02-04 21:00:00,4,5,28.36,0.37,0.016,28.375999999999998
Shadowing,String-4_Panel-11,High,8,Clean Panel,Adjust Tilt,564,Cloudy,2023-02-04 21:00:00,4,11,32.47,0.3,0.015,32.485
Short Circuit,String-8_Panel-13,Critical,7,Replace Module,Inspect Junction Box,488,Rainy,2023-02-04 22:00:00,8,13,495.7,6.09,0.321,496.021
Short Circuit,String-8_Panel-12,Medium,1,Replace Fuse,Replace Wiring,543,Cloudy,2023-02-04 23:00:00,8,12,56.24,0.49,0.032,56.272
Short Circuit,String-7_Panel-3,Critical,10,Replace Module,Replace Module,205,Sunny,2023-02-04 23:00:00,7,3,615.67,5.94,0.263,615.933
Hotspot,String-4_Panel-14,Critical,7,Replace Module,Replace Module,291,Cloudy,2023-02-05 00:00:00,4,14,511.86,6.19,0.351,512.211
Short Circuit,String-10_Panel-7,Critical,8,Replace Module,Replace Module,744,Rainy,2023-02-05 01:00:00,10,7,501.4,6.15,0.29,501.69
Short Circuit,String-3_Panel-8,High,7,Replace Wiring,Replace Wiring,501,Cloudy,2023-02-05 02:00:00,3,8,152.66,2.33,0.123,152.783
Short Circuit,String-2_Panel-20,Low,4,Replace Connector,Adjust Tilt,314,Cloudy,2023-02-05 03:00:00,2,20,101.72,0.99,0.051,101.771
Open Circuit,String-10_Panel-2,High,11,Replace Wiring,Replace Wiring,308,Rainy,2023-02-05 03:00:00,10,2,144.18,1.82,0.084,144.264
Hotspot,String-3_Panel-17,Low,8,Clean Panel,Inspect Cells,329,Rainy,2023-02-05 03:00:00,3,17,35.59,0.33,0.014,35.604000000000006
Shadowing,String-9_Panel-7,High,4,Adjust Tilt,Remove Obstruction,845,Rainy,2023-02-05 03:00:00,9,7,131.99,2.17,0.129,132.119
Open Circuit,String-5_Panel-10,Medium,5,Replace Wiring,Replace Connector,689,Cloudy,2023-02-05 04:00:00,5,10,131.43,1.94,0.097,131.52700000000002
Short Circuit,String-8_Panel-2,Low,9,Inspect Junction Box,Remove Obstruction,720,Cloudy,2023-02-05 04:00:00,8,2,58.95,1.13,0.055,59.005
Hotspot,String-9_Panel-19,Critical,9,Replace Module,Replace Module,212,Sunny,2023-02-05 04:00:00,9,19,550.77,7.7,0.445,551.215
Shadowing,String-1_Panel-11,Critical,13,Replace Module,Reinstall Module,984,Cloudy,2023-02-05 05:00:00,1,11,502.48,6.09,0.302,502.78200000000004
Hotspot,String-8_Panel-17,Medium,14,Inspect Cells,Clean Panel,317,Sunny,2023-02-05 05:00:00,8,17,81.15,0.92,0.051,81.20100000000001
Shadowing,String-4_Panel-19,Medium,4,Remove Obstruction,Inspect Junction Box,727,Rainy,2023-02-05 05:00:00,4,19,51.51,0.38,0.025,51.535
Open Circuit,String-8_Panel-15,High,1,Replace Wiring,Remove Obstruction,255,Sunny,2023-02-05 07:00:00,8,15,168.01,2.1,0.092,168.102
Shadowing,String-10_Panel-16,Medium,2,Remove Obstruction,Remove Obstruction,659,Cloudy,2023-02-05 08:00:00,10,16,49.32,0.5,0.032,49.352
Shadowing,String-3_Panel-5,Medium,11,Remove Obstruction,Remove Obstruction,390,Rainy,2023-02-05 08:00:00,3,5,44.57,0.45,0.027,44.597
Short Circuit,String-5_Panel-17,Critical,8,Replace Module,Adjust Tilt,556,Rainy,2023-02-05 08:00:00,5,17,515.85,6.41,0.32,516.1700000000001
Shadowing,String-1_Panel-6,Medium,10,Remove Obstruction,Remove Obstruction,637,Sunny,2023-02-05 09:00:00,1,6,51.43,0.57,0.036,51.466
Hotspot,String-6_Panel-8,Low,12,Inspect Cells,Clean Panel,592,Cloudy,2023-02-05 09:00:00,6,8,85.95,0.99,0.058,86.00800000000001
Shadowing,String-8_Panel-18,Critical,1,Reinstall Module,Reinstall Module,530,Cloudy,2023-02-05 11:00:00,8,18,198.85,3.45,0.197,199.047
Hotspot,String-7_Panel-10,Low,10,Inspect Cells,Reinstall Module,895,Cloudy,2023-02-05 11:00:00,7,10,78.95,0.94,0.046,78.99600000000001
Shadowing,String-5_Panel-4,Critical,5,Reinstall Module,Replace Connector,864,Rainy,2023-02-05 11:00:00,5,4,194.02,3.17,0.159,194.179
Shadowing,String-1_Panel-13,High,8,Adjust Tilt,Adjust Tilt,648,Cloudy,2023-02-05 13:00:00,1,13,128.53,2.34,0.109,128.639
Short Circuit,String-3_Panel-2,High,2,Replace Wiring,Replace Connector,538,Sunny,2023-02-05 14:00:00,3,2,138.79,1.78,0.08,138.87
Short Circuit,String-7_Panel-11,Critical,6,Replace Panel Section,Inspect Junction Box,523,Sunny,2023-02-05 15:00:00,7,11,308.45,3.45,0.18,308.63
Shadowing,String-8_Panel-2,High,7,Remove Obstruction,Inspect Junction Box,287,Cloudy,2023-02-05 15:00:00,8,2,48.1,0.46,0.02,48.120000000000005
Hotspot,String-1_Panel-11,Critical,12,Reinstall Module,Replace Fuse,935,Rainy,2023-02-05 16:00:00,1,11,218.86,3.07,0.191,219.05100000000002
Open Circuit,String-8_Panel-9,Low,11,Replace Connector,Remove Obstruction,924,Cloudy,2023-02-05 16:00:00,8,9,91.23,0.97,0.049,91.27900000000001
Open Circuit,String-7_Panel-2,Critical,13,Replace Module,Reinstall Module,620,Rainy,2023-02-05 19:00:00,7,2,530.67,6.31,0.416,531.086
Open Circuit,String-1_Panel-7,Low,3,Tighten Connection,Replace Panel Section,855,Sunny,2023-02-05 20:00:00,1,7,37.29,0.55,0.032,37.321999999999996
Short Circuit,String-2_Panel-3,High,14,Replace Module,Reinstall Module,486,Cloudy,2023-02-05 22:00:00,2,3,454.64,6.55,0.41,455.05
Short Circuit,String-7_Panel-10,Low,9,Replace Fuse,Replace Connector,522,Rainy,2023-02-05 22:00:00,7,10,55.89,0.5,0.028,55.918
Short Circuit,String-9_Panel-14,Medium,12,Inspect Junction Box,Tighten Connection,592,Rainy,2023-02-06 00:00:00,9,14,62.95,1.13,0.052,63.002
Shadowing,String-7_Panel-8,Low,1,Remove Obstruction,Clean Panel,347,Sunny,2023-02-06 01:00:00,7,8,45.56,0.51,0.022,45.582
Short Circuit,String-5_Panel-13,Low,9,Replace Fuse,Inspect Junction Box,622,Rainy,2023-02-06 02:00:00,5,13,57.74,0.54,0.036,57.776
Shadowing,String-1_Panel-12,Critical,11,Replace Module,Reinstall Module,746,Sunny,2023-02-06 04:00:00,1,12,482.34,6.11,0.362,482.702
Shadowing,String-6_Panel-2,Low,7,Remove Obstruction,Clean Panel,291,Rainy,2023-02-06 04:00:00,6,2,54.95,0.46,0.02,54.970000000000006
Open Circuit,String-6_Panel-17,Low,1,Tighten Connection,Replace Fuse,708,Rainy,2023-02-06 05:00:00,6,17,37.49,0.61,0.034,37.524
Short Circuit,String-10_Panel-2,Low,7,Inspect Junction Box,Inspect Junction Box,816,Cloudy,2023-02-06 06:00:00,10,2,77.44,0.92,0.054,77.494
Shadowing,String-7_Panel-7,Low,1,Clean Panel,Replace Module,788,Sunny,2023-02-06 06:00:00,7,7,31.42,0.26,0.011,31.431
Hotspot,String-1_Panel-1,Medium,8,Inspect Cells,Replace Connector,664,Rainy,2023-02-06 07:00:00,1,1,90.31,1.13,0.047,90.357
Hotspot,String-5_Panel-16,Critical,4,Replace Module,Replace Module,567,Sunny,2023-02-06 07:00:00,5,16,521.86,6.55,0.315,522.1750000000001
Short Circuit,String-4_Panel-12,High,11,Replace Wiring,Inspect Junction Box,434,Sunny,2023-02-06 08:00:00,4,12,134.48,1.8,0.078,134.558
Short Circuit,String-6_Panel-13,Critical,14,Replace Module,Replace Module,322,Sunny,2023-02-06 08:00:00,6,13,570.56,7.16,0.449,571.0089999999999
Hotspot,String-5_Panel-14,Medium,8,Inspect Cells,Replace Fuse,259,Rainy,2023-02-06 08:00:00,5,14,86.95,1.09,0.051,87.001
Hotspot,String-7_Panel-16,Critical,8,Replace Module,Replace Module,579,Cloudy,2023-02-06 09:00:00,7,16,513.63,5.41,0.318,513.948
Hotspot,String-6_Panel-8,High,13,Replace Panel Section,Replace Panel Section,439,Rainy,2023-02-06 09:00:00,6,8,328.54,4.09,0.226,328.766
Short Circuit,String-7_Panel-3,Critical,7,Replace Module,Replace Module,726,Rainy,2023-02-06 10:00:00,7,3,542.72,6.17,0.397,543.1170000000001
Hotspot,String-2_Panel-1,High,11,Replace Panel Section,Remove Obstruction,262,Rainy,2023-02-06 10:00:00,2,1,318.91,4.2,0.269,319.17900000000003
Open Circuit,String-5_Panel-13,Critical,8,Replace Module,Replace Module,677,Rainy,2023-02-06 10:00:00,5,13,535.38,6.48,0.337,535.717
Short Circuit,String-8_Panel-9,Medium,14,Replace Fuse,Tighten Connection,684,Rainy,2023-02-06 11:00:00,8,9,60.25,0.46,0.021,60.271
Open Circuit,String-1_Panel-7,Low,13,Tighten Connection,Clean Panel,733,Sunny,2023-02-06 12:00:00,1,7,36.4,0.58,0.034,36.434
Hotspot,String-7_Panel-12,Medium,14,Inspect Cells,Inspect Cells,624,Cloudy,2023-02-06 12:00:00,7,12,88.65,1.24,0.056,88.706
Short Circuit,String-4_Panel-15,Critical,14,Reinstall Module,Replace Module,848,Rainy,2023-02-06 12:00:00,4,15,248.51,2.92,0.142,248.652
Short Circuit,String-9_Panel-11,Low,10,Replace Fuse,Inspect Junction Box,325,Rainy,2023-02-06 14:00:00,9,11,58.09,0.52,0.032,58.122
Shadowing,String-3_Panel-15,High,9,Adjust Tilt,Adjust Tilt,835,Rainy,2023-02-06 15:00:00,3,15,118.91,2.43,0.11,119.02
Shadowing,String-7_Panel-13,High,8,Remove Obstruction,Tighten Connection,937,Rainy,2023-02-06 15:00:00,7,13,51.08,0.45,0.021,51.101
Shadowing,String-1_Panel-4,Low,4,Remove Obstruction,Replace Panel Section,246,Cloudy,2023-02-06 16:00:00,1,4,49.46,0.46,0.024,49.484
Open Circuit,String-5_Panel-10,Low,4,Tighten Connection,Tighten Connection,658,Rainy,2023-02-06 18:00:00,5,10,48.55,0.48,0.021,48.571
Open Circuit,String-2_Panel-5,Low,9,Tighten Connection,Tighten Connection,777,Sunny,2023-02-06 18:00:00,2,5,37.77,0.5,0.032,37.802
Short Circuit,String-9_Panel-16,Low,9,Inspect Junction Box,Inspect Junction Box,626,Cloudy,2023-02-06 22:00:00,9,16,73.11,1.08,0.054,73.164
Short Circuit,String-8_Panel-18,High,9,Replace Wiring,Replace Wiring,783,Sunny,2023-02-06 23:00:00,8,18,154.09,1.79,0.115,154.205
Hotspot,String-9_Panel-1,Critical,6,Replace Module,Replace Module,888,Sunny,2023-02-06 23:00:00,9,1,481.82,5.14,0.285,482.105
Short Circuit,String-10_Panel-12,Low,8,Inspect Junction Box,Remove Obstruction,990,Sunny,2023-02-06 23:00:00,10,12,73.86,1.12,0.071,73.931
Open Circuit,String-6_Panel-18,Critical,12,Replace Module,Clean Panel,691,Rainy,2023-02-06 23:00:00,6,18,552.32,4.73,0.262,552.582
Short Circuit,String-5_Panel-2,Critical,6,Replace Module,Replace Fuse,566,Cloudy,2023-02-07 00:00:00,5,2,527.37,6.45,0.277,527.647
Open Circuit,String-4_Panel-9,High,3,Replace Wiring,Replace Wiring,267,Rainy,2023-02-07 00:00:00,4,9,138.16,1.64,0.081,138.24099999999999
Shadowing,String-4_Panel-6,High,5,Reinstall Module,Replace Wiring,725,Sunny,2023-02-07 00:00:00,4,6,209.04,3.25,0.143,209.183
Open Circuit,String-8_Panel-14,Critical,2,Replace Module,Replace Module,897,Rainy,2023-02-07 00:00:00,8,14,479.19,5.48,0.293,479.483
Shadowing,String-9_Panel-10,Low,5,Clean Panel,Inspect Cells,509,Sunny,2023-02-07 02:00:00,9,10,26.73,0.25,0.012,26.742
Hotspot,String-10_Panel-10,Low,1,Clean Panel,Clean Panel,755,Sunny,2023-02-07 03:00:00,10,10,30.21,0.26,0.012,30.222
Shadowing,String-10_Panel-13,Low,11,Clean Panel,Clean Panel,282,Sunny,2023-02-07 03:00:00,10,13,32.54,0.25,0.015,32.555
Shadowing,String-4_Panel-19,High,2,Clean Panel,Adjust Tilt,312,Cloudy,2023-02-07 04:00:00,4,19,32.46,0.28,0.018,32.478
Hotspot,String-3_Panel-19,Medium,1,Inspect Cells,Replace Module,671,Sunny,2023-02-07 04:00:00,3,19,92.91,0.96,0.048,92.958
Open Circuit,String-5_Panel-8,Medium,1,Replace Connector,Replace Connector,740,Rainy,2023-02-07 04:00:00,5,8,93.09,0.96,0.041,93.131
Open Circuit,String-3_Panel-15,High,9,Replace Wiring,Replace Connector,277,Sunny,2023-02-07 06:00:00,3,15,153.85,2.25,0.105,153.95499999999998
Shadowing,String-10_Panel-2,Medium,10,Remove Obstruction,Replace Fuse,957,Rainy,2023-02-07 07:00:00,10,2,50.16,0.5,0.026,50.186
Shadowing,String-7_Panel-16,Medium,10,Remove Obstruction,Remove Obstruction,327,Cloudy,2023-02-07 08:00:00,7,16,45.9,0.56,0.028,45.928
Open Circuit,String-6_Panel-18,Medium,3,Replace Wiring,Replace Panel Section,827,Rainy,2023-02-07 08:00:00,6,18,134.2,2.29,0.123,134.32299999999998
Shadowing,String-6_Panel-11,High,11,Reinstall Module,Adjust Tilt,605,Cloudy,2023-02-07 09:00:00,6,11,216.03,3.51,0.211,216.241
Shadowing,String-8_Panel-10,Critical,7,Reinstall Module,Replace Connector,288,Rainy,2023-02-07 09:00:00,8,10,173.42,2.34,0.1,173.51999999999998
Hotspot,String-7_Panel-5,High,14,Replace Panel Section,Replace Panel Section,501,Rainy,2023-02-07 11:00:00,7,5,304.85,3.56,0.171,305.021
Short Circuit,String-9_Panel-11,Critical,13,Replace Module,Tighten Connection,896,Cloudy,2023-02-07 11:00:00,9,11,545.61,4.95,0.211,545.821
Shadowing,String-1_Panel-19,Medium,10,Remove Obstruction,Adjust Tilt,911,Rainy,2023-02-07 12:00:00,1,19,56.04,0.44,0.028,56.068
Hotspot,String-7_Panel-2,Critical,11,Replace Module,Replace Module,624,Cloudy,2023-02-07 13:00:00,7,2,499.84,6.39,0.363,500.203
Open Circuit,String-3_Panel-19,Medium,1,Replace Connector,Adjust Tilt,475,Cloudy,2023-02-07 13:00:00,3,19,95.34,1.11,0.066,95.406
Shadowing,String-6_Panel-8,Medium,14,Remove Obstruction,Remove Obstruction,203,Rainy,2023-02-07 14:00:00,6,8,54.45,0.45,0.022,54.472
Short Circuit,String-3_Panel-17,Medium,2,Replace Fuse,Replace Fuse,589,Sunny,2023-02-07 15:00:00,3,17,61.24,0.53,0.031,61.271
Hotspot,String-7_Panel-17,Medium,3,Inspect Cells,Inspect Cells,410,Cloudy,2023-02-07 16:00:00,7,17,79.26,0.84,0.052,79.31200000000001
Hotspot,String-3_Panel-15,Critical,4,Replace Panel Section,Replace Wiring,922,Sunny,2023-02-07 18:00:00,3,15,324.76,4.55,0.246,325.006
Hotspot,String-3_Panel-10,Low,7,Inspect Cells,Replace Wiring,810,Cloudy,2023-02-07 18:00:00,3,10,75.44,1.12,0.054,75.494
Shadowing,String-5_Panel-13,Low,4,Remove Obstruction,Clean Panel,960,Cloudy,2023-02-07 20:00:00,5,13,51.37,0.46,0.023,51.393
Short Circuit,String-8_Panel-3,Critical,1,Replace Module,Tighten Connection,470,Rainy,2023-02-07 20:00:00,8,3,483.53,5.76,0.364,483.89399999999995
Hotspot,String-9_Panel-4,Low,5,Clean Panel,Tighten Connection,578,Sunny,2023-02-07 20:00:00,9,4,27.38,0.31,0.016,27.395999999999997
Short Circuit,String-10_Panel-6,Critical,1,Replace Module,Replace Module,837,Rainy,2023-02-07 20:00:00,10,6,499.6,6.28,0.28,499.88
Short Circuit,String-2_Panel-11,Critical,3,Replace Panel Section,Replace Module,819,Rainy,2023-02-07 21:00:00,2,11,319.0,3.85,0.235,319.235
Open Circuit,String-4_Panel-17,Critical,9,Replace Module,Replace Module,348,Cloudy,2023-02-07 23:00:00,4,17,564.99,5.77,0.296,565.2860000000001
Shadowing,String-8_Panel-9,Medium,6,Adjust Tilt,Remove Obstruction,365,Rainy,2023-02-08 01:00:00,8,9,116.38,1.54,0.066,116.446
Shadowing,String-6_Panel-1,High,1,Adjust Tilt,Replace Module,669,Sunny,2023-02-08 01:00:00,6,1,129.23,1.49,0.076,129.30599999999998
Open Circuit,String-5_Panel-11,Low,8,Tighten Connection,Tighten Connection,797,Rainy,2023-02-08 01:00:00,5,11,38.72,0.6,0.035,38.754999999999995
Hotspot,String-9_Panel-12,Critical,5,Replace Wiring,Replace Module,497,Rainy,2023-02-08 02:00:00,9,12,143.31,2.31,0.116,143.42600000000002
Hotspot,String-7_Panel-10,High,6,Replace Panel Section,Replace Panel Section,457,Sunny,2023-02-08 02:00:00,7,10,345.83,3.35,0.166,345.996
Short Circuit,String-3_Panel-9,High,5,Replace Wiring,Tighten Connection,689,Sunny,2023-02-08 05:00:00,3,9,145.13,1.75,0.101,145.231
Short Circuit,String-2_Panel-4,Medium,11,Replace Fuse,Replace Fuse,721,Sunny,2023-02-08 05:00:00,2,4,61.33,0.47,0.03,61.36
Open Circuit,String-7_Panel-19,Critical,6,Replace Wiring,Replace Wiring,380,Rainy,2023-02-08 08:00:00,7,19,143.0,2.15,0.099,143.099
Shadowing,String-8_Panel-2,Critical,14,Replace Module,Reinstall Module,345,Cloudy,2023-02-08 09:00:00,8,2,517.47,5.68,0.24,517.71
Open Circuit,String-10_Panel-3,High,7,Replace Wiring,Inspect Junction Box,436,Cloudy,2023-02-08 09:00:00,10,3,156.6,2.49,0.162,156.762
Hotspot,String-6_Panel-11,High,11,Replace Panel Section,Replace Panel Section,594,Rainy,2023-02-08 10:00:00,6,11,344.99,5.48,0.352,345.342
Hotspot,String-4_Panel-10,Low,1,Inspect Cells,Clean Panel,975,Cloudy,2023-02-08 10:00:00,4,10,88.3,1.08,0.063,88.363
Short Circuit,String-2_Panel-4,Low,8,Inspect Junction Box,Inspect Junction Box,535,Sunny,2023-02-08 11:00:00,2,4,67.51,0.94,0.049,67.55900000000001
Hotspot,String-9_Panel-7,Medium,10,Replace Panel Section,Inspect Junction Box,930,Rainy,2023-02-08 11:00:00,9,7,315.54,4.07,0.239,315.779
Shadowing,String-9_Panel-1,Low,10,Remove Obstruction,Replace Connector,894,Cloudy,2023-02-08 11:00:00,9,1,53.45,0.49,0.029,53.479000000000006
Open Circuit,String-9_Panel-8,High,2,Replace Wiring,Replace Wiring,761,Sunny,2023-02-08 11:00:00,9,8,163.62,2.19,0.098,163.71800000000002
Open Circuit,String-7_Panel-9,High,10,Replace Wiring,Replace Connector,370,Cloudy,2023-02-08 12:00:00,7,9,146.24,2.04,0.089,146.329
Short Circuit,String-3_Panel-5,Low,1,Inspect Junction Box,Clean Panel,755,Cloudy,2023-02-08 13:00:00,3,5,75.1,1.03,0.066,75.166
Open Circuit,String-10_Panel-1,Medium,1,Inspect Junction Box,Replace Fuse,776,Cloudy,2023-02-08 13:00:00,10,1,70.36,0.92,0.05,70.41
Short Circuit,String-9_Panel-15,High,6,Replace Wiring,Replace Wiring,695,Sunny,2023-02-08 15:00:00,9,15,150.23,1.99,0.088,150.31799999999998
Hotspot,String-8_Panel-12,Low,13,Clean Panel,Clean Panel,244,Sunny,2023-02-08 15:00:00,8,12,29.05,0.3,0.016,29.066
Open Circuit,String-1_Panel-18,Critical,3,Replace Module,Reinstall Module,914,Rainy,2023-02-08 17:00:00,1,18,509.73,6.35,0.302,510.03200000000004
Hotspot,String-9_Panel-4,Critical,7,Replace Module,Replace Module,855,Cloudy,2023-02-08 19:00:00,9,4,452.27,5.75,0.249,452.519
Hotspot,String-9_Panel-16,Medium,7,Replace Panel Section,Adjust Tilt,930,Cloudy,2023-02-08 19:00:00,9,16,363.2,4.38,0.22,363.42
Hotspot,String-9_Panel-15,Low,1,Clean Panel,Clean Panel,305,Sunny,2023-02-08 20:00:00,9,15,29.44,0.31,0.014,29.454
Open Circuit,String-8_Panel-17,Medium,1,Replace Connector,Replace Connector,272,Sunny,2023-02-08 21:00:00,8,17,93.88,0.89,0.056,93.93599999999999
Shadowing,String-3_Panel-16,Low,12,Clean Panel,Replace Panel Section,737,Sunny,2023-02-08 23:00:00,3,16,31.01,0.33,0.018,31.028000000000002
Hotspot,String-7_Panel-6,Critical,2,Replace Module,Inspect Cells,767,Cloudy,2023-02-08 23:00:00,7,6,505.64,4.05,0.194,505.834
Shadowing,String-10_Panel-13,Low,10,Clean Panel,Clean Panel,524,Cloudy,2023-02-08 23:00:00,10,13,33.02,0.28,0.014,33.034000000000006
Shadowing,String-5_Panel-2,Critical,5,Reinstall Module,Reinstall Module,389,Cloudy,2023-02-09 06:00:00,5,2,202.65,2.98,0.168,202.818
Shadowing,String-3_Panel-8,Medium,9,Remove Obstruction,Remove Obstruction,361,Sunny,2023-02-09 06:00:00,3,8,50.86,0.44,0.019,50.879
Shadowing,String-7_Panel-10,Critical,4,Reinstall Module,Inspect Junction Box,989,Rainy,2023-02-09 07:00:00,7,10,179.49,3.01,0.151,179.64100000000002
Hotspot,String-5_Panel-11,Medium,14,Inspect Cells,Inspect Cells,549,Cloudy,2023-02-09 07:00:00,5,11,87.06,1.01,0.051,87.111
Open Circuit,String-10_Panel-3,Medium,13,Replace Wiring,Adjust Tilt,820,Rainy,2023-02-09 07:00:00,10,3,131.56,1.65,0.091,131.651
Short Circuit,String-2_Panel-19,High,10,Replace Wiring,Inspect Junction Box,427,Sunny,2023-02-09 08:00:00,2,19,149.9,1.85,0.122,150.02200000000002
Hotspot,String-8_Panel-11,Medium,10,Inspect Cells,Replace Connector,497,Cloudy,2023-02-09 09:00:00,8,11,83.1,0.88,0.056,83.15599999999999
Open Circuit,String-3_Panel-9,High,4,Replace Wiring,Replace Wiring,247,Rainy,2023-02-09 09:00:00,3,9,152.71,2.08,0.11,152.82000000000002
Short Circuit,String-9_Panel-5,Critical,2,Replace Module,Replace Module,214,Rainy,2023-02-09 10:00:00,9,5,492.17,5.95,0.291,492.461
Hotspot,String-5_Panel-16,Medium,7,Inspect Cells,Replace Module,268,Rainy,2023-02-09 10:00:00,5,16,84.84,0.94,0.053,84.893
Open Circuit,String-3_Panel-5,Medium,9,Replace Connector,Replace Connector,267,Cloudy,2023-02-09 10:00:00,3,5,86.32,0.87,0.057,86.377
Open Circuit,String-1_Panel-5,Critical,13,Replace Module,Replace Module,982,Rainy,2023-02-09 11:00:00,1,5,486.9,5.25,0.29,487.19
Open Circuit,String-3_Panel-6,Low,5,Tighten Connection,Tighten Connection,375,Cloudy,2023-02-09 12:00:00,3,6,41.92,0.45,0.023,41.943000000000005
Open Circuit,String-8_Panel-14,Critical,3,Replace Module,Replace Module,450,Cloudy,2023-02-09 14:00:00,8,14,442.7,5.64,0.363,443.063
Open Circuit,String-8_Panel-17,Medium,5,Replace Connector,Remove Obstruction,328,Sunny,2023-02-09 14:00:00,8,17,95.94,0.91,0.054,95.994
Open Circuit,String-10_Panel-7,Low,14,Replace Wiring,Clean Panel,740,Sunny,2023-02-09 15:00:00,10,7,131.81,1.7,0.1,131.91
Short Circuit,String-9_Panel-15,Medium,1,Replace Fuse,Replace Fuse,756,Sunny,2023-02-09 16:00:00,9,15,68.02,0.53,0.029,68.04899999999999
Short Circuit,String-2_Panel-4,Critical,2,Replace Module,Inspect Cells,861,Rainy,2023-02-09 18:00:00,2,4,455.7,5.97,0.373,456.073
Shadowing,String-5_Panel-2,Critical,12,Replace Module,Reinstall Module,997,Sunny,2023-02-09 19:00:00,5,2,435.87,6.09,0.375,436.245
Hotspot,String-7_Panel-16,Low,8,Inspect Cells,Clean Panel,311,Cloudy,2023-02-09 21:00:00,7,16,77.48,1.01,0.052,77.53200000000001
Short Circuit,String-6_Panel-16,Medium,8,Replace Connector,Clean Panel,273,Rainy,2023-02-09 21:00:00,6,16,96.8,1.02,0.057,96.857
Open Circuit,String-4_Panel-10,Medium,12,Replace Wiring,Replace Connector,882,Cloudy,2023-02-09 22:00:00,4,10,150.1,1.97,0.117,150.21699999999998
Open Circuit,String-2_Panel-2,Medium,13,Replace Connector,Replace Connector,236,Sunny,2023-02-09 22:00:00,2,2,82.96,1.34,0.082,83.04199999999999
Hotspot,String-8_Panel-7,Low,6,Clean Panel,Replace Wiring,452,Rainy,2023-02-09 23:00:00,8,7,30.91,0.32,0.021,30.931
Shadowing,String-6_Panel-1,Medium,3,Remove Obstruction,Clean Panel,893,Rainy,2023-02-10 00:00:00,6,1,53.17,0.4,0.026,53.196000000000005
Open Circuit,String-10_Panel-2,Medium,1,Replace Wiring,Replace Connector,861,Rainy,2023-02-10 00:00:00,10,2,145.91,2.03,0.115,146.025
Hotspot,String-9_Panel-6,Medium,5,Inspect Cells,Replace Fuse,603,Cloudy,2023-02-10 00:00:00,9,6,88.58,0.92,0.056,88.636
Short Circuit,String-4_Panel-7,High,6,Replace Wiring,Replace Wiring,696,Cloudy,2023-02-10 01:00:00,4,7,146.59,2.46,0.11,146.70000000000002
Hotspot,String-9_Panel-10,Medium,9,Inspect Cells,Inspect Cells,686,Cloudy,2023-02-10 01:00:00,9,10,85.32,1.01,0.053,85.37299999999999
Short Circuit,String-6_Panel-15,High,13,Replace Module,Clean Panel,829,Cloudy,2023-02-10 03:00:00,6,15,566.01,5.76,0.358,566.3679999999999
Hotspot,String-5_Panel-6,High,9,Replace Panel Section,Replace Module,855,Rainy,2023-02-10 03:00:00,5,6,345.05,3.74,0.159,345.209
Hotspot,String-5_Panel-15,High,13,Replace Module,Replace Module,337,Cloudy,2023-02-10 04:00:00,5,15,454.22,6.51,0.383,454.603
Short Circuit,String-9_Panel-15,Critical,13,Replace Module,Replace Module,360,Rainy,2023-02-10 05:00:00,9,15,550.0,7.05,0.396,550.396
Short Circuit,String-6_Panel-14,Low,14,Inspect Junction Box,Replace Fuse,743,Cloudy,2023-02-10 05:00:00,6,14,71.32,0.89,0.056,71.37599999999999
Open Circuit,String-6_Panel-8,High,7,Replace Wiring,Replace Wiring,425,Sunny,2023-02-10 05:00:00,6,8,159.27,2.02,0.096,159.366
Short Circuit,String-6_Panel-16,Medium,10,Replace Fuse,Replace Fuse,863,Cloudy,2023-02-10 05:00:00,6,16,53.69,0.42,0.022,53.711999999999996
Open Circuit,String-6_Panel-3,High,9,Replace Wiring,Remove Obstruction,436,Cloudy,2023-02-10 06:00:00,6,3,174.77,2.33,0.145,174.91500000000002
Open Circuit,String-1_Panel-19,Low,8,Tighten Connection,Tighten Connection,519,Sunny,2023-02-10 08:00:00,1,19,44.55,0.56,0.028,44.577999999999996
Shadowing,String-9_Panel-13,Low,9,Remove Obstruction,Inspect Cells,523,Sunny,2023-02-10 08:00:00,9,13,48.79,0.57,0.035,48.824999999999996
Short Circuit,String-9_Panel-18,Medium,5,Replace Fuse,Adjust Tilt,298,Cloudy,2023-02-10 09:00:00,9,18,53.72,0.54,0.031,53.751
Short Circuit,String-3_Panel-17,Critical,10,Replace Wiring,Replace Panel Section,609,Sunny,2023-02-10 09:00:00,3,17,147.33,2.27,0.123,147.453
Short Circuit,String-6_Panel-14,Critical,2,Replace Module,Replace Module,355,Rainy,2023-02-10 13:00:00,6,14,499.24,6.64,0.434,499.67400000000004
Short Circuit,String-4_Panel-10,Critical,7,Replace Module,Replace Module,507,Rainy,2023-02-10 15:00:00,4,10,574.5,6.63,0.355,574.855
Hotspot,String-5_Panel-13,High,10,Replace Panel Section,Replace Wiring,881,Sunny,2023-02-10 16:00:00,5,13,338.76,4.13,0.249,339.009
Shadowing,String-9_Panel-3,Low,10,Remove Obstruction,Tighten Connection,393,Cloudy,2023-02-10 16:00:00,9,3,49.05,0.43,0.023,49.073
Shadowing,String-9_Panel-6,High,6,Adjust Tilt,Tighten Connection,407,Sunny,2023-02-10 17:00:00,9,6,117.29,2.06,0.127,117.417
Shadowing,String-9_Panel-7,Low,12,Remove Obstruction,Clean Panel,317,Sunny,2023-02-10 17:00:00,9,7,49.83,0.56,0.025,49.855
Shadowing,String-4_Panel-1,Medium,4,Remove Obstruction,Replace Panel Section,482,Cloudy,2023-02-10 17:00:00,4,1,49.07,0.54,0.028,49.098
Hotspot,String-5_Panel-20,Medium,10,Inspect Cells,Inspect Cells,435,Sunny,2023-02-10 19:00:00,5,20,93.99,1.08,0.066,94.056
Hotspot,String-6_Panel-19,Low,13,Clean Panel,Clean Panel,264,Rainy,2023-02-10 20:00:00,6,19,30.39,0.36,0.022,30.412
Short Circuit,String-9_Panel-11,Critical,5,Replace Module,Replace Module,572,Cloudy,2023-02-10 21:00:00,9,11,538.62,6.39,0.319,538.939
Short Circuit,String-6_Panel-14,High,13,Replace Wiring,Replace Wiring,467,Rainy,2023-02-10 22:00:00,6,14,156.13,1.67,0.072,156.202
Hotspot,String-5_Panel-20,Medium,6,Inspect Cells,Adjust Tilt,449,Sunny,2023-02-10 22:00:00,5,20,92.31,1.04,0.055,92.36500000000001
Open Circuit,String-8_Panel-7,High,7,Replace Wiring,Replace Wiring,543,Sunny,2023-02-10 22:00:00,8,7,155.36,1.99,0.107,155.467
Open Circuit,String-1_Panel-8,Low,1,Tighten Connection,Tighten Connection,633,Rainy,2023-02-10 23:00:00,1,8,42.1,0.46,0.019,42.119
Open Circuit,String-3_Panel-5,Critical,9,Replace Module,Replace Fuse,506,Rainy,2023-02-11 01:00:00,3,5,507.01,4.86,0.227,507.23699999999997
Short Circuit,String-1_Panel-14,High,1,Replace Wiring,Replace Wiring,727,Cloudy,2023-02-11 01:00:00,1,14,168.82,2.09,0.104,168.924
Open Circuit,String-8_Panel-7,High,7,Replace Wiring,Adjust Tilt,386,Sunny,2023-02-11 01:00:00,8,7,131.52,1.97,0.111,131.631
Short Circuit,String-4_Panel-14,Low,11,Inspect Junction Box,Inspect Junction Box,350,Cloudy,2023-02-11 03:00:00,4,14,68.95,1.16,0.053,69.003
Hotspot,String-8_Panel-19,Low,3,Inspect Cells,Clean Panel,765,Rainy,2023-02-11 05:00:00,8,19,88.2,0.84,0.048,88.248
Open Circuit,String-7_Panel-11,Medium,3,Replace Connector,Replace Module,487,Cloudy,2023-02-11 05:00:00,7,11,87.59,1.1,0.068,87.658
Hotspot,String-3_Panel-20,Critical,1,Replace Module,Replace Connector,726,Rainy,2023-02-11 06:00:00,3,20,527.37,6.25,0.395,527.765
Shadowing,String-3_Panel-2,Critical,10,Replace Module,Reinstall Module,870,Sunny,2023-02-11 06:00:00,3,2,536.83,5.81,0.27,537.1
Short Circuit,String-8_Panel-4,Critical,12,Replace Module,Replace Module,426,Cloudy,2023-02-11 06:00:00,8,4,586.79,6.76,0.381,587.1709999999999
Short Circuit,String-7_Panel-4,High,11,Replace Wiring,Replace Wiring,750,Sunny,2023-02-11 06:00:00,7,4,156.82,1.82,0.079,156.899
Short Circuit,String-3_Panel-20,Low,2,Inspect Junction Box,Inspect Junction Box,628,Sunny,2023-02-11 07:00:00,3,20,75.79,0.8,0.049,75.83900000000001
Short Circuit,String-1_Panel-6,Medium,10,Replace Fuse,Replace Fuse,601,Sunny,2023-02-11 07:00:00,1,6,58.79,0.49,0.021,58.811
Short Circuit,String-7_Panel-3,Critical,11,Replace Module,Inspect Cells,276,Sunny,2023-02-11 09:00:00,7,3,544.18,5.41,0.234,544.414
Open Circuit,String-4_Panel-11,Medium,9,Replace Wiring,Clean Panel,917,Rainy,2023-02-11 09:00:00,4,11,151.36,1.7,0.087,151.447
Shadowing,String-6_Panel-12,High,12,Remove Obstruction,Replace Module,488,Sunny,2023-02-11 09:00:00,6,12,55.53,0.6,0.03,55.56
Open Circuit,String-6_Panel-2,High,8,Replace Wiring,Replace Panel Section,901,Rainy,2023-02-11 10:00:00,6,2,135.72,2.12,0.099,135.819
Open Circuit,String-10_Panel-17,Low,5,Tighten Connection,Tighten Connection,896,Sunny,2023-02-11 12:00:00,10,17,42.32,0.55,0.025,42.345
Hotspot,String-4_Panel-1,Low,10,Inspect Cells,Clean Panel,942,Cloudy,2023-02-11 13:00:00,4,1,84.51,0.93,0.044,84.554
Shadowing,String-9_Panel-3,Critical,14,Replace Module,Reinstall Module,484,Cloudy,2023-02-11 13:00:00,9,3,534.13,6.13,0.358,534.4879999999999
Short Circuit,String-10_Panel-14,High,1,Replace Wiring,Reinstall Module,612,Rainy,2023-02-11 14:00:00,10,14,133.95,2.15,0.101,134.051
Shadowing,String-7_Panel-1,Medium,9,Remove Obstruction,Remove Obstruction,940,Sunny,2023-02-11 15:00:00,7,1,50.31,0.5,0.028,50.338
Short Circuit,String-5_Panel-12,High,7,Replace Wiring,Replace Wiring,341,Rainy,2023-02-11 15:00:00,5,12,174.39,1.75,0.086,174.476
Short Circuit,String-2_Panel-20,Critical,4,Replace Module,Replace Panel Section,609,Rainy,2023-02-11 15:00:00,2,20,486.73,5.61,0.354,487.084
Short Circuit,String-5_Panel-14,High,6,Replace Wiring,Reinstall Module,776,Rainy,2023-02-11 16:00:00,5,14,166.17,2.43,0.118,166.28799999999998
Open Circuit,String-2_Panel-13,Critical,12,Replace Module,Replace Module,414,Cloudy,2023-02-11 16:00:00,2,13,504.33,7.79,0.359,504.68899999999996
Open Circuit,String-9_Panel-8,Low,14,Replace Wiring,Tighten Connection,525,Cloudy,2023-02-11 19:00:00,9,8,143.15,1.57,0.073,143.223
Hotspot,String-7_Panel-14,Medium,12,Inspect Cells,Inspect Cells,656,Rainy,2023-02-11 20:00:00,7,14,91.58,1.29,0.084,91.664
Open Circuit,String-7_Panel-12,Low,5,Tighten Connection,Tighten Connection,750,Rainy,2023-02-11 22:00:00,7,12,44.67,0.5,0.022,44.692
Shadowing,String-3_Panel-6,Critical,3,Reinstall Module,Replace Panel Section,278,Cloudy,2023-02-11 22:00:00,3,6,173.64,3.53,0.194,173.83399999999997
Short Circuit,String-8_Panel-3,High,8,Replace Wiring,Replace Wiring,857,Cloudy,2023-02-11 22:00:00,8,3,149.53,2.15,0.106,149.636
Open Circuit,String-10_Panel-4,High,9,Replace Wiring,Replace Panel Section,671,Sunny,2023-02-11 23:00:00,10,4,143.05,1.89,0.099,143.149
Hotspot,String-4_Panel-16,Medium,3,Inspect Cells,Inspect Cells,832,Sunny,2023-02-12 00:00:00,4,16,85.9,0.78,0.043,85.94300000000001
Short Circuit,String-10_Panel-15,Medium,6,Replace Fuse,Replace Fuse,690,Rainy,2023-02-12 01:00:00,10,15,65.72,0.46,0.021,65.741
Open Circuit,String-2_Panel-11,Critical,11,Replace Module,Replace Module,773,Cloudy,2023-02-12 02:00:00,2,11,508.95,6.24,0.328,509.27799999999996
Open Circuit,String-5_Panel-19,Critical,1,Replace Module,Reinstall Module,749,Sunny,2023-02-12 03:00:00,5,19,483.25,6.76,0.407,483.657
Shadowing,String-4_Panel-19,Low,8,Remove Obstruction,Clean Panel,914,Rainy,2023-02-12 03:00:00,4,19,58.09,0.5,0.031,58.121
Open Circuit,String-9_Panel-12,High,4,Replace Wiring,Replace Wiring,399,Cloudy,2023-02-12 06:00:00,9,12,164.72,2.15,0.132,164.852
Short Circuit,String-10_Panel-7,High,6,Replace Module,Replace Wiring,296,Sunny,2023-02-12 07:00:00,10,7,569.53,5.53,0.317,569.847
Open Circuit,String-7_Panel-8,Low,13,Replace Wiring,Replace Wiring,234,Cloudy,2023-02-12 07:00:00,7,8,147.94,1.69,0.088,148.028
Open Circuit,String-3_Panel-18,Low,10,Tighten Connection,Inspect Junction Box,507,Sunny,2023-02-12 08:00:00,3,18,44.28,0.51,0.033,44.313
Short Circuit,String-4_Panel-12,Critical,6,Replace Module,Replace Panel Section,256,Sunny,2023-02-12 08:00:00,4,12,455.28,7.2,0.433,455.71299999999997
Open Circuit,String-2_Panel-16,High,11,Replace Wiring,Inspect Cells,370,Sunny,2023-02-12 09:00:00,2,16,142.23,1.93,0.108,142.338
Hotspot,String-8_Panel-1,Low,1,Clean Panel,Replace Module,314,Sunny,2023-02-12 09:00:00,8,1,33.42,0.29,0.019,33.439
Hotspot,String-10_Panel-1,High,14,Replace Panel Section,Replace Module,724,Rainy,2023-02-12 10:00:00,10,1,321.32,4.69,0.286,321.606
Hotspot,String-6_Panel-9,High,1,Replace Panel Section,Replace Panel Section,281,Sunny,2023-02-12 11:00:00,6,9,341.84,4.35,0.202,342.042
Hotspot,String-1_Panel-12,High,6,Replace Panel Section,Replace Panel Section,834,Cloudy,2023-02-12 11:00:00,1,12,328.91,3.89,0.172,329.08200000000005
Hotspot,String-2_Panel-9,Medium,11,Inspect Cells,Inspect Cells,306,Cloudy,2023-02-12 11:00:00,2,9,78.83,1.0,0.063,78.893
Shadowing,String-9_Panel-18,Medium,9,Remove Obstruction,Replace Module,615,Cloudy,2023-02-12 13:00:00,9,18,51.61,0.47,0.021,51.631
Hotspot,String-5_Panel-17,High,7,Replace Module,Replace Connector,639,Sunny,2023-02-12 13:00:00,5,17,512.98,4.86,0.292,513.272
Shadowing,String-9_Panel-19,High,1,Adjust Tilt,Adjust Tilt,795,Sunny,2023-02-12 14:00:00,9,19,109.43,1.58,0.076,109.506
Hotspot,String-8_Panel-15,Medium,4,Inspect Cells,Adjust Tilt,768,Cloudy,2023-02-12 15:00:00,8,15,88.32,1.06,0.049,88.369
Hotspot,String-7_Panel-3,Medium,12,Inspect Cells,Inspect Cells,516,Rainy,2023-02-12 16:00:00,7,3,71.86,0.84,0.037,71.897
Hotspot,String-3_Panel-1,Critical,14,Replace Module,Replace Module,622,Cloudy,2023-02-12 16:00:00,3,1,476.44,6.44,0.393,476.83299999999997
Shadowing,String-6_Panel-4,Critical,5,Reinstall Module,Replace Panel Section,309,Rainy,2023-02-12 17:00:00,6,4,201.27,2.77,0.16,201.43
Open Circuit,String-9_Panel-9,High,4,Replace Wiring,Replace Wiring,469,Sunny,2023-02-12 17:00:00,9,9,151.64,1.89,0.123,151.76299999999998
Open Circuit,String-8_Panel-20,Critical,1,Replace Panel Section,Replace Module,642,Sunny,2023-02-12 18:00:00,8,20,326.86,3.42,0.209,327.069
Shadowing,String-3_Panel-19,Critical,7,Replace Module,Reinstall Module,865,Cloudy,2023-02-12 19:00:00,3,19,629.26,6.97,0.306,629.566
Open Circuit,String-3_Panel-7,Medium,4,Replace Connector,Replace Wiring,238,Sunny,2023-02-12 20:00:00,3,7,89.38,0.77,0.034,89.414
Shadowing,String-9_Panel-6,High,2,Adjust Tilt,Replace Connector,668,Sunny,2023-02-12 22:00:00,9,6,132.31,1.81,0.086,132.39600000000002
Shadowing,String-4_Panel-14,Medium,12,Remove Obstruction,Remove Obstruction,632,Cloudy,2023-02-12 22:00:00,4,14,49.34,0.44,0.028,49.368
Open Circuit,String-9_Panel-4,High,6,Replace Wiring,Replace Wiring,850,Rainy,2023-02-12 22:00:00,9,4,149.39,1.79,0.105,149.49499999999998
Open Circuit,String-9_Panel-9,Low,3,Replace Wiring,Tighten Connection,778,Rainy,2023-02-12 23:00:00,9,9,140.63,2.13,0.09,140.72
Open Circuit,String-6_Panel-12,Medium,9,Replace Wiring,Replace Connector,946,Cloudy,2023-02-13 02:00:00,6,12,147.86,2.14,0.124,147.984
Short Circuit,String-9_Panel-10,Critical,13,Replace Module,Inspect Junction Box,638,Sunny,2023-02-13 02:00:00,9,10,508.42,6.34,0.329,508.749
Hotspot,String-10_Panel-11,Medium,12,Inspect Cells,Inspect Cells,216,Cloudy,2023-02-13 02:00:00,10,11,84.0,1.01,0.047,84.047
Open Circuit,String-7_Panel-17,Medium,9,Replace Connector,Replace Fuse,274,Rainy,2023-02-13 02:00:00,7,17,83.8,1.09,0.046,83.846
Open Circuit,String-6_Panel-7,Critical,11,Replace Module,Replace Module,876,Rainy,2023-02-13 04:00:00,6,7,538.94,6.2,0.354,539.2940000000001
Open Circuit,String-2_Panel-17,Critical,1,Replace Module,Replace Module,450,Rainy,2023-02-13 06:00:00,2,17,548.97,6.67,0.371,549.341
Short Circuit,String-7_Panel-10,Critical,13,Replace Wiring,Adjust Tilt,754,Cloudy,2023-02-13 06:00:00,7,10,148.79,2.33,0.101,148.891
Open Circuit,String-2_Panel-13,Low,7,Tighten Connection,Tighten Connection,504,Cloudy,2023-02-13 10:00:00,2,13,42.02,0.52,0.027,42.047000000000004
Shadowing,String-10_Panel-19,Medium,10,Remove Obstruction,Inspect Cells,492,Cloudy,2023-02-13 11:00:00,10,19,47.06,0.54,0.034,47.094
Short Circuit,String-10_Panel-8,High,13,Replace Module,Replace Wiring,300,Cloudy,2023-02-13 11:00:00,10,8,504.41,6.05,0.332,504.742
Hotspot,String-10_Panel-6,Low,1,Inspect Cells,Clean Panel,920,Cloudy,2023-02-13 12:00:00,10,6,81.68,1.19,0.065,81.745
Shadowing,String-5_Panel-5,Critical,5,Adjust Tilt,Reinstall Module,807,Sunny,2023-02-13 14:00:00,5,5,115.45,1.62,0.104,115.554
Shadowing,String-6_Panel-2,Medium,8,Remove Obstruction,Replace Module,282,Cloudy,2023-02-13 15:00:00,6,2,43.17,0.54,0.031,43.201
Shadowing,String-8_Panel-18,Critical,2,Reinstall Module,Replace Panel Section,579,Cloudy,2023-02-13 15:00:00,8,18,194.13,2.4,0.118,194.248
Open Circuit,String-8_Panel-6,Low,4,Tighten Connection,Tighten Connection,997,Sunny,2023-02-13 16:00:00,8,6,37.67,0.58,0.025,37.695
Shadowing,String-6_Panel-13,High,3,Adjust Tilt,Replace Module,574,Rainy,2023-02-13 17:00:00,6,13,113.93,1.96,0.114,114.04400000000001
Hotspot,String-10_Panel-2,High,8,Replace Panel Section,Reinstall Module,349,Sunny,2023-02-13 18:00:00,10,2,314.18,3.76,0.213,314.39300000000003
Hotspot,String-5_Panel-10,Medium,6,Inspect Cells,Inspect Cells,843,Cloudy,2023-02-13 18:00:00,5,10,84.02,0.85,0.05,84.07
Shadowing,String-2_Panel-1,Medium,3,Remove Obstruction,Remove Obstruction,927,Rainy,2023-02-13 19:00:00,2,1,42.85,0.47,0.025,42.875
Open Circuit,String-8_Panel-3,Medium,10,Replace Connector,Replace Connector,222,Rainy,2023-02-13 23:00:00,8,3,92.18,1.07,0.055,92.23500000000001
Open Circuit,String-5_Panel-5,High,8,Replace Wiring,Replace Wiring,526,Rainy,2023-02-13 23:00:00,5,5,164.04,2.22,0.136,164.176
Short Circuit,String-7_Panel-19,Critical,6,Replace Module,Replace Panel Section,870,Sunny,2023-02-13 23:00:00,7,19,558.59,6.54,0.287,558.8770000000001
Hotspot,String-4_Panel-15,Low,2,Inspect Cells,Replace Fuse,486,Sunny,2023-02-13 23:00:00,4,15,75.86,1.05,0.061,75.921
Hotspot,String-8_Panel-2,High,8,Replace Panel Section,Tighten Connection,876,Sunny,2023-02-14 00:00:00,8,2,347.92,3.55,0.177,348.09700000000004
Short Circuit,String-2_Panel-16,High,11,Replace Module,Replace Wiring,908,Rainy,2023-02-14 01:00:00,2,16,539.13,5.95,0.338,539.468
Hotspot,String-10_Panel-6,Medium,10,Inspect Cells,Inspect Cells,589,Rainy,2023-02-14 01:00:00,10,6,87.55,0.78,0.036,87.586
Open Circuit,String-7_Panel-6,Low,12,Tighten Connection,Tighten Connection,582,Cloudy,2023-02-14 02:00:00,7,6,44.33,0.61,0.04,44.37
Hotspot,String-7_Panel-17,Critical,11,Replace Module,Replace Module,977,Sunny,2023-02-14 04:00:00,7,17,506.3,6.03,0.391,506.69100000000003
Hotspot,String-10_Panel-12,High,4,Clean Panel,Replace Panel Section,673,Rainy,2023-02-14 06:00:00,10,12,28.82,0.28,0.017,28.837
Hotspot,String-5_Panel-5,Medium,3,Inspect Cells,Clean Panel,684,Rainy,2023-02-14 08:00:00,5,5,82.45,1.09,0.058,82.50800000000001
Short Circuit,String-5_Panel-2,High,11,Replace Wiring,Tighten Connection,669,Cloudy,2023-02-14 09:00:00,5,2,147.95,1.6,0.1,148.04999999999998
Shadowing,String-1_Panel-10,Low,9,Clean Panel,Replace Wiring,589,Sunny,2023-02-14 09:00:00,1,10,32.01,0.3,0.014,32.024
Hotspot,String-4_Panel-13,Medium,11,Inspect Cells,Replace Wiring,358,Sunny,2023-02-14 10:00:00,4,13,79.91,0.97,0.053,79.963
Hotspot,String-1_Panel-18,Low,7,Clean Panel,Clean Panel,650,Sunny,2023-02-14 11:00:00,1,18,32.36,0.21,0.01,32.37
Hotspot,String-7_Panel-10,High,2,Replace Panel Section,Replace Panel Section,893,Rainy,2023-02-14 11:00:00,7,10,324.07,3.95,0.184,324.254
Shadowing,String-3_Panel-13,Medium,13,Remove Obstruction,Remove Obstruction,532,Rainy,2023-02-14 11:00:00,3,13,51.07,0.48,0.028,51.098
Shadowing,String-4_Panel-14,High,1,Adjust Tilt,Adjust Tilt,452,Sunny,2023-02-14 13:00:00,4,14,117.64,2.28,0.14,117.78
Short Circuit,String-8_Panel-8,Medium,5,Replace Fuse,Reinstall Module,215,Cloudy,2023-02-14 13:00:00,8,8,59.7,0.51,0.032,59.732
Short Circuit,String-7_Panel-13,Medium,3,Replace Fuse,Replace Connector,438,Cloudy,2023-02-14 15:00:00,7,13,58.56,0.56,0.035,58.595
Short Circuit,String-7_Panel-12,Medium,1,Replace Fuse,Remove Obstruction,533,Cloudy,2023-02-14 16:00:00,7,12,59.69,0.49,0.024,59.714
Open Circuit,String-3_Panel-11,Medium,6,Replace Connector,Inspect Cells,491,Rainy,2023-02-14 17:00:00,3,11,88.16,1.1,0.064,88.22399999999999
Shadowing,String-5_Panel-18,Critical,3,Reinstall Module,Reinstall Module,244,Sunny,2023-02-14 17:00:00,5,18,203.76,2.59,0.163,203.923
Short Circuit,String-3_Panel-3,High,14,Replace Module,Replace Wiring,667,Rainy,2023-02-14 17:00:00,3,3,609.17,5.87,0.276,609.4459999999999
Short Circuit,String-3_Panel-8,Low,5,Inspect Junction Box,Replace Panel Section,696,Cloudy,2023-02-14 18:00:00,3,8,78.01,1.03,0.064,78.074
Short Circuit,String-4_Panel-8,Medium,1,Replace Connector,Remove Obstruction,255,Cloudy,2023-02-14 18:00:00,4,8,89.01,0.96,0.053,89.063
Hotspot,String-9_Panel-19,Critical,8,Replace Module,Replace Module,755,Sunny,2023-02-14 19:00:00,9,19,462.48,5.94,0.254,462.73400000000004
Open Circuit,String-7_Panel-2,High,13,Replace Wiring,Replace Wiring,600,Sunny,2023-02-14 19:00:00,7,2,172.21,2.02,0.101,172.311
Shadowing,String-7_Panel-15,High,10,Remove Obstruction,Adjust Tilt,201,Cloudy,2023-02-14 20:00:00,7,15,49.62,0.66,0.029,49.649
Open Circuit,String-5_Panel-9,Medium,12,Replace Wiring,Reinstall Module,212,Cloudy,2023-02-14 21:00:00,5,9,140.27,2.14,0.1,140.37
Open Circuit,String-5_Panel-10,Critical,6,Replace Module,Replace Wiring,710,Sunny,2023-02-14 21:00:00,5,10,463.68,5.75,0.363,464.043
Hotspot,String-5_Panel-7,Low,3,Inspect Cells,Clean Panel,990,Rainy,2023-02-14 21:00:00,5,7,72.27,0.86,0.054,72.324
Open Circuit,String-3_Panel-6,High,3,Replace Wiring,Replace Wiring,737,Sunny,2023-02-14 22:00:00,3,6,145.1,2.09,0.136,145.236
Open Circuit,String-5_Panel-7,High,5,Replace Wiring,Tighten Connection,397,Cloudy,2023-02-14 22:00:00,5,7,158.57,1.72,0.075,158.64499999999998
Short Circuit,String-1_Panel-7,Low,5,Replace Fuse,Inspect Junction Box,682,Rainy,2023-02-14 22:00:00,1,7,51.76,0.43,0.028,51.788
Shadowing,String-5_Panel-10,Low,13,Remove Obstruction,Replace Connector,346,Sunny,2023-02-14 23:00:00,5,10,56.66,0.52,0.026,56.686
Shadowing,String-8_Panel-19,Low,13,Clean Panel,Clean Panel,899,Sunny,2023-02-15 00:00:00,8,19,30.04,0.26,0.013,30.053
Shadowing,String-8_Panel-8,High,7,Remove Obstruction,Replace Panel Section,822,Sunny,2023-02-15 00:00:00,8,8,45.15,0.42,0.023,45.173
Short Circuit,String-7_Panel-7,Critical,3,Replace Module,Replace Module,649,Cloudy,2023-02-15 00:00:00,7,7,503.2,5.19,0.236,503.436
Hotspot,String-8_Panel-19,Critical,5,Reinstall Module,Inspect Junction Box,917,Cloudy,2023-02-15 00:00:00,8,19,179.17,3.11,0.169,179.339
Hotspot,String-8_Panel-15,Medium,7,Inspect Cells,Inspect Junction Box,922,Sunny,2023-02-15 01:00:00,8,15,94.56,1.04,0.049,94.60900000000001
Hotspot,String-10_Panel-14,Medium,6,Replace Panel Section,Replace Wiring,513,Cloudy,2023-02-15 03:00:00,10,14,300.66,4.03,0.217,300.877
Open Circuit,String-7_Panel-5,High,7,Replace Wiring,Adjust Tilt,883,Cloudy,2023-02-15 03:00:00,7,5,145.04,1.94,0.102,145.142
Open Circuit,String-4_Panel-9,Medium,8,Replace Wiring,Inspect Cells,902,Rainy,2023-02-15 03:00:00,4,9,135.41,1.66,0.085,135.495
Shadowing,String-9_Panel-16,High,4,Remove Obstruction,Replace Connector,298,Sunny,2023-02-15 04:00:00,9,16,45.77,0.54,0.029,45.79900000000001
Open Circuit,String-7_Panel-13,Medium,9,Replace Connector,Replace Connector,596,Cloudy,2023-02-15 04:00:00,7,13,80.15,1.21,0.08,80.23
Shadowing,String-7_Panel-13,Low,2,Clean Panel,Inspect Junction Box,665,Sunny,2023-02-15 04:00:00,7,13,30.77,0.32,0.016,30.785999999999998
Open Circuit,String-3_Panel-6,Low,13,Replace Connector,Inspect Junction Box,216,Cloudy,2023-02-15 04:00:00,3,6,79.04,0.97,0.043,79.08300000000001
Hotspot,String-4_Panel-3,High,11,Replace Panel Section,Replace Panel Section,676,Sunny,2023-02-15 05:00:00,4,3,382.63,3.23,0.15,382.78
Short Circuit,String-5_Panel-12,Medium,2,Replace Fuse,Adjust Tilt,604,Rainy,2023-02-15 06:00:00,5,12,55.01,0.41,0.026,55.036
Open Circuit,String-8_Panel-3,Low,10,Replace Wiring,Adjust Tilt,867,Sunny,2023-02-15 07:00:00,8,3,179.07,1.89,0.088,179.158
Short Circuit,String-7_Panel-7,Low,11,Replace Fuse,Inspect Junction Box,585,Rainy,2023-02-15 07:00:00,7,7,49.26,0.49,0.022,49.282
Hotspot,String-10_Panel-10,High,6,Replace Panel Section,Replace Panel Section,528,Rainy,2023-02-15 10:00:00,10,10,303.33,4.11,0.189,303.519
Open Circuit,String-3_Panel-13,High,3,Replace Wiring,Replace Wiring,346,Cloudy,2023-02-15 10:00:00,3,13,153.88,1.92,0.107,153.987
Open Circuit,String-3_Panel-10,Low,3,Tighten Connection,Inspect Junction Box,860,Sunny,2023-02-15 11:00:00,3,10,42.13,0.5,0.026,42.156000000000006
Open Circuit,String-8_Panel-13,Medium,11,Replace Connector,Replace Connector,745,Cloudy,2023-02-15 11:00:00,8,13,95.69,0.83,0.039,95.729
Hotspot,String-8_Panel-7,High,14,Replace Panel Section,Replace Panel Section,406,Sunny,2023-02-15 11:00:00,8,7,300.66,3.49,0.222,300.882
Hotspot,String-6_Panel-12,High,3,Reinstall Module,Reinstall Module,452,Rainy,2023-02-15 13:00:00,6,12,205.62,3.4,0.196,205.816
Hotspot,String-10_Panel-2,Medium,3,Inspect Cells,Tighten Connection,954,Cloudy,2023-02-15 17:00:00,10,2,86.42,1.14,0.073,86.493
Shadowing,String-4_Panel-3,Critical,3,Reinstall Module,Reinstall Module,851,Rainy,2023-02-15 17:00:00,4,3,201.09,3.53,0.203,201.293
Open Circuit,String-8_Panel-11,Medium,13,Replace Connector,Replace Module,459,Rainy,2023-02-15 19:00:00,8,11,87.81,0.9,0.045,87.855
Open Circuit,String-6_Panel-10,Medium,13,Replace Connector,Replace Connector,606,Cloudy,2023-02-15 19:00:00,6,10,98.91,0.99,0.061,98.971
Hotspot,String-6_Panel-3,Medium,13,Inspect Cells,Replace Panel Section,630,Cloudy,2023-02-15 21:00:00,6,3,71.6,0.99,0.045,71.645
Open Circuit,String-6_Panel-14,Critical,12,Replace Module,Clean Panel,523,Cloudy,2023-02-15 22:00:00,6,14,489.76,7.72,0.372,490.132
Open Circuit,String-5_Panel-13,High,2,Replace Wiring,Tighten Connection,208,Cloudy,2023-02-15 22:00:00,5,13,145.11,2.01,0.119,145.229
Shadowing,String-10_Panel-11,Medium,1,Remove Obstruction,Replace Wiring,552,Cloudy,2023-02-15 22:00:00,10,11,46.96,0.56,0.031,46.991
Open Circuit,String-10_Panel-17,Low,1,Tighten Connection,Replace Connector,584,Cloudy,2023-02-15 22:00:00,10,17,37.35,0.58,0.036,37.386
Hotspot,String-8_Panel-2,Low,7,Clean Panel,Inspect Junction Box,548,Rainy,2023-02-15 23:00:00,8,2,31.24,0.28,0.015,31.255
Hotspot,String-1_Panel-3,Low,2,Inspect Cells,Inspect Junction Box,754,Rainy,2023-02-16 03:00:00,1,3,79.53,0.88,0.052,79.58200000000001
Short Circuit,String-7_Panel-19,Low,12,Replace Fuse,Inspect Junction Box,841,Rainy,2023-02-16 03:00:00,7,19,57.03,0.44,0.02,57.050000000000004
Open Circuit,String-9_Panel-1,Medium,11,Inspect Junction Box,Replace Connector,887,Rainy,2023-02-16 04:00:00,9,1,71.23,1.03,0.06,71.29
Open Circuit,String-7_Panel-6,Critical,11,Replace Module,Replace Module,916,Sunny,2023-02-16 05:00:00,7,6,492.2,6.21,0.32,492.52
Short Circuit,String-2_Panel-18,Low,12,Inspect Junction Box,Inspect Cells,227,Cloudy,2023-02-16 07:00:00,2,18,68.58,1.09,0.05,68.63
Open Circuit,String-6_Panel-2,Low,13,Tighten Connection,Tighten Connection,825,Sunny,2023-02-16 07:00:00,6,2,41.05,0.48,0.028,41.077999999999996
Hotspot,String-1_Panel-14,Medium,11,Inspect Cells,Reinstall Module,641,Rainy,2023-02-16 07:00:00,1,14,75.7,0.9,0.048,75.748
Short Circuit,String-9_Panel-13,Low,7,Inspect Junction Box,Inspect Junction Box,342,Cloudy,2023-02-16 07:00:00,9,13,63.71,1.05,0.063,63.773
Shadowing,String-9_Panel-17,Low,1,Remove Obstruction,Inspect Junction Box,551,Cloudy,2023-02-16 07:00:00,9,17,46.37,0.52,0.033,46.403
Shadowing,String-5_Panel-2,Medium,5,Remove Obstruction,Remove Obstruction,910,Cloudy,2023-02-16 07:00:00,5,2,48.78,0.46,0.02,48.800000000000004
Shadowing,String-9_Panel-15,Low,2,Clean Panel,Tighten Connection,318,Sunny,2023-02-16 07:00:00,9,15,28.37,0.34,0.02,28.39
Open Circuit,String-8_Panel-14,Low,9,Tighten Connection,Clean Panel,363,Sunny,2023-02-16 08:00:00,8,14,37.92,0.42,0.02,37.940000000000005
Hotspot,String-3_Panel-14,Critical,13,Replace Module,Replace Module,817,Cloudy,2023-02-16 09:00:00,3,14,557.24,6.2,0.353,557.593
Hotspot,String-8_Panel-15,Critical,11,Replace Module,Replace Module,719,Rainy,2023-02-16 09:00:00,8,15,579.48,5.78,0.284,579.764
Open Circuit,String-3_Panel-15,Low,1,Tighten Connection,Adjust Tilt,755,Rainy,2023-02-16 10:00:00,3,15,41.5,0.45,0.022,41.522
Open Circuit,String-4_Panel-1,Low,11,Tighten Connection,Replace Connector,603,Cloudy,2023-02-16 10:00:00,4,1,41.16,0.52,0.03,41.19
Shadowing,String-1_Panel-16,Medium,5,Remove Obstruction,Remove Obstruction,717,Cloudy,2023-02-16 10:00:00,1,16,56.89,0.51,0.028,56.918
Open Circuit,String-6_Panel-4,Low,4,Tighten Connection,Tighten Connection,478,Sunny,2023-02-16 13:00:00,6,4,44.83,0.56,0.034,44.864
Open Circuit,String-9_Panel-16,Medium,3,Replace Connector,Inspect Junction Box,200,Rainy,2023-02-16 13:00:00,9,16,90.04,1.02,0.05,90.09
Shadowing,String-9_Panel-8,Low,8,Remove Obstruction,Tighten Connection,468,Cloudy,2023-02-16 13:00:00,9,8,44.57,0.41,0.02,44.59
Shadowing,String-4_Panel-7,Critical,5,Reinstall Module,Replace Panel Section,346,Rainy,2023-02-16 14:00:00,4,7,184.56,2.77,0.169,184.729
Open Circuit,String-4_Panel-2,Critical,5,Replace Module,Replace Module,818,Rainy,2023-02-16 15:00:00,4,2,512.97,6.14,0.405,513.375
Short Circuit,String-6_Panel-7,Medium,6,Replace Fuse,Replace Fuse,257,Sunny,2023-02-16 15:00:00,6,7,57.78,0.54,0.029,57.809000000000005
Hotspot,String-2_Panel-6,High,13,Replace Panel Section,Adjust Tilt,487,Cloudy,2023-02-16 15:00:00,2,6,301.45,4.08,0.243,301.693
Open Circuit,String-5_Panel-3,Critical,3,Replace Module,Replace Fuse,998,Cloudy,2023-02-16 16:00:00,5,3,519.27,5.5,0.298,519.568
Hotspot,String-10_Panel-15,High,8,Replace Panel Section,Replace Panel Section,671,Cloudy,2023-02-16 17:00:00,10,15,322.36,3.93,0.212,322.572
Shadowing,String-1_Panel-12,Critical,6,Reinstall Module,Replace Fuse,695,Cloudy,2023-02-16 17:00:00,1,12,176.9,2.65,0.162,177.062
Shadowing,String-7_Panel-13,Critical,1,Reinstall Module,Inspect Cells,747,Sunny,2023-02-16 19:00:00,7,13,197.36,2.8,0.12,197.48000000000002
Shadowing,String-6_Panel-1,High,11,Adjust Tilt,Adjust Tilt,912,Sunny,2023-02-16 20:00:00,6,1,120.59,2.21,0.107,120.697
Short Circuit,String-9_Panel-10,Medium,8,Replace Fuse,Inspect Cells,924,Cloudy,2023-02-16 21:00:00,9,10,61.92,0.47,0.025,61.945
Shadowing,String-10_Panel-11,Critical,14,Replace Module,Reinstall Module,708,Cloudy,2023-02-16 21:00:00,10,11,535.63,6.62,0.354,535.984
Open Circuit,String-9_Panel-11,Low,1,Tighten Connection,Inspect Junction Box,861,Sunny,2023-02-16 21:00:00,9,11,41.88,0.49,0.032,41.912
Shadowing,String-10_Panel-12,Critical,13,Replace Wiring,Reinstall Module,378,Sunny,2023-02-16 21:00:00,10,12,162.76,1.84,0.087,162.84699999999998
Short Circuit,String-2_Panel-2,Critical,4,Replace Module,Tighten Connection,386,Sunny,2023-02-16 22:00:00,2,2,527.55,6.3,0.395,527.9449999999999
Short Circuit,String-4_Panel-8,Medium,6,Replace Fuse,Replace Module,446,Cloudy,2023-02-16 22:00:00,4,8,59.64,0.49,0.024,59.664
Open Circuit,String-8_Panel-4,Critical,1,Replace Module,Replace Module,376,Cloudy,2023-02-16 22:00:00,8,4,510.86,5.89,0.323,511.183
Shadowing,String-10_Panel-3,Critical,8,Reinstall Module,Reinstall Module,949,Rainy,2023-02-16 23:00:00,10,3,222.65,2.56,0.151,222.80100000000002
Open Circuit,String-6_Panel-5,High,6,Replace Wiring,Replace Connector,729,Sunny,2023-02-16 23:00:00,6,5,118.65,1.88,0.115,118.765
Shadowing,String-10_Panel-9,High,7,Adjust Tilt,Reinstall Module,643,Cloudy,2023-02-16 23:00:00,10,9,115.1,2.27,0.149,115.249
Hotspot,String-1_Panel-18,Critical,12,Replace Module,Reinstall Module,281,Rainy,2023-02-16 23:00:00,1,18,523.24,5.73,0.341,523.581
Short Circuit,String-7_Panel-5,Critical,7,Replace Module,Adjust Tilt,483,Rainy,2023-02-17 02:00:00,7,5,519.18,5.41,0.29,519.4699999999999
Short Circuit,String-8_Panel-2,Critical,3,Replace Panel Section,Replace Module,271,Rainy,2023-02-17 03:00:00,8,2,308.7,4.36,0.194,308.894
Hotspot,String-8_Panel-5,Critical,8,Replace Module,Replace Module,893,Cloudy,2023-02-17 03:00:00,8,5,522.56,5.45,0.293,522.853
Hotspot,String-6_Panel-8,Critical,5,Replace Module,Remove Obstruction,707,Rainy,2023-02-17 05:00:00,6,8,542.96,4.73,0.261,543.221
Short Circuit,String-6_Panel-5,Low,14,Inspect Junction Box,Replace Fuse,450,Sunny,2023-02-17 05:00:00,6,5,74.58,1.05,0.057,74.637
Short Circuit,String-5_Panel-2,Low,2,Inspect Junction Box,Adjust Tilt,362,Sunny,2023-02-17 06:00:00,5,2,73.16,1.02,0.047,73.207
Hotspot,String-8_Panel-13,High,4,Replace Module,Clean Panel,965,Sunny,2023-02-17 09:00:00,8,13,596.98,5.75,0.353,597.333
Open Circuit,String-3_Panel-8,Low,5,Tighten Connection,Clean Panel,363,Cloudy,2023-02-17 09:00:00,3,8,32.26,0.58,0.035,32.294999999999995
Short Circuit,String-8_Panel-11,High,7,Replace Wiring,Replace Panel Section,768,Cloudy,2023-02-17 10:00:00,8,11,150.36,2.13,0.093,150.453
Open Circuit,String-10_Panel-8,Low,11,Replace Wiring,Tighten Connection,819,Sunny,2023-02-17 11:00:00,10,8,142.29,2.13,0.125,142.415
Hotspot,String-6_Panel-19,Medium,13,Inspect Cells,Replace Module,554,Rainy,2023-02-17 12:00:00,6,19,80.86,1.14,0.051,80.911
Short Circuit,String-2_Panel-6,Critical,6,Replace Module,Replace Panel Section,472,Rainy,2023-02-17 12:00:00,2,6,490.61,5.47,0.319,490.92900000000003
Open Circuit,String-5_Panel-1,Low,6,Replace Wiring,Tighten Connection,242,Rainy,2023-02-17 12:00:00,5,1,158.79,1.76,0.103,158.893
Open Circuit,String-3_Panel-14,Low,2,Tighten Connection,Inspect Cells,203,Rainy,2023-02-17 15:00:00,3,14,42.39,0.49,0.025,42.415
Open Circuit,String-4_Panel-8,Low,7,Tighten Connection,Tighten Connection,679,Rainy,2023-02-17 15:00:00,4,8,39.03,0.49,0.031,39.061
Short Circuit,String-9_Panel-5,Medium,7,Replace Fuse,Inspect Cells,403,Sunny,2023-02-17 16:00:00,9,5,64.88,0.45,0.025,64.905
Shadowing,String-1_Panel-7,Medium,1,Remove Obstruction,Adjust Tilt,525,Cloudy,2023-02-17 16:00:00,1,7,49.71,0.44,0.019,49.729
Short Circuit,String-9_Panel-9,Critical,11,Replace Module,Replace Module,564,Rainy,2023-02-17 16:00:00,9,9,577.53,6.15,0.268,577.798
Shadowing,String-7_Panel-16,High,1,Remove Obstruction,Remove Obstruction,257,Sunny,2023-02-17 16:00:00,7,16,51.22,0.49,0.031,51.251
Short Circuit,String-1_Panel-15,Medium,11,Replace Fuse,Replace Fuse,852,Sunny,2023-02-17 17:00:00,1,15,58.99,0.52,0.031,59.021
Short Circuit,String-8_Panel-6,High,2,Inspect Junction Box,Replace Wiring,538,Sunny,2023-02-17 17:00:00,8,6,77.95,0.78,0.042,77.992
Open Circuit,String-7_Panel-4,Critical,7,Replace Module,Replace Module,563,Rainy,2023-02-17 17:00:00,7,4,602.97,5.92,0.37,603.34
Shadowing,String-6_Panel-6,Critical,9,Replace Module,Replace Panel Section,710,Sunny,2023-02-17 18:00:00,6,6,503.53,7.05,0.431,503.96099999999996
Hotspot,String-8_Panel-7,Critical,2,Replace Module,Adjust Tilt,358,Sunny,2023-02-17 18:00:00,8,7,485.1,5.51,0.256,485.356
Short Circuit,String-9_Panel-3,Low,13,Inspect Junction Box,Inspect Junction Box,880,Sunny,2023-02-17 21:00:00,9,3,72.02,1.16,0.051,72.071
Open Circuit,String-3_Panel-17,Medium,8,Replace Connector,Replace Connector,647,Rainy,2023-02-17 21:00:00,3,17,93.28,0.84,0.055,93.33500000000001
Short Circuit,String-4_Panel-9,Medium,3,Replace Fuse,Replace Wiring,639,Cloudy,2023-02-17 22:00:00,4,9,62.56,0.42,0.027,62.587
Open Circuit,String-3_Panel-9,Critical,1,Replace Module,Replace Module,220,Rainy,2023-02-17 22:00:00,3,9,532.65,5.18,0.303,532.953
Hotspot,String-2_Panel-13,Low,12,Inspect Cells,Inspect Cells,954,Cloudy,2023-02-17 23:00:00,2,13,84.36,1.06,0.065,84.425
Shadowing,String-7_Panel-3,Low,4,Remove Obstruction,Remove Obstruction,440,Rainy,2023-02-17 23:00:00,7,3,52.43,0.5,0.033,52.463
Hotspot,String-2_Panel-6,Low,3,Inspect Cells,Clean Panel,965,Cloudy,2023-02-17 23:00:00,2,6,79.0,0.91,0.057,79.057
Open Circuit,String-3_Panel-18,High,13,Replace Wiring,Replace Fuse,798,Sunny,2023-02-18 00:00:00,3,18,143.87,2.1,0.109,143.979
Short Circuit,String-3_Panel-1,Low,8,Inspect Junction Box,Replace Module,483,Cloudy,2023-02-18 01:00:00,3,1,58.24,0.91,0.053,58.293
Hotspot,String-3_Panel-8,Low,3,Clean Panel,Adjust Tilt,466,Rainy,2023-02-18 01:00:00,3,8,30.19,0.25,0.014,30.204
Hotspot,String-3_Panel-2,Low,7,Clean Panel,Replace Wiring,516,Rainy,2023-02-18 04:00:00,3,2,29.93,0.31,0.014,29.944
Shadowing,String-9_Panel-17,Critical,10,Replace Module,Reinstall Module,882,Sunny,2023-02-18 05:00:00,9,17,504.71,5.48,0.361,505.07099999999997
Hotspot,String-4_Panel-1,Low,12,Clean Panel,Inspect Cells,206,Rainy,2023-02-18 05:00:00,4,1,32.41,0.33,0.014,32.424
Shadowing,String-4_Panel-13,High,12,Remove Obstruction,Adjust Tilt,307,Rainy,2023-02-18 05:00:00,4,13,45.99,0.58,0.035,46.025
Shadowing,String-1_Panel-2,Medium,4,Remove Obstruction,Remove Obstruction,862,Cloudy,2023-02-18 05:00:00,1,2,51.13,0.4,0.023,51.153000000000006
Shadowing,String-6_Panel-18,Medium,10,Remove Obstruction,Remove Obstruction,332,Sunny,2023-02-18 06:00:00,6,18,51.27,0.45,0.024,51.294000000000004
Open Circuit,String-10_Panel-10,High,13,Inspect Junction Box,Replace Wiring,278,Rainy,2023-02-18 06:00:00,10,10,73.03,1.25,0.063,73.093
Hotspot,String-7_Panel-18,Medium,1,Inspect Cells,Replace Fuse,372,Rainy,2023-02-18 06:00:00,7,18,83.25,1.0,0.055,83.305
Hotspot,String-7_Panel-19,Medium,8,Inspect Cells,Adjust Tilt,211,Rainy,2023-02-18 07:00:00,7,19,92.63,0.96,0.055,92.685
Open Circuit,String-9_Panel-1,Critical,11,Replace Module,Clean Panel,432,Cloudy,2023-02-18 07:00:00,9,1,532.51,6.4,0.308,532.818
Open Circuit,String-3_Panel-3,Critical,8,Replace Module,Inspect Junction Box,676,Cloudy,2023-02-18 07:00:00,3,3,515.0,6.99,0.451,515.451
Hotspot,String-10_Panel-19,Low,3,Clean Panel,Clean Panel,278,Cloudy,2023-02-18 08:00:00,10,19,31.15,0.36,0.019,31.168999999999997
Open Circuit,String-3_Panel-3,Critical,13,Replace Module,Replace Module,949,Cloudy,2023-02-18 09:00:00,3,3,587.52,6.39,0.363,587.883
Shadowing,String-1_Panel-13,High,11,Reinstall Module,Remove Obstruction,692,Sunny,2023-02-18 09:00:00,1,13,180.92,2.75,0.152,181.07199999999997
Hotspot,String-5_Panel-3,Medium,4,Inspect Cells,Inspect Cells,548,Sunny,2023-02-18 10:00:00,5,3,87.7,1.23,0.077,87.777
Hotspot,String-8_Panel-5,Critical,5,Replace Module,Replace Module,808,Cloudy,2023-02-18 11:00:00,8,5,557.64,6.84,0.441,558.081
Shadowing,String-8_Panel-14,Critical,9,Reinstall Module,Replace Module,649,Cloudy,2023-02-18 11:00:00,8,14,184.62,3.51,0.218,184.838
Short Circuit,String-3_Panel-17,Critical,7,Reinstall Module,Replace Module,788,Cloudy,2023-02-18 11:00:00,3,17,209.59,3.07,0.131,209.721
Shadowing,String-9_Panel-2,Critical,7,Reinstall Module,Reinstall Module,888,Rainy,2023-02-18 12:00:00,9,2,198.74,3.23,0.146,198.886
Open Circuit,String-5_Panel-12,Critical,1,Replace Module,Replace Module,516,Sunny,2023-02-18 14:00:00,5,12,484.7,5.25,0.34,485.03999999999996
Shadowing,String-9_Panel-7,Critical,11,Replace Module,Clean Panel,466,Sunny,2023-02-18 14:00:00,9,7,529.24,5.98,0.326,529.566
Open Circuit,String-4_Panel-16,High,9,Replace Wiring,Replace Wiring,686,Sunny,2023-02-18 14:00:00,4,16,156.01,1.85,0.081,156.09099999999998
Open Circuit,String-10_Panel-10,Low,5,Tighten Connection,Replace Connector,367,Rainy,2023-02-18 15:00:00,10,10,39.14,0.47,0.03,39.17
Hotspot,String-10_Panel-1,High,9,Replace Panel Section,Replace Panel Section,951,Rainy,2023-02-18 16:00:00,10,1,272.99,3.62,0.179,273.169
Shadowing,String-3_Panel-1,High,2,Adjust Tilt,Adjust Tilt,643,Rainy,2023-02-18 17:00:00,3,1,103.32,2.27,0.108,103.428
Hotspot,String-8_Panel-1,High,13,Replace Panel Section,Replace Fuse,979,Cloudy,2023-02-18 18:00:00,8,1,310.54,4.14,0.271,310.81100000000004
Hotspot,String-3_Panel-9,Low,10,Inspect Cells,Remove Obstruction,717,Rainy,2023-02-18 18:00:00,3,9,81.83,1.1,0.062,81.892
Open Circuit,String-3_Panel-8,High,4,Replace Wiring,Replace Panel Section,960,Rainy,2023-02-18 18:00:00,3,8,144.27,1.81,0.088,144.358
Hotspot,String-10_Panel-7,High,9,Replace Panel Section,Replace Panel Section,551,Sunny,2023-02-18 18:00:00,10,7,349.64,3.91,0.18,349.82
Short Circuit,String-3_Panel-4,Medium,9,Replace Fuse,Clean Panel,640,Sunny,2023-02-18 20:00:00,3,4,54.8,0.52,0.031,54.830999999999996
Shadowing,String-6_Panel-6,High,2,Adjust Tilt,Replace Connector,686,Cloudy,2023-02-18 21:00:00,6,6,123.78,1.91,0.081,123.861
Short Circuit,String-8_Panel-19,High,9,Replace Wiring,Replace Panel Section,588,Cloudy,2023-02-18 22:00:00,8,19,147.13,1.91,0.091,147.221
Hotspot,String-4_Panel-7,Critical,4,Replace Module,Replace Module,842,Cloudy,2023-02-19 00:00:00,4,7,578.59,4.17,0.267,578.8570000000001
Shadowing,String-9_Panel-16,Medium,5,Remove Obstruction,Remove Obstruction,475,Rainy,2023-02-19 00:00:00,9,16,48.15,0.48,0.028,48.178
Shadowing,String-10_Panel-8,Low,14,Remove Obstruction,Clean Panel,702,Rainy,2023-02-19 00:00:00,10,8,47.14,0.46,0.028,47.168
Hotspot,String-5_Panel-11,Critical,2,Replace Module,Replace Module,382,Rainy,2023-02-19 01:00:00,5,11,537.22,5.68,0.288,537.508
Short Circuit,String-7_Panel-7,Low,10,Inspect Junction Box,Replace Fuse,283,Cloudy,2023-02-19 02:00:00,7,7,65.15,1.15,0.069,65.21900000000001
Short Circuit,String-7_Panel-10,High,8,Replace Wiring,Remove Obstruction,472,Rainy,2023-02-19 03:00:00,7,10,155.41,1.94,0.118,155.528
Open Circuit,String-8_Panel-9,Medium,8,Replace Wiring,Replace Connector,865,Cloudy,2023-02-19 03:00:00,8,9,170.13,1.95,0.095,170.225
Hotspot,String-6_Panel-9,Critical,9,Replace Module,Replace Module,723,Cloudy,2023-02-19 04:00:00,6,9,565.6,5.48,0.351,565.951
Shadowing,String-5_Panel-12,High,11,Adjust Tilt,Tighten Connection,826,Rainy,2023-02-19 04:00:00,5,12,120.1,2.0,0.092,120.192
Short Circuit,String-7_Panel-1,High,9,Replace Module,Replace Wiring,775,Sunny,2023-02-19 04:00:00,7,1,607.01,6.24,0.373,607.383
Hotspot,String-9_Panel-14,High,7,Reinstall Module,Replace Fuse,610,Sunny,2023-02-19 05:00:00,9,14,205.22,3.01,0.183,205.403
Open Circuit,String-3_Panel-15,Critical,2,Replace Module,Replace Module,480,Sunny,2023-02-19 07:00:00,3,15,535.41,6.18,0.26,535.67
Open Circuit,String-5_Panel-16,Medium,3,Replace Wiring,Inspect Junction Box,929,Cloudy,2023-02-19 08:00:00,5,16,149.37,2.15,0.099,149.469
Short Circuit,String-10_Panel-20,Low,5,Inspect Junction Box,Inspect Junction Box,927,Rainy,2023-02-19 08:00:00,10,20,64.69,1.36,0.077,64.767
Open Circuit,String-10_Panel-16,High,5,Replace Wiring,Tighten Connection,719,Sunny,2023-02-19 08:00:00,10,16,151.2,1.64,0.074,151.274
Hotspot,String-9_Panel-20,Low,14,Inspect Cells,Tighten Connection,943,Cloudy,2023-02-19 10:00:00,9,20,78.65,0.95,0.047,78.697
Short Circuit,String-8_Panel-10,Medium,6,Replace Fuse,Replace Fuse,882,Cloudy,2023-02-19 10:00:00,8,10,62.27,0.53,0.027,62.297000000000004
Shadowing,String-5_Panel-15,Low,5,Remove Obstruction,Clean Panel,429,Cloudy,2023-02-19 10:00:00,5,15,57.35,0.43,0.027,57.377
Open Circuit,String-2_Panel-7,High,11,Replace Wiring,Tighten Connection,589,Sunny,2023-02-19 13:00:00,2,7,162.26,2.14,0.105,162.36499999999998
Open Circuit,String-1_Panel-3,Medium,1,Replace Connector,Replace Wiring,554,Cloudy,2023-02-19 14:00:00,1,3,91.09,0.94,0.06,91.15
Open Circuit,String-3_Panel-16,High,13,Replace Wiring,Reinstall Module,989,Sunny,2023-02-19 14:00:00,3,16,147.0,1.51,0.08,147.08
Open Circuit,String-6_Panel-2,Medium,6,Replace Connector,Replace Wiring,438,Sunny,2023-02-19 14:00:00,6,2,89.42,0.94,0.052,89.47200000000001
Hotspot,String-7_Panel-6,Low,8,Inspect Cells,Replace Fuse,955,Rainy,2023-02-19 14:00:00,7,6,87.44,0.89,0.058,87.498
Short Circuit,String-6_Panel-7,Critical,6,Replace Module,Clean Panel,366,Cloudy,2023-02-19 15:00:00,6,7,536.94,6.37,0.348,537.288
Shadowing,String-5_Panel-10,Critical,1,Adjust Tilt,Reinstall Module,581,Sunny,2023-02-19 17:00:00,5,10,108.98,2.02,0.113,109.093
Open Circuit,String-10_Panel-15,High,3,Replace Wiring,Clean Panel,567,Sunny,2023-02-19 18:00:00,10,15,137.67,1.82,0.095,137.765
Open Circuit,String-10_Panel-4,Medium,9,Replace Wiring,Inspect Cells,705,Cloudy,2023-02-19 19:00:00,10,4,145.65,1.89,0.124,145.774
Open Circuit,String-9_Panel-3,Medium,14,Replace Connector,Replace Connector,473,Cloudy,2023-02-19 20:00:00,9,3,92.54,1.04,0.048,92.58800000000001
Hotspot,String-5_Panel-13,High,6,Replace Panel Section,Replace Panel Section,774,Sunny,2023-02-19 21:00:00,5,13,304.73,2.95,0.141,304.87100000000004
Short Circuit,String-7_Panel-19,Critical,10,Replace Module,Replace Module,589,Sunny,2023-02-19 22:00:00,7,19,538.65,5.87,0.338,538.9879999999999
Open Circuit,String-3_Panel-8,High,3,Replace Wiring,Clean Panel,698,Rainy,2023-02-19 22:00:00,3,8,158.83,1.63,0.094,158.924
Short Circuit,String-2_Panel-1,Low,6,Inspect Junction Box,Inspect Junction Box,536,Sunny,2023-02-19 23:00:00,2,1,63.64,1.21,0.075,63.715
Hotspot,String-10_Panel-11,Medium,14,Inspect Cells,Inspect Cells,437,Cloudy,2023-02-20 00:00:00,10,11,70.02,0.82,0.047,70.067
Short Circuit,String-4_Panel-4,Critical,3,Replace Module,Adjust Tilt,324,Rainy,2023-02-20 01:00:00,4,4,500.35,5.05,0.317,500.66700000000003
Shadowing,String-3_Panel-2,Low,9,Remove Obstruction,Clean Panel,590,Rainy,2023-02-20 01:00:00,3,2,51.25,0.53,0.024,51.274
Open Circuit,String-3_Panel-10,Critical,9,Replace Module,Replace Module,475,Rainy,2023-02-20 01:00:00,3,10,550.05,5.73,0.313,550.3629999999999
Shadowing,String-2_Panel-17,Medium,2,Remove Obstruction,Clean Panel,429,Rainy,2023-02-20 02:00:00,2,17,52.44,0.4,0.018,52.458
Shadowing,String-6_Panel-2,Low,1,Clean Panel,Clean Panel,588,Sunny,2023-02-20 02:00:00,6,2,30.44,0.35,0.019,30.459
Shadowing,String-7_Panel-18,Critical,6,Reinstall Module,Tighten Connection,838,Rainy,2023-02-20 06:00:00,7,18,185.23,2.58,0.156,185.386
Shadowing,String-3_Panel-6,Medium,13,Remove Obstruction,Tighten Connection,213,Sunny,2023-02-20 06:00:00,3,6,50.26,0.47,0.027,50.287
Shadowing,String-1_Panel-8,Critical,10,Replace Module,Adjust Tilt,793,Cloudy,2023-02-20 07:00:00,1,8,467.31,5.97,0.307,467.617
Open Circuit,String-4_Panel-7,Medium,12,Replace Connector,Replace Panel Section,354,Rainy,2023-02-20 07:00:00,4,7,85.06,1.19,0.071,85.131
Shadowing,String-5_Panel-17,Critical,5,Reinstall Module,Adjust Tilt,318,Rainy,2023-02-20 07:00:00,5,17,220.32,2.81,0.153,220.47299999999998
Shadowing,String-9_Panel-5,High,11,Remove Obstruction,Reinstall Module,253,Cloudy,2023-02-20 07:00:00,9,5,49.78,0.4,0.018,49.798
Hotspot,String-1_Panel-5,Medium,12,Replace Panel Section,Inspect Cells,232,Rainy,2023-02-20 08:00:00,1,5,316.54,4.36,0.214,316.754
Shadowing,String-5_Panel-20,Low,10,Remove Obstruction,Replace Fuse,822,Rainy,2023-02-20 09:00:00,5,20,49.34,0.45,0.02,49.36000000000001
Open Circuit,String-4_Panel-7,Low,4,Tighten Connection,Clean Panel,329,Cloudy,2023-02-20 10:00:00,4,7,41.0,0.52,0.033,41.033
Shadowing,String-6_Panel-15,Low,11,Remove Obstruction,Reinstall Module,862,Rainy,2023-02-20 10:00:00,6,15,54.63,0.55,0.032,54.662
Short Circuit,String-7_Panel-7,Low,3,Inspect Junction Box,Inspect Junction Box,777,Cloudy,2023-02-20 11:00:00,7,7,66.1,0.88,0.049,66.149
Hotspot,String-2_Panel-18,High,6,Replace Module,Replace Fuse,851,Cloudy,2023-02-20 11:00:00,2,18,527.1,5.0,0.288,527.388
Shadowing,String-9_Panel-1,Low,5,Remove Obstruction,Inspect Cells,600,Cloudy,2023-02-20 11:00:00,9,1,44.02,0.5,0.022,44.042
Short Circuit,String-3_Panel-11,Medium,9,Replace Fuse,Replace Wiring,645,Sunny,2023-02-20 12:00:00,3,11,62.54,0.52,0.027,62.567
Short Circuit,String-5_Panel-2,Low,1,Inspect Junction Box,Replace Connector,989,Rainy,2023-02-20 13:00:00,5,2,74.75,0.95,0.062,74.812
Shadowing,String-7_Panel-12,Medium,1,Remove Obstruction,Remove Obstruction,407,Cloudy,2023-02-20 15:00:00,7,12,44.41,0.44,0.021,44.431
Hotspot,String-5_Panel-2,Medium,10,Inspect Cells,Replace Panel Section,229,Cloudy,2023-02-20 15:00:00,5,2,70.32,1.0,0.059,70.37899999999999
Shadowing,String-7_Panel-4,High,13,Remove Obstruction,Clean Panel,381,Sunny,2023-02-20 16:00:00,7,4,50.41,0.44,0.025,50.434999999999995
Shadowing,String-9_Panel-19,High,9,Adjust Tilt,Adjust Tilt,522,Sunny,2023-02-20 16:00:00,9,19,120.19,2.34,0.112,120.30199999999999
Hotspot,String-5_Panel-15,Medium,6,Inspect Cells,Inspect Cells,853,Sunny,2023-02-20 17:00:00,5,15,79.77,0.97,0.058,79.828
Short Circuit,String-4_Panel-12,Low,14,Inspect Junction Box,Inspect Junction Box,934,Sunny,2023-02-20 17:00:00,4,12,72.27,1.07,0.07,72.33999999999999
Open Circuit,String-10_Panel-4,Critical,4,Replace Module,Inspect Cells,357,Cloudy,2023-02-20 18:00:00,10,4,494.13,5.81,0.357,494.487
Shadowing,String-5_Panel-6,Low,4,Clean Panel,Replace Wiring,825,Sunny,2023-02-20 19:00:00,5,6,30.51,0.31,0.019,30.529
Short Circuit,String-8_Panel-9,Critical,11,Replace Module,Remove Obstruction,749,Cloudy,2023-02-20 19:00:00,8,9,565.19,5.56,0.31,565.5
Open Circuit,String-2_Panel-17,Critical,6,Replace Module,Replace Fuse,437,Sunny,2023-02-20 19:00:00,2,17,542.4,5.99,0.275,542.675
Hotspot,String-9_Panel-8,Medium,9,Replace Module,Tighten Connection,207,Cloudy,2023-02-20 20:00:00,9,8,620.95,5.41,0.252,621.202
Shadowing,String-6_Panel-13,Critical,2,Reinstall Module,Replace Panel Section,798,Sunny,2023-02-20 23:00:00,6,13,188.0,3.64,0.196,188.196
Short Circuit,String-7_Panel-16,Medium,2,Replace Connector,Replace Fuse,919,Sunny,2023-02-21 03:00:00,7,16,85.12,1.06,0.065,85.185
Hotspot,String-5_Panel-7,High,13,Replace Panel Section,Reinstall Module,860,Cloudy,2023-02-21 04:00:00,5,7,306.77,4.36,0.254,307.024
Hotspot,String-10_Panel-10,High,8,Replace Panel Section,Replace Panel Section,490,Rainy,2023-02-21 05:00:00,10,10,325.52,3.98,0.254,325.774
Open Circuit,String-3_Panel-15,Low,6,Tighten Connection,Tighten Connection,530,Cloudy,2023-02-21 06:00:00,3,15,40.73,0.5,0.024,40.754
Short Circuit,String-8_Panel-15,Low,10,Inspect Junction Box,Inspect Junction Box,632,Sunny,2023-02-21 07:00:00,8,15,79.49,0.87,0.041,79.53099999999999
Short Circuit,String-3_Panel-14,Medium,7,Replace Fuse,Replace Fuse,942,Rainy,2023-02-21 09:00:00,3,14,58.46,0.61,0.032,58.492
Shadowing,String-9_Panel-3,Medium,11,Remove Obstruction,Remove Obstruction,931,Sunny,2023-02-21 09:00:00,9,3,47.06,0.44,0.023,47.083000000000006
Shadowing,String-2_Panel-4,Medium,3,Remove Obstruction,Remove Obstruction,429,Cloudy,2023-02-21 10:00:00,2,4,44.51,0.47,0.031,44.541
Hotspot,String-6_Panel-16,High,1,Reinstall Module,Remove Obstruction,389,Cloudy,2023-02-21 15:00:00,6,16,203.85,2.82,0.14,203.98999999999998
Short Circuit,String-10_Panel-8,Low,1,Inspect Junction Box,Inspect Junction Box,663,Rainy,2023-02-21 21:00:00,10,8,76.08,0.84,0.038,76.118
Open Circuit,String-2_Panel-6,Critical,13,Replace Module,Replace Connector,759,Sunny,2023-02-21 22:00:00,2,6,490.84,7.15,0.353,491.193
Short Circuit,String-7_Panel-14,High,6,Replace Wiring,Replace Wiring,796,Cloudy,2023-02-21 23:00:00,7,14,137.9,1.78,0.089,137.989
Open Circuit,String-2_Panel-10,High,12,Replace Wiring,Replace Wiring,236,Rainy,2023-02-21 23:00:00,2,10,146.85,1.96,0.108,146.958
Hotspot,String-8_Panel-5,Critical,4,Replace Module,Replace Module,889,Cloudy,2023-02-22 01:00:00,8,5,488.85,6.07,0.286,489.136
Shadowing,String-1_Panel-11,High,14,Adjust Tilt,Replace Wiring,891,Rainy,2023-02-22 02:00:00,1,11,127.77,1.96,0.125,127.895
Hotspot,String-5_Panel-1,Medium,3,Inspect Cells,Replace Fuse,452,Sunny,2023-02-22 02:00:00,5,1,73.18,0.87,0.041,73.221
Open Circuit,String-6_Panel-3,Critical,8,Replace Module,Replace Module,434,Cloudy,2023-02-22 06:00:00,6,3,514.26,6.05,0.319,514.579
Shadowing,String-5_Panel-16,Critical,4,Reinstall Module,Reinstall Module,784,Sunny,2023-02-22 06:00:00,5,16,181.0,2.91,0.168,181.168
Hotspot,String-4_Panel-20,Critical,3,Replace Module,Adjust Tilt,711,Cloudy,2023-02-22 08:00:00,4,20,490.71,7.03,0.412,491.12199999999996
Short Circuit,String-5_Panel-5,High,7,Replace Wiring,Tighten Connection,316,Rainy,2023-02-22 08:00:00,5,5,153.48,2.43,0.114,153.594
Open Circuit,String-8_Panel-11,Medium,13,Replace Connector,Inspect Junction Box,709,Rainy,2023-02-22 09:00:00,8,11,89.94,1.04,0.045,89.985
Hotspot,String-10_Panel-15,Low,7,Clean Panel,Adjust Tilt,428,Rainy,2023-02-22 10:00:00,10,15,30.72,0.26,0.017,30.737
Hotspot,String-4_Panel-18,High,14,Replace Module,Replace Panel Section,394,Rainy,2023-02-22 10:00:00,4,18,564.01,6.2,0.329,564.3389999999999
Shadowing,String-6_Panel-19,High,1,Remove Obstruction,Adjust Tilt,273,Sunny,2023-02-22 10:00:00,6,19,46.13,0.53,0.024,46.154
Open Circuit,String-2_Panel-11,Critical,10,Replace Module,Replace Fuse,525,Cloudy,2023-02-22 11:00:00,2,11,407.93,6.89,0.436,408.366
Short Circuit,String-7_Panel-11,Low,10,Inspect Junction Box,Remove Obstruction,786,Cloudy,2023-02-22 12:00:00,7,11,65.41,1.12,0.051,65.461
Open Circuit,String-2_Panel-2,Medium,9,Replace Connector,Replace Connector,324,Sunny,2023-02-22 13:00:00,2,2,85.04,1.04,0.055,85.09500000000001
Open Circuit,String-4_Panel-20,Medium,6,Replace Wiring,Replace Module,832,Cloudy,2023-02-22 14:00:00,4,20,169.48,2.09,0.108,169.588
Shadowing,String-8_Panel-18,Medium,7,Remove Obstruction,Remove Obstruction,653,Rainy,2023-02-22 14:00:00,8,18,53.17,0.42,0.027,53.197
Short Circuit,String-2_Panel-8,Medium,14,Replace Wiring,Replace Module,578,Sunny,2023-02-22 14:00:00,2,8,146.32,2.15,0.106,146.426
Short Circuit,String-3_Panel-7,Medium,4,Replace Fuse,Replace Fuse,619,Sunny,2023-02-22 14:00:00,3,7,61.53,0.49,0.028,61.558
Open Circuit,String-10_Panel-13,High,11,Replace Wiring,Replace Wiring,689,Rainy,2023-02-22 15:00:00,10,13,151.42,1.26,0.057,151.47699999999998
Short Circuit,String-3_Panel-3,High,8,Replace Wiring,Inspect Cells,948,Cloudy,2023-02-22 16:00:00,3,3,157.71,2.11,0.127,157.83700000000002
Shadowing,String-2_Panel-7,Critical,10,Replace Module,Replace Module,623,Cloudy,2023-02-22 18:00:00,2,7,588.31,6.22,0.329,588.6389999999999
Shadowing,String-8_Panel-7,Low,10,Remove Obstruction,Clean Panel,467,Cloudy,2023-02-22 19:00:00,8,7,54.18,0.52,0.028,54.208
Hotspot,String-6_Panel-3,Medium,10,Inspect Cells,Inspect Cells,601,Cloudy,2023-02-22 20:00:00,6,3,68.42,0.94,0.059,68.479
Shadowing,String-9_Panel-16,High,11,Remove Obstruction,Replace Panel Section,267,Cloudy,2023-02-22 20:00:00,9,16,48.59,0.55,0.028,48.618
Shadowing,String-8_Panel-12,Critical,3,Reinstall Module,Reinstall Module,257,Sunny,2023-02-22 22:00:00,8,12,220.61,2.89,0.175,220.78500000000003
Hotspot,String-8_Panel-5,High,11,Replace Panel Section,Tighten Connection,860,Sunny,2023-02-22 23:00:00,8,5,332.95,4.72,0.237,333.187
Open Circuit,String-2_Panel-9,Critical,3,Replace Module,Replace Module,370,Rainy,2023-02-23 00:00:00,2,9,500.93,6.61,0.291,501.221
Shadowing,String-5_Panel-10,High,8,Remove Obstruction,Adjust Tilt,990,Rainy,2023-02-23 00:00:00,5,10,50.96,0.48,0.024,50.984
Open Circuit,String-7_Panel-9,Low,1,Tighten Connection,Tighten Connection,987,Cloudy,2023-02-23 01:00:00,7,9,41.16,0.55,0.031,41.190999999999995
Open Circuit,String-2_Panel-7,Critical,2,Replace Module,Replace Module,760,Rainy,2023-02-23 02:00:00,2,7,505.04,6.24,0.291,505.331
Open Circuit,String-4_Panel-1,Critical,1,Replace Module,Replace Module,751,Cloudy,2023-02-23 02:00:00,4,1,598.64,6.53,0.354,598.994
Shadowing,String-7_Panel-6,Medium,11,Remove Obstruction,Remove Obstruction,661,Rainy,2023-02-23 02:00:00,7,6,49.78,0.53,0.029,49.809000000000005
Shadowing,String-1_Panel-5,Medium,4,Remove Obstruction,Replace Module,717,Sunny,2023-02-23 02:00:00,1,5,50.76,0.44,0.019,50.778999999999996
Hotspot,String-4_Panel-15,Critical,12,Replace Module,Replace Module,300,Rainy,2023-02-23 03:00:00,4,15,472.57,5.69,0.274,472.844
Open Circuit,String-10_Panel-2,Critical,10,Replace Module,Adjust Tilt,859,Rainy,2023-02-23 04:00:00,10,2,602.83,5.7,0.282,603.1120000000001
Hotspot,String-8_Panel-1,High,1,Replace Panel Section,Replace Panel Section,614,Cloudy,2023-02-23 05:00:00,8,1,305.9,4.8,0.229,306.12899999999996
Open Circuit,String-1_Panel-16,Critical,4,Replace Module,Clean Panel,245,Sunny,2023-02-23 05:00:00,1,16,478.29,7.97,0.465,478.755
Shadowing,String-1_Panel-16,Medium,1,Remove Obstruction,Remove Obstruction,643,Rainy,2023-02-23 06:00:00,1,16,45.58,0.5,0.029,45.609
Short Circuit,String-1_Panel-2,High,6,Replace Wiring,Remove Obstruction,488,Rainy,2023-02-23 07:00:00,1,2,160.15,2.44,0.148,160.298
Shadowing,String-10_Panel-20,High,13,Adjust Tilt,Adjust Tilt,775,Sunny,2023-02-23 08:00:00,10,20,114.82,2.19,0.094,114.91399999999999
Open Circuit,String-2_Panel-8,High,12,Replace Wiring,Replace Wiring,987,Sunny,2023-02-23 10:00:00,2,8,137.6,1.58,0.099,137.69899999999998
Hotspot,String-1_Panel-12,Medium,2,Inspect Cells,Inspect Cells,286,Cloudy,2023-02-23 10:00:00,1,12,78.9,0.86,0.047,78.947
Hotspot,String-10_Panel-7,High,7,Replace Panel Section,Clean Panel,657,Rainy,2023-02-23 13:00:00,10,7,289.3,2.49,0.16,289.46000000000004
Open Circuit,String-8_Panel-2,Low,4,Replace Wiring,Tighten Connection,566,Rainy,2023-02-23 13:00:00,8,2,144.34,1.85,0.122,144.46200000000002
Hotspot,String-3_Panel-10,Medium,6,Inspect Cells,Inspect Cells,579,Rainy,2023-02-23 14:00:00,3,10,80.83,1.11,0.06,80.89
Shadowing,String-8_Panel-16,Medium,14,Remove Obstruction,Replace Module,746,Rainy,2023-02-23 14:00:00,8,16,49.83,0.45,0.024,49.854
Short Circuit,String-1_Panel-15,Low,14,Inspect Junction Box,Replace Connector,408,Sunny,2023-02-23 15:00:00,1,15,65.72,1.02,0.059,65.779
Shadowing,String-6_Panel-5,Low,11,Remove Obstruction,Replace Panel Section,394,Cloudy,2023-02-23 18:00:00,6,5,46.22,0.56,0.033,46.253
Open Circuit,String-4_Panel-14,Medium,3,Replace Connector,Replace Fuse,287,Cloudy,2023-02-23 18:00:00,4,14,86.77,1.02,0.043,86.813
Short Circuit,String-6_Panel-19,Medium,5,Replace Fuse,Adjust Tilt,778,Sunny,2023-02-23 19:00:00,6,19,55.84,0.5,0.022,55.862
Open Circuit,String-5_Panel-12,Critical,11,Replace Module,Replace Module,397,Rainy,2023-02-23 20:00:00,5,12,480.69,4.83,0.235,480.925
Short Circuit,String-7_Panel-6,High,12,Replace Module,Adjust Tilt,292,Sunny,2023-02-23 21:00:00,7,6,543.59,5.5,0.363,543.9530000000001
Hotspot,String-6_Panel-3,High,1,Replace Panel Section,Remove Obstruction,750,Cloudy,2023-02-23 21:00:00,6,3,342.67,4.63,0.302,342.97200000000004
Hotspot,String-8_Panel-13,High,14,Replace Module,Replace Panel Section,533,Sunny,2023-02-24 00:00:00,8,13,597.08,5.43,0.326,597.4060000000001
Short Circuit,String-8_Panel-1,Critical,7,Replace Module,Clean Panel,678,Cloudy,2023-02-24 01:00:00,8,1,515.74,5.68,0.305,516.045
Open Circuit,String-6_Panel-7,Medium,11,Replace Connector,Replace Panel Section,523,Rainy,2023-02-24 03:00:00,6,7,91.09,1.03,0.067,91.157
Open Circuit,String-5_Panel-11,Medium,11,Replace Connector,Tighten Connection,411,Cloudy,2023-02-24 03:00:00,5,11,92.75,1.1,0.051,92.801
Open Circuit,String-6_Panel-20,Critical,13,Replace Module,Remove Obstruction,818,Cloudy,2023-02-24 03:00:00,6,20,474.43,7.16,0.431,474.861
Hotspot,String-9_Panel-11,High,8,Replace Module,Replace Connector,879,Rainy,2023-02-24 03:00:00,9,11,494.07,5.55,0.239,494.30899999999997
Shadowing,String-6_Panel-9,Critical,6,Reinstall Module,Replace Fuse,631,Rainy,2023-02-24 04:00:00,6,9,188.66,2.54,0.151,188.811
Shadowing,String-3_Panel-19,Medium,2,Remove Obstruction,Reinstall Module,417,Cloudy,2023-02-24 05:00:00,3,19,49.22,0.46,0.024,49.244
Short Circuit,String-4_Panel-9,Low,6,Replace Fuse,Inspect Junction Box,757,Sunny,2023-02-24 05:00:00,4,9,61.41,0.52,0.03,61.44
Hotspot,String-9_Panel-15,Medium,9,Replace Panel Section,Inspect Cells,950,Sunny,2023-02-24 05:00:00,9,15,316.9,4.17,0.218,317.118
Open Circuit,String-3_Panel-11,High,13,Replace Fuse,Replace Wiring,278,Rainy,2023-02-24 07:00:00,3,11,59.55,0.56,0.031,59.580999999999996
Shadowing,String-4_Panel-15,Medium,2,Remove Obstruction,Replace Panel Section,425,Rainy,2023-02-24 07:00:00,4,15,53.17,0.47,0.028,53.198
Short Circuit,String-4_Panel-9,High,2,Replace Wiring,Inspect Cells,762,Cloudy,2023-02-24 08:00:00,4,9,153.22,2.17,0.128,153.34799999999998
Shadowing,String-1_Panel-7,Critical,7,Replace Module,Adjust Tilt,651,Cloudy,2023-02-24 09:00:00,1,7,537.56,5.75,0.266,537.8259999999999
Shadowing,String-6_Panel-13,High,5,Reinstall Module,Reinstall Module,683,Cloudy,2023-02-24 10:00:00,6,13,208.83,3.15,0.201,209.031
Short Circuit,String-8_Panel-8,High,6,Replace Wiring,Tighten Connection,997,Sunny,2023-02-24 10:00:00,8,8,163.31,1.79,0.104,163.41400000000002
Hotspot,String-7_Panel-19,Low,2,Clean Panel,Inspect Cells,483,Cloudy,2023-02-24 10:00:00,7,19,33.93,0.33,0.02,33.95
Shadowing,String-8_Panel-11,Critical,13,Replace Module,Reinstall Module,819,Cloudy,2023-02-24 10:00:00,8,11,531.96,6.11,0.275,532.235
Shadowing,String-5_Panel-1,Medium,11,Remove Obstruction,Adjust Tilt,650,Cloudy,2023-02-24 11:00:00,5,1,46.37,0.5,0.026,46.396
Hotspot,String-10_Panel-14,Critical,8,Replace Module,Clean Panel,460,Rainy,2023-02-24 12:00:00,10,14,530.28,6.81,0.351,530.631
Open Circuit,String-7_Panel-10,Critical,14,Replace Module,Replace Fuse,694,Rainy,2023-02-24 12:00:00,7,10,476.0,6.23,0.36,476.36
Short Circuit,String-7_Panel-10,High,7,Replace Wiring,Replace Wiring,250,Rainy,2023-02-24 12:00:00,7,10,148.13,1.93,0.09,148.22
Open Circuit,String-7_Panel-8,High,2,Replace Wiring,Replace Wiring,390,Cloudy,2023-02-24 12:00:00,7,8,123.11,1.91,0.086,123.196
Hotspot,String-2_Panel-18,Medium,4,Replace Panel Section,Replace Connector,209,Cloudy,2023-02-24 13:00:00,2,18,300.0,4.43,0.235,300.235
Open Circuit,String-6_Panel-12,High,2,Replace Wiring,Replace Module,428,Sunny,2023-02-24 13:00:00,6,12,149.43,1.94,0.094,149.524
Hotspot,String-2_Panel-15,Critical,4,Replace Module,Replace Module,926,Rainy,2023-02-24 13:00:00,2,15,515.64,5.94,0.288,515.928
Short Circuit,String-2_Panel-10,Low,8,Replace Wiring,Replace Module,429,Rainy,2023-02-24 14:00:00,2,10,153.03,2.18,0.098,153.12800000000001
Open Circuit,String-9_Panel-5,Low,11,Replace Wiring,Adjust Tilt,240,Rainy,2023-02-24 15:00:00,9,5,137.39,1.58,0.083,137.47299999999998
Short Circuit,String-8_Panel-13,High,13,Replace Module,Replace Wiring,575,Sunny,2023-02-24 16:00:00,8,13,530.41,6.36,0.305,530.7149999999999
Open Circuit,String-3_Panel-16,Low,8,Tighten Connection,Tighten Connection,824,Cloudy,2023-02-24 16:00:00,3,16,45.71,0.46,0.025,45.735
Hotspot,String-3_Panel-5,Medium,11,Inspect Cells,Inspect Junction Box,442,Rainy,2023-02-24 17:00:00,3,5,90.81,0.88,0.051,90.861
Open Circuit,String-9_Panel-10,Low,9,Tighten Connection,Replace Wiring,875,Sunny,2023-02-24 17:00:00,9,10,40.57,0.67,0.031,40.601
Open Circuit,String-3_Panel-11,Low,12,Tighten Connection,Replace Wiring,555,Sunny,2023-02-24 17:00:00,3,11,45.14,0.57,0.029,45.169000000000004
Hotspot,String-8_Panel-9,Critical,4,Replace Module,Replace Module,345,Sunny,2023-02-24 19:00:00,8,9,478.85,6.76,0.302,479.15200000000004
Short Circuit,String-10_Panel-20,Critical,9,Replace Module,Remove Obstruction,592,Rainy,2023-02-24 20:00:00,10,20,586.6,6.14,0.405,587.005
Short Circuit,String-10_Panel-15,Critical,6,Replace Module,Tighten Connection,697,Rainy,2023-02-24 21:00:00,10,15,596.49,5.75,0.303,596.793
Short Circuit,String-6_Panel-7,Low,3,Inspect Junction Box,Inspect Junction Box,685,Sunny,2023-02-25 01:00:00,6,7,68.67,1.09,0.058,68.72800000000001
Shadowing,String-7_Panel-1,High,6,Adjust Tilt,Replace Module,872,Cloudy,2023-02-25 01:00:00,7,1,107.46,1.98,0.126,107.586
Shadowing,String-10_Panel-19,Medium,14,Adjust Tilt,Remove Obstruction,452,Cloudy,2023-02-25 02:00:00,10,19,116.66,2.29,0.112,116.77199999999999
Short Circuit,String-3_Panel-5,Medium,4,Replace Fuse,Inspect Junction Box,410,Sunny,2023-02-25 02:00:00,3,5,61.5,0.5,0.03,61.53
Shadowing,String-6_Panel-4,Low,5,Clean Panel,Replace Module,793,Sunny,2023-02-25 03:00:00,6,4,26.83,0.3,0.013,26.843
Shadowing,String-8_Panel-8,Critical,7,Replace Module,Clean Panel,210,Rainy,2023-02-25 03:00:00,8,8,544.1,4.76,0.214,544.3140000000001
Short Circuit,String-8_Panel-7,Critical,11,Replace Module,Replace Module,434,Cloudy,2023-02-25 04:00:00,8,7,550.5,5.93,0.383,550.883
Shadowing,String-6_Panel-20,Low,3,Remove Obstruction,Clean Panel,511,Cloudy,2023-02-25 06:00:00,6,20,46.48,0.52,0.031,46.510999999999996
Short Circuit,String-2_Panel-8,Critical,2,Replace Module,Replace Module,607,Sunny,2023-02-25 07:00:00,2,8,538.77,5.68,0.294,539.064
Short Circuit,String-2_Panel-12,Low,14,Inspect Junction Box,Replace Panel Section,426,Cloudy,2023-02-25 07:00:00,2,12,70.14,1.07,0.067,70.207
Shadowing,String-6_Panel-16,Critical,12,Reinstall Module,Reinstall Module,874,Rainy,2023-02-25 07:00:00,6,16,215.58,2.83,0.134,215.714
Hotspot,String-4_Panel-7,Medium,9,Inspect Cells,Clean Panel,836,Rainy,2023-02-25 08:00:00,4,7,98.44,0.93,0.045,98.485
Open Circuit,String-6_Panel-10,High,1,Replace Wiring,Tighten Connection,997,Cloudy,2023-02-25 08:00:00,6,10,149.21,2.02,0.123,149.333
Open Circuit,String-7_Panel-19,Critical,6,Replace Module,Replace Module,289,Sunny,2023-02-25 10:00:00,7,19,519.27,5.97,0.273,519.543
Short Circuit,String-10_Panel-17,Low,13,Replace Connector,Inspect Junction Box,506,Cloudy,2023-02-25 10:00:00,10,17,73.03,1.23,0.07,73.1
Hotspot,String-2_Panel-6,Medium,13,Inspect Cells,Reinstall Module,657,Rainy,2023-02-25 11:00:00,2,6,88.95,0.83,0.036,88.986
Short Circuit,String-2_Panel-11,Critical,7,Replace Module,Replace Module,544,Cloudy,2023-02-25 11:00:00,2,11,492.03,7.06,0.386,492.416
Shadowing,String-2_Panel-13,Medium,10,Remove Obstruction,Remove Obstruction,509,Sunny,2023-02-25 14:00:00,2,13,53.03,0.46,0.028,53.058
Shadowing,String-9_Panel-6,Low,13,Remove Obstruction,Clean Panel,275,Cloudy,2023-02-25 16:00:00,9,6,49.02,0.58,0.027,49.047000000000004
Short Circuit,String-10_Panel-12,Low,1,Inspect Junction Box,Inspect Junction Box,816,Sunny,2023-02-25 16:00:00,10,12,62.63,0.77,0.05,62.68
Hotspot,String-10_Panel-12,Medium,6,Inspect Cells,Inspect Cells,479,Cloudy,2023-02-25 16:00:00,10,12,79.48,0.81,0.05,79.53
Hotspot,String-4_Panel-10,Medium,13,Inspect Cells,Adjust Tilt,687,Rainy,2023-02-25 17:00:00,4,10,71.3,0.88,0.052,71.352
Shadowing,String-1_Panel-12,Low,1,Remove Obstruction,Clean Panel,259,Cloudy,2023-02-25 17:00:00,1,12,51.61,0.51,0.027,51.637
Short Circuit,String-2_Panel-20,Medium,3,Replace Fuse,Replace Fuse,795,Rainy,2023-02-25 18:00:00,2,20,52.63,0.43,0.018,52.648
Hotspot,String-8_Panel-7,Low,8,Inspect Cells,Clean Panel,613,Sunny,2023-02-25 18:00:00,8,7,90.9,1.11,0.047,90.947
Hotspot,String-9_Panel-17,Medium,8,Replace Panel Section,Inspect Cells,763,Sunny,2023-02-25 23:00:00,9,17,301.12,4.01,0.175,301.295
Shadowing,String-5_Panel-11,Medium,6,Reinstall Module,Reinstall Module,954,Cloudy,2023-02-25 23:00:00,5,11,196.78,3.73,0.209,196.989
Open Circuit,String-9_Panel-14,Low,3,Tighten Connection,Inspect Junction Box,458,Cloudy,2023-02-25 23:00:00,9,14,39.25,0.57,0.027,39.277
Short Circuit,String-5_Panel-18,Low,10,Inspect Junction Box,Inspect Cells,788,Cloudy,2023-02-25 23:00:00,5,18,66.4,0.94,0.06,66.46000000000001
Open Circuit,String-7_Panel-9,High,12,Replace Wiring,Inspect Junction Box,279,Cloudy,2023-02-26 00:00:00,7,9,130.85,2.14,0.098,130.948
Short Circuit,String-1_Panel-20,Low,8,Replace Fuse,Inspect Cells,383,Rainy,2023-02-26 00:00:00,1,20,62.44,0.45,0.026,62.466
Hotspot,String-8_Panel-18,High,9,Replace Module,Replace Panel Section,989,Rainy,2023-02-26 01:00:00,8,18,482.58,5.76,0.256,482.83599999999996
Short Circuit,String-5_Panel-14,Critical,12,Replace Module,Replace Module,631,Sunny,2023-02-26 01:00:00,5,14,523.98,5.14,0.303,524.283
Hotspot,String-6_Panel-5,Critical,7,Replace Module,Replace Module,921,Cloudy,2023-02-26 01:00:00,6,5,463.77,5.14,0.243,464.013
Hotspot,String-5_Panel-1,Critical,11,Replace Module,Replace Module,415,Sunny,2023-02-26 01:00:00,5,1,501.52,6.67,0.337,501.85699999999997
Short Circuit,String-2_Panel-16,Critical,1,Replace Module,Replace Wiring,810,Rainy,2023-02-26 03:00:00,2,16,541.76,5.21,0.302,542.062
Shadowing,String-3_Panel-10,Low,6,Clean Panel,Clean Panel,788,Sunny,2023-02-26 04:00:00,3,10,30.65,0.28,0.012,30.662
Short Circuit,String-6_Panel-2,High,1,Replace Wiring,Replace Wiring,652,Cloudy,2023-02-26 04:00:00,6,2,155.3,1.92,0.11,155.41000000000003
Hotspot,String-9_Panel-16,High,1,Replace Module,Clean Panel,940,Rainy,2023-02-26 05:00:00,9,16,586.26,5.88,0.28,586.54
Shadowing,String-7_Panel-13,Critical,3,Reinstall Module,Tighten Connection,680,Cloudy,2023-02-26 06:00:00,7,13,208.95,2.47,0.147,209.09699999999998
Open Circuit,String-7_Panel-15,Low,1,Tighten Connection,Tighten Connection,270,Rainy,2023-02-26 06:00:00,7,15,37.33,0.45,0.024,37.354
Open Circuit,String-3_Panel-16,Low,6,Tighten Connection,Replace Module,790,Cloudy,2023-02-26 08:00:00,3,16,41.97,0.58,0.03,42.0
Open Circuit,String-4_Panel-3,Low,6,Tighten Connection,Replace Panel Section,628,Sunny,2023-02-26 08:00:00,4,3,38.57,0.38,0.024,38.594
Open Circuit,String-7_Panel-15,Medium,1,Replace Connector,Replace Panel Section,225,Rainy,2023-02-26 09:00:00,7,15,90.19,1.02,0.058,90.248
Shadowing,String-9_Panel-3,Critical,13,Replace Module,Replace Fuse,526,Rainy,2023-02-26 11:00:00,9,3,571.61,6.57,0.369,571.979
Open Circuit,String-3_Panel-17,Critical,1,Replace Module,Replace Module,875,Sunny,2023-02-26 12:00:00,3,17,498.66,5.93,0.37,499.03000000000003
Short Circuit,String-5_Panel-19,Low,2,Inspect Junction Box,Tighten Connection,642,Rainy,2023-02-26 12:00:00,5,19,72.8,1.04,0.059,72.859
Shadowing,String-8_Panel-16,Low,12,Clean Panel,Clean Panel,978,Sunny,2023-02-26 13:00:00,8,16,32.87,0.3,0.014,32.884
Short Circuit,String-10_Panel-9,High,3,Replace Wiring,Reinstall Module,719,Sunny,2023-02-26 13:00:00,10,9,149.38,2.07,0.099,149.47899999999998
Open Circuit,String-10_Panel-2,Low,2,Tighten Connection,Remove Obstruction,798,Rainy,2023-02-26 15:00:00,10,2,38.92,0.55,0.028,38.948
Short Circuit,String-7_Panel-18,High,4,Replace Wiring,Inspect Junction Box,754,Sunny,2023-02-26 15:00:00,7,18,134.22,1.66,0.079,134.299
Open Circuit,String-5_Panel-17,High,2,Replace Wiring,Replace Module,333,Cloudy,2023-02-26 15:00:00,5,17,164.35,2.08,0.136,164.486
Hotspot,String-10_Panel-4,Critical,1,Replace Module,Replace Module,243,Cloudy,2023-02-26 16:00:00,10,4,563.95,6.49,0.36,564.3100000000001
Open Circuit,String-3_Panel-7,Low,13,Tighten Connection,Tighten Connection,745,Sunny,2023-02-26 17:00:00,3,7,45.54,0.53,0.026,45.566
Shadowing,String-8_Panel-1,High,8,Adjust Tilt,Replace Wiring,889,Sunny,2023-02-26 17:00:00,8,1,113.58,2.06,0.116,113.696
Shadowing,String-4_Panel-10,Critical,6,Reinstall Module,Reinstall Module,413,Cloudy,2023-02-26 18:00:00,4,10,211.19,2.66,0.122,211.312
Open Circuit,String-8_Panel-14,Low,12,Replace Wiring,Tighten Connection,304,Sunny,2023-02-26 18:00:00,8,14,143.74,1.94,0.124,143.864
Shadowing,String-5_Panel-2,Medium,4,Remove Obstruction,Remove Obstruction,298,Rainy,2023-02-26 18:00:00,5,2,49.36,0.61,0.031,49.391
Hotspot,String-5_Panel-15,Critical,1,Replace Module,Replace Module,253,Cloudy,2023-02-26 19:00:00,5,15,534.75,5.98,0.293,535.043
Hotspot,String-5_Panel-19,Critical,1,Replace Module,Adjust Tilt,665,Rainy,2023-02-26 19:00:00,5,19,567.01,5.4,0.292,567.302
Open Circuit,String-10_Panel-8,Critical,3,Replace Module,Replace Module,278,Sunny,2023-02-26 19:00:00,10,8,444.21,6.81,0.366,444.57599999999996
Shadowing,String-5_Panel-5,High,1,Adjust Tilt,Adjust Tilt,534,Cloudy,2023-02-26 20:00:00,5,5,120.77,1.49,0.088,120.85799999999999
Hotspot,String-7_Panel-4,Critical,6,Replace Module,Replace Module,515,Rainy,2023-02-26 22:00:00,7,4,482.39,5.52,0.287,482.67699999999996
Hotspot,String-3_Panel-19,Critical,1,Replace Module,Replace Module,304,Rainy,2023-02-26 22:00:00,3,19,530.59,5.65,0.293,530.883
Short Circuit,String-2_Panel-7,High,10,Replace Module,Replace Module,771,Rainy,2023-02-26 23:00:00,2,7,525.23,5.71,0.368,525.5980000000001
Hotspot,String-1_Panel-13,High,2,Replace Module,Replace Panel Section,439,Rainy,2023-02-26 23:00:00,1,13,506.17,6.24,0.376,506.546
Shadowing,String-7_Panel-1,Low,6,Clean Panel,Adjust Tilt,707,Sunny,2023-02-26 23:00:00,7,1,26.61,0.34,0.022,26.631999999999998
Short Circuit,String-5_Panel-18,Low,9,Inspect Junction Box,Replace Fuse,721,Cloudy,2023-02-27 00:00:00,5,18,67.5,0.93,0.053,67.553
Hotspot,String-2_Panel-19,Critical,2,Replace Panel Section,Clean Panel,759,Sunny,2023-02-27 01:00:00,2,19,334.38,4.54,0.252,334.632
Short Circuit,String-2_Panel-15,High,7,Replace Wiring,Replace Wiring,284,Cloudy,2023-02-27 02:00:00,2,15,157.04,2.05,0.116,157.156
Hotspot,String-2_Panel-19,Critical,10,Replace Module,Replace Wiring,769,Rainy,2023-02-27 02:00:00,2,19,599.06,4.96,0.228,599.2879999999999
Shadowing,String-5_Panel-10,High,3,Adjust Tilt,Adjust Tilt,852,Cloudy,2023-02-27 04:00:00,5,10,123.74,2.07,0.128,123.868
Short Circuit,String-9_Panel-9,Medium,1,Replace Fuse,Replace Fuse,618,Rainy,2023-02-27 05:00:00,9,9,63.97,0.41,0.024,63.994
Open Circuit,String-10_Panel-13,High,12,Replace Wiring,Remove Obstruction,225,Cloudy,2023-02-27 05:00:00,10,13,143.23,1.84,0.118,143.34799999999998
Shadowing,String-7_Panel-8,Medium,3,Remove Obstruction,Replace Connector,391,Cloudy,2023-02-27 06:00:00,7,8,54.31,0.48,0.021,54.331
Open Circuit,String-5_Panel-12,Medium,12,Replace Wiring,Replace Connector,920,Cloudy,2023-02-27 06:00:00,5,12,150.6,1.79,0.088,150.688
Hotspot,String-7_Panel-6,High,12,Replace Panel Section,Replace Connector,907,Cloudy,2023-02-27 07:00:00,7,6,312.33,3.67,0.203,312.53299999999996
Short Circuit,String-7_Panel-18,Medium,12,Replace Fuse,Replace Fuse,391,Rainy,2023-02-27 07:00:00,7,18,61.13,0.4,0.019,61.149
Open Circuit,String-8_Panel-2,High,2,Replace Wiring,Tighten Connection,671,Sunny,2023-02-27 08:00:00,8,2,155.1,1.8,0.089,155.189
Hotspot,String-8_Panel-3,Low,5,Inspect Cells,Tighten Connection,767,Cloudy,2023-02-27 08:00:00,8,3,90.31,0.85,0.045,90.355
Open Circuit,String-6_Panel-13,Low,12,Tighten Connection,Tighten Connection,735,Rainy,2023-02-27 08:00:00,6,13,45.36,0.52,0.022,45.382
Shadowing,String-2_Panel-18,High,13,Remove Obstruction,Adjust Tilt,568,Sunny,2023-02-27 09:00:00,2,18,46.26,0.47,0.027,46.287
Short Circuit,String-1_Panel-13,Low,6,Inspect Junction Box,Reinstall Module,482,Rainy,2023-02-27 09:00:00,1,13,74.95,0.91,0.058,75.00800000000001
Hotspot,String-1_Panel-6,Critical,10,Replace Module,Replace Module,645,Rainy,2023-02-27 09:00:00,1,6,503.33,5.25,0.333,503.663
Open Circuit,String-9_Panel-13,Medium,5,Replace Connector,Replace Fuse,719,Cloudy,2023-02-27 11:00:00,9,13,71.11,0.99,0.048,71.158
Short Circuit,String-10_Panel-4,Critical,13,Replace Module,Adjust Tilt,484,Cloudy,2023-02-27 14:00:00,10,4,554.31,4.64,0.248,554.558
Hotspot,String-8_Panel-13,Medium,3,Inspect Cells,Inspect Cells,570,Cloudy,2023-02-27 15:00:00,8,13,90.58,1.15,0.048,90.628
Open Circuit,String-2_Panel-5,Critical,14,Replace Module,Replace Panel Section,936,Rainy,2023-02-27 15:00:00,2,5,562.18,4.94,0.261,562.4409999999999
Open Circuit,String-10_Panel-4,Low,2,Tighten Connection,Tighten Connection,758,Sunny,2023-02-27 16:00:00,10,4,37.53,0.4,0.026,37.556000000000004
Shadowing,String-4_Panel-10,Medium,1,Adjust Tilt,Reinstall Module,255,Rainy,2023-02-27 17:00:00,4,10,120.05,1.8,0.104,120.154
Hotspot,String-2_Panel-18,Medium,11,Inspect Cells,Inspect Cells,827,Sunny,2023-02-27 18:00:00,2,18,72.7,0.74,0.045,72.745
Hotspot,String-1_Panel-1,High,1,Replace Panel Section,Adjust Tilt,897,Cloudy,2023-02-27 22:00:00,1,1,343.14,3.5,0.199,343.339
Hotspot,String-4_Panel-6,Critical,4,Replace Module,Replace Connector,929,Rainy,2023-02-28 00:00:00,4,6,562.41,6.3,0.291,562.701
Open Circuit,String-2_Panel-11,High,7,Replace Wiring,Replace Wiring,481,Cloudy,2023-02-28 01:00:00,2,11,163.14,1.82,0.077,163.21699999999998
Open Circuit,String-7_Panel-13,Low,8,Tighten Connection,Tighten Connection,735,Rainy,2023-02-28 02:00:00,7,13,39.94,0.48,0.028,39.967999999999996
Hotspot,String-7_Panel-9,High,4,Replace Panel Section,Clean Panel,814,Rainy,2023-02-28 03:00:00,7,9,321.87,4.02,0.234,322.104
Hotspot,String-9_Panel-15,High,9,Replace Wiring,Reinstall Module,421,Cloudy,2023-02-28 04:00:00,9,15,159.62,1.77,0.075,159.695
Hotspot,String-10_Panel-16,Medium,3,Inspect Cells,Replace Module,621,Rainy,2023-02-28 04:00:00,10,16,82.99,1.04,0.058,83.048
Shadowing,String-7_Panel-2,Medium,3,Clean Panel,Tighten Connection,682,Cloudy,2023-02-28 07:00:00,7,2,32.14,0.28,0.012,32.152
Hotspot,String-1_Panel-7,Critical,3,Replace Module,Replace Connector,670,Sunny,2023-02-28 07:00:00,1,7,500.11,5.96,0.39,500.5
Short Circuit,String-3_Panel-14,Low,12,Inspect Junction Box,Replace Panel Section,682,Cloudy,2023-02-28 08:00:00,3,14,68.45,1.15,0.069,68.519
Short Circuit,String-1_Panel-6,Critical,13,Replace Module,Inspect Cells,772,Cloudy,2023-02-28 09:00:00,1,6,537.28,6.05,0.279,537.559
Short Circuit,String-9_Panel-4,High,2,Replace Wiring,Replace Wiring,624,Rainy,2023-02-28 09:00:00,9,4,141.77,1.76,0.081,141.851
Shadowing,String-1_Panel-1,Critical,4,Reinstall Module,Reinstall Module,370,Rainy,2023-02-28 11:00:00,1,1,201.6,2.92,0.188,201.78799999999998
Short Circuit,String-4_Panel-11,High,6,Replace Wiring,Remove Obstruction,505,Rainy,2023-02-28 12:00:00,4,11,165.66,1.77,0.093,165.753
Shadowing,String-3_Panel-10,Critical,1,Replace Module,Inspect Cells,893,Cloudy,2023-02-28 14:00:00,3,10,460.25,7.46,0.477,460.727
Short Circuit,String-5_Panel-12,Medium,2,Replace Fuse,Adjust Tilt,507,Rainy,2023-02-28 15:00:00,5,12,62.3,0.42,0.021,62.321
Shadowing,String-5_Panel-19,Medium,8,Remove Obstruction,Replace Wiring,428,Cloudy,2023-02-28 17:00:00,5,19,52.04,0.48,0.022,52.062
Hotspot,String-2_Panel-11,Medium,10,Inspect Cells,Adjust Tilt,598,Rainy,2023-02-28 18:00:00,2,11,100.72,0.89,0.039,100.759
Short Circuit,String-3_Panel-14,Critical,8,Replace Module,Replace Module,292,Sunny,2023-02-28 19:00:00,3,14,483.49,7.16,0.377,483.867
Shadowing,String-3_Panel-1,Low,2,Clean Panel,Replace Module,538,Sunny,2023-02-28 19:00:00,3,1,29.67,0.3,0.014,29.684
Shadowing,String-6_Panel-15,High,1,Adjust Tilt,Reinstall Module,917,Sunny,2023-02-28 19:00:00,6,15,128.54,1.91,0.122,128.662
Short Circuit,String-6_Panel-8,High,1,Replace Wiring,Replace Wiring,513,Sunny,2023-02-28 19:00:00,6,8,157.31,1.95,0.116,157.42600000000002
Short Circuit,String-6_Panel-10,Low,12,Replace Fuse,Inspect Junction Box,484,Rainy,2023-02-28 20:00:00,6,10,60.05,0.55,0.024,60.074
Short Circuit,String-5_Panel-7,Medium,4,Replace Fuse,Clean Panel,327,Cloudy,2023-02-28 20:00:00,5,7,62.81,0.55,0.025,62.835
Open Circuit,String-5_Panel-20,Medium,7,Replace Connector,Adjust Tilt,385,Cloudy,2023-02-28 21:00:00,5,20,84.9,1.08,0.052,84.95200000000001
Open Circuit,String-3_Panel-15,Low,5,Replace Connector,Clean Panel,662,Sunny,2023-02-28 21:00:00,3,15,79.76,0.96,0.052,79.81200000000001
Shadowing,String-2_Panel-15,Medium,1,Remove Obstruction,Reinstall Module,638,Sunny,2023-02-28 22:00:00,2,15,47.96,0.59,0.036,47.996
Open Circuit,String-5_Panel-17,High,3,Replace Wiring,Replace Wiring,300,Sunny,2023-02-28 22:00:00,5,17,166.48,2.06,0.099,166.57899999999998
Shadowing,String-7_Panel-14,Critical,7,Replace Module,Reinstall Module,574,Cloudy,2023-02-28 23:00:00,7,14,481.04,6.01,0.379,481.41900000000004
Open Circuit,String-5_Panel-1,Medium,9,Replace Connector,Replace Connector,383,Rainy,2023-03-01 00:00:00,5,1,80.16,0.94,0.049,80.209
Shadowing,String-4_Panel-9,Critical,8,Reinstall Module,Inspect Junction Box,757,Rainy,2023-03-01 00:00:00,4,9,206.62,3.17,0.177,206.797
Shadowing,String-9_Panel-8,Critical,11,Replace Module,Adjust Tilt,630,Rainy,2023-03-01 01:00:00,9,8,539.5,5.87,0.298,539.798
Short Circuit,String-8_Panel-18,Critical,13,Replace Module,Replace Module,680,Cloudy,2023-03-01 03:00:00,8,18,499.84,6.78,0.426,500.26599999999996
Shadowing,String-7_Panel-20,Critical,13,Replace Module,Replace Fuse,853,Rainy,2023-03-01 03:00:00,7,20,524.69,7.14,0.464,525.1540000000001
Hotspot,String-2_Panel-6,Medium,13,Replace Panel Section,Inspect Cells,998,Sunny,2023-03-01 03:00:00,2,6,320.06,3.37,0.211,320.271
Short Circuit,String-4_Panel-7,Medium,8,Replace Fuse,Replace Fuse,893,Cloudy,2023-03-01 03:00:00,4,7,59.6,0.5,0.028,59.628
Short Circuit,String-10_Panel-18,Low,2,Inspect Junction Box,Inspect Junction Box,601,Cloudy,2023-03-01 04:00:00,10,18,73.7,0.89,0.053,73.753
Open Circuit,String-1_Panel-20,Medium,13,Replace Connector,Adjust Tilt,310,Sunny,2023-03-01 05:00:00,1,20,93.56,0.93,0.061,93.62100000000001
Shadowing,String-3_Panel-9,High,10,Adjust Tilt,Adjust Tilt,509,Cloudy,2023-03-01 05:00:00,3,9,119.49,1.64,0.074,119.564
Short Circuit,String-6_Panel-14,High,6,Replace Wiring,Replace Wiring,800,Rainy,2023-03-01 09:00:00,6,14,152.12,1.78,0.088,152.208
Open Circuit,String-2_Panel-10,Low,8,Tighten Connection,Inspect Junction Box,638,Cloudy,2023-03-01 10:00:00,2,10,33.95,0.43,0.023,33.973000000000006
Hotspot,String-4_Panel-10,Low,8,Inspect Cells,Tighten Connection,919,Sunny,2023-03-01 10:00:00,4,10,100.18,1.09,0.066,100.24600000000001
Short Circuit,String-4_Panel-4,Critical,8,Replace Module,Replace Wiring,865,Rainy,2023-03-01 11:00:00,4,4,502.03,5.31,0.254,502.284
Short Circuit,String-9_Panel-20,Critical,8,Replace Wiring,Replace Module,936,Cloudy,2023-03-01 15:00:00,9,20,147.74,2.51,0.139,147.87900000000002
Short Circuit,String-8_Panel-4,Medium,11,Inspect Junction Box,Replace Fuse,698,Rainy,2023-03-01 16:00:00,8,4,60.25,0.92,0.046,60.296
Short Circuit,String-10_Panel-19,High,4,Replace Wiring,Replace Wiring,746,Sunny,2023-03-01 17:00:00,10,19,149.04,1.99,0.131,149.171
Hotspot,String-9_Panel-11,Medium,14,Inspect Cells,Inspect Cells,239,Sunny,2023-03-01 18:00:00,9,11,87.62,0.87,0.042,87.662
Shadowing,String-9_Panel-19,High,8,Remove Obstruction,Adjust Tilt,527,Cloudy,2023-03-01 18:00:00,9,19,52.47,0.5,0.029,52.499
Shadowing,String-4_Panel-20,Medium,12,Remove Obstruction,Remove Obstruction,831,Rainy,2023-03-01 22:00:00,4,20,45.82,0.51,0.022,45.842
Shadowing,String-2_Panel-5,High,2,Remove Obstruction,Adjust Tilt,201,Cloudy,2023-03-01 23:00:00,2,5,51.31,0.53,0.027,51.337
Open Circuit,String-1_Panel-3,Critical,6,Replace Module,Replace Module,993,Sunny,2023-03-02 00:00:00,1,3,558.98,6.05,0.38,559.36
Hotspot,String-5_Panel-18,Medium,14,Replace Panel Section,Inspect Cells,860,Sunny,2023-03-02 01:00:00,5,18,304.64,3.89,0.177,304.817
Open Circuit,String-1_Panel-19,Medium,9,Replace Connector,Replace Connector,554,Sunny,2023-03-02 01:00:00,1,19,86.56,0.89,0.047,86.607
Shadowing,String-7_Panel-13,Low,6,Remove Obstruction,Replace Module,428,Cloudy,2023-03-02 01:00:00,7,13,43.4,0.49,0.029,43.429
Shadowing,String-8_Panel-6,Low,2,Remove Obstruction,Clean Panel,821,Cloudy,2023-03-02 02:00:00,8,6,46.0,0.48,0.024,46.024
Open Circuit,String-6_Panel-6,Medium,10,Replace Connector,Replace Connector,272,Rainy,2023-03-02 02:00:00,6,6,92.73,1.09,0.063,92.793
Short Circuit,String-4_Panel-19,Low,2,Inspect Junction Box,Inspect Junction Box,722,Cloudy,2023-03-02 02:00:00,4,19,67.55,1.06,0.053,67.603
Hotspot,String-6_Panel-9,High,14,Replace Panel Section,Replace Panel Section,213,Sunny,2023-03-02 03:00:00,6,9,299.96,4.57,0.256,300.21599999999995
Shadowing,String-7_Panel-4,High,2,Remove Obstruction,Replace Connector,305,Sunny,2023-03-02 03:00:00,7,4,52.41,0.56,0.033,52.443
Short Circuit,String-8_Panel-16,Low,9,Inspect Junction Box,Inspect Junction Box,444,Sunny,2023-03-02 04:00:00,8,16,77.58,1.05,0.049,77.629
Open Circuit,String-5_Panel-16,High,11,Replace Wiring,Replace Wiring,546,Cloudy,2023-03-02 06:00:00,5,16,154.65,2.01,0.116,154.76600000000002
Open Circuit,String-6_Panel-1,Critical,11,Replace Module,Clean Panel,949,Rainy,2023-03-02 06:00:00,6,1,535.27,5.78,0.371,535.641
Hotspot,String-4_Panel-18,High,2,Replace Module,Replace Panel Section,482,Sunny,2023-03-02 06:00:00,4,18,454.0,5.61,0.285,454.285
Hotspot,String-5_Panel-7,High,1,Replace Panel Section,Replace Fuse,689,Sunny,2023-03-02 06:00:00,5,7,303.97,3.89,0.17,304.14000000000004
Hotspot,String-7_Panel-7,Low,5,Clean Panel,Adjust Tilt,529,Cloudy,2023-03-02 07:00:00,7,7,30.81,0.27,0.017,30.826999999999998
Shadowing,String-4_Panel-13,Critical,11,Replace Module,Reinstall Module,444,Sunny,2023-03-02 07:00:00,4,13,555.31,5.5,0.334,555.6439999999999
Shadowing,String-5_Panel-11,High,14,Adjust Tilt,Replace Module,713,Cloudy,2023-03-02 09:00:00,5,11,127.89,2.25,0.102,127.992
Open Circuit,String-3_Panel-3,Critical,11,Replace Module,Replace Module,623,Sunny,2023-03-02 10:00:00,3,3,654.84,6.76,0.389,655.229
Hotspot,String-5_Panel-7,Critical,5,Replace Panel Section,Replace Wiring,765,Sunny,2023-03-02 10:00:00,5,7,297.58,3.95,0.235,297.815
Shadowing,String-2_Panel-17,Medium,2,Remove Obstruction,Replace Fuse,635,Rainy,2023-03-02 11:00:00,2,17,56.84,0.59,0.028,56.868
Hotspot,String-9_Panel-11,Low,10,Clean Panel,Inspect Cells,277,Sunny,2023-03-02 11:00:00,9,11,26.99,0.32,0.015,27.005
Short Circuit,String-1_Panel-10,High,1,Replace Wiring,Inspect Cells,388,Cloudy,2023-03-02 15:00:00,1,10,132.15,2.06,0.091,132.241
Short Circuit,String-5_Panel-5,Medium,5,Replace Fuse,Replace Fuse,663,Cloudy,2023-03-02 15:00:00,5,5,64.34,0.53,0.034,64.37400000000001
Shadowing,String-8_Panel-6,Critical,14,Replace Module,Tighten Connection,701,Cloudy,2023-03-02 15:00:00,8,6,479.04,5.92,0.388,479.428
Hotspot,String-4_Panel-3,Low,12,Clean Panel,Clean Panel,284,Rainy,2023-03-02 16:00:00,4,3,25.19,0.33,0.017,25.207
Short Circuit,String-10_Panel-18,Low,1,Inspect Junction Box,Inspect Cells,488,Cloudy,2023-03-02 16:00:00,10,18,74.89,1.13,0.066,74.956
Shadowing,String-5_Panel-9,Critical,9,Replace Module,Reinstall Module,477,Cloudy,2023-03-02 17:00:00,5,9,544.56,5.52,0.259,544.819
Hotspot,String-7_Panel-20,Low,2,Clean Panel,Tighten Connection,351,Cloudy,2023-03-02 18:00:00,7,20,30.3,0.28,0.016,30.316
Open Circuit,String-5_Panel-19,High,14,Replace Wiring,Replace Wiring,263,Sunny,2023-03-02 20:00:00,5,19,173.7,1.63,0.075,173.77499999999998
Open Circuit,String-9_Panel-5,High,2,Replace Wiring,Replace Panel Section,529,Cloudy,2023-03-02 20:00:00,9,5,138.06,2.22,0.107,138.167
Shadowing,String-10_Panel-13,Low,14,Remove Obstruction,Clean Panel,499,Cloudy,2023-03-02 21:00:00,10,13,51.52,0.44,0.021,51.541000000000004
Hotspot,String-4_Panel-15,High,8,Replace Module,Replace Panel Section,682,Cloudy,2023-03-02 23:00:00,4,15,558.57,7.27,0.311,558.8810000000001
Short Circuit,String-10_Panel-4,High,5,Replace Wiring,Replace Wiring,884,Rainy,2023-03-03 00:00:00,10,4,139.23,2.08,0.105,139.33499999999998
Short Circuit,String-8_Panel-1,Critical,5,Reinstall Module,Replace Connector,440,Cloudy,2023-03-03 01:00:00,8,1,201.64,3.53,0.215,201.855
Open Circuit,String-7_Panel-13,Critical,6,Replace Module,Replace Module,599,Sunny,2023-03-03 02:00:00,7,13,518.25,6.45,0.371,518.621
Short Circuit,String-2_Panel-9,Low,5,Replace Connector,Replace Wiring,708,Sunny,2023-03-03 02:00:00,2,9,84.48,0.9,0.058,84.53800000000001
Short Circuit,String-7_Panel-5,Low,5,Inspect Junction Box,Replace Connector,922,Rainy,2023-03-03 02:00:00,7,5,76.67,1.18,0.062,76.732
Hotspot,String-4_Panel-12,Low,10,Inspect Cells,Clean Panel,842,Sunny,2023-03-03 05:00:00,4,12,85.92,0.96,0.057,85.977
Shadowing,String-3_Panel-17,Critical,7,Reinstall Module,Reinstall Module,866,Sunny,2023-03-03 06:00:00,3,17,211.41,2.65,0.124,211.534
Hotspot,String-2_Panel-15,Low,4,Clean Panel,Clean Panel,253,Rainy,2023-03-03 06:00:00,2,15,31.18,0.29,0.013,31.193
Shadowing,String-10_Panel-1,Critical,12,Replace Panel Section,Replace Connector,779,Rainy,2023-03-03 06:00:00,10,1,347.46,4.36,0.261,347.721
Hotspot,String-7_Panel-8,Critical,13,Replace Module,Replace Module,701,Rainy,2023-03-03 07:00:00,7,8,439.65,6.18,0.382,440.032
Hotspot,String-9_Panel-20,High,2,Replace Module,Replace Panel Section,216,Sunny,2023-03-03 08:00:00,9,20,456.49,5.53,0.291,456.781
Shadowing,String-1_Panel-20,Medium,5,Remove Obstruction,Replace Wiring,343,Sunny,2023-03-03 10:00:00,1,20,50.09,0.6,0.036,50.126000000000005
Open Circuit,String-3_Panel-20,Medium,10,Replace Connector,Replace Connector,395,Rainy,2023-03-03 10:00:00,3,20,84.14,1.06,0.058,84.19800000000001
Open Circuit,String-10_Panel-19,Low,1,Tighten Connection,Inspect Junction Box,327,Cloudy,2023-03-03 11:00:00,10,19,41.24,0.52,0.024,41.264
Open Circuit,String-5_Panel-1,Critical,3,Replace Module,Inspect Cells,413,Rainy,2023-03-03 12:00:00,5,1,590.2,6.79,0.303,590.503
Hotspot,String-8_Panel-1,Low,10,Clean Panel,Replace Connector,664,Cloudy,2023-03-03 12:00:00,8,1,31.91,0.33,0.014,31.924
Open Circuit,String-8_Panel-16,High,4,Replace Wiring,Adjust Tilt,381,Cloudy,2023-03-03 12:00:00,8,16,163.58,2.05,0.093,163.673
Short Circuit,String-4_Panel-14,High,4,Replace Wiring,Remove Obstruction,815,Rainy,2023-03-03 13:00:00,4,14,151.45,1.52,0.087,151.53699999999998
Shadowing,String-8_Panel-16,High,13,Remove Obstruction,Adjust Tilt,284,Cloudy,2023-03-03 13:00:00,8,16,47.33,0.43,0.02,47.35
Short Circuit,String-3_Panel-15,Low,3,Inspect Junction Box,Inspect Junction Box,720,Sunny,2023-03-03 15:00:00,3,15,72.82,1.0,0.047,72.86699999999999
Shadowing,String-1_Panel-9,Low,12,Adjust Tilt,Replace Fuse,982,Cloudy,2023-03-03 15:00:00,1,9,122.84,2.24,0.148,122.988
Hotspot,String-6_Panel-13,Low,1,Clean Panel,Clean Panel,423,Sunny,2023-03-03 16:00:00,6,13,29.52,0.3,0.015,29.535
Hotspot,String-2_Panel-10,High,2,Replace Panel Section,Replace Panel Section,487,Cloudy,2023-03-03 16:00:00,2,10,270.44,3.97,0.254,270.694
Shadowing,String-3_Panel-6,Medium,1,Remove Obstruction,Replace Fuse,724,Cloudy,2023-03-03 17:00:00,3,6,49.46,0.47,0.024,49.484
Shadowing,String-3_Panel-4,Medium,1,Remove Obstruction,Reinstall Module,568,Sunny,2023-03-03 18:00:00,3,4,57.69,0.48,0.028,57.717999999999996
Shadowing,String-9_Panel-20,Low,6,Remove Obstruction,Remove Obstruction,548,Rainy,2023-03-03 20:00:00,9,20,57.98,0.47,0.029,58.009
Short Circuit,String-5_Panel-12,High,6,Replace Wiring,Tighten Connection,805,Rainy,2023-03-03 21:00:00,5,12,150.06,2.43,0.12,150.18
Hotspot,String-1_Panel-12,Critical,1,Replace Module,Replace Module,351,Sunny,2023-03-03 22:00:00,1,12,532.78,5.95,0.274,533.054
Short Circuit,String-9_Panel-5,Critical,13,Replace Module,Reinstall Module,621,Sunny,2023-03-03 23:00:00,9,5,523.15,6.65,0.379,523.529
Hotspot,String-6_Panel-6,Critical,2,Replace Module,Replace Module,395,Sunny,2023-03-03 23:00:00,6,6,506.83,5.82,0.354,507.18399999999997
Hotspot,String-3_Panel-10,Low,1,Clean Panel,Reinstall Module,210,Cloudy,2023-03-03 23:00:00,3,10,32.94,0.28,0.015,32.955
Short Circuit,String-3_Panel-12,Low,9,Inspect Junction Box,Inspect Junction Box,233,Sunny,2023-03-03 23:00:00,3,12,72.12,1.18,0.053,72.173
Open Circuit,String-10_Panel-16,Medium,14,Replace Connector,Replace Fuse,773,Sunny,2023-03-04 01:00:00,10,16,80.99,0.97,0.045,81.035
Shadowing,String-9_Panel-15,High,8,Adjust Tilt,Inspect Cells,617,Sunny,2023-03-04 01:00:00,9,15,117.43,2.39,0.126,117.55600000000001
Hotspot,String-7_Panel-12,High,14,Replace Panel Section,Replace Panel Section,694,Sunny,2023-03-04 02:00:00,7,12,278.56,3.6,0.176,278.736
Short Circuit,String-1_Panel-14,High,5,Replace Module,Replace Wiring,448,Cloudy,2023-03-04 02:00:00,1,14,545.82,6.31,0.295,546.115
Short Circuit,String-8_Panel-6,Low,3,Replace Fuse,Inspect Junction Box,621,Rainy,2023-03-04 05:00:00,8,6,62.81,0.57,0.029,62.839000000000006
Open Circuit,String-8_Panel-13,Medium,8,Tighten Connection,Replace Connector,619,Rainy,2023-03-04 06:00:00,8,13,43.8,0.48,0.024,43.824
Open Circuit,String-1_Panel-4,Critical,10,Replace Module,Replace Module,275,Cloudy,2023-03-04 10:00:00,1,4,464.95,6.0,0.295,465.245
Open Circuit,String-5_Panel-2,High,3,Replace Wiring,Adjust Tilt,912,Rainy,2023-03-04 10:00:00,5,2,163.87,1.62,0.068,163.93800000000002
Shadowing,String-6_Panel-11,High,5,Adjust Tilt,Replace Connector,916,Rainy,2023-03-04 10:00:00,6,11,109.58,2.12,0.12,109.7
Short Circuit,String-5_Panel-7,Critical,11,Replace Module,Replace Module,406,Sunny,2023-03-04 11:00:00,5,7,573.55,5.61,0.275,573.8249999999999
Hotspot,String-7_Panel-15,Medium,12,Replace Panel Section,Replace Wiring,830,Rainy,2023-03-04 11:00:00,7,15,354.84,3.21,0.187,355.027
Open Circuit,String-5_Panel-18,Critical,5,Replace Module,Replace Module,751,Sunny,2023-03-04 11:00:00,5,18,559.87,5.81,0.253,560.123
Hotspot,String-6_Panel-14,Medium,14,Inspect Cells,Inspect Cells,721,Sunny,2023-03-04 11:00:00,6,14,91.41,0.86,0.05,91.46
Shadowing,String-1_Panel-8,Low,12,Clean Panel,Replace Module,999,Sunny,2023-03-04 12:00:00,1,8,29.9,0.33,0.016,29.915999999999997
Short Circuit,String-2_Panel-15,Low,13,Inspect Junction Box,Reinstall Module,950,Cloudy,2023-03-04 12:00:00,2,15,66.17,1.01,0.065,66.235
Hotspot,String-3_Panel-15,Low,14,Inspect Cells,Clean Panel,875,Rainy,2023-03-04 13:00:00,3,15,100.55,0.82,0.038,100.588
Open Circuit,String-8_Panel-3,Low,13,Replace Wiring,Reinstall Module,768,Sunny,2023-03-04 14:00:00,8,3,136.96,2.24,0.13,137.09
Hotspot,String-8_Panel-18,Low,11,Inspect Cells,Clean Panel,863,Cloudy,2023-03-04 14:00:00,8,18,80.41,0.93,0.059,80.469
Short Circuit,String-9_Panel-9,High,14,Replace Module,Replace Wiring,729,Sunny,2023-03-04 17:00:00,9,9,533.45,6.35,0.343,533.793
Hotspot,String-10_Panel-13,High,5,Replace Panel Section,Tighten Connection,880,Sunny,2023-03-04 18:00:00,10,13,285.95,4.35,0.196,286.146
Shadowing,String-8_Panel-12,Medium,5,Remove Obstruction,Remove Obstruction,413,Rainy,2023-03-04 19:00:00,8,12,54.65,0.46,0.029,54.679
Hotspot,String-7_Panel-10,Medium,14,Inspect Cells,Replace Wiring,570,Rainy,2023-03-04 19:00:00,7,10,84.77,1.16,0.059,84.829
Hotspot,String-4_Panel-8,Low,13,Inspect Cells,Tighten Connection,634,Rainy,2023-03-04 20:00:00,4,8,83.64,0.9,0.053,83.693
Shadowing,String-7_Panel-16,High,4,Remove Obstruction,Replace Module,470,Rainy,2023-03-04 20:00:00,7,16,45.88,0.46,0.022,45.902
Short Circuit,String-7_Panel-5,High,8,Replace Wiring,Replace Wiring,201,Cloudy,2023-03-04 21:00:00,7,5,127.73,2.31,0.12,127.85000000000001
Short Circuit,String-2_Panel-4,High,12,Replace Module,Replace Fuse,312,Cloudy,2023-03-05 00:00:00,2,4,557.41,6.4,0.27,557.68
Shadowing,String-9_Panel-13,High,8,Clean Panel,Adjust Tilt,286,Sunny,2023-03-05 02:00:00,9,13,27.45,0.29,0.019,27.468999999999998
Short Circuit,String-6_Panel-1,Low,11,Inspect Junction Box,Inspect Junction Box,329,Cloudy,2023-03-05 03:00:00,6,1,72.72,1.1,0.059,72.779
Hotspot,String-7_Panel-7,Low,4,Clean Panel,Remove Obstruction,683,Rainy,2023-03-05 04:00:00,7,7,30.89,0.33,0.021,30.911
Short Circuit,String-10_Panel-14,High,14,Replace Module,Tighten Connection,431,Sunny,2023-03-05 07:00:00,10,14,500.1,6.34,0.351,500.451
Shadowing,String-2_Panel-14,Critical,10,Replace Module,Adjust Tilt,977,Rainy,2023-03-05 07:00:00,2,14,531.2,5.24,0.274,531.474
Hotspot,String-9_Panel-13,Critical,4,Replace Module,Replace Module,925,Sunny,2023-03-05 07:00:00,9,13,546.43,6.64,0.392,546.822
Shadowing,String-3_Panel-3,Low,14,Remove Obstruction,Replace Fuse,277,Sunny,2023-03-05 08:00:00,3,3,52.68,0.47,0.027,52.707
Short Circuit,String-7_Panel-3,Critical,14,Replace Module,Replace Fuse,585,Cloudy,2023-03-05 08:00:00,7,3,578.94,6.58,0.408,579.3480000000001
Shadowing,String-9_Panel-1,High,10,Adjust Tilt,Adjust Tilt,865,Cloudy,2023-03-05 09:00:00,9,1,138.32,1.83,0.096,138.416
Short Circuit,String-3_Panel-7,Critical,6,Replace Module,Replace Wiring,384,Rainy,2023-03-05 11:00:00,3,7,489.96,5.82,0.33,490.28999999999996
Open Circuit,String-6_Panel-1,High,1,Inspect Junction Box,Replace Wiring,614,Cloudy,2023-03-05 12:00:00,6,1,68.84,0.93,0.056,68.896
Hotspot,String-4_Panel-13,High,7,Replace Module,Remove Obstruction,557,Sunny,2023-03-05 13:00:00,4,13,534.66,5.57,0.274,534.934
Short Circuit,String-8_Panel-6,Critical,5,Reinstall Module,Replace Fuse,764,Sunny,2023-03-05 13:00:00,8,6,211.57,2.72,0.142,211.712
Open Circuit,String-3_Panel-6,Medium,9,Replace Wiring,Inspect Cells,934,Sunny,2023-03-05 13:00:00,3,6,123.3,1.74,0.101,123.401
Open Circuit,String-7_Panel-1,High,5,Replace Wiring,Replace Wiring,574,Sunny,2023-03-05 14:00:00,7,1,150.89,1.77,0.077,150.96699999999998
Open Circuit,String-9_Panel-3,High,1,Replace Wiring,Replace Wiring,574,Cloudy,2023-03-05 15:00:00,9,3,135.3,2.04,0.125,135.425
Open Circuit,String-7_Panel-20,Critical,2,Replace Module,Adjust Tilt,454,Cloudy,2023-03-05 15:00:00,7,20,536.74,6.01,0.342,537.082
Hotspot,String-7_Panel-8,Low,5,Inspect Cells,Clean Panel,881,Cloudy,2023-03-05 15:00:00,7,8,93.87,0.82,0.036,93.906
Hotspot,String-2_Panel-11,Critical,4,Replace Module,Replace Module,538,Sunny,2023-03-05 16:00:00,2,11,503.06,5.71,0.361,503.421
Short Circuit,String-9_Panel-6,Critical,3,Replace Module,Tighten Connection,741,Rainy,2023-03-05 17:00:00,9,6,579.3,6.58,0.334,579.6339999999999
Shadowing,String-3_Panel-18,High,5,Adjust Tilt,Adjust Tilt,829,Rainy,2023-03-05 18:00:00,3,18,126.51,2.15,0.138,126.64800000000001
Short Circuit,String-3_Panel-3,Medium,12,Replace Connector,Replace Fuse,886,Cloudy,2023-03-05 19:00:00,3,3,96.11,0.98,0.059,96.169
Short Circuit,String-2_Panel-6,Medium,13,Replace Fuse,Replace Fuse,788,Cloudy,2023-03-05 22:00:00,2,6,62.18,0.51,0.028,62.208
Hotspot,String-4_Panel-7,Critical,8,Replace Module,Adjust Tilt,927,Cloudy,2023-03-05 23:00:00,4,7,518.44,5.48,0.322,518.7620000000001
Shadowing,String-4_Panel-13,Critical,10,Replace Module,Replace Wiring,207,Sunny,2023-03-06 01:00:00,4,13,518.19,6.12,0.354,518.5440000000001
Short Circuit,String-6_Panel-3,Critical,8,Replace Module,Replace Connector,586,Cloudy,2023-03-06 01:00:00,6,3,471.97,5.36,0.337,472.307
Shadowing,String-1_Panel-4,High,6,Adjust Tilt,Adjust Tilt,800,Rainy,2023-03-06 02:00:00,1,4,125.42,1.71,0.093,125.513
Open Circuit,String-3_Panel-17,Critical,5,Replace Module,Replace Module,525,Cloudy,2023-03-06 02:00:00,3,17,535.43,6.43,0.359,535.789
Shadowing,String-5_Panel-5,High,5,Adjust Tilt,Replace Fuse,722,Cloudy,2023-03-06 03:00:00,5,5,119.37,2.4,0.151,119.521
Short Circuit,String-4_Panel-2,Low,3,Inspect Junction Box,Inspect Junction Box,582,Rainy,2023-03-06 04:00:00,4,2,75.53,1.04,0.058,75.58800000000001
Hotspot,String-10_Panel-11,Medium,9,Inspect Cells,Inspect Cells,514,Sunny,2023-03-06 04:00:00,10,11,89.89,0.98,0.043,89.933
Open Circuit,String-9_Panel-19,Critical,14,Replace Module,Replace Panel Section,215,Cloudy,2023-03-06 07:00:00,9,19,493.67,5.88,0.373,494.043
Hotspot,String-10_Panel-7,Critical,12,Replace Module,Replace Module,468,Sunny,2023-03-06 07:00:00,10,7,530.25,6.36,0.348,530.598
Open Circuit,String-8_Panel-12,Critical,6,Replace Module,Replace Module,679,Sunny,2023-03-06 08:00:00,8,12,464.12,7.17,0.322,464.442
Open Circuit,String-8_Panel-2,Low,7,Tighten Connection,Tighten Connection,445,Sunny,2023-03-06 09:00:00,8,2,41.43,0.42,0.018,41.448
Open Circuit,String-10_Panel-19,Low,5,Tighten Connection,Inspect Junction Box,302,Cloudy,2023-03-06 10:00:00,10,19,41.63,0.58,0.025,41.655
Shadowing,String-2_Panel-6,High,7,Adjust Tilt,Adjust Tilt,857,Cloudy,2023-03-06 11:00:00,2,6,118.81,2.05,0.106,118.916
Open Circuit,String-5_Panel-13,Medium,12,Replace Connector,Replace Connector,439,Rainy,2023-03-06 12:00:00,5,13,87.53,0.81,0.035,87.565
Shadowing,String-7_Panel-16,High,1,Remove Obstruction,Adjust Tilt,567,Rainy,2023-03-06 13:00:00,7,16,54.5,0.5,0.027,54.527
Hotspot,String-4_Panel-4,Critical,5,Replace Module,Replace Wiring,977,Sunny,2023-03-06 16:00:00,4,4,500.26,5.39,0.24,500.5
Open Circuit,String-8_Panel-3,Critical,14,Reinstall Module,Replace Module,937,Sunny,2023-03-06 16:00:00,8,3,206.2,3.18,0.209,206.409
Shadowing,String-9_Panel-16,Critical,13,Replace Module,Replace Module,587,Rainy,2023-03-06 18:00:00,9,16,476.12,5.6,0.338,476.458
Shadowing,String-9_Panel-2,Low,9,Adjust Tilt,Clean Panel,320,Rainy,2023-03-06 19:00:00,9,2,114.58,2.19,0.139,114.719
Shadowing,String-9_Panel-16,Low,2,Clean Panel,Clean Panel,220,Cloudy,2023-03-06 21:00:00,9,16,27.62,0.3,0.017,27.637
Shadowing,String-4_Panel-6,Low,9,Remove Obstruction,Clean Panel,217,Rainy,2023-03-06 21:00:00,4,6,53.74,0.52,0.026,53.766000000000005
Shadowing,String-6_Panel-8,High,3,Remove Obstruction,Reinstall Module,830,Sunny,2023-03-06 21:00:00,6,8,51.28,0.49,0.029,51.309000000000005
Hotspot,String-10_Panel-2,Medium,13,Inspect Cells,Inspect Cells,532,Cloudy,2023-03-06 22:00:00,10,2,86.96,0.96,0.062,87.02199999999999
Open Circuit,String-4_Panel-6,High,7,Replace Wiring,Inspect Junction Box,551,Rainy,2023-03-06 23:00:00,4,6,166.11,2.15,0.138,166.24800000000002
Open Circuit,String-10_Panel-8,High,3,Replace Wiring,Tighten Connection,635,Sunny,2023-03-06 23:00:00,10,8,148.94,1.7,0.097,149.037
Open Circuit,String-9_Panel-11,Critical,10,Replace Module,Replace Module,947,Sunny,2023-03-06 23:00:00,9,11,524.22,6.17,0.36,524.58
Shadowing,String-7_Panel-18,Medium,9,Remove Obstruction,Replace Module,636,Rainy,2023-03-07 03:00:00,7,18,53.69,0.46,0.03,53.72
Hotspot,String-8_Panel-1,Critical,8,Replace Module,Replace Connector,522,Sunny,2023-03-07 04:00:00,8,1,580.36,6.56,0.281,580.641
Hotspot,String-5_Panel-2,Critical,3,Replace Wiring,Remove Obstruction,930,Rainy,2023-03-07 05:00:00,5,2,148.71,1.98,0.119,148.829
Short Circuit,String-5_Panel-2,High,12,Replace Module,Replace Wiring,567,Cloudy,2023-03-07 05:00:00,5,2,539.66,7.83,0.355,540.015
Short Circuit,String-5_Panel-20,Low,3,Inspect Junction Box,Inspect Junction Box,408,Cloudy,2023-03-07 06:00:00,5,20,73.71,0.8,0.035,73.74499999999999
Shadowing,String-10_Panel-15,High,8,Remove Obstruction,Tighten Connection,300,Sunny,2023-03-07 06:00:00,10,15,54.92,0.52,0.031,54.951
Hotspot,String-7_Panel-19,Critical,5,Replace Panel Section,Inspect Junction Box,577,Sunny,2023-03-07 06:00:00,7,19,344.96,3.15,0.163,345.123
Open Circuit,String-5_Panel-12,Medium,5,Replace Connector,Replace Connector,800,Rainy,2023-03-07 08:00:00,5,12,103.81,0.76,0.038,103.848
Open Circuit,String-9_Panel-7,Low,1,Replace Wiring,Replace Panel Section,520,Rainy,2023-03-07 09:00:00,9,7,116.74,2.23,0.14,116.88
Shadowing,String-1_Panel-6,Medium,9,Remove Obstruction,Remove Obstruction,781,Sunny,2023-03-07 11:00:00,1,6,40.6,0.53,0.025,40.625
Short Circuit,String-10_Panel-5,Medium,4,Replace Fuse,Replace Fuse,505,Sunny,2023-03-07 14:00:00,10,5,61.75,0.54,0.03,61.78
Hotspot,String-6_Panel-19,Low,5,Inspect Cells,Reinstall Module,946,Cloudy,2023-03-07 16:00:00,6,19,72.34,1.08,0.071,72.411
Short Circuit,String-3_Panel-7,Low,14,Inspect Junction Box,Remove Obstruction,800,Cloudy,2023-03-07 18:00:00,3,7,76.33,0.76,0.048,76.378
Open Circuit,String-9_Panel-12,Critical,7,Replace Module,Replace Fuse,434,Cloudy,2023-03-07 18:00:00,9,12,484.81,4.85,0.306,485.116
Shadowing,String-10_Panel-16,Medium,10,Remove Obstruction,Remove Obstruction,598,Sunny,2023-03-07 19:00:00,10,16,51.57,0.41,0.022,51.592
Shadowing,String-6_Panel-15,Medium,3,Remove Obstruction,Replace Panel Section,600,Cloudy,2023-03-07 20:00:00,6,15,52.4,0.47,0.021,52.421
Shadowing,String-1_Panel-3,Critical,14,Replace Module,Reinstall Module,483,Rainy,2023-03-07 20:00:00,1,3,438.89,5.76,0.328,439.21799999999996
Short Circuit,String-8_Panel-9,Critical,1,Replace Module,Replace Module,376,Rainy,2023-03-07 20:00:00,8,9,527.02,6.27,0.363,527.383
Hotspot,String-3_Panel-8,Critical,12,Replace Module,Replace Wiring,360,Rainy,2023-03-07 21:00:00,3,8,509.0,6.21,0.351,509.351
Hotspot,String-9_Panel-16,Low,8,Clean Panel,Inspect Cells,469,Rainy,2023-03-08 00:00:00,9,16,29.77,0.31,0.017,29.787
Short Circuit,String-5_Panel-5,Low,13,Inspect Junction Box,Replace Connector,862,Sunny,2023-03-08 00:00:00,5,5,66.38,1.06,0.066,66.446
Open Circuit,String-9_Panel-6,Critical,5,Replace Module,Replace Module,800,Cloudy,2023-03-08 01:00:00,9,6,536.06,6.02,0.327,536.387
Shadowing,String-1_Panel-13,Medium,5,Remove Obstruction,Remove Obstruction,804,Rainy,2023-03-08 01:00:00,1,13,48.69,0.47,0.028,48.717999999999996
Short Circuit,String-1_Panel-19,High,10,Replace Wiring,Clean Panel,931,Cloudy,2023-03-08 02:00:00,1,19,154.59,2.06,0.101,154.691
Open Circuit,String-2_Panel-19,Low,5,Tighten Connection,Adjust Tilt,566,Sunny,2023-03-08 02:00:00,2,19,38.3,0.61,0.032,38.331999999999994
Open Circuit,String-4_Panel-14,Low,2,Tighten Connection,Replace Module,915,Cloudy,2023-03-08 05:00:00,4,14,37.2,0.44,0.026,37.226000000000006
Shadowing,String-5_Panel-16,Medium,5,Clean Panel,Remove Obstruction,380,Rainy,2023-03-08 05:00:00,5,16,33.68,0.35,0.016,33.696
Short Circuit,String-10_Panel-9,Medium,10,Replace Fuse,Inspect Junction Box,874,Sunny,2023-03-08 07:00:00,10,9,55.7,0.61,0.033,55.733000000000004
Open Circuit,String-1_Panel-11,Medium,1,Replace Connector,Replace Connector,397,Cloudy,2023-03-08 07:00:00,1,11,88.06,1.17,0.058,88.11800000000001
Open Circuit,String-5_Panel-11,Critical,4,Replace Wiring,Reinstall Module,953,Sunny,2023-03-08 08:00:00,5,11,176.41,2.06,0.114,176.524
Hotspot,String-4_Panel-20,High,3,Replace Module,Replace Module,386,Cloudy,2023-03-08 09:00:00,4,20,494.55,4.67,0.254,494.80400000000003
Short Circuit,String-1_Panel-5,Low,14,Inspect Junction Box,Adjust Tilt,533,Sunny,2023-03-08 09:00:00,1,5,76.41,1.07,0.055,76.465
Open Circuit,String-5_Panel-3,Critical,6,Replace Module,Replace Module,803,Sunny,2023-03-08 09:00:00,5,3,478.61,6.16,0.343,478.95300000000003
Hotspot,String-10_Panel-18,Low,12,Inspect Cells,Clean Panel,650,Cloudy,2023-03-08 10:00:00,10,18,87.93,1.02,0.066,87.99600000000001
Shadowing,String-10_Panel-16,Critical,6,Reinstall Module,Reinstall Module,295,Sunny,2023-03-08 10:00:00,10,16,213.87,1.87,0.114,213.984
Shadowing,String-9_Panel-8,High,8,Adjust Tilt,Adjust Tilt,778,Cloudy,2023-03-08 11:00:00,9,8,144.68,1.64,0.07,144.75
Short Circuit,String-6_Panel-17,Low,4,Inspect Junction Box,Inspect Junction Box,325,Sunny,2023-03-08 12:00:00,6,17,69.96,0.94,0.058,70.018
Shadowing,String-7_Panel-7,Critical,12,Replace Module,Replace Wiring,979,Rainy,2023-03-08 13:00:00,7,7,539.65,6.11,0.338,539.9879999999999
Open Circuit,String-9_Panel-5,Critical,5,Replace Module,Reinstall Module,405,Cloudy,2023-03-08 13:00:00,9,5,520.7,8.29,0.354,521.0540000000001
Short Circuit,String-9_Panel-18,Low,14,Replace Fuse,Inspect Junction Box,396,Rainy,2023-03-08 14:00:00,9,18,60.94,0.4,0.023,60.963
Open Circuit,String-7_Panel-4,Critical,13,Replace Panel Section,Replace Connector,794,Rainy,2023-03-08 14:00:00,7,4,349.37,3.36,0.199,349.569
Shadowing,String-5_Panel-20,Low,10,Remove Obstruction,Clean Panel,428,Rainy,2023-03-08 14:00:00,5,20,50.13,0.58,0.033,50.163000000000004
Hotspot,String-10_Panel-16,Medium,13,Inspect Cells,Replace Module,554,Cloudy,2023-03-08 16:00:00,10,16,82.71,0.78,0.036,82.746
Hotspot,String-4_Panel-1,Critical,4,Replace Module,Replace Connector,911,Cloudy,2023-03-08 16:00:00,4,1,547.51,4.72,0.267,547.777
Shadowing,String-1_Panel-18,Medium,12,Remove Obstruction,Clean Panel,277,Sunny,2023-03-08 17:00:00,1,18,53.06,0.57,0.028,53.088
Open Circuit,String-8_Panel-3,High,1,Replace Wiring,Replace Fuse,380,Rainy,2023-03-08 17:00:00,8,3,157.84,2.12,0.129,157.969
Hotspot,String-8_Panel-4,High,1,Replace Panel Section,Reinstall Module,612,Cloudy,2023-03-08 18:00:00,8,4,273.44,3.28,0.141,273.581
Shadowing,String-8_Panel-19,Critical,1,Reinstall Module,Reinstall Module,595,Sunny,2023-03-08 18:00:00,8,19,197.92,3.14,0.195,198.11499999999998
Shadowing,String-7_Panel-1,Medium,6,Remove Obstruction,Replace Connector,404,Rainy,2023-03-08 18:00:00,7,1,54.47,0.57,0.032,54.501999999999995
Short Circuit,String-6_Panel-12,Medium,10,Replace Fuse,Clean Panel,654,Sunny,2023-03-08 19:00:00,6,12,61.15,0.45,0.019,61.169
Short Circuit,String-1_Panel-6,Medium,2,Replace Wiring,Adjust Tilt,968,Sunny,2023-03-08 20:00:00,1,6,153.86,1.18,0.073,153.93300000000002
Hotspot,String-1_Panel-11,Low,3,Replace Panel Section,Clean Panel,916,Cloudy,2023-03-08 20:00:00,1,11,334.5,3.71,0.23,334.73
Shadowing,String-9_Panel-19,Medium,11,Remove Obstruction,Replace Panel Section,745,Sunny,2023-03-08 22:00:00,9,19,48.61,0.51,0.031,48.641
Shadowing,String-8_Panel-5,Medium,10,Remove Obstruction,Remove Obstruction,593,Cloudy,2023-03-08 22:00:00,8,5,56.61,0.49,0.028,56.638
Short Circuit,String-5_Panel-17,High,13,Replace Module,Replace Wiring,644,Cloudy,2023-03-08 23:00:00,5,17,570.08,6.42,0.29,570.37
Open Circuit,String-10_Panel-20,Low,2,Tighten Connection,Adjust Tilt,570,Cloudy,2023-03-08 23:00:00,10,20,43.55,0.65,0.036,43.586
Shadowing,String-8_Panel-20,High,8,Remove Obstruction,Clean Panel,213,Sunny,2023-03-08 23:00:00,8,20,50.47,0.51,0.029,50.499
Short Circuit,String-7_Panel-11,Medium,12,Replace Fuse,Replace Fuse,414,Cloudy,2023-03-09 00:00:00,7,11,57.12,0.48,0.03,57.15
Open Circuit,String-1_Panel-2,Low,12,Tighten Connection,Tighten Connection,739,Rainy,2023-03-09 00:00:00,1,2,36.21,0.47,0.02,36.230000000000004
Short Circuit,String-5_Panel-13,Low,4,Inspect Junction Box,Remove Obstruction,921,Sunny,2023-03-09 01:00:00,5,13,79.91,1.06,0.059,79.969
Shadowing,String-8_Panel-14,Low,6,Remove Obstruction,Clean Panel,332,Sunny,2023-03-09 01:00:00,8,14,47.09,0.58,0.036,47.126000000000005
Shadowing,String-8_Panel-9,Medium,7,Clean Panel,Replace Fuse,809,Cloudy,2023-03-09 02:00:00,8,9,30.07,0.28,0.019,30.089
Hotspot,String-9_Panel-19,High,13,Replace Module,Replace Fuse,795,Rainy,2023-03-09 03:00:00,9,19,478.68,6.28,0.301,478.981
Open Circuit,String-2_Panel-8,Medium,12,Replace Connector,Replace Connector,565,Rainy,2023-03-09 04:00:00,2,8,88.21,1.02,0.049,88.259
Open Circuit,String-2_Panel-6,Medium,13,Replace Connector,Tighten Connection,343,Rainy,2023-03-09 08:00:00,2,6,92.95,0.94,0.059,93.009
Open Circuit,String-5_Panel-4,High,2,Replace Wiring,Remove Obstruction,205,Rainy,2023-03-09 09:00:00,5,4,158.41,2.27,0.103,158.513
Short Circuit,String-2_Panel-16,Critical,12,Replace Module,Replace Module,749,Sunny,2023-03-09 09:00:00,2,16,504.31,5.31,0.257,504.567
Shadowing,String-4_Panel-10,Medium,9,Remove Obstruction,Replace Module,230,Cloudy,2023-03-09 10:00:00,4,10,47.75,0.44,0.022,47.772
Open Circuit,String-5_Panel-6,Critical,10,Replace Module,Replace Wiring,843,Rainy,2023-03-09 10:00:00,5,6,539.41,6.41,0.339,539.749
Shadowing,String-2_Panel-18,High,4,Remove Obstruction,Adjust Tilt,354,Cloudy,2023-03-09 13:00:00,2,18,53.08,0.48,0.025,53.105
Shadowing,String-3_Panel-15,Medium,13,Remove Obstruction,Replace Module,809,Cloudy,2023-03-09 14:00:00,3,15,48.92,0.53,0.023,48.943000000000005
Shadowing,String-10_Panel-16,Critical,10,Replace Module,Reinstall Module,748,Rainy,2023-03-09 14:00:00,10,16,504.08,5.04,0.214,504.294
Shadowing,String-2_Panel-7,Medium,7,Remove Obstruction,Remove Obstruction,314,Sunny,2023-03-09 15:00:00,2,7,49.18,0.39,0.019,49.199
Short Circuit,String-9_Panel-8,Low,10,Inspect Junction Box,Inspect Junction Box,643,Sunny,2023-03-09 16:00:00,9,8,75.41,1.3,0.079,75.48899999999999
Hotspot,String-4_Panel-14,Low,6,Inspect Cells,Remove Obstruction,788,Cloudy,2023-03-09 17:00:00,4,14,81.34,0.87,0.053,81.393
Open Circuit,String-6_Panel-18,Low,7,Tighten Connection,Inspect Junction Box,524,Rainy,2023-03-09 17:00:00,6,18,40.65,0.45,0.025,40.675
Shadowing,String-9_Panel-7,Low,12,Remove Obstruction,Clean Panel,505,Cloudy,2023-03-09 19:00:00,9,7,42.09,0.56,0.026,42.11600000000001
Short Circuit,String-1_Panel-18,Medium,13,Replace Fuse,Replace Fuse,657,Rainy,2023-03-09 20:00:00,1,18,59.83,0.41,0.019,59.849
Short Circuit,String-9_Panel-20,Low,6,Replace Fuse,Replace Fuse,614,Rainy,2023-03-09 21:00:00,9,20,58.66,0.5,0.027,58.687
Short Circuit,String-4_Panel-16,High,10,Replace Module,Replace Connector,399,Cloudy,2023-03-09 23:00:00,4,16,579.87,6.53,0.379,580.249
Hotspot,String-3_Panel-3,Critical,14,Replace Panel Section,Replace Module,517,Sunny,2023-03-09 23:00:00,3,3,357.02,4.27,0.218,357.238
Open Circuit,String-10_Panel-15,High,5,Inspect Junction Box,Replace Wiring,778,Rainy,2023-03-10 01:00:00,10,15,75.65,1.13,0.05,75.7
Open Circuit,String-8_Panel-16,Medium,11,Replace Wiring,Replace Module,998,Cloudy,2023-03-10 01:00:00,8,16,132.54,1.8,0.115,132.655
Hotspot,String-5_Panel-19,Critical,2,Replace Panel Section,Inspect Junction Box,702,Cloudy,2023-03-10 02:00:00,5,19,339.96,3.99,0.223,340.183
Short Circuit,String-2_Panel-1,Critical,14,Replace Module,Tighten Connection,846,Sunny,2023-03-10 03:00:00,2,1,574.71,6.86,0.423,575.133
Hotspot,String-1_Panel-20,Medium,13,Inspect Cells,Inspect Cells,266,Sunny,2023-03-10 03:00:00,1,20,77.95,1.06,0.046,77.99600000000001
Shadowing,String-7_Panel-15,Medium,2,Remove Obstruction,Remove Obstruction,695,Rainy,2023-03-10 04:00:00,7,15,43.4,0.48,0.03,43.43
Short Circuit,String-6_Panel-17,High,5,Replace Wiring,Replace Wiring,800,Rainy,2023-03-10 05:00:00,6,17,155.53,2.48,0.15,155.68
Short Circuit,String-6_Panel-6,Low,9,Replace Fuse,Reinstall Module,628,Rainy,2023-03-10 06:00:00,6,6,71.75,0.51,0.029,71.779
Open Circuit,String-4_Panel-19,Low,6,Tighten Connection,Tighten Connection,238,Sunny,2023-03-10 06:00:00,4,19,35.91,0.57,0.026,35.936
Short Circuit,String-7_Panel-5,Medium,7,Replace Fuse,Replace Fuse,228,Cloudy,2023-03-10 07:00:00,7,5,56.89,0.58,0.037,56.927
Open Circuit,String-1_Panel-3,Medium,2,Replace Connector,Clean Panel,351,Cloudy,2023-03-10 07:00:00,1,3,98.15,0.96,0.043,98.19300000000001
Open Circuit,String-2_Panel-11,High,1,Replace Wiring,Replace Wiring,713,Rainy,2023-03-10 07:00:00,2,11,149.28,2.19,0.138,149.418
Hotspot,String-6_Panel-6,Critical,7,Replace Module,Replace Connector,302,Cloudy,2023-03-10 08:00:00,6,6,535.31,7.42,0.476,535.786
Open Circuit,String-5_Panel-5,High,10,Replace Wiring,Reinstall Module,303,Sunny,2023-03-10 10:00:00,5,5,147.18,2.2,0.116,147.29600000000002
Short Circuit,String-2_Panel-6,Critical,9,Replace Module,Replace Module,457,Sunny,2023-03-10 10:00:00,2,6,603.13,6.85,0.432,603.562
Hotspot,String-3_Panel-7,Medium,2,Clean Panel,Inspect Cells,678,Cloudy,2023-03-10 10:00:00,3,7,29.48,0.32,0.015,29.495
Hotspot,String-4_Panel-11,Low,12,Clean Panel,Clean Panel,995,Rainy,2023-03-10 10:00:00,4,11,31.04,0.32,0.013,31.053
Short Circuit,String-6_Panel-15,High,5,Replace Module,Replace Wiring,988,Cloudy,2023-03-10 11:00:00,6,15,506.36,5.88,0.303,506.663
Open Circuit,String-3_Panel-4,Low,9,Tighten Connection,Tighten Connection,854,Sunny,2023-03-10 11:00:00,3,4,45.5,0.49,0.026,45.526
Shadowing,String-4_Panel-12,High,5,Adjust Tilt,Adjust Tilt,973,Sunny,2023-03-10 11:00:00,4,12,111.69,2.17,0.135,111.825
Shadowing,String-4_Panel-15,High,1,Remove Obstruction,Clean Panel,348,Cloudy,2023-03-10 13:00:00,4,15,56.5,0.51,0.022,56.522
Open Circuit,String-9_Panel-6,Low,14,Replace Wiring,Tighten Connection,678,Sunny,2023-03-10 15:00:00,9,6,148.16,2.13,0.131,148.291
Short Circuit,String-1_Panel-11,Low,10,Replace Fuse,Replace Connector,410,Rainy,2023-03-10 18:00:00,1,11,60.28,0.51,0.026,60.306000000000004
Shadowing,String-5_Panel-15,Critical,3,Reinstall Module,Reinstall Module,470,Rainy,2023-03-10 19:00:00,5,15,195.29,2.91,0.146,195.43599999999998
Open Circuit,String-3_Panel-7,Critical,9,Replace Module,Replace Module,387,Cloudy,2023-03-10 19:00:00,3,7,632.76,5.13,0.243,633.003
Hotspot,String-6_Panel-14,Medium,12,Inspect Cells,Replace Wiring,639,Rainy,2023-03-10 20:00:00,6,14,78.49,0.99,0.063,78.553
Shadowing,String-10_Panel-17,Critical,9,Replace Module,Tighten Connection,413,Cloudy,2023-03-10 22:00:00,10,17,544.6,6.12,0.284,544.884
Hotspot,String-6_Panel-4,Medium,3,Inspect Cells,Reinstall Module,893,Sunny,2023-03-10 22:00:00,6,4,80.29,0.97,0.055,80.34500000000001
Hotspot,String-8_Panel-7,Critical,7,Replace Module,Replace Module,967,Rainy,2023-03-10 23:00:00,8,7,454.1,5.16,0.323,454.423
Short Circuit,String-6_Panel-9,Critical,7,Replace Panel Section,Replace Module,806,Rainy,2023-03-11 00:00:00,6,9,339.56,4.12,0.23,339.79
Short Circuit,String-3_Panel-10,High,14,Replace Module,Replace Wiring,571,Rainy,2023-03-11 03:00:00,3,10,443.47,4.93,0.302,443.77200000000005
Hotspot,String-6_Panel-19,High,6,Reinstall Module,Inspect Cells,675,Sunny,2023-03-11 03:00:00,6,19,155.54,3.44,0.173,155.713
Open Circuit,String-5_Panel-16,Low,13,Tighten Connection,Tighten Connection,491,Cloudy,2023-03-11 04:00:00,5,16,42.7,0.45,0.02,42.720000000000006
Short Circuit,String-7_Panel-16,Medium,1,Replace Fuse,Replace Panel Section,745,Sunny,2023-03-11 05:00:00,7,16,75.4,0.36,0.024,75.424
Open Circuit,String-7_Panel-8,Critical,3,Replace Module,Remove Obstruction,702,Sunny,2023-03-11 05:00:00,7,8,444.78,6.31,0.362,445.142
Shadowing,String-1_Panel-2,Medium,3,Remove Obstruction,Replace Connector,318,Cloudy,2023-03-11 05:00:00,1,2,50.52,0.45,0.021,50.541000000000004
Shadowing,String-5_Panel-19,Medium,13,Remove Obstruction,Inspect Cells,387,Rainy,2023-03-11 06:00:00,5,19,44.21,0.57,0.03,44.24
Hotspot,String-2_Panel-13,Medium,2,Inspect Cells,Replace Module,942,Sunny,2023-03-11 06:00:00,2,13,75.46,1.19,0.054,75.514
Shadowing,String-10_Panel-3,Critical,14,Replace Panel Section,Reinstall Module,753,Sunny,2023-03-11 07:00:00,10,3,368.84,4.59,0.202,369.042
Short Circuit,String-2_Panel-17,High,1,Replace Wiring,Replace Wiring,498,Sunny,2023-03-11 08:00:00,2,17,148.98,2.03,0.132,149.112
Shadowing,String-5_Panel-18,Low,1,Remove Obstruction,Clean Panel,750,Rainy,2023-03-11 10:00:00,5,18,51.75,0.51,0.026,51.776
Shadowing,String-4_Panel-3,Critical,7,Replace Module,Replace Module,608,Cloudy,2023-03-11 11:00:00,4,3,517.9,6.94,0.292,518.192
Shadowing,String-6_Panel-3,Medium,11,Remove Obstruction,Replace Fuse,493,Sunny,2023-03-11 11:00:00,6,3,48.42,0.47,0.027,48.447
Hotspot,String-1_Panel-15,Low,11,Inspect Cells,Clean Panel,976,Cloudy,2023-03-11 11:00:00,1,15,75.47,0.91,0.045,75.515
Open Circuit,String-3_Panel-18,High,11,Inspect Junction Box,Replace Wiring,702,Rainy,2023-03-11 13:00:00,3,18,68.84,1.08,0.049,68.88900000000001
Short Circuit,String-8_Panel-7,Critical,5,Replace Module,Replace Wiring,499,Cloudy,2023-03-11 13:00:00,8,7,543.64,5.88,0.35,543.99
Hotspot,String-6_Panel-9,Medium,12,Inspect Cells,Replace Panel Section,690,Cloudy,2023-03-11 14:00:00,6,9,86.23,0.94,0.045,86.275
Shadowing,String-7_Panel-19,Low,1,Clean Panel,Clean Panel,428,Sunny,2023-03-11 14:00:00,7,19,32.21,0.31,0.014,32.224000000000004
Open Circuit,String-8_Panel-15,Medium,6,Replace Wiring,Replace Connector,992,Cloudy,2023-03-11 15:00:00,8,15,138.41,1.65,0.075,138.48499999999999
Open Circuit,String-2_Panel-4,Critical,7,Replace Module,Replace Module,764,Sunny,2023-03-11 16:00:00,2,4,587.12,6.15,0.348,587.468
Hotspot,String-3_Panel-13,Critical,12,Replace Module,Replace Panel Section,230,Cloudy,2023-03-11 18:00:00,3,13,529.36,5.96,0.297,529.657
Open Circuit,String-9_Panel-11,Medium,14,Replace Connector,Replace Connector,715,Sunny,2023-03-11 19:00:00,9,11,94.37,0.64,0.039,94.409
Shadowing,String-8_Panel-14,Low,8,Remove Obstruction,Replace Module,585,Cloudy,2023-03-11 19:00:00,8,14,45.99,0.41,0.02,46.010000000000005
Open Circuit,String-2_Panel-15,Critical,5,Replace Module,Clean Panel,637,Rainy,2023-03-11 20:00:00,2,15,537.1,4.82,0.255,537.355
Open Circuit,String-8_Panel-11,Low,13,Replace Wiring,Tighten Connection,881,Sunny,2023-03-11 21:00:00,8,11,159.16,2.01,0.129,159.289
Short Circuit,String-5_Panel-7,High,2,Replace Connector,Tighten Connection,275,Rainy,2023-03-11 22:00:00,5,7,82.95,1.12,0.056,83.006
Short Circuit,String-6_Panel-13,Critical,14,Replace Module,Replace Module,532,Rainy,2023-03-12 00:00:00,6,13,564.28,5.88,0.339,564.619
Short Circuit,String-6_Panel-13,Medium,10,Replace Fuse,Remove Obstruction,997,Cloudy,2023-03-12 01:00:00,6,13,51.8,0.49,0.029,51.829
Short Circuit,String-7_Panel-4,Medium,7,Replace Fuse,Clean Panel,255,Sunny,2023-03-12 04:00:00,7,4,53.59,0.53,0.027,53.617000000000004
Hotspot,String-8_Panel-7,Critical,1,Reinstall Module,Replace Wiring,220,Rainy,2023-03-12 04:00:00,8,7,189.7,3.31,0.218,189.91799999999998
Shadowing,String-5_Panel-16,Critical,8,Reinstall Module,Reinstall Module,289,Sunny,2023-03-12 05:00:00,5,16,205.55,3.58,0.182,205.732
Shadowing,String-10_Panel-5,Low,6,Remove Obstruction,Clean Panel,217,Rainy,2023-03-12 06:00:00,10,5,51.56,0.48,0.026,51.586000000000006
Open Circuit,String-6_Panel-8,Medium,11,Replace Connector,Replace Connector,728,Rainy,2023-03-12 06:00:00,6,8,87.82,1.07,0.05,87.86999999999999
Hotspot,String-10_Panel-14,Medium,12,Inspect Cells,Inspect Cells,524,Rainy,2023-03-12 07:00:00,10,14,90.15,1.26,0.061,90.21100000000001
Hotspot,String-2_Panel-3,High,10,Replace Panel Section,Replace Panel Section,724,Sunny,2023-03-12 07:00:00,2,3,285.58,3.35,0.209,285.789
Shadowing,String-1_Panel-11,Medium,8,Reinstall Module,Replace Fuse,822,Cloudy,2023-03-12 09:00:00,1,11,199.04,3.32,0.178,199.218
Short Circuit,String-9_Panel-18,Medium,9,Replace Fuse,Inspect Junction Box,489,Cloudy,2023-03-12 09:00:00,9,18,63.99,0.49,0.03,64.02
Open Circuit,String-7_Panel-20,Critical,4,Replace Module,Replace Connector,896,Cloudy,2023-03-12 12:00:00,7,20,503.32,5.14,0.338,503.658
Open Circuit,String-3_Panel-4,Medium,2,Replace Connector,Tighten Connection,378,Rainy,2023-03-12 14:00:00,3,4,89.31,1.08,0.049,89.35900000000001
Shadowing,String-3_Panel-18,Critical,11,Replace Module,Clean Panel,523,Sunny,2023-03-12 14:00:00,3,18,476.24,5.83,0.286,476.526
Short Circuit,String-2_Panel-1,High,8,Replace Wiring,Replace Wiring,470,Sunny,2023-03-12 15:00:00,2,1,143.75,1.79,0.077,143.827
Short Circuit,String-5_Panel-4,Low,14,Inspect Junction Box,Inspect Junction Box,316,Sunny,2023-03-12 16:00:00,5,4,72.79,1.2,0.055,72.84500000000001
Shadowing,String-9_Panel-7,Low,4,Remove Obstruction,Clean Panel,576,Cloudy,2023-03-12 16:00:00,9,7,52.58,0.54,0.025,52.605
Open Circuit,String-1_Panel-4,Critical,14,Replace Module,Replace Module,571,Rainy,2023-03-12 17:00:00,1,4,479.93,5.22,0.246,480.176
Hotspot,String-9_Panel-19,High,13,Reinstall Module,Replace Panel Section,445,Sunny,2023-03-12 18:00:00,9,19,212.73,3.1,0.168,212.898
Short Circuit,String-8_Panel-4,Low,8,Inspect Junction Box,Replace Wiring,790,Sunny,2023-03-12 18:00:00,8,4,55.48,1.25,0.062,55.541999999999994
Open Circuit,String-10_Panel-8,Critical,9,Replace Module,Clean Panel,640,Sunny,2023-03-12 20:00:00,10,8,605.36,4.96,0.316,605.676
Open Circuit,String-10_Panel-18,Medium,8,Replace Connector,Replace Connector,630,Rainy,2023-03-12 20:00:00,10,18,74.14,1.04,0.049,74.18900000000001
Shadowing,String-10_Panel-2,Low,10,Remove Obstruction,Clean Panel,694,Rainy,2023-03-12 21:00:00,10,2,45.71,0.42,0.022,45.732
Hotspot,String-7_Panel-19,Medium,6,Inspect Cells,Inspect Cells,568,Rainy,2023-03-12 21:00:00,7,19,89.84,1.22,0.068,89.908
Short Circuit,String-6_Panel-16,High,8,Inspect Junction Box,Replace Fuse,504,Sunny,2023-03-12 21:00:00,6,16,71.23,0.85,0.036,71.266
Shadowing,String-2_Panel-15,High,12,Reinstall Module,Adjust Tilt,469,Rainy,2023-03-12 21:00:00,2,15,191.7,3.17,0.14,191.83999999999997
Shadowing,String-1_Panel-15,Critical,7,Replace Module,Clean Panel,580,Rainy,2023-03-12 22:00:00,1,15,561.23,5.39,0.306,561.5360000000001
Hotspot,String-8_Panel-20,Critical,13,Replace Module,Replace Module,974,Cloudy,2023-03-13 00:00:00,8,20,518.17,5.77,0.271,518.4409999999999
Open Circuit,String-10_Panel-14,High,2,Replace Wiring,Replace Wiring,537,Cloudy,2023-03-13 01:00:00,10,14,143.28,2.42,0.155,143.435
Open Circuit,String-9_Panel-20,Critical,8,Replace Module,Clean Panel,329,Sunny,2023-03-13 04:00:00,9,20,527.26,5.81,0.26,527.52
Short Circuit,String-5_Panel-13,High,6,Replace Wiring,Replace Wiring,376,Cloudy,2023-03-13 05:00:00,5,13,165.66,1.83,0.116,165.776
Shadowing,String-10_Panel-7,Critical,12,Replace Module,Tighten Connection,677,Rainy,2023-03-13 07:00:00,10,7,511.09,6.11,0.36,511.45
Open Circuit,String-7_Panel-20,High,4,Replace Wiring,Replace Module,840,Sunny,2023-03-13 07:00:00,7,20,155.27,2.35,0.103,155.37300000000002
Shadowing,String-8_Panel-19,High,7,Remove Obstruction,Clean Panel,230,Cloudy,2023-03-13 07:00:00,8,19,45.49,0.47,0.02,45.510000000000005
Shadowing,String-10_Panel-18,Critical,10,Replace Module,Remove Obstruction,945,Rainy,2023-03-13 07:00:00,10,18,603.14,6.72,0.378,603.518
Open Circuit,String-10_Panel-15,Critical,2,Replace Module,Replace Module,745,Sunny,2023-03-13 08:00:00,10,15,509.0,5.79,0.344,509.344
Open Circuit,String-9_Panel-10,Low,3,Tighten Connection,Tighten Connection,385,Sunny,2023-03-13 08:00:00,9,10,42.5,0.53,0.032,42.532
Short Circuit,String-4_Panel-1,Low,7,Inspect Junction Box,Inspect Cells,257,Sunny,2023-03-13 10:00:00,4,1,72.3,0.97,0.047,72.347
Short Circuit,String-6_Panel-10,Low,1,Inspect Junction Box,Inspect Junction Box,306,Sunny,2023-03-13 12:00:00,6,10,70.95,1.11,0.069,71.019
Shadowing,String-1_Panel-1,Medium,1,Remove Obstruction,Remove Obstruction,424,Sunny,2023-03-13 14:00:00,1,1,52.94,0.5,0.033,52.973
Short Circuit,String-5_Panel-17,Critical,3,Replace Module,Adjust Tilt,809,Cloudy,2023-03-13 14:00:00,5,17,433.28,5.9,0.35,433.63
Short Circuit,String-5_Panel-5,Medium,2,Inspect Junction Box,Replace Fuse,704,Rainy,2023-03-13 15:00:00,5,5,79.38,1.04,0.069,79.449
Shadowing,String-4_Panel-1,Low,7,Clean Panel,Reinstall Module,413,Sunny,2023-03-13 15:00:00,4,1,29.9,0.33,0.02,29.919999999999998
Hotspot,String-6_Panel-6,Low,5,Inspect Cells,Clean Panel,862,Cloudy,2023-03-13 16:00:00,6,6,81.5,0.92,0.06,81.56
Short Circuit,String-10_Panel-1,Medium,13,Replace Fuse,Replace Fuse,892,Cloudy,2023-03-13 17:00:00,10,1,66.18,0.46,0.027,66.20700000000001
Hotspot,String-5_Panel-10,Critical,2,Replace Panel Section,Adjust Tilt,914,Rainy,2023-03-13 17:00:00,5,10,289.79,3.9,0.243,290.033
Shadowing,String-4_Panel-20,Critical,2,Reinstall Module,Reinstall Module,599,Cloudy,2023-03-13 17:00:00,4,20,233.5,2.4,0.11,233.61
Hotspot,String-6_Panel-11,Critical,5,Replace Module,Replace Module,828,Cloudy,2023-03-13 21:00:00,6,11,476.97,6.71,0.306,477.276
Open Circuit,String-10_Panel-9,Low,8,Tighten Connection,Tighten Connection,331,Sunny,2023-03-13 22:00:00,10,9,37.96,0.5,0.028,37.988
Short Circuit,String-1_Panel-14,Critical,14,Reinstall Module,Tighten Connection,342,Rainy,2023-03-14 00:00:00,1,14,225.83,3.2,0.18,226.01000000000002
Shadowing,String-6_Panel-6,Critical,11,Replace Module,Replace Module,727,Rainy,2023-03-14 01:00:00,6,6,409.06,5.95,0.374,409.434
Hotspot,String-7_Panel-18,Critical,11,Replace Module,Tighten Connection,484,Cloudy,2023-03-14 02:00:00,7,18,575.17,4.67,0.217,575.387
Hotspot,String-8_Panel-6,Critical,13,Replace Module,Replace Panel Section,890,Cloudy,2023-03-14 02:00:00,8,6,470.02,7.23,0.374,470.394
Open Circuit,String-4_Panel-2,Medium,7,Replace Connector,Replace Connector,200,Sunny,2023-03-14 02:00:00,4,2,84.47,1.0,0.053,84.523
Open Circuit,String-2_Panel-16,Low,11,Tighten Connection,Tighten Connection,410,Sunny,2023-03-14 02:00:00,2,16,36.53,0.5,0.026,36.556000000000004
Open Circuit,String-6_Panel-17,Critical,6,Replace Module,Replace Wiring,660,Cloudy,2023-03-14 03:00:00,6,17,439.24,5.73,0.339,439.579
Open Circuit,String-4_Panel-2,High,4,Replace Wiring,Adjust Tilt,737,Cloudy,2023-03-14 04:00:00,4,2,132.58,2.06,0.13,132.71
Hotspot,String-4_Panel-1,Critical,9,Replace Module,Inspect Junction Box,980,Cloudy,2023-03-14 05:00:00,4,1,591.32,5.83,0.334,591.654
Shadowing,String-10_Panel-2,Critical,5,Reinstall Module,Reinstall Module,964,Sunny,2023-03-14 08:00:00,10,2,213.68,2.52,0.136,213.816
Short Circuit,String-5_Panel-11,Critical,1,Replace Module,Replace Module,536,Rainy,2023-03-14 08:00:00,5,11,542.15,5.84,0.374,542.524
Shadowing,String-4_Panel-20,Critical,12,Replace Wiring,Replace Connector,291,Sunny,2023-03-14 09:00:00,4,20,148.33,2.2,0.107,148.437
Shadowing,String-6_Panel-18,Critical,10,Replace Module,Reinstall Module,271,Sunny,2023-03-14 11:00:00,6,18,488.85,6.1,0.325,489.175
Shadowing,String-2_Panel-11,Medium,4,Remove Obstruction,Remove Obstruction,762,Rainy,2023-03-14 15:00:00,2,11,46.67,0.51,0.028,46.698
Short Circuit,String-2_Panel-14,Medium,14,Replace Fuse,Replace Fuse,905,Cloudy,2023-03-14 15:00:00,2,14,59.7,0.4,0.02,59.720000000000006
Open Circuit,String-5_Panel-9,High,1,Replace Wiring,Replace Wiring,679,Cloudy,2023-03-14 17:00:00,5,9,140.71,2.25,0.124,140.834
Hotspot,String-2_Panel-20,High,14,Replace Module,Replace Connector,954,Sunny,2023-03-14 17:00:00,2,20,493.98,6.87,0.405,494.385
Open Circuit,String-6_Panel-15,Medium,4,Replace Connector,Replace Connector,644,Cloudy,2023-03-14 17:00:00,6,15,91.5,1.09,0.054,91.554
Short Circuit,String-1_Panel-2,Low,4,Inspect Junction Box,Replace Panel Section,705,Rainy,2023-03-14 18:00:00,1,2,69.95,0.92,0.049,69.99900000000001
Short Circuit,String-1_Panel-6,Medium,1,Inspect Junction Box,Replace Panel Section,343,Rainy,2023-03-14 19:00:00,1,6,66.12,1.18,0.068,66.188
Short Circuit,String-2_Panel-8,Medium,5,Replace Fuse,Adjust Tilt,945,Rainy,2023-03-14 19:00:00,2,8,60.1,0.55,0.034,60.134
Hotspot,String-8_Panel-14,Critical,8,Replace Module,Replace Module,420,Cloudy,2023-03-14 19:00:00,8,14,507.61,5.98,0.391,508.00100000000003
Hotspot,String-7_Panel-15,Critical,5,Replace Module,Replace Module,291,Rainy,2023-03-14 20:00:00,7,15,492.43,5.91,0.337,492.767
Shadowing,String-5_Panel-16,Critical,9,Reinstall Module,Replace Fuse,899,Rainy,2023-03-14 20:00:00,5,16,213.83,2.96,0.167,213.997
Hotspot,String-7_Panel-1,High,6,Replace Panel Section,Adjust Tilt,755,Rainy,2023-03-14 22:00:00,7,1,315.99,3.89,0.178,316.168
Hotspot,String-5_Panel-12,Low,1,Remove Obstruction,Inspect Cells,433,Rainy,2023-03-14 23:00:00,5,12,44.73,0.44,0.02,44.75
Open Circuit,String-8_Panel-16,Medium,9,Replace Connector,Inspect Junction Box,538,Sunny,2023-03-14 23:00:00,8,16,98.18,1.0,0.054,98.23400000000001
Short Circuit,String-5_Panel-19,High,9,Replace Module,Replace Wiring,413,Rainy,2023-03-14 23:00:00,5,19,571.02,7.12,0.463,571.483
Short Circuit,String-7_Panel-11,High,12,Replace Wiring,Replace Fuse,833,Rainy,2023-03-15 00:00:00,7,11,139.76,1.88,0.089,139.849
Shadowing,String-10_Panel-18,High,10,Adjust Tilt,Replace Fuse,469,Rainy,2023-03-15 00:00:00,10,18,122.31,1.94,0.101,122.411
Hotspot,String-2_Panel-10,Critical,13,Replace Module,Adjust Tilt,287,Sunny,2023-03-15 02:00:00,2,10,561.9,5.59,0.256,562.156
Short Circuit,String-8_Panel-16,Medium,7,Replace Fuse,Remove Obstruction,785,Rainy,2023-03-15 02:00:00,8,16,64.45,0.43,0.027,64.477
Hotspot,String-2_Panel-17,Medium,14,Inspect Cells,Replace Connector,692,Sunny,2023-03-15 02:00:00,2,17,77.42,0.88,0.048,77.468
Short Circuit,String-4_Panel-11,High,3,Replace Wiring,Replace Wiring,759,Cloudy,2023-03-15 04:00:00,4,11,155.73,1.92,0.084,155.814
Shadowing,String-2_Panel-13,Medium,2,Clean Panel,Remove Obstruction,448,Cloudy,2023-03-15 05:00:00,2,13,30.12,0.26,0.013,30.133000000000003
Hotspot,String-2_Panel-1,High,11,Replace Panel Section,Replace Wiring,720,Rainy,2023-03-15 06:00:00,2,1,348.96,3.96,0.205,349.16499999999996
Shadowing,String-7_Panel-19,Critical,7,Remove Obstruction,Reinstall Module,837,Rainy,2023-03-15 07:00:00,7,19,51.49,0.38,0.024,51.514
Short Circuit,String-7_Panel-1,Critical,4,Replace Module,Replace Connector,431,Rainy,2023-03-15 07:00:00,7,1,649.04,5.91,0.32,649.36
Short Circuit,String-7_Panel-16,High,1,Replace Wiring,Clean Panel,997,Sunny,2023-03-15 09:00:00,7,16,158.92,2.39,0.134,159.05399999999997
Open Circuit,String-10_Panel-12,Low,2,Replace Wiring,Replace Connector,352,Sunny,2023-03-15 09:00:00,10,12,124.13,2.14,0.133,124.26299999999999
Short Circuit,String-2_Panel-19,High,14,Replace Wiring,Replace Wiring,455,Rainy,2023-03-15 10:00:00,2,19,157.47,1.72,0.079,157.549
Hotspot,String-8_Panel-7,Medium,8,Replace Panel Section,Replace Panel Section,783,Cloudy,2023-03-15 11:00:00,8,7,287.21,4.59,0.268,287.47799999999995
Hotspot,String-4_Panel-1,Low,3,Clean Panel,Tighten Connection,317,Cloudy,2023-03-15 13:00:00,4,1,30.18,0.27,0.013,30.193
Hotspot,String-9_Panel-19,Critical,13,Replace Module,Replace Module,320,Sunny,2023-03-15 14:00:00,9,19,581.82,6.07,0.352,582.172
Open Circuit,String-3_Panel-6,Medium,9,Replace Connector,Replace Fuse,645,Cloudy,2023-03-15 14:00:00,3,6,81.75,0.78,0.046,81.796
Hotspot,String-10_Panel-16,Low,1,Inspect Cells,Clean Panel,969,Cloudy,2023-03-15 15:00:00,10,16,85.76,1.12,0.053,85.813
Shadowing,String-2_Panel-7,Critical,12,Replace Module,Inspect Cells,425,Rainy,2023-03-15 15:00:00,2,7,585.33,5.48,0.265,585.595
Short Circuit,String-10_Panel-18,High,4,Replace Wiring,Replace Wiring,333,Sunny,2023-03-15 17:00:00,10,18,137.05,2.24,0.107,137.157
Open Circuit,String-7_Panel-1,Critical,4,Replace Module,Replace Fuse,907,Rainy,2023-03-15 17:00:00,7,1,452.69,7.51,0.472,453.162
Short Circuit,String-7_Panel-10,Low,14,Inspect Junction Box,Inspect Junction Box,418,Sunny,2023-03-15 19:00:00,7,10,68.06,1.15,0.076,68.136
Shadowing,String-10_Panel-10,Critical,5,Reinstall Module,Inspect Junction Box,729,Cloudy,2023-03-15 20:00:00,10,10,209.07,3.44,0.148,209.218
Hotspot,String-1_Panel-8,Critical,12,Replace Module,Replace Module,206,Sunny,2023-03-15 21:00:00,1,8,532.33,6.4,0.307,532.6370000000001
Shadowing,String-4_Panel-4,Low,13,Remove Obstruction,Clean Panel,867,Cloudy,2023-03-15 22:00:00,4,4,57.79,0.5,0.026,57.816
Hotspot,String-6_Panel-5,Critical,4,Replace Module,Replace Panel Section,330,Rainy,2023-03-15 22:00:00,6,5,481.73,6.7,0.438,482.168
Shadowing,String-5_Panel-3,Low,4,Remove Obstruction,Replace Fuse,690,Rainy,2023-03-15 22:00:00,5,3,48.99,0.51,0.029,49.019000000000005
Hotspot,String-2_Panel-5,Medium,10,Replace Panel Section,Replace Connector,343,Cloudy,2023-03-16 00:00:00,2,5,327.16,5.23,0.252,327.41200000000003
Shadowing,String-4_Panel-8,Medium,11,Remove Obstruction,Remove Obstruction,892,Rainy,2023-03-16 01:00:00,4,8,48.26,0.56,0.026,48.286
Hotspot,String-4_Panel-8,Low,7,Clean Panel,Tighten Connection,529,Sunny,2023-03-16 02:00:00,4,8,33.45,0.31,0.016,33.466
Shadowing,String-4_Panel-19,Critical,5,Reinstall Module,Adjust Tilt,773,Sunny,2023-03-16 02:00:00,4,19,171.46,2.42,0.136,171.596
Open Circuit,String-1_Panel-16,Medium,13,Replace Connector,Inspect Junction Box,623,Sunny,2023-03-16 03:00:00,1,16,92.73,0.84,0.047,92.777
Shadowing,String-7_Panel-20,Low,3,Remove Obstruction,Clean Panel,649,Cloudy,2023-03-16 03:00:00,7,20,50.12,0.49,0.021,50.141
Shadowing,String-6_Panel-18,High,12,Adjust Tilt,Adjust Tilt,625,Rainy,2023-03-16 04:00:00,6,18,125.97,1.81,0.101,126.071
Open Circuit,String-5_Panel-15,High,8,Replace Wiring,Replace Wiring,910,Cloudy,2023-03-16 05:00:00,5,15,164.26,2.09,0.095,164.355
Open Circuit,String-1_Panel-3,Critical,7,Replace Module,Replace Connector,660,Cloudy,2023-03-16 06:00:00,1,3,546.68,6.01,0.274,546.954
Shadowing,String-2_Panel-17,Low,3,Clean Panel,Tighten Connection,742,Sunny,2023-03-16 07:00:00,2,17,28.04,0.37,0.022,28.061999999999998
Open Circuit,String-5_Panel-5,Medium,2,Replace Connector,Replace Connector,224,Cloudy,2023-03-16 08:00:00,5,5,101.2,0.98,0.064,101.264
Short Circuit,String-6_Panel-15,Critical,9,Replace Module,Replace Connector,632,Rainy,2023-03-16 08:00:00,6,15,550.54,6.83,0.323,550.8629999999999
Hotspot,String-4_Panel-14,Critical,10,Replace Module,Replace Module,917,Rainy,2023-03-16 09:00:00,4,14,564.75,7.33,0.312,565.062
Open Circuit,String-10_Panel-14,Critical,10,Replace Module,Replace Module,348,Rainy,2023-03-16 09:00:00,10,14,521.44,5.62,0.273,521.7130000000001
Short Circuit,String-6_Panel-14,High,8,Replace Wiring,Replace Wiring,708,Sunny,2023-03-16 12:00:00,6,14,170.54,1.76,0.076,170.61599999999999
Shadowing,String-7_Panel-3,Medium,6,Remove Obstruction,Remove Obstruction,221,Rainy,2023-03-16 13:00:00,7,3,56.44,0.54,0.024,56.464
Short Circuit,String-4_Panel-13,Medium,1,Inspect Junction Box,Replace Fuse,758,Sunny,2023-03-16 14:00:00,4,13,67.48,1.02,0.061,67.54100000000001
Short Circuit,String-1_Panel-8,High,11,Inspect Junction Box,Tighten Connection,260,Rainy,2023-03-16 15:00:00,1,8,70.8,0.79,0.05,70.85
Shadowing,String-6_Panel-16,Medium,10,Clean Panel,Remove Obstruction,468,Sunny,2023-03-16 15:00:00,6,16,30.78,0.3,0.019,30.799
Shadowing,String-8_Panel-13,Medium,3,Remove Obstruction,Inspect Junction Box,621,Sunny,2023-03-16 17:00:00,8,13,46.42,0.54,0.032,46.452
Hotspot,String-6_Panel-11,High,4,Replace Panel Section,Replace Panel Section,390,Rainy,2023-03-16 18:00:00,6,11,333.1,5.0,0.239,333.339
Hotspot,String-9_Panel-13,High,2,Replace Module,Clean Panel,736,Rainy,2023-03-16 18:00:00,9,13,457.39,5.61,0.257,457.647
Open Circuit,String-9_Panel-9,Low,4,Tighten Connection,Tighten Connection,904,Rainy,2023-03-16 19:00:00,9,9,39.78,0.42,0.019,39.799
Shadowing,String-4_Panel-5,Critical,5,Reinstall Module,Reinstall Module,331,Rainy,2023-03-16 20:00:00,4,5,199.84,3.69,0.195,200.035
Open Circuit,String-4_Panel-1,Medium,1,Tighten Connection,Clean Panel,579,Sunny,2023-03-16 21:00:00,4,1,43.74,0.42,0.027,43.767
Open Circuit,String-2_Panel-13,Low,2,Tighten Connection,Tighten Connection,327,Rainy,2023-03-16 22:00:00,2,13,42.31,0.57,0.032,42.342
Hotspot,String-3_Panel-5,Medium,3,Inspect Cells,Inspect Cells,757,Sunny,2023-03-17 03:00:00,3,5,85.16,0.83,0.053,85.213
Open Circuit,String-10_Panel-13,Low,7,Tighten Connection,Replace Panel Section,382,Sunny,2023-03-17 03:00:00,10,13,42.68,0.47,0.027,42.707
Hotspot,String-3_Panel-3,Medium,11,Inspect Cells,Replace Panel Section,281,Rainy,2023-03-17 04:00:00,3,3,77.32,0.92,0.053,77.37299999999999
Open Circuit,String-7_Panel-7,Medium,2,Replace Connector,Replace Connector,379,Cloudy,2023-03-17 04:00:00,7,7,96.5,1.01,0.066,96.566
Shadowing,String-1_Panel-20,Low,5,Remove Obstruction,Replace Connector,276,Rainy,2023-03-17 04:00:00,1,20,48.74,0.4,0.023,48.763000000000005
Hotspot,String-10_Panel-18,High,6,Replace Module,Tighten Connection,548,Cloudy,2023-03-17 05:00:00,10,18,576.59,5.9,0.315,576.9050000000001
Shadowing,String-1_Panel-12,Critical,9,Replace Module,Reinstall Module,654,Rainy,2023-03-17 06:00:00,1,12,516.03,5.97,0.39,516.42
Open Circuit,String-10_Panel-20,Low,6,Tighten Connection,Clean Panel,380,Sunny,2023-03-17 06:00:00,10,20,31.45,0.51,0.025,31.474999999999998
Hotspot,String-3_Panel-16,Critical,1,Replace Module,Replace Fuse,466,Cloudy,2023-03-17 06:00:00,3,16,581.82,6.69,0.41,582.23
Shadowing,String-7_Panel-13,Critical,12,Reinstall Module,Reinstall Module,292,Sunny,2023-03-17 07:00:00,7,13,219.87,2.91,0.129,219.999
Shadowing,String-9_Panel-7,High,11,Remove Obstruction,Adjust Tilt,357,Rainy,2023-03-17 07:00:00,9,7,50.79,0.49,0.022,50.812
Hotspot,String-3_Panel-15,Critical,12,Replace Module,Replace Module,589,Sunny,2023-03-17 07:00:00,3,15,534.17,6.15,0.366,534.536
Hotspot,String-3_Panel-17,High,6,Replace Module,Inspect Junction Box,885,Sunny,2023-03-17 10:00:00,3,17,565.46,6.56,0.311,565.7710000000001
Hotspot,String-5_Panel-4,Low,12,Inspect Cells,Adjust Tilt,646,Sunny,2023-03-17 10:00:00,5,4,89.14,1.02,0.06,89.2
Shadowing,String-6_Panel-20,Low,10,Remove Obstruction,Inspect Junction Box,270,Rainy,2023-03-17 13:00:00,6,20,49.64,0.5,0.022,49.662
Open Circuit,String-3_Panel-8,Medium,4,Replace Wiring,Replace Connector,909,Rainy,2023-03-17 13:00:00,3,8,169.46,2.0,0.104,169.56400000000002
Hotspot,String-9_Panel-4,Critical,11,Replace Module,Replace Module,437,Sunny,2023-03-17 13:00:00,9,4,580.87,6.58,0.318,581.188
Open Circuit,String-9_Panel-20,High,11,Replace Wiring,Inspect Cells,666,Sunny,2023-03-17 15:00:00,9,20,146.14,2.08,0.087,146.22699999999998
Shadowing,String-1_Panel-6,Critical,6,Adjust Tilt,Replace Fuse,475,Cloudy,2023-03-17 15:00:00,1,6,113.62,2.03,0.13,113.75
Short Circuit,String-4_Panel-7,High,4,Replace Wiring,Tighten Connection,622,Cloudy,2023-03-17 15:00:00,4,7,145.5,2.22,0.104,145.604
Shadowing,String-7_Panel-9,Low,10,Remove Obstruction,Clean Panel,818,Cloudy,2023-03-17 16:00:00,7,9,53.88,0.48,0.021,53.901
Shadowing,String-2_Panel-4,High,13,Adjust Tilt,Inspect Cells,638,Rainy,2023-03-17 16:00:00,2,4,120.75,1.7,0.104,120.854
Open Circuit,String-3_Panel-1,High,10,Replace Wiring,Replace Panel Section,425,Cloudy,2023-03-17 17:00:00,3,1,151.75,2.62,0.154,151.904
Short Circuit,String-6_Panel-16,Medium,13,Replace Fuse,Tighten Connection,487,Sunny,2023-03-17 19:00:00,6,16,63.41,0.51,0.022,63.431999999999995
Shadowing,String-9_Panel-3,Critical,4,Reinstall Module,Reinstall Module,246,Rainy,2023-03-17 19:00:00,9,3,183.94,2.37,0.119,184.059
Hotspot,String-5_Panel-13,Critical,3,Replace Module,Clean Panel,991,Sunny,2023-03-17 19:00:00,5,13,518.01,4.48,0.196,518.206
Hotspot,String-1_Panel-4,Medium,5,Inspect Cells,Inspect Cells,721,Rainy,2023-03-17 21:00:00,1,4,83.32,0.97,0.048,83.368
Shadowing,String-3_Panel-9,High,6,Remove Obstruction,Replace Connector,236,Cloudy,2023-03-17 21:00:00,3,9,48.63,0.6,0.035,48.665
Shadowing,String-3_Panel-5,Critical,3,Reinstall Module,Reinstall Module,821,Cloudy,2023-03-17 22:00:00,3,5,191.04,2.98,0.152,191.19199999999998
Short Circuit,String-8_Panel-18,High,12,Replace Module,Replace Wiring,403,Sunny,2023-03-17 22:00:00,8,18,488.05,5.45,0.332,488.382
Hotspot,String-4_Panel-9,Low,14,Inspect Cells,Clean Panel,953,Rainy,2023-03-17 23:00:00,4,9,82.15,0.87,0.055,82.20500000000001
Open Circuit,String-10_Panel-20,Low,6,Tighten Connection,Tighten Connection,642,Cloudy,2023-03-17 23:00:00,10,20,40.38,0.38,0.018,40.398
Shadowing,String-1_Panel-12,Medium,7,Remove Obstruction,Remove Obstruction,526,Sunny,2023-03-18 00:00:00,1,12,53.47,0.53,0.028,53.498
Open Circuit,String-8_Panel-5,Critical,12,Replace Module,Remove Obstruction,767,Sunny,2023-03-18 02:00:00,8,5,572.05,7.04,0.358,572.4079999999999
Hotspot,String-1_Panel-6,Low,2,Clean Panel,Inspect Cells,282,Rainy,2023-03-18 04:00:00,1,6,31.82,0.31,0.016,31.836
Shadowing,String-3_Panel-20,High,14,Remove Obstruction,Adjust Tilt,358,Cloudy,2023-03-18 06:00:00,3,20,47.76,0.51,0.027,47.787
Hotspot,String-9_Panel-16,Critical,14,Replace Module,Replace Fuse,420,Cloudy,2023-03-18 08:00:00,9,16,536.56,5.53,0.293,536.853
Short Circuit,String-7_Panel-10,Medium,7,Replace Fuse,Replace Module,464,Cloudy,2023-03-18 08:00:00,7,10,61.98,0.49,0.028,62.007999999999996
Shadowing,String-10_Panel-1,Medium,2,Remove Obstruction,Remove Obstruction,563,Rainy,2023-03-18 09:00:00,10,1,44.18,0.43,0.022,44.202
Short Circuit,String-9_Panel-17,Medium,6,Replace Fuse,Replace Fuse,255,Sunny,2023-03-18 09:00:00,9,17,61.99,0.51,0.028,62.018
Shadowing,String-3_Panel-6,Medium,10,Remove Obstruction,Remove Obstruction,417,Sunny,2023-03-18 10:00:00,3,6,53.01,0.56,0.024,53.034
Shadowing,String-2_Panel-1,Low,6,Remove Obstruction,Replace Fuse,857,Cloudy,2023-03-18 11:00:00,2,1,50.84,0.57,0.03,50.870000000000005
Short Circuit,String-6_Panel-1,Low,8,Replace Fuse,Adjust Tilt,690,Rainy,2023-03-18 11:00:00,6,1,61.81,0.58,0.026,61.836000000000006
Shadowing,String-6_Panel-15,Low,5,Clean Panel,Clean Panel,840,Sunny,2023-03-18 12:00:00,6,15,29.3,0.29,0.014,29.314
Hotspot,String-4_Panel-14,High,1,Replace Panel Section,Replace Module,881,Rainy,2023-03-18 12:00:00,4,14,360.23,3.3,0.148,360.37800000000004
Hotspot,String-1_Panel-6,Medium,11,Replace Panel Section,Inspect Cells,986,Rainy,2023-03-18 12:00:00,1,6,290.01,3.45,0.159,290.169
Shadowing,String-2_Panel-12,High,11,Adjust Tilt,Adjust Tilt,887,Sunny,2023-03-18 15:00:00,2,12,116.95,1.63,0.074,117.024
Hotspot,String-2_Panel-8,Critical,6,Replace Module,Replace Panel Section,406,Rainy,2023-03-18 16:00:00,2,8,548.26,6.76,0.334,548.5939999999999
Shadowing,String-8_Panel-10,Critical,9,Reinstall Module,Reinstall Module,494,Rainy,2023-03-18 16:00:00,8,10,199.37,2.99,0.186,199.556
Short Circuit,String-2_Panel-11,Critical,12,Replace Module,Replace Module,278,Cloudy,2023-03-18 17:00:00,2,11,402.1,5.31,0.303,402.403
Open Circuit,String-7_Panel-19,Critical,8,Replace Module,Replace Connector,570,Rainy,2023-03-18 17:00:00,7,19,474.84,5.81,0.297,475.137
Shadowing,String-9_Panel-10,Medium,4,Remove Obstruction,Tighten Connection,405,Sunny,2023-03-18 18:00:00,9,10,47.37,0.5,0.026,47.396
Open Circuit,String-5_Panel-8,Critical,1,Replace Module,Replace Module,427,Cloudy,2023-03-18 18:00:00,5,8,510.17,5.67,0.276,510.446
Open Circuit,String-9_Panel-13,High,2,Replace Wiring,Remove Obstruction,249,Rainy,2023-03-18 20:00:00,9,13,149.91,1.58,0.097,150.007
Hotspot,String-1_Panel-19,High,1,Replace Module,Replace Panel Section,864,Rainy,2023-03-18 20:00:00,1,19,501.24,6.91,0.422,501.66200000000003
Shadowing,String-4_Panel-8,Low,10,Clean Panel,Remove Obstruction,824,Sunny,2023-03-18 20:00:00,4,8,32.81,0.26,0.011,32.821000000000005
Short Circuit,String-8_Panel-10,Medium,2,Inspect Junction Box,Replace Fuse,544,Cloudy,2023-03-18 23:00:00,8,10,63.04,0.92,0.046,63.086
Open Circuit,String-9_Panel-9,High,10,Replace Module,Replace Wiring,554,Cloudy,2023-03-18 23:00:00,9,9,581.88,5.17,0.225,582.105
Open Circuit,String-9_Panel-16,Medium,6,Replace Connector,Adjust Tilt,563,Rainy,2023-03-19 00:00:00,9,16,89.45,1.07,0.047,89.497
Shadowing,String-4_Panel-11,Medium,2,Remove Obstruction,Remove Obstruction,368,Sunny,2023-03-19 01:00:00,4,11,43.59,0.53,0.028,43.618
Short Circuit,String-7_Panel-11,Critical,9,Replace Module,Replace Wiring,328,Sunny,2023-03-19 01:00:00,7,11,501.41,6.12,0.297,501.70700000000005
Short Circuit,String-6_Panel-2,Medium,13,Replace Fuse,Inspect Cells,740,Sunny,2023-03-19 01:00:00,6,2,59.32,0.48,0.025,59.345
Open Circuit,String-1_Panel-10,High,3,Inspect Junction Box,Replace Module,583,Rainy,2023-03-19 03:00:00,1,10,71.6,0.92,0.058,71.658
Short Circuit,String-8_Panel-5,High,11,Replace Wiring,Replace Fuse,256,Rainy,2023-03-19 04:00:00,8,5,154.6,2.41,0.104,154.704
Hotspot,String-2_Panel-20,High,4,Replace Panel Section,Replace Panel Section,266,Cloudy,2023-03-19 05:00:00,2,20,351.09,3.71,0.216,351.306
Open Circuit,String-4_Panel-10,Low,4,Tighten Connection,Replace Connector,712,Sunny,2023-03-19 05:00:00,4,10,39.25,0.49,0.03,39.28
Shadowing,String-3_Panel-7,Critical,4,Reinstall Module,Reinstall Module,884,Cloudy,2023-03-19 05:00:00,3,7,220.25,3.32,0.171,220.421
Hotspot,String-1_Panel-8,Medium,13,Inspect Cells,Inspect Cells,436,Sunny,2023-03-19 05:00:00,1,8,89.36,1.03,0.055,89.415
Hotspot,String-4_Panel-18,Medium,8,Inspect Cells,Reinstall Module,867,Cloudy,2023-03-19 06:00:00,4,18,75.86,0.98,0.05,75.91
Open Circuit,String-6_Panel-14,Low,2,Tighten Connection,Inspect Cells,662,Sunny,2023-03-19 06:00:00,6,14,42.0,0.46,0.023,42.023
Short Circuit,String-10_Panel-2,Low,3,Inspect Junction Box,Inspect Junction Box,562,Sunny,2023-03-19 06:00:00,10,2,63.94,0.99,0.051,63.991
Open Circuit,String-4_Panel-1,Critical,3,Replace Module,Replace Module,567,Sunny,2023-03-19 08:00:00,4,1,590.04,6.42,0.371,590.411
Open Circuit,String-5_Panel-6,High,3,Replace Wiring,Replace Wiring,990,Rainy,2023-03-19 09:00:00,5,6,149.61,2.27,0.134,149.744
Shadowing,String-5_Panel-20,High,8,Adjust Tilt,Adjust Tilt,760,Sunny,2023-03-19 09:00:00,5,20,118.65,1.74,0.089,118.739
Open Circuit,String-2_Panel-20,Low,1,Replace Connector,Tighten Connection,411,Cloudy,2023-03-19 09:00:00,2,20,107.35,1.05,0.059,107.40899999999999
Open Circuit,String-10_Panel-2,Critical,4,Replace Module,Replace Connector,946,Sunny,2023-03-19 09:00:00,10,2,515.24,6.37,0.385,515.625
Short Circuit,String-3_Panel-15,Medium,4,Replace Fuse,Replace Fuse,534,Sunny,2023-03-19 10:00:00,3,15,57.43,0.46,0.021,57.451
Shadowing,String-2_Panel-5,Low,12,Remove Obstruction,Replace Connector,844,Rainy,2023-03-19 10:00:00,2,5,48.57,0.47,0.025,48.595
Open Circuit,String-7_Panel-2,Low,2,Tighten Connection,Adjust Tilt,331,Cloudy,2023-03-19 12:00:00,7,2,40.25,0.49,0.03,40.28
Shadowing,String-2_Panel-17,High,7,Remove Obstruction,Tighten Connection,293,Sunny,2023-03-19 13:00:00,2,17,50.8,0.54,0.028,50.827999999999996
Short Circuit,String-7_Panel-15,Medium,10,Replace Fuse,Adjust Tilt,827,Rainy,2023-03-19 16:00:00,7,15,62.65,0.49,0.024,62.674
Open Circuit,String-3_Panel-13,Critical,6,Replace Wiring,Replace Module,718,Rainy,2023-03-19 16:00:00,3,13,137.47,1.86,0.1,137.57
Short Circuit,String-4_Panel-17,High,12,Replace Module,Adjust Tilt,875,Cloudy,2023-03-19 16:00:00,4,17,487.29,6.07,0.283,487.57300000000004
Hotspot,String-2_Panel-2,High,7,Replace Panel Section,Replace Panel Section,854,Rainy,2023-03-19 18:00:00,2,2,277.48,4.39,0.254,277.73400000000004
Hotspot,String-10_Panel-9,High,14,Replace Panel Section,Inspect Junction Box,663,Sunny,2023-03-19 18:00:00,10,9,298.57,3.47,0.149,298.719
Short Circuit,String-8_Panel-11,High,6,Replace Wiring,Replace Wiring,566,Sunny,2023-03-19 19:00:00,8,11,166.5,1.9,0.081,166.581
Shadowing,String-5_Panel-18,Medium,1,Remove Obstruction,Adjust Tilt,309,Rainy,2023-03-19 20:00:00,5,18,54.29,0.39,0.023,54.313
Open Circuit,String-6_Panel-16,Low,2,Tighten Connection,Replace Wiring,867,Cloudy,2023-03-19 20:00:00,6,16,47.82,0.34,0.016,47.836
Short Circuit,String-10_Panel-11,High,1,Replace Wiring,Replace Wiring,904,Sunny,2023-03-19 21:00:00,10,11,141.37,1.94,0.089,141.459
Hotspot,String-2_Panel-17,Medium,13,Inspect Cells,Inspect Cells,633,Cloudy,2023-03-20 00:00:00,2,17,90.52,0.99,0.065,90.585
Shadowing,String-3_Panel-2,Critical,2,Adjust Tilt,Reinstall Module,432,Sunny,2023-03-20 01:00:00,3,2,118.35,2.12,0.14,118.49
Hotspot,String-5_Panel-2,Medium,3,Inspect Cells,Replace Fuse,382,Cloudy,2023-03-20 07:00:00,5,2,73.81,1.24,0.07,73.88
Hotspot,String-3_Panel-4,High,9,Replace Panel Section,Replace Panel Section,249,Rainy,2023-03-20 10:00:00,3,4,316.48,3.81,0.178,316.658
Hotspot,String-10_Panel-20,Critical,5,Replace Module,Inspect Cells,625,Sunny,2023-03-20 11:00:00,10,20,593.75,6.42,0.327,594.077
Shadowing,String-7_Panel-8,Low,9,Remove Obstruction,Inspect Cells,628,Cloudy,2023-03-20 11:00:00,7,8,44.46,0.48,0.022,44.482
Hotspot,String-8_Panel-11,Critical,9,Replace Module,Replace Module,612,Cloudy,2023-03-20 12:00:00,8,11,448.37,6.59,0.329,448.699
Shadowing,String-8_Panel-6,Low,5,Clean Panel,Clean Panel,212,Rainy,2023-03-20 12:00:00,8,6,33.58,0.37,0.017,33.597
Short Circuit,String-5_Panel-12,Medium,13,Replace Fuse,Replace Fuse,470,Rainy,2023-03-20 12:00:00,5,12,62.11,0.43,0.021,62.131
Hotspot,String-3_Panel-4,Critical,6,Replace Module,Replace Module,531,Sunny,2023-03-20 16:00:00,3,4,499.28,5.22,0.284,499.56399999999996
Short Circuit,String-4_Panel-4,Medium,2,Replace Fuse,Replace Fuse,576,Cloudy,2023-03-20 17:00:00,4,4,57.76,0.48,0.027,57.787
Open Circuit,String-3_Panel-17,High,4,Inspect Junction Box,Replace Wiring,900,Rainy,2023-03-20 17:00:00,3,17,65.6,1.21,0.063,65.663
Hotspot,String-1_Panel-17,High,14,Replace Module,Replace Panel Section,722,Cloudy,2023-03-20 18:00:00,1,17,587.2,5.27,0.284,587.484
Open Circuit,String-10_Panel-19,Critical,10,Replace Module,Remove Obstruction,757,Cloudy,2023-03-20 19:00:00,10,19,499.61,5.75,0.335,499.945
Shadowing,String-2_Panel-13,Critical,1,Reinstall Module,Reinstall Module,412,Rainy,2023-03-20 19:00:00,2,13,224.0,3.43,0.198,224.198
Short Circuit,String-2_Panel-1,High,4,Replace Wiring,Inspect Junction Box,983,Rainy,2023-03-20 21:00:00,2,1,152.21,1.81,0.117,152.327
Shadowing,String-10_Panel-12,High,14,Adjust Tilt,Reinstall Module,921,Rainy,2023-03-20 22:00:00,10,12,109.0,1.89,0.092,109.092
Short Circuit,String-8_Panel-16,Low,6,Inspect Junction Box,Replace Connector,627,Sunny,2023-03-20 23:00:00,8,16,59.29,0.99,0.057,59.347
Open Circuit,String-9_Panel-10,Low,8,Replace Connector,Replace Fuse,719,Cloudy,2023-03-20 23:00:00,9,10,98.08,0.93,0.044,98.124
Shadowing,String-9_Panel-18,Low,12,Clean Panel,Clean Panel,682,Sunny,2023-03-20 23:00:00,9,18,31.1,0.22,0.014,31.114
Hotspot,String-1_Panel-11,High,12,Replace Module,Inspect Cells,911,Rainy,2023-03-20 23:00:00,1,11,511.11,7.32,0.474,511.584
Open Circuit,String-9_Panel-16,Low,11,Replace Wiring,Replace Module,398,Rainy,2023-03-21 00:00:00,9,16,161.02,1.98,0.116,161.13600000000002
Open Circuit,String-10_Panel-3,Medium,12,Replace Connector,Replace Fuse,283,Rainy,2023-03-21 00:00:00,10,3,80.14,1.07,0.066,80.206
Open Circuit,String-1_Panel-1,Critical,2,Replace Module,Replace Module,215,Cloudy,2023-03-21 01:00:00,1,1,594.26,6.73,0.442,594.702
Short Circuit,String-7_Panel-15,Medium,13,Inspect Junction Box,Inspect Cells,520,Cloudy,2023-03-21 03:00:00,7,15,64.38,0.84,0.047,64.42699999999999
Short Circuit,String-3_Panel-10,High,12,Replace Panel Section,Reinstall Module,212,Cloudy,2023-03-21 03:00:00,3,10,300.08,4.71,0.283,300.363
Shadowing,String-2_Panel-19,Low,5,Remove Obstruction,Adjust Tilt,619,Rainy,2023-03-21 05:00:00,2,19,49.5,0.53,0.031,49.531
Hotspot,String-4_Panel-15,Low,6,Replace Panel Section,Adjust Tilt,886,Sunny,2023-03-21 05:00:00,4,15,312.14,4.32,0.259,312.399
Open Circuit,String-1_Panel-8,Medium,1,Replace Wiring,Replace Connector,939,Cloudy,2023-03-21 09:00:00,1,8,145.57,2.17,0.117,145.68699999999998
Short Circuit,String-8_Panel-2,High,5,Replace Wiring,Replace Wiring,608,Cloudy,2023-03-21 10:00:00,8,2,140.42,2.14,0.103,140.523
Hotspot,String-6_Panel-19,Low,6,Inspect Cells,Clean Panel,709,Cloudy,2023-03-21 10:00:00,6,19,88.32,0.95,0.062,88.38199999999999
Short Circuit,String-10_Panel-7,Low,13,Replace Fuse,Inspect Junction Box,982,Rainy,2023-03-21 12:00:00,10,7,68.33,0.59,0.033,68.363
Short Circuit,String-2_Panel-18,Medium,12,Replace Fuse,Replace Module,437,Cloudy,2023-03-21 16:00:00,2,18,58.14,0.48,0.028,58.168
Short Circuit,String-8_Panel-3,High,7,Replace Wiring,Replace Wiring,859,Rainy,2023-03-21 16:00:00,8,3,145.75,1.85,0.081,145.831
Shadowing,String-3_Panel-15,Medium,6,Remove Obstruction,Remove Obstruction,872,Rainy,2023-03-21 17:00:00,3,15,49.81,0.61,0.033,49.843
Short Circuit,String-10_Panel-15,High,8,Replace Wiring,Remove Obstruction,542,Rainy,2023-03-21 19:00:00,10,15,156.22,2.5,0.128,156.34799999999998
Hotspot,String-6_Panel-4,High,5,Replace Panel Section,Replace Panel Section,297,Rainy,2023-03-21 19:00:00,6,4,313.24,3.44,0.203,313.443
Short Circuit,String-3_Panel-20,Medium,1,Replace Fuse,Replace Fuse,377,Sunny,2023-03-21 19:00:00,3,20,56.3,0.49,0.028,56.327999999999996
Hotspot,String-1_Panel-18,Critical,2,Replace Panel Section,Replace Fuse,750,Sunny,2023-03-21 20:00:00,1,18,359.86,4.55,0.26,360.12
Short Circuit,String-1_Panel-17,Critical,6,Replace Module,Tighten Connection,779,Rainy,2023-03-21 21:00:00,1,17,471.99,7.11,0.348,472.338
Hotspot,String-5_Panel-2,Critical,5,Replace Module,Replace Module,868,Rainy,2023-03-21 23:00:00,5,2,474.02,4.73,0.302,474.322
Open Circuit,String-7_Panel-15,Medium,4,Replace Connector,Replace Wiring,308,Rainy,2023-03-21 23:00:00,7,15,79.53,0.93,0.052,79.58200000000001
Shadowing,String-7_Panel-1,High,8,Adjust Tilt,Adjust Tilt,544,Cloudy,2023-03-22 00:00:00,7,1,116.4,2.09,0.116,116.516
Hotspot,String-10_Panel-18,Medium,1,Inspect Cells,Replace Module,794,Sunny,2023-03-22 00:00:00,10,18,85.44,1.23,0.068,85.508
Open Circuit,String-10_Panel-6,Medium,1,Inspect Junction Box,Clean Panel,205,Cloudy,2023-03-22 01:00:00,10,6,72.15,0.81,0.039,72.18900000000001
Shadowing,String-4_Panel-15,Medium,7,Reinstall Module,Replace Panel Section,513,Rainy,2023-03-22 02:00:00,4,15,192.36,3.38,0.144,192.50400000000002
Short Circuit,String-4_Panel-6,Low,6,Inspect Junction Box,Inspect Junction Box,266,Cloudy,2023-03-22 02:00:00,4,6,73.42,1.08,0.066,73.486
Hotspot,String-10_Panel-3,Critical,1,Replace Module,Reinstall Module,422,Rainy,2023-03-22 03:00:00,10,3,565.42,5.45,0.355,565.775
Open Circuit,String-2_Panel-3,Critical,12,Replace Module,Replace Module,697,Sunny,2023-03-22 03:00:00,2,3,503.77,6.25,0.31,504.08
Open Circuit,String-2_Panel-4,Low,14,Tighten Connection,Clean Panel,769,Cloudy,2023-03-22 03:00:00,2,4,40.16,0.44,0.019,40.178999999999995
Open Circuit,String-7_Panel-13,Medium,10,Replace Connector,Replace Connector,694,Rainy,2023-03-22 05:00:00,7,13,90.32,0.94,0.042,90.362
Open Circuit,String-9_Panel-6,Medium,2,Replace Connector,Replace Connector,209,Sunny,2023-03-22 05:00:00,9,6,90.96,0.93,0.05,91.00999999999999
Short Circuit,String-3_Panel-2,Low,12,Replace Connector,Inspect Junction Box,342,Cloudy,2023-03-22 05:00:00,3,2,82.76,1.28,0.076,82.836
Hotspot,String-7_Panel-14,High,1,Replace Panel Section,Replace Panel Section,481,Rainy,2023-03-22 06:00:00,7,14,326.99,4.56,0.273,327.26300000000003
Shadowing,String-6_Panel-12,Medium,1,Remove Obstruction,Remove Obstruction,624,Sunny,2023-03-22 07:00:00,6,12,39.77,0.48,0.027,39.797000000000004
Short Circuit,String-5_Panel-2,High,8,Replace Wiring,Inspect Junction Box,244,Cloudy,2023-03-22 07:00:00,5,2,147.16,2.05,0.108,147.268
Hotspot,String-6_Panel-4,Low,12,Clean Panel,Inspect Cells,452,Cloudy,2023-03-22 08:00:00,6,4,27.27,0.31,0.013,27.283
Open Circuit,String-5_Panel-13,Medium,6,Replace Wiring,Replace Connector,882,Sunny,2023-03-22 08:00:00,5,13,154.17,1.88,0.123,154.29299999999998
Shadowing,String-5_Panel-13,High,7,Adjust Tilt,Inspect Cells,924,Sunny,2023-03-22 09:00:00,5,13,119.01,2.43,0.116,119.126
Short Circuit,String-9_Panel-6,Low,12,Replace Connector,Inspect Junction Box,219,Cloudy,2023-03-22 11:00:00,9,6,95.35,0.99,0.042,95.392
Hotspot,String-10_Panel-4,Medium,10,Replace Panel Section,Inspect Cells,835,Cloudy,2023-03-22 11:00:00,10,4,336.19,3.86,0.253,336.443
Short Circuit,String-9_Panel-16,High,14,Replace Module,Replace Wiring,313,Rainy,2023-03-22 11:00:00,9,16,392.58,6.92,0.371,392.95099999999996
Hotspot,String-4_Panel-3,Medium,2,Inspect Cells,Clean Panel,743,Rainy,2023-03-22 16:00:00,4,3,97.83,1.0,0.057,97.887
Open Circuit,String-9_Panel-5,High,4,Replace Wiring,Tighten Connection,939,Sunny,2023-03-22 17:00:00,9,5,144.96,2.0,0.095,145.055
Open Circuit,String-6_Panel-8,Critical,14,Replace Module,Replace Module,947,Rainy,2023-03-22 18:00:00,6,8,588.58,7.61,0.35,588.9300000000001
Hotspot,String-7_Panel-12,Critical,5,Replace Module,Remove Obstruction,678,Rainy,2023-03-22 23:00:00,7,12,519.55,5.07,0.303,519.853
Hotspot,String-7_Panel-14,High,6,Replace Panel Section,Replace Panel Section,257,Cloudy,2023-03-23 00:00:00,7,14,321.95,3.86,0.223,322.173
Short Circuit,String-5_Panel-2,High,12,Replace Module,Replace Wiring,222,Cloudy,2023-03-23 00:00:00,5,2,495.63,6.11,0.397,496.027
Hotspot,String-9_Panel-6,Low,2,Remove Obstruction,Replace Module,336,Rainy,2023-03-23 01:00:00,9,6,54.35,0.49,0.025,54.375
Open Circuit,String-1_Panel-19,High,9,Replace Fuse,Replace Module,327,Rainy,2023-03-23 01:00:00,1,19,59.03,0.49,0.032,59.062
Shadowing,String-1_Panel-11,Low,5,Remove Obstruction,Clean Panel,856,Cloudy,2023-03-23 02:00:00,1,11,53.04,0.45,0.023,53.063
Shadowing,String-6_Panel-5,Medium,8,Remove Obstruction,Remove Obstruction,618,Rainy,2023-03-23 03:00:00,6,5,50.0,0.51,0.032,50.032
Hotspot,String-3_Panel-6,Medium,12,Replace Panel Section,Clean Panel,877,Sunny,2023-03-23 04:00:00,3,6,314.09,4.38,0.227,314.31699999999995
Shadowing,String-10_Panel-16,Critical,12,Replace Module,Reinstall Module,563,Rainy,2023-03-23 04:00:00,10,16,510.65,6.12,0.297,510.947
Short Circuit,String-6_Panel-3,Low,8,Inspect Junction Box,Replace Panel Section,470,Cloudy,2023-03-23 05:00:00,6,3,64.23,1.0,0.061,64.29100000000001
Short Circuit,String-1_Panel-5,High,3,Replace Wiring,Replace Wiring,585,Rainy,2023-03-23 08:00:00,1,5,137.39,1.91,0.1,137.48999999999998
Short Circuit,String-4_Panel-13,High,7,Inspect Junction Box,Replace Wiring,599,Rainy,2023-03-23 09:00:00,4,13,75.27,0.99,0.047,75.317
Open Circuit,String-4_Panel-12,Low,6,Replace Connector,Tighten Connection,834,Cloudy,2023-03-23 10:00:00,4,12,90.66,0.86,0.045,90.705
Hotspot,String-8_Panel-20,Critical,9,Replace Module,Replace Module,342,Cloudy,2023-03-23 11:00:00,8,20,459.26,5.23,0.234,459.49399999999997
Short Circuit,String-7_Panel-20,Critical,8,Replace Module,Tighten Connection,986,Cloudy,2023-03-23 11:00:00,7,20,489.5,6.34,0.394,489.894
Open Circuit,String-1_Panel-10,High,1,Replace Wiring,Replace Wiring,677,Sunny,2023-03-23 12:00:00,1,10,159.11,1.75,0.1,159.21
Short Circuit,String-2_Panel-1,Medium,14,Replace Fuse,Replace Fuse,885,Sunny,2023-03-23 12:00:00,2,1,60.25,0.64,0.031,60.281
Shadowing,String-1_Panel-4,High,4,Remove Obstruction,Replace Panel Section,827,Sunny,2023-03-23 15:00:00,1,4,47.63,0.54,0.029,47.659000000000006
Short Circuit,String-6_Panel-15,Low,13,Replace Connector,Inspect Junction Box,211,Sunny,2023-03-23 16:00:00,6,15,78.27,0.9,0.054,78.324
Shadowing,String-4_Panel-13,Medium,8,Reinstall Module,Remove Obstruction,355,Rainy,2023-03-23 16:00:00,4,13,193.33,2.88,0.154,193.484
Hotspot,String-10_Panel-19,High,2,Replace Module,Replace Panel Section,898,Sunny,2023-03-23 16:00:00,10,19,578.4,4.98,0.21,578.61
Short Circuit,String-7_Panel-13,Low,11,Replace Fuse,Tighten Connection,572,Rainy,2023-03-23 17:00:00,7,13,65.02,0.5,0.028,65.048
Hotspot,String-6_Panel-10,Critical,2,Replace Module,Replace Panel Section,313,Sunny,2023-03-23 17:00:00,6,10,463.9,5.83,0.251,464.15099999999995
Short Circuit,String-7_Panel-14,Medium,6,Replace Fuse,Replace Fuse,756,Cloudy,2023-03-23 18:00:00,7,14,60.99,0.42,0.021,61.011
Open Circuit,String-8_Panel-9,Medium,3,Replace Wiring,Replace Fuse,955,Rainy,2023-03-23 18:00:00,8,9,151.39,2.05,0.115,151.505
Hotspot,String-1_Panel-7,High,1,Replace Panel Section,Replace Panel Section,527,Cloudy,2023-03-23 18:00:00,1,7,308.79,3.65,0.224,309.014
Open Circuit,String-6_Panel-1,Low,1,Tighten Connection,Remove Obstruction,448,Cloudy,2023-03-23 18:00:00,6,1,39.38,0.49,0.029,39.409000000000006
Shadowing,String-2_Panel-12,High,14,Remove Obstruction,Replace Connector,308,Rainy,2023-03-23 20:00:00,2,12,41.91,0.47,0.024,41.934
Shadowing,String-7_Panel-5,Low,7,Remove Obstruction,Reinstall Module,218,Rainy,2023-03-23 22:00:00,7,5,50.55,0.57,0.036,50.586
Open Circuit,String-5_Panel-6,Critical,11,Replace Module,Tighten Connection,989,Sunny,2023-03-23 22:00:00,5,6,551.59,7.0,0.347,551.937
Shadowing,String-7_Panel-16,Medium,4,Remove Obstruction,Remove Obstruction,850,Cloudy,2023-03-23 23:00:00,7,16,56.84,0.61,0.03,56.870000000000005
Shadowing,String-1_Panel-8,High,6,Adjust Tilt,Adjust Tilt,586,Sunny,2023-03-24 00:00:00,1,8,126.78,1.95,0.088,126.868
Open Circuit,String-4_Panel-2,High,8,Replace Wiring,Replace Wiring,717,Sunny,2023-03-24 00:00:00,4,2,145.95,2.15,0.125,146.075
Shadowing,String-5_Panel-1,Medium,3,Remove Obstruction,Remove Obstruction,670,Rainy,2023-03-24 01:00:00,5,1,49.24,0.36,0.021,49.261
Open Circuit,String-5_Panel-1,Medium,13,Replace Connector,Replace Connector,223,Cloudy,2023-03-24 02:00:00,5,1,88.41,1.05,0.062,88.472
Hotspot,String-2_Panel-4,Low,7,Clean Panel,Replace Connector,539,Sunny,2023-03-24 02:00:00,2,4,30.72,0.35,0.022,30.741999999999997
Shadowing,String-4_Panel-5,Medium,9,Remove Obstruction,Remove Obstruction,575,Cloudy,2023-03-24 02:00:00,4,5,59.59,0.57,0.034,59.624
Shadowing,String-9_Panel-17,Critical,6,Replace Module,Reinstall Module,287,Rainy,2023-03-24 02:00:00,9,17,579.28,5.16,0.286,579.5659999999999
Shadowing,String-6_Panel-13,Low,2,Clean Panel,Inspect Cells,845,Sunny,2023-03-24 02:00:00,6,13,33.47,0.23,0.013,33.483
Shadowing,String-3_Panel-5,Medium,6,Remove Obstruction,Replace Wiring,681,Rainy,2023-03-24 03:00:00,3,5,52.13,0.62,0.039,52.169000000000004
Shadowing,String-8_Panel-18,Medium,12,Clean Panel,Replace Fuse,829,Cloudy,2023-03-24 05:00:00,8,18,33.86,0.28,0.013,33.873
Short Circuit,String-4_Panel-2,Medium,3,Inspect Junction Box,Replace Fuse,572,Sunny,2023-03-24 05:00:00,4,2,63.16,0.87,0.048,63.208
Short Circuit,String-6_Panel-16,High,11,Replace Wiring,Replace Wiring,977,Sunny,2023-03-24 07:00:00,6,16,136.65,2.18,0.113,136.763
Open Circuit,String-10_Panel-12,Low,2,Tighten Connection,Inspect Cells,388,Rainy,2023-03-24 08:00:00,10,12,36.12,0.47,0.026,36.146
Short Circuit,String-1_Panel-4,Medium,5,Replace Fuse,Inspect Cells,392,Rainy,2023-03-24 08:00:00,1,4,58.67,0.5,0.028,58.698
Shadowing,String-4_Panel-18,High,12,Remove Obstruction,Adjust Tilt,653,Rainy,2023-03-24 09:00:00,4,18,54.33,0.48,0.024,54.354
Shadowing,String-8_Panel-3,Medium,10,Remove Obstruction,Remove Obstruction,748,Rainy,2023-03-24 10:00:00,8,3,50.3,0.53,0.035,50.334999999999994
Short Circuit,String-6_Panel-1,High,10,Replace Wiring,Replace Panel Section,381,Cloudy,2023-03-24 11:00:00,6,1,139.31,1.83,0.088,139.398
Short Circuit,String-2_Panel-11,High,5,Replace Wiring,Replace Wiring,386,Rainy,2023-03-24 12:00:00,2,11,140.87,2.17,0.11,140.98000000000002
Hotspot,String-3_Panel-2,Medium,10,Inspect Cells,Inspect Cells,335,Rainy,2023-03-24 12:00:00,3,2,74.26,0.96,0.046,74.30600000000001
Shadowing,String-10_Panel-15,Critical,13,Replace Module,Reinstall Module,761,Sunny,2023-03-24 13:00:00,10,15,459.49,5.56,0.322,459.812
Open Circuit,String-3_Panel-10,Critical,8,Replace Module,Replace Panel Section,919,Rainy,2023-03-24 14:00:00,3,10,503.64,6.11,0.338,503.978
Hotspot,String-3_Panel-2,Medium,14,Replace Panel Section,Replace Wiring,886,Cloudy,2023-03-24 14:00:00,3,2,357.83,4.23,0.275,358.10499999999996
Short Circuit,String-4_Panel-8,Medium,7,Replace Fuse,Replace Connector,486,Cloudy,2023-03-24 14:00:00,4,8,60.45,0.51,0.03,60.480000000000004
Short Circuit,String-10_Panel-13,Low,3,Inspect Junction Box,Inspect Junction Box,748,Cloudy,2023-03-24 14:00:00,10,13,66.64,1.09,0.046,66.686
Open Circuit,String-2_Panel-7,High,8,Replace Wiring,Replace Wiring,452,Sunny,2023-03-24 17:00:00,2,7,167.9,2.31,0.119,168.019
Shadowing,String-9_Panel-8,Medium,9,Remove Obstruction,Remove Obstruction,480,Rainy,2023-03-24 17:00:00,9,8,48.95,0.53,0.024,48.974000000000004
Hotspot,String-7_Panel-8,Low,7,Clean Panel,Clean Panel,454,Rainy,2023-03-24 17:00:00,7,8,34.03,0.3,0.018,34.048
Hotspot,String-6_Panel-18,High,1,Replace Module,Replace Module,879,Rainy,2023-03-24 17:00:00,6,18,500.88,5.13,0.316,501.19599999999997
Open Circuit,String-6_Panel-20,Low,3,Replace Wiring,Tighten Connection,558,Sunny,2023-03-24 17:00:00,6,20,140.16,2.26,0.134,140.29399999999998
Short Circuit,String-9_Panel-14,High,1,Replace Module,Replace Module,518,Cloudy,2023-03-24 18:00:00,9,14,525.29,6.83,0.322,525.612
Short Circuit,String-9_Panel-11,High,14,Replace Module,Inspect Junction Box,430,Sunny,2023-03-24 18:00:00,9,11,603.96,5.69,0.258,604.2180000000001
Hotspot,String-3_Panel-2,Critical,8,Replace Module,Replace Connector,653,Sunny,2023-03-24 18:00:00,3,2,543.77,6.52,0.278,544.048
Open Circuit,String-10_Panel-2,Low,10,Replace Wiring,Tighten Connection,268,Cloudy,2023-03-24 19:00:00,10,2,161.97,2.12,0.14,162.10999999999999
Hotspot,String-8_Panel-3,Critical,1,Replace Module,Replace Module,992,Sunny,2023-03-24 20:00:00,8,3,541.73,7.41,0.346,542.076
Shadowing,String-7_Panel-15,Medium,11,Remove Obstruction,Clean Panel,957,Cloudy,2023-03-24 20:00:00,7,15,42.78,0.66,0.04,42.82
Open Circuit,String-1_Panel-6,High,12,Replace Wiring,Replace Wiring,313,Rainy,2023-03-24 21:00:00,1,6,167.95,2.01,0.107,168.057
Shadowing,String-3_Panel-13,Critical,11,Replace Module,Replace Fuse,310,Rainy,2023-03-24 21:00:00,3,13,491.36,6.45,0.316,491.676
Shadowing,String-2_Panel-19,Critical,10,Reinstall Module,Reinstall Module,629,Rainy,2023-03-24 21:00:00,2,19,225.26,3.16,0.168,225.428
Short Circuit,String-10_Panel-16,Medium,1,Replace Fuse,Adjust Tilt,554,Rainy,2023-03-24 22:00:00,10,16,49.61,0.49,0.023,49.633
Open Circuit,String-9_Panel-16,Low,11,Replace Wiring,Reinstall Module,862,Rainy,2023-03-25 00:00:00,9,16,152.68,2.23,0.122,152.80200000000002
Shadowing,String-4_Panel-10,Medium,6,Adjust Tilt,Remove Obstruction,819,Cloudy,2023-03-25 00:00:00,4,10,120.47,2.28,0.129,120.599
Shadowing,String-8_Panel-19,Low,13,Remove Obstruction,Clean Panel,537,Cloudy,2023-03-25 00:00:00,8,19,52.36,0.48,0.025,52.385
Shadowing,String-7_Panel-1,Medium,3,Remove Obstruction,Remove Obstruction,598,Rainy,2023-03-25 04:00:00,7,1,51.35,0.57,0.025,51.375
Short Circuit,String-3_Panel-4,Critical,2,Replace Module,Replace Connector,798,Cloudy,2023-03-25 04:00:00,3,4,514.38,6.63,0.365,514.745
Hotspot,String-7_Panel-8,Critical,14,Replace Wiring,Tighten Connection,394,Cloudy,2023-03-25 04:00:00,7,8,148.95,1.83,0.079,149.029
Hotspot,String-10_Panel-10,Critical,14,Replace Module,Replace Module,397,Sunny,2023-03-25 04:00:00,10,10,554.85,5.97,0.382,555.232
Open Circuit,String-8_Panel-8,Low,13,Replace Wiring,Inspect Junction Box,789,Rainy,2023-03-25 05:00:00,8,8,129.78,2.2,0.141,129.921
Shadowing,String-4_Panel-12,Low,6,Clean Panel,Clean Panel,243,Sunny,2023-03-25 05:00:00,4,12,30.79,0.34,0.02,30.81
Open Circuit,String-6_Panel-10,High,3,Replace Wiring,Reinstall Module,298,Sunny,2023-03-25 05:00:00,6,10,149.46,1.96,0.113,149.573
Short Circuit,String-10_Panel-12,High,8,Inspect Junction Box,Replace Panel Section,379,Rainy,2023-03-25 06:00:00,10,12,76.94,0.84,0.05,76.99
Shadowing,String-10_Panel-10,High,13,Adjust Tilt,Replace Fuse,708,Cloudy,2023-03-25 07:00:00,10,10,129.9,1.96,0.088,129.988
Short Circuit,String-5_Panel-11,Medium,5,Replace Fuse,Clean Panel,527,Rainy,2023-03-25 08:00:00,5,11,62.01,0.52,0.032,62.041999999999994
Open Circuit,String-7_Panel-5,High,14,Replace Wiring,Tighten Connection,406,Cloudy,2023-03-25 08:00:00,7,5,156.74,1.76,0.082,156.822
Shadowing,String-3_Panel-9,High,13,Adjust Tilt,Tighten Connection,528,Sunny,2023-03-25 08:00:00,3,9,131.2,2.04,0.127,131.327
Shadowing,String-9_Panel-9,Critical,11,Replace Module,Replace Module,403,Rainy,2023-03-25 09:00:00,9,9,515.23,6.14,0.403,515.633
Short Circuit,String-1_Panel-6,Low,10,Inspect Junction Box,Inspect Junction Box,498,Sunny,2023-03-25 10:00:00,1,6,67.98,0.83,0.053,68.033
Short Circuit,String-9_Panel-16,Critical,1,Replace Module,Replace Module,728,Cloudy,2023-03-25 11:00:00,9,16,526.9,4.82,0.278,527.178
Shadowing,String-2_Panel-1,Medium,14,Adjust Tilt,Remove Obstruction,290,Rainy,2023-03-25 13:00:00,2,1,119.46,2.12,0.116,119.576
Short Circuit,String-1_Panel-1,High,1,Replace Wiring,Replace Connector,880,Sunny,2023-03-25 13:00:00,1,1,140.38,1.81,0.111,140.49099999999999
Open Circuit,String-5_Panel-10,Critical,9,Replace Module,Replace Module,550,Sunny,2023-03-25 14:00:00,5,10,520.78,6.11,0.313,521.093
Hotspot,String-8_Panel-15,High,1,Replace Module,Replace Panel Section,856,Rainy,2023-03-25 15:00:00,8,15,502.39,5.75,0.327,502.717
Short Circuit,String-3_Panel-16,Medium,11,Replace Fuse,Replace Connector,443,Cloudy,2023-03-25 15:00:00,3,16,56.3,0.47,0.029,56.329
Hotspot,String-5_Panel-6,High,2,Replace Panel Section,Inspect Junction Box,696,Sunny,2023-03-25 16:00:00,5,6,330.78,3.34,0.166,330.94599999999997
Short Circuit,String-4_Panel-8,High,8,Replace Wiring,Replace Wiring,562,Sunny,2023-03-25 17:00:00,4,8,139.08,2.22,0.114,139.19400000000002
Short Circuit,String-7_Panel-12,Low,11,Inspect Junction Box,Replace Fuse,301,Cloudy,2023-03-25 18:00:00,7,12,67.54,1.19,0.06,67.60000000000001
Short Circuit,String-2_Panel-11,Low,12,Replace Fuse,Inspect Junction Box,983,Rainy,2023-03-25 19:00:00,2,11,64.67,0.53,0.026,64.696
Open Circuit,String-10_Panel-8,Low,10,Replace Wiring,Tighten Connection,770,Rainy,2023-03-25 20:00:00,10,8,157.34,2.29,0.145,157.485
Hotspot,String-10_Panel-2,Critical,11,Replace Module,Replace Module,304,Cloudy,2023-03-25 21:00:00,10,2,594.95,6.61,0.339,595.2890000000001
Hotspot,String-2_Panel-19,Critical,7,Replace Module,Replace Module,800,Rainy,2023-03-25 21:00:00,2,19,530.46,6.1,0.328,530.788
Short Circuit,String-6_Panel-18,High,8,Replace Wiring,Tighten Connection,949,Rainy,2023-03-25 22:00:00,6,18,148.92,2.05,0.113,149.033
Open Circuit,String-5_Panel-3,Medium,2,Replace Connector,Replace Wiring,214,Sunny,2023-03-25 22:00:00,5,3,92.43,1.0,0.043,92.47300000000001
Shadowing,String-6_Panel-14,Low,6,Clean Panel,Clean Panel,808,Sunny,2023-03-26 00:00:00,6,14,31.59,0.31,0.015,31.605
Shadowing,String-2_Panel-11,Low,13,Remove Obstruction,Clean Panel,612,Rainy,2023-03-26 01:00:00,2,11,57.16,0.49,0.022,57.181999999999995
Hotspot,String-8_Panel-1,High,12,Replace Panel Section,Replace Panel Section,222,Rainy,2023-03-26 02:00:00,8,1,311.23,3.77,0.244,311.47400000000005
Open Circuit,String-9_Panel-3,High,6,Replace Wiring,Tighten Connection,456,Rainy,2023-03-26 02:00:00,9,3,166.63,2.11,0.108,166.738
Hotspot,String-10_Panel-10,Low,7,Clean Panel,Clean Panel,346,Rainy,2023-03-26 03:00:00,10,10,31.49,0.3,0.015,31.505
Open Circuit,String-9_Panel-14,High,13,Replace Wiring,Replace Wiring,652,Rainy,2023-03-26 04:00:00,9,14,154.06,1.89,0.115,154.175
Shadowing,String-6_Panel-9,Low,8,Remove Obstruction,Inspect Junction Box,722,Rainy,2023-03-26 08:00:00,6,9,50.82,0.54,0.025,50.845
Shadowing,String-8_Panel-9,Medium,1,Remove Obstruction,Tighten Connection,844,Rainy,2023-03-26 09:00:00,8,9,52.84,0.45,0.027,52.867000000000004
Hotspot,String-1_Panel-1,Medium,2,Inspect Cells,Replace Module,925,Rainy,2023-03-26 09:00:00,1,1,81.4,0.87,0.043,81.44300000000001
Hotspot,String-9_Panel-7,Low,10,Replace Panel Section,Clean Panel,813,Cloudy,2023-03-26 10:00:00,9,7,295.19,3.66,0.226,295.416
Short Circuit,String-1_Panel-2,Critical,6,Replace Module,Replace Module,838,Rainy,2023-03-26 10:00:00,1,2,496.26,5.86,0.257,496.517
Hotspot,String-10_Panel-14,High,12,Replace Panel Section,Clean Panel,830,Cloudy,2023-03-26 11:00:00,10,14,341.32,4.41,0.222,341.542
Open Circuit,String-7_Panel-4,Critical,5,Replace Module,Replace Module,767,Rainy,2023-03-26 11:00:00,7,4,542.36,6.05,0.392,542.7520000000001
Shadowing,String-10_Panel-18,Low,11,Remove Obstruction,Replace Fuse,846,Cloudy,2023-03-26 12:00:00,10,18,46.74,0.58,0.035,46.775
Short Circuit,String-4_Panel-12,High,2,Replace Wiring,Clean Panel,202,Rainy,2023-03-26 12:00:00,4,12,141.68,2.01,0.086,141.76600000000002
Shadowing,String-9_Panel-8,Low,11,Remove Obstruction,Tighten Connection,515,Cloudy,2023-03-26 13:00:00,9,8,45.49,0.51,0.022,45.512
Shadowing,String-7_Panel-8,Critical,2,Reinstall Module,Reinstall Module,758,Cloudy,2023-03-26 14:00:00,7,8,184.76,2.47,0.154,184.914
Hotspot,String-3_Panel-19,Critical,12,Replace Module,Inspect Cells,583,Sunny,2023-03-26 14:00:00,3,19,504.55,5.94,0.295,504.845
Hotspot,String-7_Panel-14,Critical,13,Replace Module,Replace Wiring,931,Cloudy,2023-03-26 15:00:00,7,14,547.07,5.95,0.296,547.3660000000001
Open Circuit,String-5_Panel-3,Medium,13,Replace Connector,Inspect Junction Box,212,Sunny,2023-03-26 17:00:00,5,3,88.68,0.91,0.038,88.718
Shadowing,String-7_Panel-20,High,4,Adjust Tilt,Adjust Tilt,689,Rainy,2023-03-26 17:00:00,7,20,107.88,2.13,0.12,108.0
Hotspot,String-9_Panel-9,High,10,Replace Panel Section,Remove Obstruction,502,Cloudy,2023-03-26 18:00:00,9,9,343.51,3.84,0.229,343.739
Short Circuit,String-10_Panel-10,Critical,14,Reinstall Module,Reinstall Module,773,Cloudy,2023-03-26 19:00:00,10,10,182.04,2.76,0.159,182.19899999999998
Hotspot,String-5_Panel-1,High,10,Inspect Cells,Adjust Tilt,632,Sunny,2023-03-26 20:00:00,5,1,92.96,1.2,0.076,93.03599999999999
Short Circuit,String-5_Panel-11,Low,9,Inspect Junction Box,Inspect Junction Box,581,Cloudy,2023-03-26 20:00:00,5,11,80.29,0.97,0.043,80.33300000000001
Open Circuit,String-9_Panel-13,High,9,Replace Wiring,Remove Obstruction,408,Rainy,2023-03-26 20:00:00,9,13,138.69,2.1,0.113,138.803
Open Circuit,String-8_Panel-12,High,3,Replace Wiring,Replace Connector,970,Sunny,2023-03-26 21:00:00,8,12,136.54,2.11,0.139,136.679
Open Circuit,String-6_Panel-12,Critical,2,Replace Module,Clean Panel,447,Cloudy,2023-03-26 21:00:00,6,12,537.76,6.65,0.428,538.188
Short Circuit,String-4_Panel-10,Low,12,Replace Fuse,Inspect Junction Box,381,Rainy,2023-03-26 21:00:00,4,10,55.35,0.47,0.028,55.378
Hotspot,String-4_Panel-8,Low,5,Inspect Cells,Clean Panel,635,Sunny,2023-03-26 21:00:00,4,8,84.31,1.01,0.053,84.363
Hotspot,String-10_Panel-4,Medium,4,Inspect Cells,Inspect Cells,780,Rainy,2023-03-26 22:00:00,10,4,96.39,0.91,0.043,96.433
Open Circuit,String-3_Panel-7,Low,11,Tighten Connection,Replace Fuse,893,Rainy,2023-03-26 22:00:00,3,7,36.67,0.5,0.031,36.701
Hotspot,String-7_Panel-12,High,8,Reinstall Module,Replace Panel Section,268,Rainy,2023-03-26 22:00:00,7,12,218.1,2.85,0.123,218.22299999999998
Hotspot,String-2_Panel-2,Critical,9,Replace Module,Tighten Connection,308,Rainy,2023-03-26 23:00:00,2,2,537.52,5.61,0.285,537.805
Hotspot,String-9_Panel-20,Critical,7,Replace Module,Replace Module,289,Rainy,2023-03-26 23:00:00,9,20,494.91,6.44,0.308,495.218
Shadowing,String-9_Panel-19,Low,9,Clean Panel,Clean Panel,654,Sunny,2023-03-27 02:00:00,9,19,31.13,0.32,0.018,31.148
Open Circuit,String-10_Panel-3,Critical,1,Replace Module,Replace Module,453,Rainy,2023-03-27 03:00:00,10,3,459.22,6.33,0.377,459.59700000000004
Shadowing,String-9_Panel-6,Medium,4,Remove Obstruction,Replace Wiring,493,Rainy,2023-03-27 03:00:00,9,6,47.64,0.63,0.036,47.676
Hotspot,String-9_Panel-10,High,2,Replace Panel Section,Replace Panel Section,366,Cloudy,2023-03-27 06:00:00,9,10,301.05,4.55,0.195,301.245
Shadowing,String-5_Panel-15,Medium,13,Remove Obstruction,Tighten Connection,324,Cloudy,2023-03-27 06:00:00,5,15,48.21,0.57,0.024,48.234
Hotspot,String-3_Panel-5,High,3,Replace Panel Section,Replace Panel Section,726,Cloudy,2023-03-27 07:00:00,3,5,280.02,4.26,0.259,280.279
Short Circuit,String-7_Panel-2,High,2,Replace Wiring,Replace Module,583,Rainy,2023-03-27 07:00:00,7,2,168.48,1.85,0.114,168.594
Shadowing,String-8_Panel-20,Critical,3,Reinstall Module,Reinstall Module,785,Rainy,2023-03-27 08:00:00,8,20,228.41,2.69,0.138,228.548
Hotspot,String-3_Panel-15,High,8,Replace Panel Section,Adjust Tilt,274,Cloudy,2023-03-27 08:00:00,3,15,329.95,3.59,0.174,330.12399999999997
Short Circuit,String-1_Panel-5,Critical,10,Replace Panel Section,Tighten Connection,322,Sunny,2023-03-27 09:00:00,1,5,314.24,3.88,0.21,314.45
Short Circuit,String-9_Panel-14,High,9,Replace Wiring,Remove Obstruction,266,Rainy,2023-03-27 10:00:00,9,14,150.86,2.04,0.1,150.96
Open Circuit,String-2_Panel-3,High,13,Replace Wiring,Replace Wiring,368,Sunny,2023-03-27 10:00:00,2,3,143.34,1.97,0.084,143.424
Open Circuit,String-4_Panel-18,High,11,Replace Module,Replace Wiring,391,Sunny,2023-03-27 10:00:00,4,18,501.74,6.23,0.403,502.14300000000003
Short Circuit,String-9_Panel-2,Low,2,Inspect Junction Box,Replace Wiring,248,Rainy,2023-03-27 11:00:00,9,2,65.91,0.97,0.058,65.968
Shadowing,String-10_Panel-20,High,10,Adjust Tilt,Adjust Tilt,814,Cloudy,2023-03-27 11:00:00,10,20,135.64,2.0,0.116,135.756
Hotspot,String-9_Panel-15,Critical,2,Replace Module,Replace Panel Section,702,Sunny,2023-03-27 12:00:00,9,15,499.9,5.99,0.357,500.257
Short Circuit,String-1_Panel-19,Critical,13,Replace Module,Replace Module,863,Sunny,2023-03-27 12:00:00,1,19,512.94,5.33,0.292,513.2320000000001
Short Circuit,String-7_Panel-14,High,13,Replace Wiring,Replace Fuse,791,Sunny,2023-03-27 13:00:00,7,14,119.28,1.73,0.108,119.388
Open Circuit,String-1_Panel-6,Medium,12,Replace Connector,Replace Connector,755,Rainy,2023-03-27 15:00:00,1,6,95.98,1.16,0.065,96.045
Open Circuit,String-9_Panel-5,Medium,8,Replace Wiring,Replace Connector,848,Sunny,2023-03-27 16:00:00,9,5,158.08,1.89,0.111,158.191
Open Circuit,String-8_Panel-17,Critical,8,Replace Module,Replace Connector,700,Cloudy,2023-03-27 19:00:00,8,17,567.7,6.05,0.38,568.08
Shadowing,String-5_Panel-7,Critical,1,Reinstall Module,Adjust Tilt,469,Sunny,2023-03-27 19:00:00,5,7,194.16,3.71,0.158,194.31799999999998
Hotspot,String-5_Panel-10,High,2,Replace Panel Section,Replace Panel Section,731,Rainy,2023-03-27 19:00:00,5,10,354.2,4.81,0.256,354.45599999999996
Shadowing,String-2_Panel-17,High,4,Adjust Tilt,Reinstall Module,725,Rainy,2023-03-27 20:00:00,2,17,115.34,1.75,0.083,115.423
Short Circuit,String-10_Panel-11,Medium,3,Replace Connector,Tighten Connection,749,Cloudy,2023-03-27 21:00:00,10,11,94.8,0.98,0.05,94.85
Shadowing,String-10_Panel-6,High,3,Adjust Tilt,Adjust Tilt,681,Cloudy,2023-03-27 21:00:00,10,6,125.34,1.55,0.069,125.409
Hotspot,String-9_Panel-1,High,2,Replace Panel Section,Replace Panel Section,766,Rainy,2023-03-27 21:00:00,9,1,311.06,4.26,0.213,311.273
Shadowing,String-8_Panel-4,Low,1,Remove Obstruction,Clean Panel,509,Cloudy,2023-03-27 21:00:00,8,4,55.48,0.49,0.03,55.51
Hotspot,String-2_Panel-12,Critical,6,Replace Module,Inspect Junction Box,507,Cloudy,2023-03-27 21:00:00,2,12,522.38,6.14,0.398,522.778
Hotspot,String-1_Panel-6,Low,2,Clean Panel,Inspect Junction Box,271,Sunny,2023-03-27 23:00:00,1,6,30.35,0.29,0.019,30.369
Hotspot,String-9_Panel-13,Critical,5,Replace Module,Replace Panel Section,603,Cloudy,2023-03-27 23:00:00,9,13,547.93,5.59,0.306,548.236
Shadowing,String-4_Panel-16,High,3,Adjust Tilt,Replace Fuse,742,Cloudy,2023-03-28 00:00:00,4,16,115.56,2.3,0.097,115.657
Short Circuit,String-3_Panel-2,Medium,13,Replace Fuse,Replace Fuse,567,Sunny,2023-03-28 00:00:00,3,2,60.38,0.47,0.023,60.403000000000006
Shadowing,String-2_Panel-9,Low,7,Clean Panel,Replace Module,733,Sunny,2023-03-28 00:00:00,2,9,33.24,0.32,0.021,33.261
Open Circuit,String-2_Panel-16,Critical,10,Replace Module,Tighten Connection,319,Sunny,2023-03-28 01:00:00,2,16,545.22,5.01,0.313,545.533
Shadowing,String-1_Panel-2,Medium,3,Adjust Tilt,Replace Fuse,278,Cloudy,2023-03-28 01:00:00,1,2,118.03,1.83,0.09,118.12
Hotspot,String-4_Panel-19,Critical,6,Replace Module,Replace Module,752,Sunny,2023-03-28 03:00:00,4,19,442.12,5.03,0.247,442.367
Short Circuit,String-7_Panel-11,Low,8,Inspect Junction Box,Clean Panel,676,Cloudy,2023-03-28 03:00:00,7,11,69.61,0.9,0.052,69.662
Open Circuit,String-5_Panel-18,Low,2,Tighten Connection,Tighten Connection,306,Rainy,2023-03-28 05:00:00,5,18,38.61,0.57,0.033,38.643
Open Circuit,String-4_Panel-3,High,5,Replace Wiring,Replace Wiring,445,Cloudy,2023-03-28 06:00:00,4,3,158.36,2.05,0.104,158.46400000000003
Short Circuit,String-6_Panel-14,Low,8,Inspect Junction Box,Replace Fuse,417,Sunny,2023-03-28 06:00:00,6,14,69.49,0.85,0.054,69.544
Hotspot,String-10_Panel-15,Medium,10,Replace Panel Section,Inspect Cells,825,Cloudy,2023-03-28 07:00:00,10,15,300.92,4.18,0.213,301.13300000000004
Short Circuit,String-1_Panel-18,High,3,Replace Wiring,Replace Module,459,Sunny,2023-03-28 07:00:00,1,18,150.18,2.14,0.13,150.31
Open Circuit,String-2_Panel-13,Low,2,Tighten Connection,Tighten Connection,411,Cloudy,2023-03-28 07:00:00,2,13,37.55,0.5,0.023,37.573
Open Circuit,String-10_Panel-15,High,5,Replace Wiring,Replace Wiring,867,Sunny,2023-03-28 08:00:00,10,15,168.57,1.64,0.086,168.656
Open Circuit,String-3_Panel-13,High,5,Replace Wiring,Replace Wiring,215,Rainy,2023-03-28 09:00:00,3,13,183.65,1.93,0.119,183.769
Open Circuit,String-9_Panel-1,Critical,8,Replace Module,Tighten Connection,899,Cloudy,2023-03-28 09:00:00,9,1,495.77,4.01,0.254,496.024
Open Circuit,String-4_Panel-8,High,14,Replace Wiring,Replace Wiring,667,Cloudy,2023-03-28 11:00:00,4,8,159.72,1.78,0.092,159.812
Shadowing,String-4_Panel-16,Critical,8,Reinstall Module,Replace Panel Section,477,Cloudy,2023-03-28 12:00:00,4,16,214.78,2.37,0.156,214.936
Short Circuit,String-8_Panel-15,Low,2,Inspect Junction Box,Tighten Connection,314,Sunny,2023-03-28 13:00:00,8,15,68.72,0.91,0.058,68.778
Short Circuit,String-7_Panel-7,Low,13,Inspect Junction Box,Replace Fuse,405,Sunny,2023-03-28 14:00:00,7,7,62.92,1.03,0.045,62.965
Shadowing,String-9_Panel-16,Medium,3,Reinstall Module,Reinstall Module,562,Cloudy,2023-03-28 14:00:00,9,16,208.79,3.07,0.186,208.976
Hotspot,String-7_Panel-20,Critical,7,Replace Module,Replace Module,399,Cloudy,2023-03-28 14:00:00,7,20,459.83,6.35,0.33,460.15999999999997
Short Circuit,String-8_Panel-6,Medium,5,Replace Fuse,Inspect Junction Box,419,Sunny,2023-03-28 15:00:00,8,6,59.2,0.56,0.028,59.228
Hotspot,String-4_Panel-10,Low,8,Clean Panel,Inspect Cells,676,Cloudy,2023-03-28 16:00:00,4,10,33.24,0.35,0.022,33.262
Short Circuit,String-4_Panel-15,Critical,5,Replace Module,Replace Module,933,Rainy,2023-03-28 16:00:00,4,15,479.21,4.43,0.197,479.407
Shadowing,String-10_Panel-17,Critical,10,Replace Module,Reinstall Module,913,Rainy,2023-03-28 17:00:00,10,17,524.63,5.46,0.237,524.867
Short Circuit,String-3_Panel-15,Medium,1,Replace Fuse,Replace Fuse,967,Rainy,2023-03-28 18:00:00,3,15,55.86,0.47,0.02,55.88
Shadowing,String-4_Panel-20,Low,12,Clean Panel,Replace Module,941,Sunny,2023-03-28 18:00:00,4,20,27.33,0.3,0.017,27.346999999999998
Shadowing,String-8_Panel-10,High,4,Adjust Tilt,Replace Wiring,931,Rainy,2023-03-28 20:00:00,8,10,122.03,2.3,0.103,122.133
Hotspot,String-3_Panel-12,Critical,1,Replace Panel Section,Replace Connector,380,Cloudy,2023-03-28 21:00:00,3,12,320.2,2.88,0.186,320.38599999999997
Open Circuit,String-10_Panel-1,Low,8,Tighten Connection,Tighten Connection,914,Rainy,2023-03-28 22:00:00,10,1,42.44,0.41,0.017,42.457
Hotspot,String-10_Panel-10,High,12,Replace Panel Section,Replace Panel Section,528,Sunny,2023-03-28 22:00:00,10,10,328.67,4.71,0.277,328.947
Hotspot,String-2_Panel-6,High,2,Replace Panel Section,Adjust Tilt,512,Cloudy,2023-03-28 23:00:00,2,6,303.53,3.97,0.173,303.703
Short Circuit,String-6_Panel-17,Low,14,Inspect Junction Box,Replace Wiring,817,Cloudy,2023-03-28 23:00:00,6,17,69.14,1.13,0.066,69.206
Short Circuit,String-4_Panel-9,Critical,11,Replace Module,Replace Module,329,Cloudy,2023-03-29 03:00:00,4,9,525.0,6.32,0.272,525.272
Short Circuit,String-7_Panel-4,Critical,6,Replace Module,Replace Fuse,385,Sunny,2023-03-29 03:00:00,7,4,554.93,6.11,0.373,555.303
Open Circuit,String-7_Panel-12,High,12,Replace Wiring,Inspect Cells,764,Sunny,2023-03-29 03:00:00,7,12,152.33,2.09,0.115,152.44500000000002
Open Circuit,String-4_Panel-14,Low,5,Tighten Connection,Tighten Connection,968,Cloudy,2023-03-29 03:00:00,4,14,37.98,0.57,0.033,38.013
Hotspot,String-7_Panel-7,Medium,3,Inspect Cells,Replace Wiring,460,Sunny,2023-03-29 04:00:00,7,7,78.04,1.02,0.054,78.09400000000001
Open Circuit,String-9_Panel-17,Medium,9,Replace Wiring,Replace Wiring,897,Rainy,2023-03-29 04:00:00,9,17,143.11,2.23,0.128,143.238
Open Circuit,String-6_Panel-7,High,13,Replace Wiring,Replace Wiring,368,Rainy,2023-03-29 05:00:00,6,7,151.41,1.28,0.059,151.469
Short Circuit,String-5_Panel-5,Critical,14,Replace Module,Reinstall Module,774,Sunny,2023-03-29 06:00:00,5,5,534.07,6.34,0.337,534.407
Hotspot,String-2_Panel-7,Low,14,Inspect Cells,Clean Panel,993,Sunny,2023-03-29 06:00:00,2,7,83.57,0.98,0.064,83.63399999999999
Hotspot,String-7_Panel-7,Low,8,Clean Panel,Adjust Tilt,231,Cloudy,2023-03-29 07:00:00,7,7,29.51,0.25,0.017,29.527
Short Circuit,String-4_Panel-7,Critical,8,Replace Module,Replace Module,221,Cloudy,2023-03-29 08:00:00,4,7,474.86,7.09,0.442,475.302
Open Circuit,String-5_Panel-16,Medium,14,Replace Connector,Replace Fuse,569,Rainy,2023-03-29 09:00:00,5,16,91.58,0.94,0.051,91.631
Open Circuit,String-4_Panel-8,Critical,5,Replace Module,Replace Module,281,Rainy,2023-03-29 09:00:00,4,8,558.94,4.44,0.226,559.166
Short Circuit,String-2_Panel-2,Medium,9,Replace Fuse,Replace Fuse,437,Sunny,2023-03-29 12:00:00,2,2,59.74,0.51,0.024,59.764
Short Circuit,String-7_Panel-15,High,12,Replace Module,Replace Wiring,936,Sunny,2023-03-29 12:00:00,7,15,443.54,5.42,0.269,443.809
Shadowing,String-10_Panel-16,Critical,9,Replace Module,Reinstall Module,954,Rainy,2023-03-29 12:00:00,10,16,487.84,6.7,0.374,488.214
Hotspot,String-9_Panel-13,Low,6,Clean Panel,Clean Panel,243,Cloudy,2023-03-29 13:00:00,9,13,30.72,0.31,0.017,30.737
Hotspot,String-3_Panel-2,Critical,8,Replace Wiring,Replace Module,387,Rainy,2023-03-29 13:00:00,3,2,148.4,2.19,0.119,148.519
Open Circuit,String-2_Panel-12,High,12,Replace Wiring,Remove Obstruction,659,Sunny,2023-03-29 14:00:00,2,12,155.21,1.64,0.084,155.294
Shadowing,String-2_Panel-16,Low,12,Clean Panel,Inspect Cells,909,Sunny,2023-03-29 16:00:00,2,16,30.91,0.32,0.019,30.929
Open Circuit,String-3_Panel-3,Low,3,Tighten Connection,Inspect Junction Box,443,Sunny,2023-03-29 17:00:00,3,3,38.32,0.59,0.029,38.349000000000004
Shadowing,String-9_Panel-14,Critical,9,Reinstall Module,Clean Panel,499,Cloudy,2023-03-29 18:00:00,9,14,206.73,3.21,0.199,206.929
Short Circuit,String-3_Panel-13,Medium,9,Replace Fuse,Replace Fuse,370,Cloudy,2023-03-29 19:00:00,3,13,58.48,0.46,0.022,58.501999999999995
Hotspot,String-4_Panel-10,High,4,Replace Panel Section,Replace Wiring,357,Cloudy,2023-03-29 20:00:00,4,10,359.74,4.2,0.217,359.957
Hotspot,String-3_Panel-14,Critical,3,Replace Module,Replace Fuse,308,Cloudy,2023-03-29 20:00:00,3,14,649.65,6.23,0.279,649.929
Open Circuit,String-8_Panel-16,High,3,Replace Wiring,Tighten Connection,615,Sunny,2023-03-29 20:00:00,8,16,147.65,1.77,0.081,147.731
Open Circuit,String-5_Panel-8,Medium,9,Replace Connector,Tighten Connection,622,Cloudy,2023-03-29 22:00:00,5,8,87.1,0.93,0.047,87.14699999999999
Short Circuit,String-4_Panel-17,Medium,3,Replace Fuse,Replace Fuse,878,Sunny,2023-03-29 23:00:00,4,17,67.64,0.52,0.027,67.667
Open Circuit,String-5_Panel-13,Critical,7,Replace Module,Replace Module,494,Sunny,2023-03-29 23:00:00,5,13,551.52,6.34,0.28,551.8
Short Circuit,String-4_Panel-7,Medium,7,Replace Connector,Remove Obstruction,784,Cloudy,2023-03-30 00:00:00,4,7,94.93,1.02,0.054,94.98400000000001
Hotspot,String-4_Panel-5,Critical,5,Replace Module,Replace Module,379,Cloudy,2023-03-30 01:00:00,4,5,551.33,6.12,0.372,551.702
Short Circuit,String-8_Panel-18,Low,8,Inspect Junction Box,Inspect Cells,336,Cloudy,2023-03-30 01:00:00,8,18,78.57,0.94,0.054,78.624
Open Circuit,String-6_Panel-16,Critical,14,Replace Module,Replace Panel Section,320,Cloudy,2023-03-30 02:00:00,6,16,537.22,5.56,0.348,537.568
Shadowing,String-7_Panel-5,Medium,13,Remove Obstruction,Replace Panel Section,535,Rainy,2023-03-30 05:00:00,7,5,48.58,0.47,0.029,48.609
Short Circuit,String-1_Panel-10,Critical,6,Replace Module,Replace Module,797,Rainy,2023-03-30 07:00:00,1,10,492.9,6.19,0.278,493.178
Open Circuit,String-1_Panel-10,High,12,Replace Wiring,Replace Module,519,Cloudy,2023-03-30 07:00:00,1,10,156.65,1.38,0.076,156.726
Shadowing,String-1_Panel-4,High,5,Remove Obstruction,Replace Panel Section,339,Cloudy,2023-03-30 07:00:00,1,4,47.77,0.53,0.025,47.795
Open Circuit,String-7_Panel-5,Low,1,Tighten Connection,Tighten Connection,647,Sunny,2023-03-30 08:00:00,7,5,39.38,0.49,0.021,39.401
Hotspot,String-7_Panel-18,Medium,5,Inspect Cells,Inspect Cells,417,Sunny,2023-03-30 08:00:00,7,18,94.14,1.0,0.065,94.205
Hotspot,String-8_Panel-14,Low,1,Clean Panel,Replace Fuse,395,Cloudy,2023-03-30 09:00:00,8,14,32.26,0.32,0.014,32.274
Hotspot,String-4_Panel-2,Low,5,Clean Panel,Clean Panel,207,Rainy,2023-03-30 10:00:00,4,2,32.68,0.28,0.017,32.697
Shadowing,String-7_Panel-1,High,11,Adjust Tilt,Adjust Tilt,914,Rainy,2023-03-30 10:00:00,7,1,110.66,1.72,0.108,110.768
Short Circuit,String-2_Panel-9,Critical,13,Replace Module,Replace Module,281,Sunny,2023-03-30 11:00:00,2,9,480.19,6.83,0.412,480.602
Short Circuit,String-6_Panel-19,Medium,8,Replace Fuse,Replace Fuse,782,Sunny,2023-03-30 13:00:00,6,19,57.98,0.5,0.024,58.004
Short Circuit,String-2_Panel-5,Low,12,Replace Fuse,Tighten Connection,829,Rainy,2023-03-30 14:00:00,2,5,59.93,0.44,0.026,59.956
Short Circuit,String-6_Panel-3,High,12,Replace Module,Replace Wiring,431,Cloudy,2023-03-30 14:00:00,6,3,558.49,6.18,0.295,558.785
Hotspot,String-7_Panel-5,Medium,5,Inspect Cells,Tighten Connection,864,Cloudy,2023-03-30 14:00:00,7,5,90.79,1.0,0.046,90.83600000000001
Hotspot,String-5_Panel-9,Low,5,Clean Panel,Clean Panel,388,Cloudy,2023-03-30 14:00:00,5,9,31.79,0.29,0.018,31.808
Hotspot,String-6_Panel-12,Critical,11,Replace Module,Replace Module,230,Rainy,2023-03-30 14:00:00,6,12,596.87,5.99,0.306,597.176
Hotspot,String-6_Panel-19,Medium,14,Inspect Cells,Replace Connector,465,Rainy,2023-03-30 14:00:00,6,19,82.25,1.14,0.07,82.32
Shadowing,String-6_Panel-11,Critical,10,Replace Module,Tighten Connection,591,Sunny,2023-03-30 16:00:00,6,11,455.73,5.51,0.261,455.99100000000004
Short Circuit,String-3_Panel-14,Low,14,Inspect Junction Box,Inspect Junction Box,948,Sunny,2023-03-30 16:00:00,3,14,74.66,0.97,0.049,74.709
Open Circuit,String-8_Panel-20,High,2,Replace Connector,Replace Wiring,927,Sunny,2023-03-30 17:00:00,8,20,95.39,0.97,0.044,95.434
Hotspot,String-5_Panel-10,Low,12,Clean Panel,Replace Connector,397,Sunny,2023-03-30 18:00:00,5,10,30.79,0.27,0.013,30.803
Short Circuit,String-1_Panel-2,Critical,5,Replace Module,Replace Panel Section,262,Cloudy,2023-03-30 19:00:00,1,2,532.83,4.79,0.265,533.095
Short Circuit,String-8_Panel-11,Medium,7,Replace Fuse,Adjust Tilt,838,Cloudy,2023-03-30 20:00:00,8,11,58.55,0.56,0.03,58.58
Hotspot,String-10_Panel-6,Medium,6,Replace Panel Section,Inspect Cells,984,Rainy,2023-03-30 20:00:00,10,6,310.23,3.77,0.187,310.41700000000003
Open Circuit,String-3_Panel-15,Low,4,Replace Wiring,Tighten Connection,995,Cloudy,2023-03-30 21:00:00,3,15,149.48,2.43,0.114,149.594
Shadowing,String-8_Panel-11,Low,10,Adjust Tilt,Remove Obstruction,526,Cloudy,2023-03-30 21:00:00,8,11,116.06,2.06,0.126,116.186
Open Circuit,String-1_Panel-18,Critical,13,Replace Module,Replace Module,589,Rainy,2023-03-30 22:00:00,1,18,555.75,5.04,0.295,556.045
Short Circuit,String-2_Panel-6,Critical,11,Replace Module,Replace Module,583,Cloudy,2023-03-30 22:00:00,2,6,538.96,6.88,0.389,539.349
Hotspot,String-7_Panel-13,Critical,8,Replace Module,Reinstall Module,897,Cloudy,2023-03-30 23:00:00,7,13,577.18,5.9,0.35,577.53
Hotspot,String-2_Panel-4,Medium,14,Inspect Cells,Inspect Cells,737,Sunny,2023-03-30 23:00:00,2,4,64.59,0.82,0.051,64.641
Short Circuit,String-8_Panel-2,High,4,Replace Wiring,Replace Wiring,663,Cloudy,2023-03-31 02:00:00,8,2,149.21,2.15,0.121,149.33100000000002
Shadowing,String-4_Panel-3,Low,12,Remove Obstruction,Remove Obstruction,510,Rainy,2023-03-31 02:00:00,4,3,45.57,0.48,0.026,45.596000000000004
Open Circuit,String-4_Panel-10,Critical,13,Replace Module,Replace Module,646,Rainy,2023-03-31 02:00:00,4,10,529.6,5.43,0.32,529.9200000000001
Shadowing,String-10_Panel-11,High,6,Reinstall Module,Adjust Tilt,819,Sunny,2023-03-31 02:00:00,10,11,190.06,2.69,0.15,190.21
Hotspot,String-3_Panel-18,Medium,7,Clean Panel,Inspect Cells,416,Rainy,2023-03-31 03:00:00,3,18,32.58,0.3,0.018,32.598
Shadowing,String-1_Panel-5,Low,10,Remove Obstruction,Clean Panel,654,Cloudy,2023-03-31 04:00:00,1,5,53.7,0.63,0.039,53.739000000000004
Hotspot,String-10_Panel-9,Low,7,Clean Panel,Clean Panel,344,Sunny,2023-03-31 04:00:00,10,9,32.96,0.34,0.014,32.974000000000004
Short Circuit,String-6_Panel-6,Medium,12,Replace Fuse,Replace Fuse,566,Rainy,2023-03-31 04:00:00,6,6,60.13,0.42,0.018,60.148
Shadowing,String-3_Panel-12,Critical,7,Replace Module,Clean Panel,410,Rainy,2023-03-31 06:00:00,3,12,493.95,5.71,0.335,494.28499999999997
Hotspot,String-9_Panel-11,Medium,11,Replace Panel Section,Inspect Cells,906,Cloudy,2023-03-31 07:00:00,9,11,312.65,4.26,0.205,312.85499999999996
Short Circuit,String-10_Panel-7,Critical,9,Replace Module,Replace Module,987,Cloudy,2023-03-31 07:00:00,10,7,442.44,5.46,0.246,442.686
Shadowing,String-6_Panel-5,High,5,Remove Obstruction,Adjust Tilt,821,Sunny,2023-03-31 09:00:00,6,5,50.98,0.53,0.035,51.01499999999999
Short Circuit,String-3_Panel-1,Medium,3,Replace Fuse,Replace Connector,304,Rainy,2023-03-31 10:00:00,3,1,56.22,0.51,0.022,56.242
Open Circuit,String-5_Panel-8,Low,4,Tighten Connection,Replace Panel Section,977,Sunny,2023-03-31 10:00:00,5,8,36.36,0.54,0.024,36.384
Short Circuit,String-8_Panel-14,Medium,2,Inspect Junction Box,Replace Panel Section,925,Rainy,2023-03-31 11:00:00,8,14,75.31,0.93,0.044,75.354
Shadowing,String-6_Panel-14,Critical,8,Remove Obstruction,Reinstall Module,671,Cloudy,2023-03-31 11:00:00,6,14,48.03,0.54,0.03,48.06
Hotspot,String-1_Panel-18,Low,6,Clean Panel,Replace Connector,416,Cloudy,2023-03-31 12:00:00,1,18,29.46,0.21,0.01,29.470000000000002
Shadowing,String-7_Panel-1,Low,11,Clean Panel,Clean Panel,739,Sunny,2023-03-31 12:00:00,7,1,30.22,0.29,0.016,30.235999999999997
Shadowing,String-1_Panel-10,High,6,Remove Obstruction,Adjust Tilt,525,Rainy,2023-03-31 12:00:00,1,10,45.35,0.47,0.023,45.373000000000005
Hotspot,String-8_Panel-2,Medium,5,Inspect Cells,Tighten Connection,311,Sunny,2023-03-31 13:00:00,8,2,81.17,1.12,0.073,81.243
Short Circuit,String-8_Panel-4,High,1,Replace Wiring,Replace Wiring,901,Cloudy,2023-03-31 13:00:00,8,4,141.59,1.83,0.085,141.675
Shadowing,String-4_Panel-14,Low,10,Clean Panel,Clean Panel,854,Sunny,2023-03-31 13:00:00,4,14,33.14,0.34,0.018,33.158
Short Circuit,String-6_Panel-8,Medium,13,Replace Fuse,Replace Module,695,Rainy,2023-03-31 14:00:00,6,8,53.3,0.42,0.019,53.318999999999996
Open Circuit,String-3_Panel-17,Critical,12,Replace Module,Replace Module,662,Cloudy,2023-03-31 14:00:00,3,17,542.85,4.51,0.287,543.1370000000001
Shadowing,String-1_Panel-1,Critical,7,Replace Module,Reinstall Module,854,Sunny,2023-03-31 15:00:00,1,1,587.32,5.84,0.253,587.5730000000001
Shadowing,String-4_Panel-4,Medium,1,Remove Obstruction,Inspect Cells,492,Sunny,2023-03-31 15:00:00,4,4,52.6,0.43,0.025,52.625
Hotspot,String-6_Panel-15,Critical,5,Replace Module,Reinstall Module,994,Cloudy,2023-03-31 15:00:00,6,15,514.65,5.31,0.297,514.947
Shadowing,String-7_Panel-16,Medium,3,Remove Obstruction,Replace Connector,438,Cloudy,2023-03-31 15:00:00,7,16,56.03,0.44,0.02,56.050000000000004
Short Circuit,String-8_Panel-13,Medium,8,Replace Fuse,Replace Fuse,958,Cloudy,2023-03-31 16:00:00,8,13,57.9,0.5,0.029,57.929
Open Circuit,String-8_Panel-16,Low,3,Tighten Connection,Inspect Junction Box,893,Rainy,2023-03-31 16:00:00,8,16,38.08,0.53,0.023,38.103
Short Circuit,String-5_Panel-6,Low,14,Replace Fuse,Replace Panel Section,902,Rainy,2023-03-31 17:00:00,5,6,62.11,0.35,0.017,62.127
Hotspot,String-8_Panel-17,High,5,Replace Module,Clean Panel,815,Sunny,2023-03-31 17:00:00,8,17,555.54,6.45,0.304,555.8439999999999
Open Circuit,String-10_Panel-7,Low,10,Replace Wiring,Inspect Cells,713,Cloudy,2023-03-31 18:00:00,10,7,135.96,1.83,0.093,136.053
Hotspot,String-8_Panel-2,Critical,4,Replace Module,Replace Module,887,Cloudy,2023-03-31 20:00:00,8,2,574.2,6.13,0.346,574.546
Shadowing,String-7_Panel-10,High,8,Remove Obstruction,Replace Module,309,Rainy,2023-03-31 20:00:00,7,10,49.95,0.52,0.027,49.977000000000004
Hotspot,String-9_Panel-1,Critical,3,Replace Module,Replace Fuse,483,Cloudy,2023-03-31 21:00:00,9,1,541.85,6.16,0.356,542.206
Shadowing,String-5_Panel-20,Low,14,Remove Obstruction,Replace Panel Section,999,Cloudy,2023-03-31 21:00:00,5,20,42.26,0.51,0.022,42.282
Short Circuit,String-2_Panel-14,Critical,5,Replace Module,Replace Module,273,Sunny,2023-03-31 21:00:00,2,14,495.94,6.34,0.321,496.261
Short Circuit,String-8_Panel-10,Low,6,Replace Fuse,Inspect Junction Box,615,Rainy,2023-03-31 21:00:00,8,10,59.82,0.53,0.034,59.854
Short Circuit,String-7_Panel-3,Medium,2,Inspect Junction Box,Replace Fuse,475,Sunny,2023-03-31 23:00:00,7,3,71.37,0.99,0.058,71.42800000000001
Hotspot,String-10_Panel-13,Low,3,Inspect Cells,Replace Panel Section,728,Rainy,2023-03-31 23:00:00,10,13,81.32,0.97,0.06,81.38
Hotspot,String-7_Panel-9,Medium,3,Inspect Cells,Inspect Cells,331,Cloudy,2023-04-01 01:00:00,7,9,84.37,0.87,0.038,84.408
Hotspot,String-4_Panel-3,Low,9,Clean Panel,Clean Panel,345,Sunny,2023-04-01 05:00:00,4,3,27.41,0.3,0.014,27.424
Short Circuit,String-6_Panel-2,Medium,5,Replace Fuse,Remove Obstruction,781,Rainy,2023-04-01 05:00:00,6,2,61.28,0.49,0.03,61.31
Short Circuit,String-9_Panel-12,Critical,7,Replace Module,Replace Module,205,Rainy,2023-04-01 05:00:00,9,12,510.23,5.2,0.338,510.56800000000004
Open Circuit,String-6_Panel-20,Critical,13,Replace Module,Reinstall Module,874,Sunny,2023-04-01 06:00:00,6,20,510.85,6.43,0.332,511.182
Shadowing,String-7_Panel-7,Low,10,Remove Obstruction,Adjust Tilt,663,Rainy,2023-04-01 07:00:00,7,7,48.58,0.47,0.031,48.611
Short Circuit,String-8_Panel-19,Medium,14,Replace Fuse,Reinstall Module,720,Cloudy,2023-04-01 07:00:00,8,19,59.23,0.48,0.031,59.260999999999996
Shadowing,String-10_Panel-13,High,10,Remove Obstruction,Replace Fuse,554,Cloudy,2023-04-01 07:00:00,10,13,45.21,0.47,0.029,45.239000000000004
Hotspot,String-2_Panel-20,Low,2,Inspect Cells,Clean Panel,990,Sunny,2023-04-01 09:00:00,2,20,89.24,0.89,0.039,89.279
Open Circuit,String-5_Panel-15,High,14,Replace Wiring,Reinstall Module,569,Sunny,2023-04-01 10:00:00,5,15,139.57,2.13,0.107,139.677
Shadowing,String-5_Panel-19,Critical,12,Replace Module,Reinstall Module,305,Cloudy,2023-04-01 11:00:00,5,19,513.92,5.01,0.238,514.158
Short Circuit,String-2_Panel-16,Critical,12,Replace Module,Clean Panel,664,Rainy,2023-04-01 11:00:00,2,16,555.77,5.09,0.324,556.0939999999999
Short Circuit,String-9_Panel-6,Medium,12,Replace Fuse,Remove Obstruction,555,Rainy,2023-04-01 11:00:00,9,6,60.55,0.52,0.032,60.581999999999994
Open Circuit,String-9_Panel-1,Critical,9,Replace Module,Replace Module,370,Cloudy,2023-04-01 12:00:00,9,1,481.16,5.3,0.326,481.48600000000005
Shadowing,String-1_Panel-13,Low,1,Inspect Cells,Inspect Junction Box,736,Sunny,2023-04-01 12:00:00,1,13,80.72,0.67,0.044,80.764
Hotspot,String-1_Panel-6,Medium,1,Inspect Cells,Replace Wiring,837,Rainy,2023-04-01 13:00:00,1,6,77.95,1.06,0.054,78.004
Hotspot,String-3_Panel-19,Low,14,Inspect Cells,Clean Panel,957,Sunny,2023-04-01 14:00:00,3,19,85.11,1.12,0.068,85.178
Hotspot,String-3_Panel-2,Medium,10,Inspect Cells,Inspect Cells,360,Sunny,2023-04-01 15:00:00,3,2,95.79,0.87,0.05,95.84
Hotspot,String-6_Panel-8,High,14,Replace Panel Section,Reinstall Module,649,Sunny,2023-04-01 15:00:00,6,8,337.23,3.91,0.253,337.483
Shadowing,String-4_Panel-15,High,12,Reinstall Module,Adjust Tilt,530,Sunny,2023-04-01 15:00:00,4,15,193.09,3.74,0.201,193.291
Hotspot,String-8_Panel-8,Critical,5,Replace Module,Replace Module,705,Sunny,2023-04-01 15:00:00,8,8,531.73,6.4,0.416,532.1460000000001
Shadowing,String-7_Panel-7,High,12,Adjust Tilt,Adjust Tilt,464,Rainy,2023-04-01 16:00:00,7,7,108.6,1.69,0.086,108.68599999999999
Short Circuit,String-10_Panel-4,Medium,7,Inspect Junction Box,Replace Fuse,403,Cloudy,2023-04-01 16:00:00,10,4,71.53,0.97,0.041,71.571
Short Circuit,String-2_Panel-14,High,1,Replace Wiring,Replace Wiring,918,Rainy,2023-04-01 18:00:00,2,14,121.37,1.95,0.105,121.47500000000001
Shadowing,String-1_Panel-17,Medium,10,Remove Obstruction,Clean Panel,530,Cloudy,2023-04-01 20:00:00,1,17,53.67,0.56,0.026,53.696000000000005
Open Circuit,String-1_Panel-19,Medium,6,Replace Wiring,Remove Obstruction,998,Sunny,2023-04-01 20:00:00,1,19,154.75,1.64,0.087,154.837
Shadowing,String-4_Panel-7,Low,4,Clean Panel,Clean Panel,994,Sunny,2023-04-01 20:00:00,4,7,31.51,0.34,0.02,31.53
Open Circuit,String-7_Panel-3,Critical,11,Replace Wiring,Replace Module,526,Cloudy,2023-04-01 21:00:00,7,3,129.69,1.91,0.112,129.802
Short Circuit,String-4_Panel-5,Medium,5,Replace Fuse,Replace Fuse,473,Rainy,2023-04-01 21:00:00,4,5,60.83,0.5,0.032,60.861999999999995
Short Circuit,String-9_Panel-4,Low,12,Replace Fuse,Replace Connector,660,Rainy,2023-04-01 22:00:00,9,4,64.93,0.43,0.024,64.95400000000001
Short Circuit,String-5_Panel-14,High,14,Replace Module,Replace Connector,313,Cloudy,2023-04-01 22:00:00,5,14,477.39,5.74,0.339,477.729
Short Circuit,String-6_Panel-17,Critical,1,Replace Module,Replace Module,400,Rainy,2023-04-02 00:00:00,6,17,517.98,5.88,0.28,518.26
Open Circuit,String-10_Panel-20,Medium,11,Replace Connector,Replace Panel Section,796,Sunny,2023-04-02 02:00:00,10,20,96.29,0.99,0.064,96.354
Shadowing,String-1_Panel-7,Medium,1,Remove Obstruction,Remove Obstruction,221,Sunny,2023-04-02 03:00:00,1,7,49.22,0.5,0.026,49.246
Hotspot,String-4_Panel-13,Medium,6,Replace Panel Section,Inspect Cells,946,Cloudy,2023-04-02 03:00:00,4,13,319.82,4.34,0.227,320.04699999999997
Hotspot,String-4_Panel-15,Low,9,Inspect Cells,Replace Panel Section,875,Sunny,2023-04-02 03:00:00,4,15,88.53,0.9,0.048,88.578
Short Circuit,String-8_Panel-1,High,14,Replace Module,Replace Wiring,756,Sunny,2023-04-02 04:00:00,8,1,495.88,6.61,0.279,496.159
Short Circuit,String-5_Panel-12,Medium,3,Replace Fuse,Replace Fuse,293,Rainy,2023-04-02 05:00:00,5,12,67.3,0.43,0.028,67.328
Short Circuit,String-7_Panel-16,Critical,9,Replace Module,Replace Module,643,Sunny,2023-04-02 05:00:00,7,16,494.37,5.0,0.219,494.589
Short Circuit,String-1_Panel-15,Medium,9,Replace Fuse,Replace Fuse,602,Sunny,2023-04-02 05:00:00,1,15,62.98,0.5,0.031,63.010999999999996
Hotspot,String-4_Panel-17,High,12,Replace Module,Replace Panel Section,587,Rainy,2023-04-02 07:00:00,4,17,503.9,5.57,0.296,504.19599999999997
Short Circuit,String-9_Panel-11,Low,11,Inspect Junction Box,Inspect Junction Box,340,Cloudy,2023-04-02 09:00:00,9,11,65.88,0.84,0.037,65.917
Short Circuit,String-10_Panel-7,Low,2,Inspect Junction Box,Remove Obstruction,895,Sunny,2023-04-02 10:00:00,10,7,68.79,1.24,0.054,68.84400000000001
Short Circuit,String-8_Panel-3,Medium,6,Replace Fuse,Replace Connector,662,Sunny,2023-04-02 10:00:00,8,3,64.06,0.56,0.031,64.09100000000001
Hotspot,String-6_Panel-16,Medium,10,Inspect Cells,Adjust Tilt,206,Rainy,2023-04-02 10:00:00,6,16,79.95,1.09,0.051,80.001
Open Circuit,String-3_Panel-3,High,5,Replace Wiring,Replace Wiring,842,Rainy,2023-04-02 11:00:00,3,3,133.07,1.73,0.103,133.173
Hotspot,String-7_Panel-19,Critical,9,Replace Module,Replace Module,280,Cloudy,2023-04-02 13:00:00,7,19,544.77,5.81,0.28,545.05
Short Circuit,String-1_Panel-3,High,5,Replace Wiring,Inspect Cells,402,Sunny,2023-04-02 16:00:00,1,3,129.7,1.74,0.098,129.798
Short Circuit,String-3_Panel-5,Medium,6,Replace Fuse,Replace Panel Section,891,Rainy,2023-04-02 18:00:00,3,5,56.77,0.51,0.033,56.803000000000004
Hotspot,String-9_Panel-18,High,9,Replace Module,Inspect Cells,378,Sunny,2023-04-02 19:00:00,9,18,614.42,5.99,0.386,614.8059999999999
Short Circuit,String-2_Panel-7,Low,9,Replace Fuse,Inspect Junction Box,722,Rainy,2023-04-02 20:00:00,2,7,56.02,0.4,0.021,56.041000000000004
Short Circuit,String-4_Panel-19,Critical,9,Replace Module,Replace Panel Section,393,Cloudy,2023-04-02 20:00:00,4,19,453.53,6.01,0.336,453.866
Shadowing,String-2_Panel-2,Medium,9,Remove Obstruction,Replace Module,614,Rainy,2023-04-02 20:00:00,2,2,42.18,0.6,0.039,42.219
Short Circuit,String-10_Panel-14,High,5,Replace Wiring,Replace Panel Section,539,Rainy,2023-04-02 22:00:00,10,14,130.35,2.22,0.13,130.48
Short Circuit,String-7_Panel-4,Critical,5,Replace Module,Adjust Tilt,642,Rainy,2023-04-02 22:00:00,7,4,565.35,5.47,0.315,565.6650000000001
Open Circuit,String-8_Panel-15,Low,2,Tighten Connection,Tighten Connection,710,Cloudy,2023-04-02 22:00:00,8,15,41.1,0.54,0.033,41.133
Short Circuit,String-2_Panel-17,Low,5,Inspect Junction Box,Replace Wiring,770,Cloudy,2023-04-03 03:00:00,2,17,69.5,1.06,0.059,69.559
Shadowing,String-3_Panel-16,High,4,Adjust Tilt,Adjust Tilt,841,Rainy,2023-04-03 05:00:00,3,16,121.93,1.97,0.098,122.028
Hotspot,String-4_Panel-11,Critical,5,Replace Module,Inspect Junction Box,575,Cloudy,2023-04-03 06:00:00,4,11,544.93,6.03,0.294,545.2239999999999
Shadowing,String-8_Panel-2,Critical,11,Replace Module,Reinstall Module,810,Sunny,2023-04-03 06:00:00,8,2,573.16,4.97,0.278,573.438
Hotspot,String-7_Panel-20,Low,2,Inspect Cells,Clean Panel,796,Sunny,2023-04-03 06:00:00,7,20,84.85,1.04,0.064,84.91399999999999
Shadowing,String-1_Panel-5,High,10,Remove Obstruction,Adjust Tilt,238,Rainy,2023-04-03 06:00:00,1,5,43.33,0.49,0.027,43.357
Short Circuit,String-9_Panel-14,High,9,Replace Connector,Replace Wiring,610,Rainy,2023-04-03 07:00:00,9,14,94.87,0.98,0.056,94.926
Shadowing,String-4_Panel-2,Critical,4,Reinstall Module,Inspect Junction Box,520,Sunny,2023-04-03 08:00:00,4,2,175.33,3.74,0.176,175.506
Hotspot,String-5_Panel-18,High,2,Replace Module,Replace Panel Section,811,Cloudy,2023-04-03 09:00:00,5,18,579.37,5.33,0.274,579.644
Hotspot,String-3_Panel-10,High,9,Inspect Cells,Replace Panel Section,942,Rainy,2023-04-03 09:00:00,3,10,89.25,0.9,0.043,89.293
Hotspot,String-1_Panel-7,Critical,2,Replace Module,Inspect Junction Box,307,Sunny,2023-04-03 10:00:00,1,7,523.15,6.33,0.371,523.521
Open Circuit,String-4_Panel-15,Low,10,Tighten Connection,Replace Fuse,851,Sunny,2023-04-03 10:00:00,4,15,42.11,0.59,0.031,42.141
Open Circuit,String-9_Panel-11,Medium,14,Replace Connector,Tighten Connection,275,Rainy,2023-04-03 12:00:00,9,11,102.45,0.93,0.052,102.50200000000001
Open Circuit,String-10_Panel-16,Medium,4,Replace Wiring,Clean Panel,860,Sunny,2023-04-03 12:00:00,10,16,155.87,1.74,0.111,155.981
Shadowing,String-8_Panel-10,High,14,Remove Obstruction,Clean Panel,465,Cloudy,2023-04-03 13:00:00,8,10,50.03,0.45,0.025,50.055
Open Circuit,String-2_Panel-13,Critical,9,Reinstall Module,Adjust Tilt,513,Rainy,2023-04-03 14:00:00,2,13,202.34,2.97,0.179,202.519
Open Circuit,String-5_Panel-7,High,1,Replace Wiring,Replace Module,693,Sunny,2023-04-03 14:00:00,5,7,148.92,1.91,0.099,149.01899999999998
Open Circuit,String-7_Panel-11,Critical,11,Replace Module,Replace Module,591,Rainy,2023-04-03 15:00:00,7,11,493.21,7.91,0.451,493.661
Hotspot,String-8_Panel-16,Critical,2,Replace Panel Section,Replace Module,905,Cloudy,2023-04-03 16:00:00,8,16,305.03,3.76,0.234,305.26399999999995
Shadowing,String-7_Panel-20,Critical,14,Replace Module,Replace Connector,214,Rainy,2023-04-03 16:00:00,7,20,465.08,6.31,0.402,465.48199999999997
Open Circuit,String-3_Panel-5,Critical,7,Replace Module,Replace Module,733,Rainy,2023-04-03 18:00:00,3,5,533.88,6.89,0.363,534.243
Hotspot,String-4_Panel-17,Low,1,Remove Obstruction,Replace Module,205,Cloudy,2023-04-03 19:00:00,4,17,48.2,0.51,0.034,48.234
Open Circuit,String-8_Panel-8,Low,5,Tighten Connection,Replace Module,731,Cloudy,2023-04-03 19:00:00,8,8,40.32,0.45,0.022,40.342
Open Circuit,String-4_Panel-9,Low,9,Tighten Connection,Replace Fuse,605,Sunny,2023-04-03 19:00:00,4,9,34.61,0.52,0.026,34.636
Shadowing,String-4_Panel-11,High,4,Adjust Tilt,Tighten Connection,586,Sunny,2023-04-03 19:00:00,4,11,121.42,1.71,0.089,121.509
Hotspot,String-4_Panel-13,High,13,Replace Panel Section,Tighten Connection,484,Rainy,2023-04-03 20:00:00,4,13,349.56,4.28,0.242,349.802
Open Circuit,String-10_Panel-20,Critical,14,Replace Module,Replace Module,298,Rainy,2023-04-03 21:00:00,10,20,584.88,5.44,0.34,585.22
Hotspot,String-10_Panel-15,Low,6,Inspect Cells,Inspect Junction Box,817,Rainy,2023-04-03 21:00:00,10,15,75.03,1.09,0.067,75.097
Open Circuit,String-8_Panel-19,Low,8,Tighten Connection,Tighten Connection,500,Sunny,2023-04-03 21:00:00,8,19,37.02,0.54,0.027,37.047000000000004
Short Circuit,String-2_Panel-17,Low,4,Inspect Junction Box,Inspect Junction Box,941,Sunny,2023-04-03 21:00:00,2,17,75.13,1.03,0.046,75.176
Open Circuit,String-8_Panel-13,High,8,Replace Wiring,Adjust Tilt,707,Sunny,2023-04-03 22:00:00,8,13,156.32,2.07,0.134,156.45399999999998
Hotspot,String-5_Panel-13,Critical,1,Replace Module,Replace Panel Section,495,Sunny,2023-04-03 22:00:00,5,13,528.49,6.61,0.311,528.801
Hotspot,String-4_Panel-2,High,13,Replace Panel Section,Replace Panel Section,517,Sunny,2023-04-03 23:00:00,4,2,316.64,3.34,0.212,316.852
Shadowing,String-6_Panel-20,Critical,11,Replace Module,Replace Module,529,Rainy,2023-04-04 00:00:00,6,20,588.3,5.66,0.308,588.608
Open Circuit,String-8_Panel-13,Medium,4,Replace Connector,Remove Obstruction,310,Sunny,2023-04-04 01:00:00,8,13,95.45,0.75,0.033,95.483
Shadowing,String-6_Panel-20,Critical,3,Reinstall Module,Reinstall Module,436,Cloudy,2023-04-04 01:00:00,6,20,205.83,1.96,0.099,205.929
Open Circuit,String-6_Panel-14,Low,7,Replace Wiring,Tighten Connection,640,Rainy,2023-04-04 01:00:00,6,14,163.21,2.24,0.102,163.312
Shadowing,String-4_Panel-10,High,12,Adjust Tilt,Clean Panel,834,Cloudy,2023-04-04 05:00:00,4,10,128.47,2.05,0.089,128.559
Open Circuit,String-1_Panel-10,Medium,7,Replace Connector,Clean Panel,630,Sunny,2023-04-04 05:00:00,1,10,87.73,1.01,0.06,87.79
Shadowing,String-7_Panel-10,High,9,Adjust Tilt,Adjust Tilt,512,Rainy,2023-04-04 05:00:00,7,10,132.13,2.37,0.111,132.24099999999999
Shadowing,String-7_Panel-14,High,10,Adjust Tilt,Adjust Tilt,666,Rainy,2023-04-04 08:00:00,7,14,116.08,1.77,0.09,116.17
Hotspot,String-3_Panel-9,Medium,14,Inspect Cells,Inspect Cells,643,Sunny,2023-04-04 09:00:00,3,9,88.7,1.04,0.067,88.767
Short Circuit,String-8_Panel-7,Critical,4,Replace Module,Replace Module,555,Rainy,2023-04-04 09:00:00,8,7,537.71,5.22,0.336,538.046
Short Circuit,String-1_Panel-10,Critical,4,Replace Module,Replace Module,365,Sunny,2023-04-04 10:00:00,1,10,577.36,7.17,0.361,577.721
Short Circuit,String-10_Panel-16,Low,5,Inspect Junction Box,Inspect Junction Box,577,Rainy,2023-04-04 10:00:00,10,16,62.26,1.02,0.067,62.327
Hotspot,String-10_Panel-6,Medium,8,Replace Panel Section,Inspect Cells,960,Sunny,2023-04-04 10:00:00,10,6,297.76,3.97,0.202,297.962
Open Circuit,String-2_Panel-10,High,7,Replace Wiring,Adjust Tilt,868,Cloudy,2023-04-04 11:00:00,2,10,157.41,2.6,0.167,157.577
Hotspot,String-1_Panel-10,High,2,Replace Panel Section,Replace Panel Section,560,Cloudy,2023-04-04 13:00:00,1,10,294.66,4.59,0.258,294.918
Hotspot,String-3_Panel-20,Low,1,Clean Panel,Replace Wiring,641,Cloudy,2023-04-04 14:00:00,3,20,29.53,0.3,0.013,29.543000000000003
Hotspot,String-1_Panel-20,High,12,Reinstall Module,Clean Panel,804,Rainy,2023-04-04 14:00:00,1,20,209.83,3.16,0.202,210.032
Shadowing,String-9_Panel-2,Low,10,Clean Panel,Replace Wiring,937,Sunny,2023-04-04 17:00:00,9,2,32.92,0.44,0.024,32.944
Hotspot,String-8_Panel-7,Medium,3,Inspect Cells,Inspect Cells,413,Rainy,2023-04-04 18:00:00,8,7,85.68,0.84,0.044,85.724
Open Circuit,String-3_Panel-15,Critical,9,Replace Module,Replace Module,428,Sunny,2023-04-04 18:00:00,3,15,511.11,5.62,0.236,511.346
Short Circuit,String-10_Panel-1,Low,11,Replace Fuse,Inspect Junction Box,934,Rainy,2023-04-04 22:00:00,10,1,68.53,0.57,0.03,68.56
Short Circuit,String-4_Panel-14,Medium,10,Inspect Junction Box,Clean Panel,227,Cloudy,2023-04-04 22:00:00,4,14,63.23,1.16,0.07,63.3
Hotspot,String-2_Panel-13,High,1,Replace Panel Section,Clean Panel,340,Cloudy,2023-04-05 00:00:00,2,13,275.8,4.34,0.252,276.052
Short Circuit,String-8_Panel-2,High,2,Replace Wiring,Replace Fuse,274,Sunny,2023-04-05 01:00:00,8,2,120.89,1.8,0.114,121.004
Shadowing,String-6_Panel-18,Critical,3,Reinstall Module,Reinstall Module,831,Sunny,2023-04-05 02:00:00,6,18,211.75,2.81,0.139,211.889
Hotspot,String-4_Panel-17,High,6,Replace Module,Replace Panel Section,533,Rainy,2023-04-05 03:00:00,4,17,550.25,5.66,0.363,550.613
Shadowing,String-2_Panel-9,Critical,12,Replace Module,Inspect Cells,625,Cloudy,2023-04-05 03:00:00,2,9,473.76,5.03,0.263,474.02299999999997
Hotspot,String-9_Panel-9,Medium,3,Inspect Cells,Inspect Cells,375,Cloudy,2023-04-05 03:00:00,9,9,86.72,1.11,0.048,86.768
Open Circuit,String-6_Panel-1,High,7,Replace Wiring,Replace Wiring,312,Sunny,2023-04-05 04:00:00,6,1,140.46,2.33,0.11,140.57000000000002
Short Circuit,String-5_Panel-15,Critical,6,Replace Module,Inspect Junction Box,772,Cloudy,2023-04-05 04:00:00,5,15,572.06,6.95,0.426,572.486
Shadowing,String-1_Panel-1,High,6,Adjust Tilt,Clean Panel,433,Rainy,2023-04-05 05:00:00,1,1,113.4,1.8,0.103,113.503
Hotspot,String-10_Panel-3,Low,11,Clean Panel,Replace Connector,389,Rainy,2023-04-05 06:00:00,10,3,26.89,0.27,0.013,26.903000000000002
Shadowing,String-1_Panel-15,Medium,9,Remove Obstruction,Remove Obstruction,869,Sunny,2023-04-05 06:00:00,1,15,52.6,0.44,0.02,52.620000000000005
Short Circuit,String-2_Panel-15,Critical,10,Replace Module,Replace Module,870,Sunny,2023-04-05 07:00:00,2,15,538.9,7.09,0.326,539.226
Short Circuit,String-5_Panel-20,High,9,Replace Wiring,Clean Panel,242,Cloudy,2023-04-05 07:00:00,5,20,162.7,2.11,0.107,162.807
Short Circuit,String-2_Panel-15,High,5,Replace Wiring,Replace Panel Section,786,Cloudy,2023-04-05 08:00:00,2,15,134.55,1.97,0.112,134.662
Short Circuit,String-7_Panel-17,High,14,Replace Module,Replace Wiring,580,Rainy,2023-04-05 08:00:00,7,17,509.86,6.32,0.273,510.13300000000004
Shadowing,String-9_Panel-3,Medium,6,Remove Obstruction,Replace Panel Section,646,Cloudy,2023-04-05 09:00:00,9,3,51.57,0.49,0.03,51.6
Hotspot,String-8_Panel-8,Medium,9,Inspect Cells,Inspect Cells,631,Cloudy,2023-04-05 10:00:00,8,8,92.46,1.04,0.064,92.52399999999999
Shadowing,String-5_Panel-13,High,13,Adjust Tilt,Tighten Connection,756,Cloudy,2023-04-05 12:00:00,5,13,118.14,1.58,0.1,118.24
Hotspot,String-5_Panel-10,High,10,Replace Panel Section,Adjust Tilt,428,Cloudy,2023-04-05 14:00:00,5,10,332.98,3.9,0.248,333.228
Hotspot,String-4_Panel-16,Low,12,Inspect Cells,Clean Panel,343,Sunny,2023-04-05 14:00:00,4,16,95.78,0.86,0.048,95.828
Open Circuit,String-1_Panel-12,Low,7,Tighten Connection,Reinstall Module,728,Rainy,2023-04-05 16:00:00,1,12,47.0,0.56,0.034,47.034
Short Circuit,String-1_Panel-6,Critical,12,Replace Wiring,Replace Module,872,Rainy,2023-04-05 17:00:00,1,6,136.39,1.67,0.087,136.47699999999998
Shadowing,String-10_Panel-20,Medium,4,Remove Obstruction,Replace Module,922,Cloudy,2023-04-05 18:00:00,10,20,47.25,0.46,0.024,47.274
Short Circuit,String-1_Panel-16,High,6,Replace Wiring,Adjust Tilt,855,Rainy,2023-04-05 21:00:00,1,16,148.77,2.12,0.126,148.89600000000002
Shadowing,String-1_Panel-6,High,9,Remove Obstruction,Replace Panel Section,785,Cloudy,2023-04-05 21:00:00,1,6,47.27,0.49,0.026,47.29600000000001
Open Circuit,String-7_Panel-4,Low,1,Tighten Connection,Tighten Connection,784,Cloudy,2023-04-05 21:00:00,7,4,45.88,0.51,0.023,45.903000000000006
Short Circuit,String-1_Panel-10,Low,10,Inspect Junction Box,Replace Panel Section,349,Sunny,2023-04-05 22:00:00,1,10,72.34,1.07,0.055,72.39500000000001
Hotspot,String-9_Panel-15,Low,8,Remove Obstruction,Remove Obstruction,539,Sunny,2023-04-05 22:00:00,9,15,45.15,0.61,0.032,45.181999999999995
Short Circuit,String-4_Panel-11,Low,10,Inspect Junction Box,Remove Obstruction,895,Cloudy,2023-04-05 22:00:00,4,11,73.7,1.02,0.054,73.754
Short Circuit,String-1_Panel-11,Critical,2,Replace Module,Adjust Tilt,710,Cloudy,2023-04-05 23:00:00,1,11,591.01,6.4,0.278,591.288
Hotspot,String-6_Panel-13,Medium,6,Inspect Cells,Replace Panel Section,815,Cloudy,2023-04-05 23:00:00,6,13,92.52,0.92,0.056,92.576
Shadowing,String-2_Panel-19,Low,9,Remove Obstruction,Clean Panel,641,Rainy,2023-04-06 00:00:00,2,19,44.83,0.44,0.024,44.854
Shadowing,String-5_Panel-12,Low,8,Remove Obstruction,Replace Fuse,459,Cloudy,2023-04-06 01:00:00,5,12,51.47,0.4,0.025,51.495
Shadowing,String-1_Panel-10,High,12,Remove Obstruction,Replace Module,250,Cloudy,2023-04-06 01:00:00,1,10,46.72,0.58,0.027,46.747
Hotspot,String-7_Panel-18,Critical,13,Replace Module,Replace Connector,214,Sunny,2023-04-06 01:00:00,7,18,473.26,6.05,0.353,473.613
Open Circuit,String-5_Panel-12,Medium,11,Replace Wiring,Replace Connector,651,Sunny,2023-04-06 01:00:00,5,12,165.23,2.0,0.115,165.345
Shadowing,String-10_Panel-14,Critical,7,Reinstall Module,Tighten Connection,389,Sunny,2023-04-06 01:00:00,10,14,209.47,2.64,0.163,209.633
Shadowing,String-10_Panel-13,Critical,3,Reinstall Module,Reinstall Module,969,Rainy,2023-04-06 01:00:00,10,13,206.53,2.6,0.13,206.66
Hotspot,String-10_Panel-17,High,14,Replace Module,Replace Wiring,500,Rainy,2023-04-06 05:00:00,10,17,554.81,6.38,0.397,555.207
Open Circuit,String-9_Panel-2,Low,3,Tighten Connection,Replace Wiring,676,Sunny,2023-04-06 07:00:00,9,2,38.02,0.45,0.022,38.042
Short Circuit,String-3_Panel-10,Critical,11,Replace Module,Replace Fuse,353,Sunny,2023-04-06 08:00:00,3,10,557.69,5.7,0.271,557.961
Short Circuit,String-10_Panel-12,Critical,2,Replace Module,Replace Module,777,Rainy,2023-04-06 08:00:00,10,12,463.58,5.52,0.233,463.813
Hotspot,String-1_Panel-9,Critical,10,Replace Module,Inspect Junction Box,942,Cloudy,2023-04-06 09:00:00,1,9,538.81,5.93,0.341,539.151
Hotspot,String-5_Panel-18,High,5,Replace Module,Replace Panel Section,921,Sunny,2023-04-06 09:00:00,5,18,523.26,5.88,0.306,523.566
Shadowing,String-2_Panel-6,Low,11,Remove Obstruction,Clean Panel,204,Sunny,2023-04-06 10:00:00,2,6,48.29,0.51,0.024,48.314
Hotspot,String-6_Panel-8,Low,2,Clean Panel,Clean Panel,200,Rainy,2023-04-06 11:00:00,6,8,30.48,0.26,0.013,30.493000000000002
Short Circuit,String-1_Panel-5,Medium,7,Replace Fuse,Replace Module,995,Cloudy,2023-04-06 12:00:00,1,5,61.91,0.59,0.025,61.934999999999995
Open Circuit,String-7_Panel-20,High,5,Inspect Junction Box,Replace Wiring,463,Rainy,2023-04-06 13:00:00,7,20,67.69,1.03,0.046,67.736
Hotspot,String-1_Panel-16,High,14,Replace Module,Tighten Connection,367,Sunny,2023-04-06 13:00:00,1,16,480.75,5.18,0.229,480.979
Short Circuit,String-4_Panel-9,Medium,4,Replace Fuse,Inspect Cells,595,Rainy,2023-04-06 13:00:00,4,9,60.9,0.46,0.021,60.921
Open Circuit,String-8_Panel-10,Critical,3,Replace Module,Inspect Cells,847,Sunny,2023-04-06 13:00:00,8,10,498.08,6.94,0.44,498.52
Short Circuit,String-4_Panel-2,High,6,Replace Wiring,Remove Obstruction,821,Sunny,2023-04-06 14:00:00,4,2,151.86,2.14,0.137,151.997
Shadowing,String-3_Panel-1,Low,6,Remove Obstruction,Adjust Tilt,310,Sunny,2023-04-06 14:00:00,3,1,50.77,0.52,0.032,50.802
Open Circuit,String-8_Panel-8,Critical,3,Replace Module,Clean Panel,505,Rainy,2023-04-06 14:00:00,8,8,530.51,5.97,0.306,530.816
Shadowing,String-4_Panel-17,Medium,3,Remove Obstruction,Inspect Cells,328,Cloudy,2023-04-06 15:00:00,4,17,50.14,0.52,0.026,50.166000000000004
Hotspot,String-9_Panel-20,Low,10,Clean Panel,Clean Panel,332,Sunny,2023-04-06 16:00:00,9,20,27.17,0.29,0.015,27.185000000000002
Open Circuit,String-1_Panel-17,Medium,4,Replace Connector,Replace Fuse,268,Cloudy,2023-04-06 16:00:00,1,17,93.46,1.06,0.05,93.50999999999999
Hotspot,String-5_Panel-10,High,5,Replace Panel Section,Reinstall Module,645,Sunny,2023-04-06 16:00:00,5,10,335.72,4.54,0.221,335.94100000000003
Hotspot,String-6_Panel-13,Critical,13,Replace Module,Replace Module,243,Rainy,2023-04-06 16:00:00,6,13,478.69,5.77,0.267,478.957
Short Circuit,String-6_Panel-16,High,9,Replace Wiring,Replace Wiring,368,Rainy,2023-04-06 18:00:00,6,16,154.88,2.1,0.127,155.007
Shadowing,String-8_Panel-8,Low,7,Remove Obstruction,Clean Panel,599,Rainy,2023-04-06 18:00:00,8,8,48.5,0.49,0.021,48.521
Hotspot,String-10_Panel-2,Medium,6,Replace Panel Section,Inspect Cells,920,Sunny,2023-04-06 18:00:00,10,2,341.52,3.52,0.165,341.685
Shadowing,String-10_Panel-3,Low,5,Remove Obstruction,Clean Panel,204,Sunny,2023-04-06 18:00:00,10,3,47.4,0.53,0.033,47.433
Open Circuit,String-9_Panel-6,Critical,2,Replace Wiring,Replace Module,611,Sunny,2023-04-06 20:00:00,9,6,168.79,1.9,0.087,168.87699999999998
Open Circuit,String-4_Panel-8,Low,7,Tighten Connection,Inspect Junction Box,740,Cloudy,2023-04-06 20:00:00,4,8,41.94,0.45,0.019,41.958999999999996
Short Circuit,String-8_Panel-19,Medium,9,Replace Fuse,Replace Module,532,Cloudy,2023-04-06 23:00:00,8,19,58.72,0.47,0.022,58.742
Shadowing,String-3_Panel-13,Low,2,Remove Obstruction,Clean Panel,978,Cloudy,2023-04-07 01:00:00,3,13,54.45,0.46,0.023,54.473000000000006
Short Circuit,String-9_Panel-1,Critical,13,Replace Module,Reinstall Module,826,Sunny,2023-04-07 01:00:00,9,1,533.09,4.99,0.323,533.413
Short Circuit,String-4_Panel-5,Medium,3,Replace Fuse,Clean Panel,622,Rainy,2023-04-07 03:00:00,4,5,53.22,0.54,0.029,53.249
Open Circuit,String-4_Panel-4,Critical,10,Replace Module,Reinstall Module,990,Sunny,2023-04-07 04:00:00,4,4,520.35,5.07,0.261,520.611
Open Circuit,String-6_Panel-13,Low,5,Replace Wiring,Tighten Connection,788,Cloudy,2023-04-07 04:00:00,6,13,161.12,1.81,0.083,161.203
Shadowing,String-3_Panel-3,Low,6,Reinstall Module,Inspect Junction Box,610,Rainy,2023-04-07 05:00:00,3,3,207.27,3.17,0.18,207.45000000000002
Hotspot,String-2_Panel-8,High,9,Replace Panel Section,Adjust Tilt,499,Sunny,2023-04-07 07:00:00,2,8,371.59,4.25,0.221,371.811
Open Circuit,String-10_Panel-13,Low,13,Replace Wiring,Tighten Connection,811,Rainy,2023-04-07 09:00:00,10,13,148.28,1.55,0.096,148.376
Short Circuit,String-9_Panel-11,Medium,4,Replace Connector,Replace Fuse,558,Sunny,2023-04-07 10:00:00,9,11,85.93,1.07,0.061,85.99100000000001
Shadowing,String-9_Panel-16,Low,1,Remove Obstruction,Replace Module,681,Rainy,2023-04-07 11:00:00,9,16,50.95,0.45,0.029,50.979000000000006
Short Circuit,String-10_Panel-4,Critical,12,Replace Module,Inspect Junction Box,951,Sunny,2023-04-07 11:00:00,10,4,470.56,7.62,0.34,470.9
Hotspot,String-5_Panel-1,Critical,10,Replace Module,Replace Panel Section,455,Cloudy,2023-04-07 13:00:00,5,1,587.92,6.92,0.333,588.2529999999999
Hotspot,String-10_Panel-2,Critical,10,Replace Module,Replace Panel Section,717,Sunny,2023-04-07 13:00:00,10,2,568.53,5.93,0.294,568.824
Open Circuit,String-2_Panel-5,High,9,Replace Wiring,Replace Module,201,Rainy,2023-04-07 13:00:00,2,5,168.04,2.27,0.123,168.16299999999998
Shadowing,String-10_Panel-9,Low,6,Clean Panel,Adjust Tilt,779,Sunny,2023-04-07 15:00:00,10,9,27.06,0.28,0.017,27.076999999999998
Open Circuit,String-7_Panel-6,Medium,11,Replace Wiring,Replace Connector,797,Cloudy,2023-04-07 16:00:00,7,6,161.34,1.62,0.093,161.433
Hotspot,String-4_Panel-16,Low,2,Clean Panel,Clean Panel,480,Rainy,2023-04-07 17:00:00,4,16,27.98,0.25,0.015,27.995
Shadowing,String-4_Panel-17,Critical,9,Reinstall Module,Reinstall Module,739,Sunny,2023-04-07 19:00:00,4,17,194.66,3.3,0.197,194.857
Short Circuit,String-7_Panel-1,High,13,Replace Module,Replace Wiring,294,Rainy,2023-04-07 21:00:00,7,1,488.5,4.28,0.205,488.705
Shadowing,String-2_Panel-13,Low,4,Clean Panel,Replace Wiring,505,Sunny,2023-04-07 21:00:00,2,13,34.32,0.38,0.019,34.339
Short Circuit,String-6_Panel-17,High,7,Replace Wiring,Replace Wiring,387,Rainy,2023-04-07 22:00:00,6,17,140.11,1.93,0.102,140.21200000000002
Open Circuit,String-10_Panel-9,Low,13,Replace Wiring,Tighten Connection,446,Sunny,2023-04-08 00:00:00,10,9,143.83,2.06,0.117,143.947
Short Circuit,String-6_Panel-1,Critical,4,Replace Wiring,Replace Module,996,Rainy,2023-04-08 00:00:00,6,1,143.17,1.87,0.097,143.267
Short Circuit,String-4_Panel-2,Low,4,Inspect Junction Box,Adjust Tilt,437,Cloudy,2023-04-08 00:00:00,4,2,64.53,1.05,0.045,64.575
Short Circuit,String-1_Panel-13,Medium,13,Replace Fuse,Replace Fuse,340,Sunny,2023-04-08 01:00:00,1,13,60.61,0.58,0.027,60.637
Hotspot,String-7_Panel-17,Medium,12,Inspect Cells,Inspect Cells,225,Sunny,2023-04-08 02:00:00,7,17,91.25,0.78,0.043,91.293
Shadowing,String-6_Panel-4,Medium,1,Remove Obstruction,Remove Obstruction,897,Cloudy,2023-04-08 04:00:00,6,4,50.11,0.62,0.031,50.141
Shadowing,String-4_Panel-15,High,14,Remove Obstruction,Inspect Cells,305,Rainy,2023-04-08 06:00:00,4,15,49.62,0.59,0.032,49.651999999999994
Shadowing,String-4_Panel-4,High,3,Remove Obstruction,Adjust Tilt,908,Cloudy,2023-04-08 07:00:00,4,4,49.15,0.52,0.022,49.172
Short Circuit,String-7_Panel-17,High,2,Replace Wiring,Replace Wiring,679,Cloudy,2023-04-08 07:00:00,7,17,168.79,2.11,0.092,168.882
Shadowing,String-9_Panel-4,High,10,Adjust Tilt,Adjust Tilt,976,Rainy,2023-04-08 07:00:00,9,4,116.54,1.82,0.105,116.64500000000001
Short Circuit,String-8_Panel-2,Medium,4,Replace Fuse,Replace Connector,863,Sunny,2023-04-08 08:00:00,8,2,54.44,0.53,0.029,54.469
Hotspot,String-10_Panel-10,High,12,Replace Panel Section,Reinstall Module,311,Rainy,2023-04-08 09:00:00,10,10,302.8,4.24,0.279,303.079
Short Circuit,String-4_Panel-10,Critical,11,Replace Module,Replace Panel Section,741,Sunny,2023-04-08 09:00:00,4,10,552.05,5.66,0.268,552.318
Shadowing,String-8_Panel-7,Low,5,Remove Obstruction,Replace Wiring,217,Cloudy,2023-04-08 11:00:00,8,7,48.43,0.54,0.025,48.455
Open Circuit,String-2_Panel-10,High,6,Inspect Junction Box,Inspect Junction Box,238,Rainy,2023-04-08 12:00:00,2,10,74.17,1.01,0.044,74.214
Shadowing,String-1_Panel-3,High,4,Adjust Tilt,Replace Connector,564,Sunny,2023-04-08 14:00:00,1,3,129.68,1.98,0.11,129.79000000000002
Hotspot,String-2_Panel-3,Critical,10,Replace Module,Replace Module,653,Sunny,2023-04-08 15:00:00,2,3,548.71,5.44,0.324,549.034
Open Circuit,String-9_Panel-12,Critical,9,Replace Module,Replace Module,850,Sunny,2023-04-08 16:00:00,9,12,547.26,5.78,0.27,547.53
Open Circuit,String-5_Panel-18,Low,2,Tighten Connection,Tighten Connection,932,Rainy,2023-04-08 20:00:00,5,18,39.43,0.56,0.024,39.454
Shadowing,String-8_Panel-1,Critical,11,Replace Module,Reinstall Module,871,Rainy,2023-04-08 21:00:00,8,1,531.98,5.73,0.297,532.277
Short Circuit,String-10_Panel-1,Low,5,Replace Wiring,Inspect Junction Box,420,Rainy,2023-04-08 21:00:00,10,1,164.31,1.99,0.108,164.418
Short Circuit,String-3_Panel-8,Medium,1,Replace Fuse,Tighten Connection,614,Sunny,2023-04-08 22:00:00,3,8,60.22,0.51,0.023,60.243
Short Circuit,String-5_Panel-20,Critical,2,Replace Module,Replace Connector,626,Sunny,2023-04-08 23:00:00,5,20,569.99,6.06,0.311,570.301
Shadowing,String-1_Panel-19,Low,11,Remove Obstruction,Clean Panel,852,Rainy,2023-04-08 23:00:00,1,19,47.19,0.49,0.024,47.214
Hotspot,String-7_Panel-9,Low,3,Clean Panel,Clean Panel,322,Rainy,2023-04-08 23:00:00,7,9,32.04,0.33,0.016,32.056
Hotspot,String-1_Panel-12,Critical,1,Replace Module,Replace Module,685,Cloudy,2023-04-08 23:00:00,1,12,560.64,5.94,0.347,560.987
Short Circuit,String-1_Panel-6,High,10,Replace Module,Replace Wiring,496,Rainy,2023-04-08 23:00:00,1,6,575.59,7.05,0.405,575.995
Shadowing,String-6_Panel-16,High,13,Remove Obstruction,Replace Module,897,Sunny,2023-04-09 01:00:00,6,16,52.84,0.55,0.036,52.876000000000005
Open Circuit,String-9_Panel-13,Critical,12,Reinstall Module,Replace Module,412,Sunny,2023-04-09 02:00:00,9,13,211.65,2.52,0.119,211.769
Open Circuit,String-2_Panel-20,Low,8,Tighten Connection,Inspect Junction Box,628,Sunny,2023-04-09 04:00:00,2,20,43.41,0.47,0.026,43.436
Open Circuit,String-8_Panel-4,Medium,8,Replace Connector,Replace Panel Section,562,Cloudy,2023-04-09 04:00:00,8,4,93.63,0.97,0.047,93.67699999999999
Open Circuit,String-5_Panel-15,High,9,Replace Wiring,Replace Wiring,891,Cloudy,2023-04-09 06:00:00,5,15,158.92,1.86,0.082,159.00199999999998
Short Circuit,String-3_Panel-16,Critical,12,Replace Module,Replace Panel Section,226,Rainy,2023-04-09 07:00:00,3,16,536.05,5.62,0.329,536.3789999999999
Short Circuit,String-5_Panel-20,Medium,2,Inspect Junction Box,Replace Fuse,495,Cloudy,2023-04-09 07:00:00,5,20,62.48,0.97,0.042,62.522
Hotspot,String-10_Panel-12,Low,12,Clean Panel,Clean Panel,333,Cloudy,2023-04-09 10:00:00,10,12,31.45,0.27,0.013,31.463
Short Circuit,String-9_Panel-9,High,3,Replace Wiring,Tighten Connection,679,Cloudy,2023-04-09 11:00:00,9,9,150.19,2.13,0.129,150.319
Hotspot,String-9_Panel-14,High,2,Replace Panel Section,Replace Panel Section,620,Rainy,2023-04-09 11:00:00,9,14,306.89,4.14,0.243,307.133
Open Circuit,String-7_Panel-15,Medium,9,Replace Connector,Remove Obstruction,445,Rainy,2023-04-09 12:00:00,7,15,91.48,0.8,0.049,91.52900000000001
Shadowing,String-3_Panel-7,High,1,Adjust Tilt,Adjust Tilt,338,Sunny,2023-04-09 12:00:00,3,7,139.62,1.69,0.076,139.696
Hotspot,String-10_Panel-18,Medium,5,Inspect Cells,Inspect Cells,241,Cloudy,2023-04-09 13:00:00,10,18,83.46,1.01,0.043,83.503
Hotspot,String-6_Panel-4,Medium,3,Inspect Cells,Inspect Cells,704,Rainy,2023-04-09 15:00:00,6,4,92.75,1.01,0.05,92.8
Shadowing,String-8_Panel-17,Medium,5,Remove Obstruction,Adjust Tilt,728,Sunny,2023-04-09 16:00:00,8,17,49.53,0.48,0.029,49.559000000000005
Short Circuit,String-2_Panel-4,Medium,6,Replace Fuse,Replace Fuse,450,Cloudy,2023-04-09 17:00:00,2,4,51.28,0.52,0.026,51.306000000000004
Open Circuit,String-8_Panel-14,High,5,Replace Wiring,Replace Wiring,329,Cloudy,2023-04-09 17:00:00,8,14,155.5,2.16,0.105,155.605
Shadowing,String-8_Panel-12,Critical,14,Replace Module,Reinstall Module,614,Cloudy,2023-04-09 23:00:00,8,12,509.84,6.71,0.337,510.17699999999996
Open Circuit,String-10_Panel-12,Low,7,Tighten Connection,Replace Panel Section,691,Cloudy,2023-04-10 00:00:00,10,12,44.76,0.55,0.025,44.785
Hotspot,String-9_Panel-10,Critical,8,Replace Module,Replace Module,419,Sunny,2023-04-10 00:00:00,9,10,528.72,5.46,0.275,528.995
Shadowing,String-10_Panel-18,Low,7,Remove Obstruction,Replace Module,475,Cloudy,2023-04-10 01:00:00,10,18,45.49,0.5,0.031,45.521
Short Circuit,String-10_Panel-7,Medium,4,Replace Fuse,Replace Fuse,649,Cloudy,2023-04-10 02:00:00,10,7,52.95,0.5,0.021,52.971000000000004
Shadowing,String-9_Panel-4,Medium,5,Remove Obstruction,Remove Obstruction,531,Sunny,2023-04-10 02:00:00,9,4,45.31,0.48,0.026,45.336000000000006
Shadowing,String-9_Panel-9,Medium,6,Remove Obstruction,Replace Panel Section,911,Rainy,2023-04-10 02:00:00,9,9,47.53,0.56,0.03,47.56
Open Circuit,String-10_Panel-1,High,7,Replace Wiring,Replace Wiring,213,Sunny,2023-04-10 02:00:00,10,1,126.17,2.0,0.108,126.278
Shadowing,String-10_Panel-8,Critical,10,Replace Module,Reinstall Module,482,Cloudy,2023-04-10 03:00:00,10,8,536.82,5.61,0.284,537.104
Shadowing,String-5_Panel-15,High,10,Remove Obstruction,Adjust Tilt,312,Sunny,2023-04-10 04:00:00,5,15,49.97,0.47,0.022,49.992
Hotspot,String-3_Panel-2,Critical,1,Replace Module,Inspect Cells,978,Sunny,2023-04-10 04:00:00,3,2,506.51,5.96,0.319,506.829
Short Circuit,String-9_Panel-3,Critical,6,Replace Wiring,Clean Panel,923,Rainy,2023-04-10 05:00:00,9,3,147.66,2.13,0.117,147.777
Open Circuit,String-7_Panel-20,Medium,6,Replace Connector,Replace Connector,601,Cloudy,2023-04-10 05:00:00,7,20,95.27,1.03,0.059,95.329
Shadowing,String-5_Panel-4,Critical,13,Replace Module,Reinstall Module,958,Sunny,2023-04-10 07:00:00,5,4,524.17,5.59,0.257,524.4269999999999
Shadowing,String-4_Panel-19,Medium,11,Reinstall Module,Remove Obstruction,909,Cloudy,2023-04-10 07:00:00,4,19,232.46,3.44,0.177,232.637
Shadowing,String-4_Panel-1,Critical,5,Reinstall Module,Reinstall Module,781,Rainy,2023-04-10 07:00:00,4,1,213.69,2.69,0.163,213.853
Shadowing,String-9_Panel-5,High,3,Adjust Tilt,Inspect Cells,607,Rainy,2023-04-10 09:00:00,9,5,129.1,2.36,0.122,129.222
Hotspot,String-10_Panel-12,Low,11,Clean Panel,Clean Panel,455,Sunny,2023-04-10 09:00:00,10,12,28.84,0.38,0.017,28.857
Short Circuit,String-4_Panel-15,Low,6,Replace Fuse,Clean Panel,297,Rainy,2023-04-10 10:00:00,4,15,68.75,0.51,0.024,68.774
Open Circuit,String-7_Panel-8,Low,6,Replace Wiring,Inspect Junction Box,245,Rainy,2023-04-10 13:00:00,7,8,146.33,2.23,0.125,146.455
Short Circuit,String-5_Panel-17,Critical,4,Replace Module,Replace Module,940,Rainy,2023-04-10 14:00:00,5,17,476.94,5.75,0.333,477.273
Shadowing,String-5_Panel-18,Low,11,Clean Panel,Replace Module,459,Sunny,2023-04-10 15:00:00,5,18,29.69,0.28,0.017,29.707
Short Circuit,String-8_Panel-3,Medium,4,Replace Fuse,Replace Fuse,824,Cloudy,2023-04-10 16:00:00,8,3,65.3,0.47,0.021,65.321
Shadowing,String-4_Panel-11,Medium,12,Remove Obstruction,Inspect Junction Box,999,Sunny,2023-04-10 18:00:00,4,11,45.17,0.45,0.026,45.196000000000005
Shadowing,String-5_Panel-6,Low,14,Clean Panel,Inspect Junction Box,538,Sunny,2023-04-10 18:00:00,5,6,30.08,0.27,0.012,30.092
Hotspot,String-10_Panel-8,Low,14,Inspect Cells,Clean Panel,820,Cloudy,2023-04-10 19:00:00,10,8,77.76,1.05,0.066,77.82600000000001
Shadowing,String-7_Panel-16,Low,5,Remove Obstruction,Clean Panel,562,Rainy,2023-04-10 20:00:00,7,16,45.95,0.39,0.018,45.968
Hotspot,String-3_Panel-11,High,14,Replace Panel Section,Replace Panel Section,692,Rainy,2023-04-10 21:00:00,3,11,273.85,4.02,0.239,274.089
Short Circuit,String-5_Panel-15,Low,9,Inspect Junction Box,Remove Obstruction,416,Sunny,2023-04-10 22:00:00,5,15,79.37,0.78,0.045,79.415
Short Circuit,String-9_Panel-1,Critical,13,Replace Module,Clean Panel,994,Sunny,2023-04-11 01:00:00,9,1,478.86,5.14,0.325,479.185
Hotspot,String-5_Panel-6,High,11,Replace Panel Section,Replace Panel Section,898,Sunny,2023-04-11 02:00:00,5,6,351.44,4.29,0.257,351.697
Short Circuit,String-8_Panel-19,High,8,Replace Wiring,Inspect Junction Box,329,Rainy,2023-04-11 03:00:00,8,19,158.46,1.46,0.078,158.538
Short Circuit,String-8_Panel-5,High,4,Replace Wiring,Clean Panel,387,Rainy,2023-04-11 03:00:00,8,5,140.11,2.02,0.105,140.215
Shadowing,String-9_Panel-9,Medium,12,Remove Obstruction,Remove Obstruction,714,Sunny,2023-04-11 03:00:00,9,9,49.43,0.49,0.022,49.452
Open Circuit,String-9_Panel-14,High,5,Replace Wiring,Inspect Junction Box,250,Sunny,2023-04-11 03:00:00,9,14,156.48,2.04,0.112,156.59199999999998
Hotspot,String-2_Panel-11,Medium,14,Inspect Cells,Inspect Junction Box,307,Cloudy,2023-04-11 05:00:00,2,11,87.73,1.1,0.07,87.8
Short Circuit,String-4_Panel-2,Medium,13,Replace Fuse,Replace Fuse,499,Rainy,2023-04-11 05:00:00,4,2,59.71,0.57,0.037,59.747
Hotspot,String-9_Panel-6,High,7,Replace Panel Section,Replace Panel Section,391,Sunny,2023-04-11 06:00:00,9,6,366.2,3.36,0.217,366.417
Short Circuit,String-5_Panel-6,Critical,10,Replace Module,Replace Module,958,Sunny,2023-04-11 07:00:00,5,6,480.47,7.58,0.462,480.932
Hotspot,String-6_Panel-16,High,2,Replace Module,Replace Wiring,967,Cloudy,2023-04-11 08:00:00,6,16,499.17,5.73,0.294,499.464
Open Circuit,String-5_Panel-5,Medium,5,Replace Connector,Replace Connector,615,Cloudy,2023-04-11 08:00:00,5,5,87.64,0.98,0.059,87.699
Short Circuit,String-9_Panel-7,Low,14,Replace Fuse,Inspect Junction Box,790,Rainy,2023-04-11 08:00:00,9,7,60.27,0.5,0.03,60.300000000000004
Short Circuit,String-2_Panel-6,High,4,Replace Wiring,Replace Panel Section,469,Rainy,2023-04-11 08:00:00,2,6,165.71,1.95,0.127,165.83700000000002
Shadowing,String-4_Panel-1,High,8,Adjust Tilt,Adjust Tilt,995,Sunny,2023-04-11 08:00:00,4,1,109.42,2.18,0.096,109.516
Open Circuit,String-4_Panel-6,Critical,14,Replace Module,Replace Module,348,Cloudy,2023-04-11 08:00:00,4,6,470.72,5.87,0.258,470.978
Open Circuit,String-7_Panel-5,Low,1,Tighten Connection,Tighten Connection,364,Rainy,2023-04-11 09:00:00,7,5,40.58,0.59,0.027,40.607
Hotspot,String-6_Panel-1,Critical,10,Replace Module,Inspect Cells,625,Cloudy,2023-04-11 09:00:00,6,1,563.59,5.53,0.251,563.841
Shadowing,String-10_Panel-4,Medium,9,Remove Obstruction,Remove Obstruction,955,Sunny,2023-04-11 11:00:00,10,4,50.87,0.54,0.033,50.903
Shadowing,String-8_Panel-13,Critical,1,Reinstall Module,Replace Module,969,Rainy,2023-04-11 13:00:00,8,13,188.17,3.32,0.186,188.356
Hotspot,String-5_Panel-3,Medium,11,Inspect Cells,Inspect Cells,448,Cloudy,2023-04-11 14:00:00,5,3,81.03,0.78,0.04,81.07000000000001
Open Circuit,String-7_Panel-20,High,2,Inspect Junction Box,Replace Module,627,Rainy,2023-04-11 15:00:00,7,20,68.15,0.98,0.055,68.20500000000001
Shadowing,String-2_Panel-2,Medium,5,Remove Obstruction,Remove Obstruction,755,Sunny,2023-04-11 15:00:00,2,2,48.17,0.48,0.031,48.201
Open Circuit,String-9_Panel-2,Low,12,Inspect Junction Box,Tighten Connection,990,Rainy,2023-04-11 15:00:00,9,2,78.23,1.0,0.047,78.277
Shadowing,String-1_Panel-11,High,14,Remove Obstruction,Adjust Tilt,326,Rainy,2023-04-11 16:00:00,1,11,45.22,0.51,0.032,45.251999999999995
Shadowing,String-6_Panel-8,Critical,8,Replace Module,Tighten Connection,849,Cloudy,2023-04-11 16:00:00,6,8,455.01,6.46,0.345,455.355
Short Circuit,String-6_Panel-11,Medium,8,Replace Fuse,Replace Fuse,742,Rainy,2023-04-11 16:00:00,6,11,58.23,0.52,0.027,58.257
Hotspot,String-8_Panel-8,Low,4,Clean Panel,Replace Wiring,454,Cloudy,2023-04-11 17:00:00,8,8,31.45,0.32,0.02,31.47
Short Circuit,String-3_Panel-2,High,1,Replace Wiring,Replace Wiring,877,Rainy,2023-04-11 17:00:00,3,2,148.87,1.94,0.083,148.953
Short Circuit,String-10_Panel-10,Critical,6,Replace Module,Replace Module,942,Rainy,2023-04-11 18:00:00,10,10,502.93,6.03,0.353,503.283
Open Circuit,String-7_Panel-2,Low,3,Tighten Connection,Clean Panel,356,Rainy,2023-04-11 18:00:00,7,2,40.26,0.59,0.038,40.297999999999995
Shadowing,String-6_Panel-3,Low,2,Clean Panel,Reinstall Module,318,Sunny,2023-04-11 18:00:00,6,3,29.72,0.29,0.016,29.735999999999997
Shadowing,String-6_Panel-16,Low,2,Remove Obstruction,Inspect Cells,731,Sunny,2023-04-11 18:00:00,6,16,52.59,0.48,0.027,52.617000000000004
Open Circuit,String-7_Panel-11,Low,6,Tighten Connection,Inspect Junction Box,233,Rainy,2023-04-11 19:00:00,7,11,40.71,0.51,0.031,40.741
Shadowing,String-10_Panel-18,Low,7,Remove Obstruction,Clean Panel,212,Cloudy,2023-04-11 19:00:00,10,18,55.59,0.5,0.024,55.614000000000004
Short Circuit,String-3_Panel-4,Critical,12,Replace Module,Replace Module,399,Sunny,2023-04-11 20:00:00,3,4,529.67,5.06,0.241,529.911
Shadowing,String-9_Panel-3,Critical,3,Adjust Tilt,Replace Connector,613,Sunny,2023-04-11 20:00:00,9,3,116.42,2.14,0.099,116.519
Open Circuit,String-6_Panel-6,Critical,6,Replace Module,Replace Connector,566,Sunny,2023-04-11 21:00:00,6,6,507.6,5.88,0.358,507.958
Short Circuit,String-9_Panel-11,Low,6,Replace Fuse,Replace Connector,977,Rainy,2023-04-11 21:00:00,9,11,63.89,0.54,0.026,63.916000000000004
Hotspot,String-4_Panel-13,Medium,2,Inspect Cells,Inspect Cells,396,Rainy,2023-04-11 21:00:00,4,13,82.75,1.14,0.06,82.81
Short Circuit,String-2_Panel-20,Critical,2,Replace Module,Replace Fuse,540,Sunny,2023-04-11 22:00:00,2,20,462.24,5.13,0.277,462.517
Short Circuit,String-8_Panel-10,Low,11,Inspect Junction Box,Replace Fuse,340,Cloudy,2023-04-11 23:00:00,8,10,76.73,0.93,0.049,76.77900000000001
Shadowing,String-10_Panel-7,Medium,10,Remove Obstruction,Remove Obstruction,907,Sunny,2023-04-12 01:00:00,10,7,49.14,0.53,0.025,49.165
Open Circuit,String-4_Panel-15,Low,4,Replace Connector,Tighten Connection,229,Cloudy,2023-04-12 01:00:00,4,15,86.16,0.84,0.043,86.203
Hotspot,String-3_Panel-7,Low,4,Inspect Cells,Clean Panel,845,Rainy,2023-04-12 02:00:00,3,7,93.01,1.01,0.051,93.061
Hotspot,String-2_Panel-18,Low,7,Clean Panel,Tighten Connection,693,Sunny,2023-04-12 06:00:00,2,18,32.97,0.28,0.017,32.987
Shadowing,String-2_Panel-16,Medium,13,Remove Obstruction,Replace Connector,816,Cloudy,2023-04-12 06:00:00,2,16,55.61,0.5,0.025,55.635
Short Circuit,String-3_Panel-1,Critical,11,Replace Module,Replace Module,996,Rainy,2023-04-12 07:00:00,3,1,615.24,6.28,0.285,615.525
Shadowing,String-4_Panel-1,Critical,5,Reinstall Module,Replace Fuse,473,Sunny,2023-04-12 07:00:00,4,1,215.3,3.25,0.211,215.51100000000002
Open Circuit,String-6_Panel-17,Medium,5,Replace Wiring,Replace Fuse,711,Sunny,2023-04-12 08:00:00,6,17,142.05,2.08,0.109,142.15900000000002
Shadowing,String-2_Panel-12,Medium,5,Remove Obstruction,Remove Obstruction,654,Cloudy,2023-04-12 08:00:00,2,12,52.67,0.5,0.022,52.692
Short Circuit,String-3_Panel-13,Low,12,Inspect Junction Box,Inspect Junction Box,314,Sunny,2023-04-12 12:00:00,3,13,69.18,0.97,0.057,69.23700000000001
Open Circuit,String-10_Panel-6,High,12,Replace Wiring,Replace Wiring,814,Cloudy,2023-04-12 12:00:00,10,6,159.49,2.36,0.124,159.614
Shadowing,String-9_Panel-18,High,2,Remove Obstruction,Replace Connector,509,Sunny,2023-04-12 13:00:00,9,18,52.21,0.53,0.028,52.238
Short Circuit,String-8_Panel-12,High,8,Replace Wiring,Inspect Junction Box,812,Cloudy,2023-04-12 13:00:00,8,12,131.68,1.69,0.09,131.77
Short Circuit,String-5_Panel-8,Critical,10,Replace Module,Replace Wiring,709,Rainy,2023-04-12 14:00:00,5,8,431.02,7.01,0.404,431.424
Open Circuit,String-4_Panel-13,Medium,12,Replace Wiring,Replace Wiring,993,Cloudy,2023-04-12 15:00:00,4,13,149.64,1.47,0.071,149.71099999999998
Short Circuit,String-4_Panel-13,High,11,Replace Wiring,Tighten Connection,370,Sunny,2023-04-12 16:00:00,4,13,149.97,2.47,0.137,150.107
Short Circuit,String-4_Panel-17,Medium,6,Replace Fuse,Replace Fuse,394,Cloudy,2023-04-12 17:00:00,4,17,64.15,0.47,0.026,64.176
Short Circuit,String-7_Panel-1,High,9,Replace Module,Reinstall Module,242,Sunny,2023-04-12 18:00:00,7,1,570.53,5.75,0.315,570.845
Short Circuit,String-5_Panel-5,Low,2,Inspect Junction Box,Inspect Junction Box,265,Rainy,2023-04-12 19:00:00,5,5,77.94,1.01,0.062,78.002
Shadowing,String-7_Panel-17,Medium,3,Remove Obstruction,Remove Obstruction,379,Rainy,2023-04-12 20:00:00,7,17,47.26,0.58,0.026,47.286
Shadowing,String-1_Panel-1,Medium,9,Remove Obstruction,Replace Fuse,901,Rainy,2023-04-12 20:00:00,1,1,51.74,0.51,0.03,51.77
Open Circuit,String-2_Panel-16,Critical,12,Replace Panel Section,Replace Panel Section,703,Rainy,2023-04-12 21:00:00,2,16,319.96,3.79,0.211,320.171
Short Circuit,String-2_Panel-16,Medium,1,Replace Wiring,Tighten Connection,692,Sunny,2023-04-12 21:00:00,2,16,147.56,1.64,0.092,147.65200000000002
Hotspot,String-7_Panel-15,Critical,2,Replace Module,Clean Panel,320,Cloudy,2023-04-12 21:00:00,7,15,448.17,6.44,0.422,448.59200000000004
Shadowing,String-3_Panel-6,High,7,Remove Obstruction,Adjust Tilt,509,Rainy,2023-04-12 23:00:00,3,6,51.2,0.51,0.032,51.232
Hotspot,String-6_Panel-12,Critical,6,Replace Module,Reinstall Module,356,Cloudy,2023-04-12 23:00:00,6,12,538.24,6.11,0.31,538.55
Shadowing,String-9_Panel-3,Low,6,Clean Panel,Clean Panel,357,Sunny,2023-04-13 00:00:00,9,3,29.22,0.32,0.02,29.24
Shadowing,String-5_Panel-6,High,9,Adjust Tilt,Adjust Tilt,864,Rainy,2023-04-13 01:00:00,5,6,136.19,1.67,0.096,136.286
Hotspot,String-4_Panel-1,Medium,6,Inspect Cells,Replace Connector,298,Rainy,2023-04-13 04:00:00,4,1,74.35,1.18,0.064,74.41399999999999
Hotspot,String-7_Panel-13,Low,3,Clean Panel,Adjust Tilt,465,Rainy,2023-04-13 05:00:00,7,13,30.84,0.31,0.018,30.858
Short Circuit,String-3_Panel-17,Medium,7,Replace Fuse,Clean Panel,354,Cloudy,2023-04-13 05:00:00,3,17,65.81,0.57,0.033,65.843
Hotspot,String-7_Panel-18,Medium,8,Inspect Cells,Inspect Cells,849,Cloudy,2023-04-13 06:00:00,7,18,82.63,1.09,0.064,82.69399999999999
Shadowing,String-4_Panel-9,Medium,6,Remove Obstruction,Replace Fuse,877,Rainy,2023-04-13 06:00:00,4,9,49.24,0.48,0.031,49.271
Short Circuit,String-4_Panel-12,Medium,12,Replace Wiring,Reinstall Module,715,Sunny,2023-04-13 06:00:00,4,12,169.97,1.82,0.094,170.064
Short Circuit,String-4_Panel-14,Critical,2,Replace Module,Replace Panel Section,588,Cloudy,2023-04-13 07:00:00,4,14,534.6,6.35,0.313,534.913
Hotspot,String-2_Panel-1,High,10,Replace Panel Section,Clean Panel,258,Sunny,2023-04-13 08:00:00,2,1,368.22,4.2,0.225,368.44500000000005
Open Circuit,String-3_Panel-1,High,5,Replace Wiring,Inspect Junction Box,966,Sunny,2023-04-13 08:00:00,3,1,171.11,1.89,0.114,171.22400000000002
Open Circuit,String-2_Panel-3,Critical,4,Replace Module,Replace Module,827,Sunny,2023-04-13 08:00:00,2,3,467.86,5.88,0.258,468.118
Short Circuit,String-5_Panel-17,High,2,Replace Wiring,Replace Module,347,Sunny,2023-04-13 08:00:00,5,17,158.97,2.1,0.108,159.078
Open Circuit,String-3_Panel-20,High,8,Replace Wiring,Clean Panel,349,Sunny,2023-04-13 10:00:00,3,20,148.79,2.18,0.107,148.897
Shadowing,String-9_Panel-11,Low,4,Remove Obstruction,Adjust Tilt,537,Cloudy,2023-04-13 11:00:00,9,11,50.82,0.54,0.027,50.847
Hotspot,String-1_Panel-19,Critical,7,Replace Module,Replace Module,774,Rainy,2023-04-13 12:00:00,1,19,548.49,4.79,0.217,548.707
Hotspot,String-4_Panel-9,High,3,Replace Panel Section,Replace Panel Section,432,Rainy,2023-04-13 12:00:00,4,9,290.22,4.69,0.231,290.451
Shadowing,String-7_Panel-7,High,10,Adjust Tilt,Adjust Tilt,982,Cloudy,2023-04-13 13:00:00,7,7,104.16,2.03,0.105,104.265
Hotspot,String-10_Panel-5,Critical,6,Replace Module,Reinstall Module,566,Cloudy,2023-04-13 13:00:00,10,5,457.41,6.38,0.282,457.692
Short Circuit,String-1_Panel-14,Low,5,Inspect Junction Box,Inspect Junction Box,797,Rainy,2023-04-13 14:00:00,1,14,64.2,0.93,0.057,64.257
Short Circuit,String-10_Panel-19,Low,11,Inspect Junction Box,Inspect Junction Box,496,Cloudy,2023-04-13 14:00:00,10,19,77.25,1.13,0.065,77.315
Short Circuit,String-4_Panel-9,Critical,12,Replace Module,Replace Fuse,425,Rainy,2023-04-13 15:00:00,4,9,419.02,6.28,0.39,419.40999999999997
Shadowing,String-7_Panel-16,Low,3,Clean Panel,Clean Panel,469,Sunny,2023-04-13 16:00:00,7,16,32.96,0.32,0.017,32.977000000000004
Short Circuit,String-7_Panel-9,Critical,5,Replace Module,Replace Module,516,Cloudy,2023-04-13 16:00:00,7,9,498.15,7.39,0.417,498.56699999999995
Open Circuit,String-7_Panel-17,Medium,7,Replace Wiring,Inspect Junction Box,932,Cloudy,2023-04-13 17:00:00,7,17,136.23,2.23,0.13,136.35999999999999
Shadowing,String-1_Panel-13,High,7,Remove Obstruction,Inspect Junction Box,284,Rainy,2023-04-13 18:00:00,1,13,45.27,0.59,0.029,45.29900000000001
Shadowing,String-10_Panel-19,Low,12,Remove Obstruction,Clean Panel,398,Sunny,2023-04-13 18:00:00,10,19,48.47,0.43,0.026,48.496
Short Circuit,String-9_Panel-7,High,5,Replace Wiring,Inspect Junction Box,424,Sunny,2023-04-13 18:00:00,9,7,149.71,2.34,0.137,149.847
Hotspot,String-5_Panel-6,Low,7,Clean Panel,Clean Panel,324,Sunny,2023-04-13 18:00:00,5,6,28.75,0.28,0.015,28.765
Short Circuit,String-2_Panel-1,High,13,Replace Wiring,Replace Wiring,200,Cloudy,2023-04-13 19:00:00,2,1,167.55,1.55,0.073,167.62300000000002
Short Circuit,String-7_Panel-6,Low,12,Inspect Junction Box,Inspect Junction Box,748,Sunny,2023-04-13 19:00:00,7,6,69.32,0.88,0.042,69.362
Open Circuit,String-2_Panel-5,Critical,11,Replace Panel Section,Replace Module,955,Cloudy,2023-04-13 19:00:00,2,5,285.45,3.78,0.197,285.647
Open Circuit,String-7_Panel-16,Low,6,Tighten Connection,Tighten Connection,315,Sunny,2023-04-13 20:00:00,7,16,38.4,0.5,0.023,38.423
Short Circuit,String-3_Panel-18,High,5,Replace Wiring,Replace Panel Section,295,Cloudy,2023-04-13 22:00:00,3,18,168.88,2.12,0.112,168.992
Open Circuit,String-1_Panel-3,Critical,13,Replace Module,Tighten Connection,987,Sunny,2023-04-13 23:00:00,1,3,513.34,5.6,0.366,513.706
Open Circuit,String-9_Panel-5,High,3,Replace Wiring,Tighten Connection,729,Rainy,2023-04-14 00:00:00,9,5,143.06,1.96,0.105,143.165
Open Circuit,String-4_Panel-7,Medium,9,Replace Connector,Replace Connector,636,Cloudy,2023-04-14 01:00:00,4,7,81.09,1.09,0.065,81.155
Shadowing,String-6_Panel-17,Low,2,Clean Panel,Clean Panel,670,Sunny,2023-04-14 01:00:00,6,17,33.05,0.33,0.02,33.07
Open Circuit,String-2_Panel-11,Critical,10,Replace Module,Replace Fuse,759,Rainy,2023-04-14 01:00:00,2,11,515.41,5.38,0.273,515.683
Shadowing,String-9_Panel-10,Low,11,Adjust Tilt,Reinstall Module,750,Cloudy,2023-04-14 02:00:00,9,10,105.34,1.66,0.087,105.427
Short Circuit,String-7_Panel-13,High,8,Replace Wiring,Replace Wiring,908,Cloudy,2023-04-14 02:00:00,7,13,169.5,2.05,0.114,169.614
Hotspot,String-2_Panel-1,Critical,9,Replace Module,Replace Module,317,Cloudy,2023-04-14 03:00:00,2,1,436.97,5.64,0.319,437.28900000000004
Open Circuit,String-7_Panel-9,Medium,12,Replace Connector,Replace Connector,582,Cloudy,2023-04-14 03:00:00,7,9,95.62,0.81,0.041,95.661
Short Circuit,String-6_Panel-1,Medium,13,Replace Fuse,Adjust Tilt,482,Rainy,2023-04-14 04:00:00,6,1,62.47,0.56,0.027,62.497
Open Circuit,String-6_Panel-10,Critical,12,Replace Module,Replace Module,915,Cloudy,2023-04-14 05:00:00,6,10,543.72,6.39,0.368,544.0880000000001
Open Circuit,String-6_Panel-9,Medium,3,Tighten Connection,Inspect Junction Box,286,Cloudy,2023-04-14 07:00:00,6,9,36.5,0.53,0.028,36.528
Short Circuit,String-8_Panel-14,Low,7,Inspect Junction Box,Inspect Junction Box,431,Cloudy,2023-04-14 07:00:00,8,14,75.01,1.04,0.061,75.07100000000001
Hotspot,String-10_Panel-17,Low,9,Inspect Cells,Replace Panel Section,934,Sunny,2023-04-14 07:00:00,10,17,89.69,1.0,0.05,89.74
Short Circuit,String-8_Panel-12,Medium,10,Inspect Junction Box,Replace Module,850,Sunny,2023-04-14 07:00:00,8,12,68.35,0.92,0.059,68.40899999999999
Shadowing,String-10_Panel-16,Critical,14,Reinstall Module,Reinstall Module,757,Rainy,2023-04-14 08:00:00,10,16,177.31,2.64,0.114,177.424
Shadowing,String-4_Panel-17,High,8,Adjust Tilt,Adjust Tilt,617,Sunny,2023-04-14 10:00:00,4,17,135.49,2.25,0.119,135.609
Hotspot,String-2_Panel-17,Low,7,Inspect Cells,Clean Panel,888,Sunny,2023-04-14 12:00:00,2,17,94.19,1.16,0.058,94.248
Open Circuit,String-10_Panel-11,Critical,6,Replace Panel Section,Replace Module,737,Rainy,2023-04-14 12:00:00,10,11,255.45,3.97,0.259,255.70899999999997
Short Circuit,String-4_Panel-19,High,2,Replace Wiring,Replace Wiring,919,Rainy,2023-04-14 13:00:00,4,19,169.1,1.79,0.095,169.195
Shadowing,String-4_Panel-19,Medium,14,Remove Obstruction,Remove Obstruction,984,Sunny,2023-04-14 13:00:00,4,19,41.09,0.48,0.025,41.115
Open Circuit,String-9_Panel-9,Critical,3,Replace Module,Reinstall Module,425,Rainy,2023-04-14 13:00:00,9,9,567.94,6.93,0.404,568.344
Hotspot,String-1_Panel-19,Critical,14,Replace Module,Replace Module,363,Rainy,2023-04-14 13:00:00,1,19,463.82,6.62,0.341,464.161
Shadowing,String-7_Panel-16,Medium,7,Remove Obstruction,Remove Obstruction,580,Rainy,2023-04-14 13:00:00,7,16,43.32,0.38,0.019,43.339
Open Circuit,String-8_Panel-13,High,2,Replace Wiring,Replace Wiring,552,Cloudy,2023-04-14 14:00:00,8,13,147.84,1.69,0.072,147.912
Short Circuit,String-9_Panel-14,Medium,2,Replace Fuse,Replace Fuse,428,Cloudy,2023-04-14 16:00:00,9,14,61.75,0.5,0.033,61.783
Shadowing,String-9_Panel-12,High,10,Remove Obstruction,Adjust Tilt,516,Sunny,2023-04-14 18:00:00,9,12,57.54,0.56,0.034,57.574
Hotspot,String-7_Panel-9,Low,3,Clean Panel,Clean Panel,300,Sunny,2023-04-14 19:00:00,7,9,29.29,0.31,0.014,29.304
Shadowing,String-10_Panel-17,Medium,4,Adjust Tilt,Adjust Tilt,529,Sunny,2023-04-14 19:00:00,10,17,123.1,1.68,0.101,123.201
Short Circuit,String-3_Panel-3,High,5,Replace Wiring,Clean Panel,376,Sunny,2023-04-14 20:00:00,3,3,135.98,1.73,0.098,136.078
Shadowing,String-6_Panel-5,Critical,11,Replace Wiring,Reinstall Module,305,Rainy,2023-04-14 21:00:00,6,5,150.71,2.05,0.109,150.81900000000002
Short Circuit,String-10_Panel-15,Critical,13,Replace Module,Reinstall Module,695,Sunny,2023-04-14 23:00:00,10,15,495.16,6.33,0.305,495.46500000000003
Shadowing,String-2_Panel-14,Critical,6,Reinstall Module,Replace Fuse,556,Sunny,2023-04-14 23:00:00,2,14,165.54,3.07,0.171,165.71099999999998
Short Circuit,String-8_Panel-1,High,7,Replace Wiring,Remove Obstruction,525,Cloudy,2023-04-15 00:00:00,8,1,165.41,1.84,0.099,165.509
Open Circuit,String-2_Panel-11,High,4,Replace Wiring,Tighten Connection,412,Sunny,2023-04-15 00:00:00,2,11,138.04,1.74,0.092,138.132
Hotspot,String-9_Panel-8,Low,5,Clean Panel,Clean Panel,471,Sunny,2023-04-15 02:00:00,9,8,23.48,0.28,0.018,23.498
Short Circuit,String-6_Panel-7,Critical,8,Replace Module,Clean Panel,699,Rainy,2023-04-15 03:00:00,6,7,520.3,6.65,0.318,520.6179999999999
Shadowing,String-10_Panel-14,Critical,13,Replace Module,Reinstall Module,637,Cloudy,2023-04-15 05:00:00,10,14,453.36,7.03,0.36,453.72
Open Circuit,String-10_Panel-16,Low,12,Replace Wiring,Tighten Connection,311,Sunny,2023-04-15 05:00:00,10,16,151.24,1.73,0.073,151.31300000000002
Short Circuit,String-8_Panel-12,High,10,Replace Wiring,Replace Wiring,225,Cloudy,2023-04-15 06:00:00,8,12,136.25,2.28,0.15,136.4
Shadowing,String-9_Panel-16,Critical,6,Reinstall Module,Replace Module,646,Rainy,2023-04-15 07:00:00,9,16,207.74,2.77,0.181,207.92100000000002
Short Circuit,String-6_Panel-8,High,13,Reinstall Module,Replace Wiring,835,Rainy,2023-04-15 07:00:00,6,8,173.05,3.56,0.208,173.258
Hotspot,String-10_Panel-7,High,13,Replace Panel Section,Replace Panel Section,488,Rainy,2023-04-15 08:00:00,10,7,310.51,4.31,0.284,310.794
Open Circuit,String-8_Panel-11,Medium,9,Replace Connector,Replace Connector,769,Cloudy,2023-04-15 08:00:00,8,11,88.56,0.95,0.049,88.60900000000001
Open Circuit,String-7_Panel-19,Medium,1,Replace Connector,Replace Connector,753,Cloudy,2023-04-15 08:00:00,7,19,85.48,0.93,0.052,85.53200000000001
Hotspot,String-8_Panel-7,Low,10,Clean Panel,Clean Panel,450,Sunny,2023-04-15 11:00:00,8,7,30.44,0.38,0.019,30.459
Short Circuit,String-6_Panel-5,High,13,Replace Module,Replace Wiring,796,Cloudy,2023-04-15 12:00:00,6,5,567.89,5.23,0.318,568.208
Hotspot,String-7_Panel-7,Low,6,Clean Panel,Clean Panel,216,Cloudy,2023-04-15 12:00:00,7,7,28.26,0.31,0.017,28.277
Hotspot,String-6_Panel-10,High,1,Replace Panel Section,Replace Panel Section,627,Sunny,2023-04-15 14:00:00,6,10,321.28,5.16,0.29,321.57
Hotspot,String-6_Panel-4,High,2,Replace Panel Section,Replace Panel Section,410,Cloudy,2023-04-15 14:00:00,6,4,350.14,4.37,0.249,350.389
Short Circuit,String-3_Panel-17,Critical,2,Replace Module,Replace Module,878,Sunny,2023-04-15 15:00:00,3,17,460.22,6.99,0.351,460.571
Open Circuit,String-1_Panel-8,Critical,4,Reinstall Module,Replace Module,637,Cloudy,2023-04-15 15:00:00,1,8,190.97,3.2,0.198,191.168
Open Circuit,String-5_Panel-7,Critical,13,Replace Module,Inspect Cells,814,Cloudy,2023-04-15 15:00:00,5,7,472.01,5.63,0.358,472.368
Short Circuit,String-4_Panel-17,High,14,Replace Module,Replace Fuse,506,Cloudy,2023-04-15 16:00:00,4,17,512.25,6.61,0.434,512.684
Shadowing,String-7_Panel-8,Medium,14,Remove Obstruction,Remove Obstruction,454,Sunny,2023-04-15 16:00:00,7,8,51.68,0.46,0.028,51.708
Hotspot,String-2_Panel-5,Medium,8,Inspect Cells,Inspect Cells,419,Sunny,2023-04-15 17:00:00,2,5,82.79,0.89,0.047,82.837
Open Circuit,String-1_Panel-5,Medium,2,Replace Connector,Replace Connector,528,Sunny,2023-04-15 17:00:00,1,5,93.25,0.94,0.059,93.309
Open Circuit,String-2_Panel-5,Medium,14,Replace Wiring,Replace Connector,729,Rainy,2023-04-15 22:00:00,2,5,141.17,1.97,0.126,141.296
Shadowing,String-6_Panel-13,High,11,Remove Obstruction,Reinstall Module,439,Cloudy,2023-04-15 22:00:00,6,13,53.57,0.58,0.025,53.595
Hotspot,String-3_Panel-7,High,14,Replace Panel Section,Replace Panel Section,858,Sunny,2023-04-15 23:00:00,3,7,346.9,3.68,0.182,347.082
Shadowing,String-9_Panel-19,High,8,Adjust Tilt,Replace Connector,659,Rainy,2023-04-15 23:00:00,9,19,128.69,2.36,0.156,128.846
Open Circuit,String-5_Panel-3,Medium,12,Replace Connector,Reinstall Module,462,Rainy,2023-04-16 01:00:00,5,3,83.47,1.1,0.059,83.529
Shadowing,String-7_Panel-16,Critical,6,Reinstall Module,Reinstall Module,729,Rainy,2023-04-16 01:00:00,7,16,207.87,3.38,0.188,208.058
Hotspot,String-4_Panel-5,Medium,8,Inspect Cells,Replace Connector,619,Sunny,2023-04-16 02:00:00,4,5,82.07,0.87,0.045,82.115
Hotspot,String-4_Panel-13,Medium,13,Inspect Cells,Adjust Tilt,798,Cloudy,2023-04-16 03:00:00,4,13,81.65,0.92,0.04,81.69000000000001
Short Circuit,String-8_Panel-1,Critical,9,Replace Module,Replace Module,778,Sunny,2023-04-16 03:00:00,8,1,508.73,5.8,0.258,508.988
Shadowing,String-2_Panel-11,Critical,3,Reinstall Module,Inspect Cells,242,Sunny,2023-04-16 05:00:00,2,11,193.69,3.12,0.138,193.828
Shadowing,String-10_Panel-17,Critical,12,Replace Module,Replace Panel Section,849,Sunny,2023-04-16 05:00:00,10,17,495.47,4.77,0.229,495.699
Hotspot,String-9_Panel-12,High,4,Replace Panel Section,Adjust Tilt,672,Cloudy,2023-04-16 06:00:00,9,12,289.1,4.09,0.217,289.317
Hotspot,String-5_Panel-3,Medium,4,Replace Module,Replace Wiring,271,Sunny,2023-04-16 07:00:00,5,3,445.67,5.6,0.281,445.951
Shadowing,String-10_Panel-15,High,8,Remove Obstruction,Adjust Tilt,446,Rainy,2023-04-16 07:00:00,10,15,48.94,0.56,0.031,48.971
Short Circuit,String-9_Panel-17,High,10,Replace Wiring,Replace Wiring,585,Cloudy,2023-04-16 09:00:00,9,17,149.43,2.35,0.108,149.538
Open Circuit,String-9_Panel-20,Low,6,Tighten Connection,Inspect Junction Box,669,Rainy,2023-04-16 10:00:00,9,20,37.57,0.51,0.026,37.596000000000004
Open Circuit,String-1_Panel-12,Critical,7,Replace Module,Clean Panel,264,Rainy,2023-04-16 10:00:00,1,12,537.49,6.37,0.381,537.871
Short Circuit,String-10_Panel-4,Low,13,Replace Wiring,Inspect Junction Box,962,Sunny,2023-04-16 10:00:00,10,4,152.1,1.97,0.115,152.215
Hotspot,String-8_Panel-18,Medium,1,Inspect Cells,Inspect Junction Box,559,Rainy,2023-04-16 11:00:00,8,18,90.65,1.06,0.058,90.70800000000001
Shadowing,String-2_Panel-3,Critical,11,Replace Module,Reinstall Module,461,Rainy,2023-04-16 12:00:00,2,3,558.83,5.37,0.303,559.133
Short Circuit,String-7_Panel-10,Critical,5,Replace Module,Replace Module,710,Rainy,2023-04-16 12:00:00,7,10,387.08,5.95,0.337,387.417
Open Circuit,String-3_Panel-3,Low,1,Tighten Connection,Tighten Connection,774,Cloudy,2023-04-16 13:00:00,3,3,41.27,0.38,0.02,41.290000000000006
Open Circuit,String-2_Panel-19,Medium,8,Replace Connector,Replace Panel Section,391,Sunny,2023-04-16 14:00:00,2,19,93.39,0.88,0.043,93.433
Open Circuit,String-7_Panel-3,Critical,10,Replace Module,Replace Module,901,Sunny,2023-04-16 15:00:00,7,3,496.83,5.98,0.371,497.20099999999996
Short Circuit,String-1_Panel-7,Critical,8,Replace Module,Inspect Cells,595,Rainy,2023-04-16 16:00:00,1,7,559.64,6.07,0.339,559.979
Hotspot,String-5_Panel-1,Critical,4,Replace Module,Inspect Cells,793,Sunny,2023-04-16 16:00:00,5,1,500.95,6.46,0.38,501.33
Hotspot,String-1_Panel-11,Medium,10,Replace Panel Section,Remove Obstruction,856,Rainy,2023-04-16 17:00:00,1,11,315.44,3.81,0.207,315.647
Shadowing,String-5_Panel-6,Medium,2,Remove Obstruction,Remove Obstruction,574,Rainy,2023-04-16 17:00:00,5,6,45.96,0.39,0.023,45.983000000000004
Short Circuit,String-5_Panel-1,Critical,14,Replace Module,Replace Module,911,Rainy,2023-04-16 20:00:00,5,1,560.11,4.71,0.271,560.381
Hotspot,String-8_Panel-14,Medium,6,Inspect Cells,Inspect Cells,930,Sunny,2023-04-16 20:00:00,8,14,92.37,1.07,0.052,92.42200000000001
Hotspot,String-7_Panel-14,Low,11,Clean Panel,Replace Connector,311,Rainy,2023-04-16 20:00:00,7,14,27.74,0.3,0.016,27.755999999999997
Open Circuit,String-4_Panel-16,High,1,Inspect Junction Box,Replace Wiring,583,Rainy,2023-04-16 21:00:00,4,16,70.54,0.98,0.058,70.59800000000001
Open Circuit,String-4_Panel-5,Medium,9,Replace Wiring,Replace Connector,887,Cloudy,2023-04-16 23:00:00,4,5,155.07,2.11,0.128,155.19799999999998
Open Circuit,String-7_Panel-4,High,3,Replace Module,Tighten Connection,882,Cloudy,2023-04-17 00:00:00,7,4,524.62,7.21,0.423,525.043
Hotspot,String-8_Panel-16,Medium,10,Inspect Cells,Inspect Cells,250,Cloudy,2023-04-17 00:00:00,8,16,93.71,0.91,0.043,93.753
Short Circuit,String-8_Panel-2,High,5,Replace Wiring,Replace Wiring,386,Sunny,2023-04-17 01:00:00,8,2,164.8,1.93,0.097,164.89700000000002
Short Circuit,String-3_Panel-11,Medium,4,Replace Fuse,Replace Fuse,387,Rainy,2023-04-17 02:00:00,3,11,62.25,0.45,0.023,62.273
Short Circuit,String-1_Panel-7,Low,11,Replace Fuse,Adjust Tilt,264,Rainy,2023-04-17 02:00:00,1,7,65.44,0.56,0.03,65.47
Hotspot,String-3_Panel-13,Medium,5,Inspect Cells,Inspect Cells,814,Cloudy,2023-04-17 02:00:00,3,13,84.05,1.02,0.063,84.113
Hotspot,String-10_Panel-1,Medium,8,Inspect Cells,Remove Obstruction,360,Cloudy,2023-04-17 02:00:00,10,1,101.03,1.03,0.059,101.089
Open Circuit,String-6_Panel-12,Low,11,Tighten Connection,Tighten Connection,289,Cloudy,2023-04-17 03:00:00,6,12,43.81,0.48,0.023,43.833000000000006
Open Circuit,String-3_Panel-12,Low,12,Tighten Connection,Tighten Connection,460,Sunny,2023-04-17 03:00:00,3,12,34.66,0.47,0.026,34.686
Shadowing,String-2_Panel-1,Critical,4,Reinstall Module,Replace Wiring,289,Rainy,2023-04-17 03:00:00,2,1,225.12,2.72,0.158,225.278
Short Circuit,String-5_Panel-2,High,9,Replace Wiring,Replace Wiring,723,Rainy,2023-04-17 05:00:00,5,2,156.81,1.85,0.101,156.911
Short Circuit,String-3_Panel-3,High,3,Replace Wiring,Replace Wiring,812,Rainy,2023-04-17 06:00:00,3,3,160.52,1.87,0.106,160.626
Open Circuit,String-4_Panel-1,High,1,Replace Wiring,Replace Wiring,848,Sunny,2023-04-17 07:00:00,4,1,134.39,2.0,0.118,134.50799999999998
Short Circuit,String-10_Panel-19,High,2,Replace Wiring,Replace Wiring,435,Cloudy,2023-04-17 08:00:00,10,19,146.43,1.67,0.084,146.514
Short Circuit,String-1_Panel-5,Medium,3,Inspect Junction Box,Replace Panel Section,737,Sunny,2023-04-17 09:00:00,1,5,82.12,0.87,0.045,82.165
Hotspot,String-9_Panel-4,Low,14,Inspect Cells,Clean Panel,833,Rainy,2023-04-17 09:00:00,9,4,78.47,0.96,0.063,78.533
Shadowing,String-10_Panel-1,High,8,Adjust Tilt,Inspect Cells,555,Cloudy,2023-04-17 10:00:00,10,1,115.52,1.93,0.107,115.627
Hotspot,String-1_Panel-10,Low,8,Inspect Cells,Clean Panel,890,Cloudy,2023-04-17 10:00:00,1,10,92.79,0.61,0.037,92.82700000000001
Open Circuit,String-10_Panel-1,Medium,2,Replace Connector,Replace Connector,292,Cloudy,2023-04-17 11:00:00,10,1,89.67,0.92,0.054,89.724
Short Circuit,String-8_Panel-1,Medium,12,Replace Fuse,Replace Fuse,633,Rainy,2023-04-17 13:00:00,8,1,65.77,0.42,0.019,65.789
Shadowing,String-7_Panel-19,Critical,4,Adjust Tilt,Reinstall Module,760,Cloudy,2023-04-17 14:00:00,7,19,106.34,2.31,0.14,106.48
Short Circuit,String-3_Panel-14,Critical,13,Replace Module,Replace Module,247,Sunny,2023-04-17 15:00:00,3,14,499.05,5.71,0.343,499.39300000000003
Short Circuit,String-6_Panel-8,Low,8,Replace Fuse,Inspect Junction Box,330,Rainy,2023-04-17 15:00:00,6,8,61.0,0.44,0.025,61.025
Hotspot,String-9_Panel-8,Medium,9,Inspect Cells,Inspect Cells,239,Sunny,2023-04-17 16:00:00,9,8,79.76,0.85,0.042,79.802
Short Circuit,String-5_Panel-14,High,3,Replace Wiring,Replace Wiring,464,Rainy,2023-04-17 17:00:00,5,14,136.2,1.9,0.105,136.30499999999998
Shadowing,String-10_Panel-9,Medium,8,Remove Obstruction,Adjust Tilt,445,Sunny,2023-04-17 18:00:00,10,9,50.48,0.62,0.031,50.510999999999996
Open Circuit,String-5_Panel-8,Low,9,Tighten Connection,Tighten Connection,409,Rainy,2023-04-17 19:00:00,5,8,41.5,0.5,0.031,41.531
Hotspot,String-10_Panel-13,Low,8,Inspect Cells,Inspect Junction Box,744,Sunny,2023-04-17 20:00:00,10,13,89.87,0.98,0.044,89.914
Hotspot,String-1_Panel-11,Low,13,Inspect Cells,Clean Panel,670,Sunny,2023-04-17 21:00:00,1,11,79.94,1.07,0.06,80.0
Short Circuit,String-3_Panel-1,High,7,Replace Wiring,Remove Obstruction,606,Cloudy,2023-04-17 21:00:00,3,1,159.32,1.99,0.085,159.405
Shadowing,String-9_Panel-15,Critical,8,Reinstall Module,Replace Connector,730,Sunny,2023-04-17 22:00:00,9,15,196.28,2.94,0.192,196.472
Hotspot,String-10_Panel-4,Critical,2,Replace Module,Replace Module,942,Sunny,2023-04-17 23:00:00,10,4,654.51,6.88,0.391,654.901
Open Circuit,String-8_Panel-11,Medium,9,Replace Connector,Replace Connector,308,Sunny,2023-04-17 23:00:00,8,11,94.53,1.08,0.063,94.593
Hotspot,String-9_Panel-10,Critical,12,Replace Module,Replace Fuse,640,Cloudy,2023-04-18 01:00:00,9,10,467.55,5.95,0.262,467.812
Short Circuit,String-9_Panel-13,High,4,Replace Wiring,Adjust Tilt,384,Rainy,2023-04-18 02:00:00,9,13,130.66,1.83,0.101,130.761
Open Circuit,String-2_Panel-11,Medium,9,Replace Wiring,Replace Connector,667,Cloudy,2023-04-18 03:00:00,2,11,150.5,2.34,0.139,150.639
Short Circuit,String-7_Panel-10,Critical,14,Replace Module,Replace Module,929,Sunny,2023-04-18 03:00:00,7,10,617.85,4.89,0.323,618.173
Hotspot,String-3_Panel-3,High,2,Replace Panel Section,Replace Panel Section,641,Rainy,2023-04-18 03:00:00,3,3,318.49,3.46,0.166,318.656
Shadowing,String-4_Panel-12,High,6,Remove Obstruction,Replace Wiring,364,Sunny,2023-04-18 03:00:00,4,12,49.71,0.49,0.032,49.742
Shadowing,String-3_Panel-15,Critical,9,Replace Module,Clean Panel,309,Rainy,2023-04-18 04:00:00,3,15,538.0,5.77,0.374,538.374
Open Circuit,String-8_Panel-2,Critical,13,Replace Module,Replace Panel Section,582,Sunny,2023-04-18 06:00:00,8,2,512.5,5.31,0.233,512.733
Open Circuit,String-2_Panel-9,Critical,5,Replace Module,Replace Connector,656,Cloudy,2023-04-18 06:00:00,2,9,512.84,5.09,0.227,513.067
Shadowing,String-1_Panel-11,Medium,4,Remove Obstruction,Clean Panel,272,Rainy,2023-04-18 07:00:00,1,11,52.11,0.39,0.023,52.133
Open Circuit,String-3_Panel-2,High,14,Inspect Junction Box,Reinstall Module,730,Sunny,2023-04-18 07:00:00,3,2,70.89,0.99,0.047,70.937
Open Circuit,String-5_Panel-19,Medium,11,Replace Connector,Replace Wiring,350,Cloudy,2023-04-18 07:00:00,5,19,95.5,1.0,0.056,95.556
Short Circuit,String-9_Panel-3,High,11,Replace Wiring,Remove Obstruction,987,Cloudy,2023-04-18 10:00:00,9,3,152.4,1.6,0.07,152.47
Open Circuit,String-5_Panel-9,High,8,Replace Wiring,Replace Wiring,840,Sunny,2023-04-18 10:00:00,5,9,136.56,2.08,0.1,136.66
Open Circuit,String-6_Panel-8,Critical,6,Replace Module,Replace Module,420,Rainy,2023-04-18 13:00:00,6,8,563.64,5.34,0.344,563.984
Open Circuit,String-4_Panel-2,High,2,Replace Wiring,Inspect Junction Box,417,Sunny,2023-04-18 17:00:00,4,2,148.63,1.77,0.087,148.71699999999998
Short Circuit,String-8_Panel-13,Critical,5,Replace Module,Remove Obstruction,534,Sunny,2023-04-18 18:00:00,8,13,517.25,5.55,0.317,517.567
Short Circuit,String-9_Panel-18,Critical,4,Replace Module,Replace Panel Section,570,Cloudy,2023-04-18 18:00:00,9,18,514.61,5.89,0.259,514.869
Short Circuit,String-8_Panel-20,Low,14,Replace Fuse,Inspect Junction Box,587,Rainy,2023-04-18 18:00:00,8,20,53.74,0.5,0.022,53.762
Shadowing,String-8_Panel-9,Critical,4,Reinstall Module,Reinstall Module,331,Sunny,2023-04-18 18:00:00,8,9,183.67,2.91,0.16,183.82999999999998
Short Circuit,String-7_Panel-6,Low,5,Inspect Junction Box,Replace Panel Section,269,Cloudy,2023-04-18 20:00:00,7,6,71.04,0.94,0.05,71.09
Short Circuit,String-9_Panel-15,Low,6,Inspect Junction Box,Inspect Junction Box,901,Cloudy,2023-04-18 20:00:00,9,15,73.56,0.71,0.045,73.605
Shadowing,String-1_Panel-9,Medium,11,Remove Obstruction,Remove Obstruction,353,Sunny,2023-04-18 22:00:00,1,9,42.5,0.42,0.018,42.518
Hotspot,String-7_Panel-6,Critical,10,Replace Module,Replace Module,363,Rainy,2023-04-18 22:00:00,7,6,610.28,7.21,0.379,610.659
Shadowing,String-5_Panel-15,Medium,14,Remove Obstruction,Remove Obstruction,273,Rainy,2023-04-18 22:00:00,5,15,51.43,0.39,0.019,51.449
Hotspot,String-6_Panel-4,Low,3,Clean Panel,Clean Panel,595,Cloudy,2023-04-19 00:00:00,6,4,28.68,0.27,0.015,28.695
Open Circuit,String-9_Panel-8,High,1,Replace Wiring,Replace Wiring,974,Cloudy,2023-04-19 01:00:00,9,8,144.35,2.21,0.099,144.44899999999998
Hotspot,String-5_Panel-7,Critical,5,Replace Module,Replace Module,427,Sunny,2023-04-19 01:00:00,5,7,523.12,5.37,0.244,523.364
Hotspot,String-3_Panel-13,Medium,1,Inspect Cells,Tighten Connection,563,Cloudy,2023-04-19 02:00:00,3,13,87.07,0.87,0.05,87.11999999999999
Shadowing,String-10_Panel-9,Medium,1,Remove Obstruction,Replace Panel Section,399,Rainy,2023-04-19 02:00:00,10,9,49.15,0.46,0.027,49.177
Short Circuit,String-2_Panel-10,Medium,9,Replace Fuse,Tighten Connection,927,Sunny,2023-04-19 02:00:00,2,10,59.26,0.45,0.026,59.286
Open Circuit,String-4_Panel-11,Low,10,Tighten Connection,Tighten Connection,396,Sunny,2023-04-19 03:00:00,4,11,39.11,0.46,0.022,39.132
Short Circuit,String-10_Panel-12,Medium,10,Replace Fuse,Replace Fuse,464,Sunny,2023-04-19 03:00:00,10,12,61.99,0.48,0.027,62.017
Shadowing,String-6_Panel-16,Critical,14,Replace Module,Replace Wiring,443,Cloudy,2023-04-19 05:00:00,6,16,477.28,5.69,0.296,477.57599999999996
Open Circuit,String-3_Panel-15,Medium,12,Replace Wiring,Replace Connector,910,Cloudy,2023-04-19 06:00:00,3,15,135.04,2.09,0.116,135.156
Short Circuit,String-3_Panel-3,Critical,2,Replace Panel Section,Replace Module,675,Cloudy,2023-04-19 07:00:00,3,3,310.9,3.73,0.167,311.06699999999995
Shadowing,String-6_Panel-8,Medium,9,Remove Obstruction,Replace Wiring,401,Sunny,2023-04-19 07:00:00,6,8,47.35,0.38,0.016,47.366
Hotspot,String-1_Panel-17,Critical,2,Replace Module,Replace Module,941,Sunny,2023-04-19 07:00:00,1,17,551.59,6.96,0.428,552.018
Hotspot,String-7_Panel-14,Low,10,Inspect Cells,Clean Panel,862,Rainy,2023-04-19 11:00:00,7,14,93.7,1.09,0.06,93.76
Open Circuit,String-5_Panel-9,High,12,Replace Module,Tighten Connection,798,Sunny,2023-04-19 11:00:00,5,9,509.17,6.13,0.364,509.534
Short Circuit,String-6_Panel-1,High,9,Replace Wiring,Replace Wiring,734,Sunny,2023-04-19 11:00:00,6,1,154.77,1.84,0.105,154.875
Hotspot,String-6_Panel-3,Critical,8,Replace Module,Replace Module,852,Rainy,2023-04-19 11:00:00,6,3,602.42,6.18,0.311,602.731
Open Circuit,String-10_Panel-8,Critical,2,Replace Module,Replace Module,582,Cloudy,2023-04-19 12:00:00,10,8,542.46,6.2,0.339,542.7990000000001
Short Circuit,String-2_Panel-6,High,12,Replace Module,Adjust Tilt,855,Cloudy,2023-04-19 12:00:00,2,6,557.33,6.52,0.335,557.6650000000001
Hotspot,String-8_Panel-7,Critical,11,Replace Module,Replace Module,916,Sunny,2023-04-19 12:00:00,8,7,491.14,6.28,0.34,491.47999999999996
Shadowing,String-8_Panel-20,Medium,6,Remove Obstruction,Replace Module,810,Cloudy,2023-04-19 14:00:00,8,20,48.77,0.66,0.034,48.804
Shadowing,String-3_Panel-13,Medium,4,Remove Obstruction,Remove Obstruction,236,Rainy,2023-04-19 14:00:00,3,13,53.83,0.45,0.026,53.856
Open Circuit,String-3_Panel-20,Critical,1,Replace Module,Replace Module,312,Rainy,2023-04-19 14:00:00,3,20,626.85,5.31,0.279,627.129
Open Circuit,String-5_Panel-11,High,8,Replace Wiring,Replace Wiring,973,Sunny,2023-04-19 15:00:00,5,11,149.79,1.8,0.107,149.897
Hotspot,String-9_Panel-9,Low,10,Inspect Cells,Clean Panel,857,Sunny,2023-04-19 15:00:00,9,9,81.37,1.08,0.07,81.44
Open Circuit,String-3_Panel-20,High,11,Inspect Junction Box,Reinstall Module,513,Rainy,2023-04-19 15:00:00,3,20,59.88,0.97,0.057,59.937000000000005
Shadowing,String-3_Panel-11,Medium,4,Adjust Tilt,Replace Connector,937,Rainy,2023-04-19 17:00:00,3,11,134.58,1.63,0.106,134.686
Shadowing,String-7_Panel-17,Critical,1,Adjust Tilt,Remove Obstruction,975,Sunny,2023-04-19 19:00:00,7,17,123.97,1.86,0.121,124.091
Hotspot,String-3_Panel-13,Medium,6,Inspect Cells,Replace Panel Section,200,Cloudy,2023-04-19 22:00:00,3,13,98.87,0.88,0.051,98.921
Short Circuit,String-9_Panel-8,Medium,8,Replace Fuse,Tighten Connection,976,Cloudy,2023-04-19 22:00:00,9,8,59.0,0.54,0.027,59.027
Open Circuit,String-10_Panel-2,High,12,Replace Wiring,Tighten Connection,231,Rainy,2023-04-19 23:00:00,10,2,140.08,1.92,0.122,140.20200000000003
Open Circuit,String-9_Panel-2,Critical,14,Replace Module,Reinstall Module,374,Sunny,2023-04-19 23:00:00,9,2,551.16,5.16,0.278,551.438
Shadowing,String-9_Panel-12,Medium,3,Remove Obstruction,Replace Connector,953,Cloudy,2023-04-20 00:00:00,9,12,46.96,0.5,0.023,46.983000000000004
Shadowing,String-1_Panel-16,Low,4,Remove Obstruction,Clean Panel,543,Rainy,2023-04-20 02:00:00,1,16,44.81,0.45,0.027,44.837
Open Circuit,String-10_Panel-4,Medium,6,Replace Connector,Replace Module,202,Sunny,2023-04-20 02:00:00,10,4,87.02,0.88,0.046,87.066
Shadowing,String-6_Panel-11,Critical,9,Reinstall Module,Replace Wiring,646,Rainy,2023-04-20 02:00:00,6,11,187.47,2.68,0.138,187.608
Open Circuit,String-1_Panel-5,High,3,Replace Wiring,Replace Wiring,361,Sunny,2023-04-20 02:00:00,1,5,161.91,2.05,0.099,162.009
Hotspot,String-5_Panel-17,High,3,Replace Module,Inspect Junction Box,529,Sunny,2023-04-20 04:00:00,5,17,460.39,5.18,0.309,460.699
Short Circuit,String-8_Panel-11,Low,9,Replace Fuse,Inspect Junction Box,303,Rainy,2023-04-20 05:00:00,8,11,66.27,0.53,0.033,66.303
Open Circuit,String-9_Panel-10,Medium,12,Replace Connector,Replace Connector,767,Sunny,2023-04-20 05:00:00,9,10,85.94,0.9,0.058,85.998
Hotspot,String-1_Panel-20,Medium,7,Inspect Cells,Inspect Cells,470,Rainy,2023-04-20 06:00:00,1,20,88.13,0.97,0.043,88.173
Short Circuit,String-6_Panel-16,Critical,8,Replace Module,Replace Module,735,Rainy,2023-04-20 06:00:00,6,16,572.01,6.94,0.359,572.369
Shadowing,String-7_Panel-17,Low,8,Clean Panel,Clean Panel,852,Sunny,2023-04-20 06:00:00,7,17,28.99,0.32,0.014,29.003999999999998
Hotspot,String-8_Panel-16,Low,5,Clean Panel,Clean Panel,250,Sunny,2023-04-20 07:00:00,8,16,33.91,0.31,0.014,33.924
Open Circuit,String-3_Panel-15,Low,2,Tighten Connection,Replace Module,580,Cloudy,2023-04-20 07:00:00,3,15,40.41,0.6,0.038,40.44799999999999
Short Circuit,String-4_Panel-11,Critical,3,Replace Module,Adjust Tilt,477,Cloudy,2023-04-20 09:00:00,4,11,596.47,5.87,0.309,596.779
Short Circuit,String-6_Panel-18,Critical,2,Replace Panel Section,Replace Module,773,Rainy,2023-04-20 10:00:00,6,18,300.74,3.21,0.139,300.879
Short Circuit,String-8_Panel-2,Medium,7,Replace Fuse,Replace Fuse,407,Cloudy,2023-04-20 12:00:00,8,2,55.02,0.51,0.027,55.047000000000004
Shadowing,String-5_Panel-15,Low,10,Inspect Cells,Clean Panel,680,Sunny,2023-04-20 12:00:00,5,15,80.43,0.97,0.046,80.47600000000001
Short Circuit,String-5_Panel-8,Low,5,Inspect Junction Box,Replace Wiring,248,Cloudy,2023-04-20 15:00:00,5,8,67.83,1.31,0.086,67.916
Hotspot,String-10_Panel-8,Low,6,Clean Panel,Clean Panel,209,Rainy,2023-04-20 18:00:00,10,8,29.36,0.28,0.013,29.373
Shadowing,String-6_Panel-7,Critical,6,Reinstall Module,Adjust Tilt,813,Cloudy,2023-04-20 19:00:00,6,7,202.08,2.85,0.174,202.25400000000002
Open Circuit,String-3_Panel-3,Medium,1,Replace Wiring,Remove Obstruction,975,Rainy,2023-04-20 20:00:00,3,3,138.56,1.77,0.092,138.65200000000002
Short Circuit,String-9_Panel-3,Critical,1,Replace Module,Adjust Tilt,591,Sunny,2023-04-20 20:00:00,9,3,471.38,6.52,0.274,471.654
Shadowing,String-1_Panel-19,Critical,3,Reinstall Module,Remove Obstruction,815,Cloudy,2023-04-20 20:00:00,1,19,170.75,3.04,0.134,170.884
Open Circuit,String-3_Panel-17,High,6,Inspect Junction Box,Reinstall Module,991,Rainy,2023-04-20 22:00:00,3,17,73.88,0.97,0.058,73.938
Hotspot,String-9_Panel-5,High,6,Replace Panel Section,Replace Panel Section,896,Sunny,2023-04-20 23:00:00,9,5,347.43,3.49,0.178,347.608
Shadowing,String-3_Panel-8,Low,7,Remove Obstruction,Clean Panel,991,Cloudy,2023-04-20 23:00:00,3,8,46.98,0.43,0.02,47.0
Shadowing,String-1_Panel-14,Critical,12,Replace Module,Reinstall Module,920,Sunny,2023-04-21 00:00:00,1,14,519.57,6.67,0.431,520.0010000000001
Shadowing,String-10_Panel-9,Critical,14,Reinstall Module,Reinstall Module,311,Cloudy,2023-04-21 00:00:00,10,9,197.13,2.99,0.197,197.327
Hotspot,String-5_Panel-17,Low,3,Inspect Cells,Clean Panel,890,Cloudy,2023-04-21 00:00:00,5,17,87.12,0.87,0.049,87.16900000000001
Shadowing,String-9_Panel-13,High,6,Remove Obstruction,Inspect Junction Box,225,Cloudy,2023-04-21 01:00:00,9,13,48.83,0.47,0.027,48.857
Short Circuit,String-3_Panel-18,Medium,13,Replace Fuse,Clean Panel,800,Sunny,2023-04-21 02:00:00,3,18,63.05,0.51,0.026,63.076
Shadowing,String-8_Panel-9,Medium,5,Remove Obstruction,Remove Obstruction,338,Cloudy,2023-04-21 04:00:00,8,9,48.39,0.47,0.029,48.419000000000004
Short Circuit,String-10_Panel-5,Critical,12,Replace Module,Tighten Connection,469,Cloudy,2023-04-21 04:00:00,10,5,539.27,6.46,0.41,539.68
Open Circuit,String-8_Panel-19,Medium,4,Replace Connector,Remove Obstruction,311,Cloudy,2023-04-21 05:00:00,8,19,96.83,0.99,0.064,96.89399999999999
Hotspot,String-9_Panel-8,Medium,6,Inspect Cells,Inspect Cells,308,Sunny,2023-04-21 06:00:00,9,8,86.35,0.84,0.036,86.386
Short Circuit,String-9_Panel-13,Medium,6,Replace Fuse,Replace Fuse,766,Cloudy,2023-04-21 06:00:00,9,13,52.6,0.44,0.026,52.626000000000005
Hotspot,String-5_Panel-11,Medium,2,Inspect Cells,Inspect Cells,997,Cloudy,2023-04-21 08:00:00,5,11,83.5,0.98,0.047,83.547
Open Circuit,String-8_Panel-1,Medium,9,Replace Connector,Adjust Tilt,354,Sunny,2023-04-21 08:00:00,8,1,89.16,1.08,0.064,89.22399999999999
Open Circuit,String-3_Panel-9,High,14,Replace Wiring,Replace Panel Section,749,Cloudy,2023-04-21 16:00:00,3,9,154.85,1.82,0.099,154.94899999999998
Shadowing,String-6_Panel-10,Critical,10,Replace Module,Reinstall Module,300,Cloudy,2023-04-21 17:00:00,6,10,520.03,5.54,0.325,520.355
Short Circuit,String-9_Panel-2,Medium,2,Replace Connector,Replace Fuse,543,Sunny,2023-04-21 17:00:00,9,2,97.09,1.12,0.067,97.157
Shadowing,String-1_Panel-2,Medium,7,Remove Obstruction,Remove Obstruction,463,Rainy,2023-04-21 17:00:00,1,2,46.73,0.47,0.029,46.759
Open Circuit,String-10_Panel-12,Low,3,Tighten Connection,Tighten Connection,312,Rainy,2023-04-21 18:00:00,10,12,43.66,0.66,0.038,43.69799999999999
Open Circuit,String-6_Panel-6,Low,7,Tighten Connection,Clean Panel,489,Sunny,2023-04-21 19:00:00,6,6,38.67,0.54,0.025,38.695
Open Circuit,String-1_Panel-14,Medium,9,Replace Connector,Replace Connector,352,Cloudy,2023-04-21 21:00:00,1,14,88.99,0.95,0.045,89.035
Open Circuit,String-10_Panel-15,High,11,Replace Wiring,Replace Module,608,Sunny,2023-04-21 21:00:00,10,15,151.48,1.96,0.092,151.572
Shadowing,String-1_Panel-19,Medium,10,Remove Obstruction,Remove Obstruction,491,Rainy,2023-04-21 21:00:00,1,19,50.02,0.42,0.027,50.047000000000004
Short Circuit,String-10_Panel-16,Low,3,Inspect Junction Box,Remove Obstruction,920,Sunny,2023-04-21 21:00:00,10,16,58.29,0.85,0.037,58.327
Short Circuit,String-10_Panel-18,High,10,Replace Wiring,Replace Wiring,753,Rainy,2023-04-21 22:00:00,10,18,147.03,2.22,0.126,147.156
Short Circuit,String-2_Panel-12,Medium,7,Replace Fuse,Replace Wiring,208,Rainy,2023-04-21 23:00:00,2,12,58.84,0.47,0.02,58.86000000000001
Short Circuit,String-10_Panel-18,High,7,Replace Wiring,Replace Wiring,309,Rainy,2023-04-21 23:00:00,10,18,158.07,2.15,0.122,158.192
Hotspot,String-7_Panel-14,High,4,Replace Module,Replace Panel Section,429,Sunny,2023-04-21 23:00:00,7,14,504.69,6.96,0.33,505.02
Open Circuit,String-10_Panel-15,Critical,13,Replace Module,Replace Module,635,Sunny,2023-04-22 01:00:00,10,15,475.04,6.54,0.284,475.324
Short Circuit,String-1_Panel-12,Critical,4,Replace Module,Adjust Tilt,728,Rainy,2023-04-22 02:00:00,1,12,543.83,6.07,0.3,544.13
Hotspot,String-5_Panel-19,Medium,11,Replace Panel Section,Replace Connector,915,Cloudy,2023-04-22 02:00:00,5,19,318.48,4.03,0.174,318.654
Hotspot,String-7_Panel-13,High,13,Replace Panel Section,Inspect Cells,490,Sunny,2023-04-22 04:00:00,7,13,303.04,3.66,0.156,303.196
Short Circuit,String-2_Panel-1,High,1,Replace Wiring,Replace Wiring,447,Rainy,2023-04-22 05:00:00,2,1,149.65,1.9,0.12,149.77
Shadowing,String-3_Panel-7,Medium,5,Remove Obstruction,Remove Obstruction,402,Cloudy,2023-04-22 06:00:00,3,7,56.38,0.47,0.026,56.406000000000006
Open Circuit,String-10_Panel-19,Medium,5,Replace Connector,Inspect Cells,540,Rainy,2023-04-22 06:00:00,10,19,77.71,0.99,0.043,77.753
Shadowing,String-6_Panel-11,Critical,12,Replace Module,Reinstall Module,590,Cloudy,2023-04-22 06:00:00,6,11,554.79,6.08,0.371,555.161
Open Circuit,String-3_Panel-5,Low,10,Tighten Connection,Tighten Connection,552,Rainy,2023-04-22 07:00:00,3,5,42.34,0.57,0.033,42.373000000000005
Hotspot,String-6_Panel-14,Critical,11,Replace Module,Inspect Cells,832,Cloudy,2023-04-22 07:00:00,6,14,585.31,5.88,0.271,585.5809999999999
Shadowing,String-5_Panel-17,Medium,2,Adjust Tilt,Inspect Cells,267,Rainy,2023-04-22 08:00:00,5,17,126.37,2.19,0.143,126.513
Shadowing,String-2_Panel-12,Critical,12,Replace Module,Remove Obstruction,911,Rainy,2023-04-22 09:00:00,2,12,573.3,7.4,0.344,573.644
Shadowing,String-6_Panel-1,High,7,Adjust Tilt,Tighten Connection,894,Rainy,2023-04-22 10:00:00,6,1,122.2,1.67,0.092,122.292
Shadowing,String-5_Panel-1,High,2,Remove Obstruction,Adjust Tilt,265,Sunny,2023-04-22 11:00:00,5,1,47.79,0.51,0.026,47.816
Shadowing,String-6_Panel-20,High,1,Remove Obstruction,Adjust Tilt,270,Rainy,2023-04-22 11:00:00,6,20,51.89,0.49,0.029,51.919000000000004
Open Circuit,String-2_Panel-10,High,3,Inspect Junction Box,Replace Wiring,984,Rainy,2023-04-22 12:00:00,2,10,54.75,1.02,0.046,54.796
Hotspot,String-6_Panel-7,Medium,4,Inspect Cells,Reinstall Module,516,Sunny,2023-04-22 14:00:00,6,7,97.72,1.09,0.062,97.782
Hotspot,String-4_Panel-3,Low,2,Clean Panel,Clean Panel,633,Cloudy,2023-04-22 15:00:00,4,3,30.41,0.3,0.014,30.424
Open Circuit,String-3_Panel-13,Critical,14,Replace Module,Adjust Tilt,436,Sunny,2023-04-22 15:00:00,3,13,519.87,5.44,0.349,520.219
Short Circuit,String-9_Panel-10,Medium,1,Replace Fuse,Replace Module,575,Cloudy,2023-04-22 17:00:00,9,10,54.66,0.53,0.022,54.681999999999995
Open Circuit,String-5_Panel-10,Critical,9,Replace Module,Replace Fuse,385,Sunny,2023-04-22 17:00:00,5,10,505.01,5.59,0.345,505.355
Short Circuit,String-3_Panel-1,Critical,4,Replace Module,Replace Module,830,Rainy,2023-04-22 17:00:00,3,1,552.47,5.19,0.262,552.732
Open Circuit,String-6_Panel-3,Low,9,Replace Wiring,Replace Connector,364,Sunny,2023-04-22 18:00:00,6,3,161.45,1.67,0.077,161.527
Hotspot,String-4_Panel-2,High,2,Replace Panel Section,Replace Panel Section,560,Sunny,2023-04-22 18:00:00,4,2,361.39,4.78,0.215,361.60499999999996
Hotspot,String-10_Panel-4,High,7,Replace Panel Section,Replace Fuse,546,Sunny,2023-04-22 19:00:00,10,4,326.33,4.35,0.206,326.536
Hotspot,String-4_Panel-11,Low,10,Inspect Cells,Clean Panel,969,Cloudy,2023-04-22 20:00:00,4,11,100.31,0.72,0.044,100.354
Short Circuit,String-1_Panel-17,Critical,13,Replace Module,Replace Wiring,989,Sunny,2023-04-22 23:00:00,1,17,555.3,5.76,0.321,555.621
Short Circuit,String-5_Panel-10,High,12,Replace Module,Replace Wiring,365,Sunny,2023-04-22 23:00:00,5,10,518.36,6.09,0.387,518.747
Short Circuit,String-8_Panel-9,Medium,2,Inspect Junction Box,Replace Panel Section,923,Sunny,2023-04-23 00:00:00,8,9,67.07,0.93,0.054,67.124
Short Circuit,String-7_Panel-19,High,7,Replace Wiring,Inspect Cells,391,Sunny,2023-04-23 02:00:00,7,19,140.71,2.23,0.143,140.853
Shadowing,String-1_Panel-5,Low,1,Remove Obstruction,Replace Wiring,808,Rainy,2023-04-23 03:00:00,1,5,54.4,0.43,0.026,54.426
Shadowing,String-10_Panel-15,Low,13,Remove Obstruction,Clean Panel,529,Cloudy,2023-04-23 03:00:00,10,15,49.98,0.67,0.04,50.019999999999996
Shadowing,String-3_Panel-8,Low,2,Remove Obstruction,Clean Panel,421,Rainy,2023-04-23 03:00:00,3,8,47.78,0.53,0.026,47.806000000000004
Shadowing,String-2_Panel-8,High,3,Remove Obstruction,Inspect Cells,362,Cloudy,2023-04-23 04:00:00,2,8,44.53,0.58,0.033,44.563
Short Circuit,String-4_Panel-13,Low,5,Inspect Junction Box,Inspect Cells,914,Cloudy,2023-04-23 04:00:00,4,13,69.49,1.0,0.05,69.53999999999999
Open Circuit,String-5_Panel-9,High,8,Replace Wiring,Replace Wiring,365,Rainy,2023-04-23 04:00:00,5,9,140.94,1.59,0.083,141.023
Short Circuit,String-6_Panel-1,High,11,Replace Module,Adjust Tilt,688,Sunny,2023-04-23 06:00:00,6,1,434.98,5.78,0.271,435.25100000000003
Open Circuit,String-2_Panel-9,High,8,Replace Wiring,Replace Fuse,532,Cloudy,2023-04-23 08:00:00,2,9,156.95,2.25,0.097,157.047
Short Circuit,String-10_Panel-2,High,11,Inspect Junction Box,Replace Wiring,466,Cloudy,2023-04-23 09:00:00,10,2,83.5,0.93,0.054,83.554
Shadowing,String-5_Panel-9,Critical,2,Reinstall Module,Reinstall Module,568,Cloudy,2023-04-23 10:00:00,5,9,192.99,3.34,0.181,193.17100000000002
Hotspot,String-1_Panel-9,Critical,6,Replace Module,Replace Module,617,Rainy,2023-04-23 12:00:00,1,9,591.5,5.62,0.303,591.803
Open Circuit,String-8_Panel-15,Medium,5,Replace Wiring,Replace Connector,928,Rainy,2023-04-23 13:00:00,8,15,157.12,1.99,0.098,157.21800000000002
Shadowing,String-2_Panel-6,High,3,Adjust Tilt,Replace Module,638,Cloudy,2023-04-23 13:00:00,2,6,122.51,2.09,0.126,122.63600000000001
Hotspot,String-2_Panel-5,Critical,1,Replace Module,Replace Module,880,Rainy,2023-04-23 14:00:00,2,5,490.81,5.76,0.274,491.084
Hotspot,String-4_Panel-20,Critical,13,Reinstall Module,Replace Module,647,Rainy,2023-04-23 15:00:00,4,20,213.47,2.56,0.126,213.596
Open Circuit,String-7_Panel-1,Medium,5,Replace Module,Tighten Connection,750,Cloudy,2023-04-23 15:00:00,7,1,546.96,6.6,0.316,547.2760000000001
Shadowing,String-1_Panel-3,Critical,11,Replace Module,Tighten Connection,345,Cloudy,2023-04-23 17:00:00,1,3,516.18,6.33,0.267,516.447
Hotspot,String-3_Panel-5,Low,10,Inspect Cells,Clean Panel,640,Rainy,2023-04-23 17:00:00,3,5,94.14,0.9,0.048,94.188
Hotspot,String-5_Panel-1,Medium,1,Inspect Cells,Inspect Cells,728,Sunny,2023-04-23 19:00:00,5,1,90.51,0.94,0.056,90.566
Hotspot,String-6_Panel-8,Medium,4,Inspect Cells,Inspect Cells,303,Sunny,2023-04-23 19:00:00,6,8,83.92,1.15,0.057,83.977
Hotspot,String-9_Panel-4,Low,13,Inspect Cells,Clean Panel,960,Sunny,2023-04-23 22:00:00,9,4,100.88,0.9,0.041,100.92099999999999
Hotspot,String-3_Panel-6,Medium,5,Inspect Cells,Inspect Cells,867,Cloudy,2023-04-23 23:00:00,3,6,76.71,1.0,0.042,76.752
Shadowing,String-1_Panel-10,Low,9,Clean Panel,Adjust Tilt,867,Sunny,2023-04-23 23:00:00,1,10,26.43,0.4,0.019,26.448999999999998
Short Circuit,String-8_Panel-20,Critical,4,Replace Module,Replace Panel Section,981,Rainy,2023-04-24 00:00:00,8,20,499.43,6.7,0.296,499.726
Shadowing,String-4_Panel-11,Low,11,Remove Obstruction,Adjust Tilt,365,Cloudy,2023-04-24 00:00:00,4,11,54.51,0.43,0.025,54.535
Short Circuit,String-2_Panel-20,Critical,9,Reinstall Module,Adjust Tilt,446,Rainy,2023-04-24 01:00:00,2,20,169.9,3.32,0.207,170.107
Short Circuit,String-4_Panel-11,Critical,1,Replace Module,Replace Module,502,Cloudy,2023-04-24 03:00:00,4,11,486.59,6.0,0.292,486.88199999999995
Short Circuit,String-6_Panel-17,Low,13,Inspect Junction Box,Inspect Junction Box,212,Cloudy,2023-04-24 03:00:00,6,17,68.54,1.18,0.067,68.607
Shadowing,String-1_Panel-5,High,7,Remove Obstruction,Replace Module,438,Cloudy,2023-04-24 04:00:00,1,5,52.58,0.43,0.026,52.606
Shadowing,String-1_Panel-13,Low,8,Remove Obstruction,Adjust Tilt,501,Cloudy,2023-04-24 04:00:00,1,13,46.79,0.6,0.03,46.82
Open Circuit,String-8_Panel-11,Critical,2,Replace Module,Remove Obstruction,252,Sunny,2023-04-24 05:00:00,8,11,541.33,6.74,0.343,541.673
Hotspot,String-8_Panel-1,Low,14,Clean Panel,Clean Panel,785,Cloudy,2023-04-24 06:00:00,8,1,29.53,0.34,0.018,29.548000000000002
Hotspot,String-7_Panel-13,Low,7,Clean Panel,Replace Connector,311,Rainy,2023-04-24 06:00:00,7,13,27.07,0.29,0.015,27.085
Short Circuit,String-8_Panel-4,Medium,1,Inspect Junction Box,Inspect Junction Box,440,Sunny,2023-04-24 06:00:00,8,4,72.31,0.77,0.046,72.35600000000001
Hotspot,String-2_Panel-4,Low,9,Inspect Cells,Clean Panel,965,Rainy,2023-04-24 06:00:00,2,4,93.04,0.94,0.046,93.08600000000001
Hotspot,String-6_Panel-12,Low,9,Inspect Cells,Replace Fuse,804,Sunny,2023-04-24 07:00:00,6,12,83.52,1.03,0.067,83.58699999999999
Shadowing,String-3_Panel-4,Low,8,Remove Obstruction,Replace Panel Section,591,Cloudy,2023-04-24 08:00:00,3,4,52.49,0.4,0.024,52.514
Short Circuit,String-2_Panel-14,High,14,Reinstall Module,Replace Fuse,387,Rainy,2023-04-24 10:00:00,2,14,198.05,2.92,0.134,198.184
Short Circuit,String-10_Panel-6,Critical,9,Replace Module,Reinstall Module,996,Sunny,2023-04-24 10:00:00,10,6,492.98,7.36,0.421,493.401
Hotspot,String-2_Panel-13,High,4,Replace Panel Section,Replace Fuse,366,Rainy,2023-04-24 11:00:00,2,13,325.96,4.09,0.243,326.203
Shadowing,String-2_Panel-10,Medium,9,Remove Obstruction,Inspect Junction Box,945,Sunny,2023-04-24 13:00:00,2,10,52.3,0.53,0.026,52.326
Open Circuit,String-10_Panel-1,High,14,Replace Wiring,Clean Panel,314,Sunny,2023-04-24 13:00:00,10,1,128.1,1.57,0.071,128.171
Hotspot,String-10_Panel-9,Critical,5,Replace Module,Replace Wiring,783,Cloudy,2023-04-24 14:00:00,10,9,511.78,6.42,0.405,512.185
Hotspot,String-6_Panel-19,High,1,Replace Module,Replace Panel Section,826,Cloudy,2023-04-24 15:00:00,6,19,544.21,5.1,0.306,544.5160000000001
Open Circuit,String-7_Panel-7,High,13,Replace Connector,Clean Panel,362,Cloudy,2023-04-24 15:00:00,7,7,80.34,1.05,0.069,80.409
Open Circuit,String-6_Panel-8,Critical,11,Replace Module,Replace Module,574,Cloudy,2023-04-24 16:00:00,6,8,557.11,6.25,0.356,557.466
Hotspot,String-10_Panel-5,High,13,Replace Panel Section,Tighten Connection,645,Rainy,2023-04-24 18:00:00,10,5,310.18,4.43,0.188,310.368
Shadowing,String-5_Panel-4,Low,7,Clean Panel,Clean Panel,234,Sunny,2023-04-24 19:00:00,5,4,26.05,0.28,0.014,26.064
Hotspot,String-7_Panel-20,Critical,12,Replace Module,Replace Module,754,Cloudy,2023-04-24 19:00:00,7,20,449.5,6.08,0.318,449.818
Shadowing,String-2_Panel-12,Low,2,Reinstall Module,Clean Panel,962,Cloudy,2023-04-24 20:00:00,2,12,207.05,3.22,0.135,207.185
Short Circuit,String-10_Panel-1,Low,3,Inspect Junction Box,Inspect Junction Box,881,Rainy,2023-04-24 21:00:00,10,1,68.47,0.87,0.045,68.515
Shadowing,String-9_Panel-1,Low,5,Remove Obstruction,Reinstall Module,300,Sunny,2023-04-24 22:00:00,9,1,44.71,0.45,0.019,44.729
Open Circuit,String-8_Panel-3,High,9,Replace Wiring,Inspect Cells,399,Rainy,2023-04-24 23:00:00,8,3,148.59,2.74,0.179,148.769
Short Circuit,String-4_Panel-6,Low,7,Inspect Junction Box,Clean Panel,231,Cloudy,2023-04-24 23:00:00,4,6,69.3,0.83,0.051,69.351
Hotspot,String-8_Panel-14,Critical,9,Replace Module,Remove Obstruction,376,Sunny,2023-04-25 00:00:00,8,14,505.56,6.61,0.424,505.984
Open Circuit,String-7_Panel-6,Critical,2,Replace Module,Replace Connector,716,Cloudy,2023-04-25 01:00:00,7,6,512.04,5.69,0.269,512.309
Open Circuit,String-10_Panel-4,Low,6,Tighten Connection,Tighten Connection,759,Sunny,2023-04-25 02:00:00,10,4,37.91,0.48,0.03,37.94
Open Circuit,String-8_Panel-12,Critical,14,Reinstall Module,Replace Module,796,Sunny,2023-04-25 02:00:00,8,12,208.94,2.92,0.134,209.07399999999998
Open Circuit,String-1_Panel-15,High,12,Inspect Junction Box,Replace Wiring,469,Rainy,2023-04-25 02:00:00,1,15,60.36,1.06,0.049,60.409
Shadowing,String-1_Panel-18,Medium,10,Remove Obstruction,Tighten Connection,251,Cloudy,2023-04-25 04:00:00,1,18,52.99,0.58,0.031,53.021
Shadowing,String-7_Panel-2,Low,14,Reinstall Module,Replace Module,317,Rainy,2023-04-25 05:00:00,7,2,183.63,2.99,0.195,183.825
Short Circuit,String-4_Panel-20,Low,5,Inspect Junction Box,Inspect Junction Box,542,Sunny,2023-04-25 07:00:00,4,20,68.23,0.93,0.055,68.28500000000001
Hotspot,String-9_Panel-19,High,7,Replace Module,Replace Panel Section,361,Sunny,2023-04-25 07:00:00,9,19,540.7,5.75,0.31,541.01
Shadowing,String-7_Panel-8,High,1,Adjust Tilt,Inspect Cells,592,Sunny,2023-04-25 08:00:00,7,8,124.38,1.82,0.083,124.463
Short Circuit,String-10_Panel-1,Critical,10,Reinstall Module,Replace Module,248,Cloudy,2023-04-25 09:00:00,10,1,202.42,2.32,0.134,202.55399999999997
Shadowing,String-5_Panel-17,Medium,12,Remove Obstruction,Remove Obstruction,388,Rainy,2023-04-25 09:00:00,5,17,52.06,0.54,0.024,52.084
Open Circuit,String-8_Panel-18,Medium,12,Replace Connector,Replace Fuse,211,Cloudy,2023-04-25 09:00:00,8,18,75.76,1.15,0.07,75.83
Hotspot,String-7_Panel-3,Medium,9,Replace Panel Section,Inspect Cells,887,Sunny,2023-04-25 10:00:00,7,3,289.2,3.62,0.209,289.409
Open Circuit,String-8_Panel-17,Medium,7,Replace Connector,Replace Module,436,Sunny,2023-04-25 11:00:00,8,17,94.89,0.94,0.061,94.95100000000001
Hotspot,String-4_Panel-3,Low,11,Inspect Cells,Clean Panel,742,Sunny,2023-04-25 12:00:00,4,3,72.81,0.87,0.045,72.855
Short Circuit,String-10_Panel-6,High,11,Replace Wiring,Remove Obstruction,386,Sunny,2023-04-25 12:00:00,10,6,139.23,2.36,0.148,139.378
Open Circuit,String-8_Panel-12,High,12,Replace Wiring,Replace Wiring,977,Sunny,2023-04-25 13:00:00,8,12,152.82,1.85,0.119,152.939
Hotspot,String-2_Panel-17,Critical,6,Replace Module,Remove Obstruction,662,Cloudy,2023-04-25 14:00:00,2,17,539.69,4.87,0.241,539.931
Hotspot,String-4_Panel-17,Medium,10,Replace Panel Section,Inspect Cells,855,Sunny,2023-04-25 15:00:00,4,17,356.73,3.5,0.155,356.885
Open Circuit,String-2_Panel-8,High,6,Replace Wiring,Inspect Junction Box,842,Sunny,2023-04-25 18:00:00,2,8,150.16,2.07,0.102,150.262
Hotspot,String-8_Panel-3,High,8,Replace Panel Section,Replace Panel Section,729,Rainy,2023-04-25 18:00:00,8,3,321.97,4.29,0.193,322.163
Hotspot,String-1_Panel-20,Low,1,Inspect Cells,Clean Panel,987,Rainy,2023-04-25 18:00:00,1,20,84.14,1.0,0.044,84.184
Short Circuit,String-5_Panel-19,Critical,12,Replace Module,Replace Module,919,Rainy,2023-04-25 19:00:00,5,19,497.15,5.05,0.279,497.429
Short Circuit,String-4_Panel-13,Low,9,Inspect Junction Box,Tighten Connection,916,Sunny,2023-04-25 20:00:00,4,13,76.03,1.04,0.061,76.09100000000001
Hotspot,String-9_Panel-18,Critical,14,Replace Module,Replace Connector,586,Sunny,2023-04-25 20:00:00,9,18,635.12,4.96,0.209,635.329
Shadowing,String-2_Panel-13,Medium,3,Remove Obstruction,Remove Obstruction,580,Sunny,2023-04-25 21:00:00,2,13,54.93,0.43,0.019,54.949
Hotspot,String-8_Panel-11,Low,11,Inspect Cells,Adjust Tilt,925,Sunny,2023-04-25 22:00:00,8,11,82.37,0.92,0.039,82.409
Short Circuit,String-8_Panel-12,Critical,6,Replace Panel Section,Replace Wiring,781,Sunny,2023-04-26 00:00:00,8,12,331.35,4.21,0.245,331.595
Short Circuit,String-1_Panel-1,Low,6,Inspect Junction Box,Inspect Junction Box,482,Sunny,2023-04-26 01:00:00,1,1,60.78,1.03,0.044,60.824
Shadowing,String-5_Panel-12,Low,2,Remove Obstruction,Inspect Cells,993,Cloudy,2023-04-26 01:00:00,5,12,57.35,0.61,0.031,57.381
Open Circuit,String-10_Panel-12,High,8,Inspect Junction Box,Replace Wiring,579,Rainy,2023-04-26 02:00:00,10,12,64.74,1.07,0.053,64.79299999999999
Short Circuit,String-5_Panel-11,Low,13,Inspect Junction Box,Inspect Junction Box,577,Sunny,2023-04-26 06:00:00,5,11,74.25,0.96,0.053,74.303
Short Circuit,String-7_Panel-17,Low,10,Inspect Junction Box,Replace Wiring,952,Cloudy,2023-04-26 06:00:00,7,17,70.0,1.02,0.045,70.045
Shadowing,String-3_Panel-16,High,8,Remove Obstruction,Reinstall Module,215,Cloudy,2023-04-26 07:00:00,3,16,52.58,0.48,0.03,52.61
Open Circuit,String-10_Panel-10,Medium,10,Replace Wiring,Replace Connector,949,Rainy,2023-04-26 07:00:00,10,10,152.82,2.04,0.111,152.93099999999998
Short Circuit,String-7_Panel-10,Low,10,Inspect Junction Box,Replace Module,811,Cloudy,2023-04-26 07:00:00,7,10,74.4,0.98,0.045,74.44500000000001
Shadowing,String-10_Panel-15,Critical,1,Reinstall Module,Remove Obstruction,978,Rainy,2023-04-26 07:00:00,10,15,209.1,2.71,0.12,209.22
Open Circuit,String-1_Panel-18,High,2,Replace Wiring,Clean Panel,949,Sunny,2023-04-26 08:00:00,1,18,137.73,2.07,0.12,137.85
Shadowing,String-9_Panel-3,Medium,4,Remove Obstruction,Replace Panel Section,886,Rainy,2023-04-26 08:00:00,9,3,41.47,0.48,0.022,41.492
Open Circuit,String-3_Panel-20,Medium,7,Replace Wiring,Replace Module,773,Cloudy,2023-04-26 08:00:00,3,20,144.58,1.96,0.087,144.667
Shadowing,String-1_Panel-15,Critical,8,Replace Module,Reinstall Module,254,Sunny,2023-04-26 09:00:00,1,15,553.09,6.74,0.322,553.412
Short Circuit,String-7_Panel-14,High,9,Replace Wiring,Replace Module,554,Cloudy,2023-04-26 11:00:00,7,14,170.8,2.15,0.097,170.89700000000002
Hotspot,String-2_Panel-17,Critical,1,Replace Module,Replace Panel Section,621,Sunny,2023-04-26 12:00:00,2,17,487.46,4.73,0.199,487.659
Shadowing,String-9_Panel-13,Medium,14,Remove Obstruction,Remove Obstruction,264,Sunny,2023-04-26 12:00:00,9,13,48.9,0.54,0.031,48.931
Hotspot,String-5_Panel-15,High,14,Reinstall Module,Replace Panel Section,677,Rainy,2023-04-26 13:00:00,5,15,198.6,2.91,0.168,198.768
Shadowing,String-5_Panel-4,Critical,8,Replace Module,Inspect Junction Box,659,Rainy,2023-04-26 15:00:00,5,4,509.34,5.76,0.309,509.649
Open Circuit,String-4_Panel-14,Medium,13,Inspect Junction Box,Clean Panel,292,Cloudy,2023-04-26 16:00:00,4,14,77.05,1.13,0.061,77.111
Hotspot,String-1_Panel-2,Low,10,Inspect Cells,Remove Obstruction,681,Cloudy,2023-04-26 16:00:00,1,2,70.45,0.98,0.05,70.5
Hotspot,String-10_Panel-6,High,10,Clean Panel,Replace Panel Section,699,Sunny,2023-04-26 17:00:00,10,6,29.69,0.28,0.012,29.702
Hotspot,String-8_Panel-13,Critical,5,Replace Module,Remove Obstruction,919,Cloudy,2023-04-26 17:00:00,8,13,476.77,5.08,0.282,477.05199999999996
Hotspot,String-7_Panel-12,Low,6,Inspect Cells,Replace Wiring,842,Sunny,2023-04-26 17:00:00,7,12,78.41,1.0,0.043,78.453
Open Circuit,String-5_Panel-18,Low,4,Tighten Connection,Inspect Junction Box,257,Cloudy,2023-04-26 20:00:00,5,18,42.93,0.55,0.032,42.961999999999996
Hotspot,String-4_Panel-17,Low,2,Clean Panel,Clean Panel,641,Sunny,2023-04-26 20:00:00,4,17,31.74,0.35,0.021,31.761
Shadowing,String-6_Panel-7,Low,5,Clean Panel,Inspect Junction Box,520,Sunny,2023-04-26 22:00:00,6,7,25.59,0.28,0.012,25.602
Open Circuit,String-5_Panel-10,High,6,Replace Wiring,Remove Obstruction,836,Sunny,2023-04-26 23:00:00,5,10,142.47,2.39,0.131,142.601
Short Circuit,String-10_Panel-12,Critical,5,Replace Module,Replace Module,851,Sunny,2023-04-26 23:00:00,10,12,523.55,6.81,0.331,523.881
Short Circuit,String-2_Panel-5,Medium,7,Replace Connector,Replace Fuse,427,Sunny,2023-04-27 00:00:00,2,5,91.27,1.11,0.056,91.326
Short Circuit,String-5_Panel-7,Medium,14,Replace Fuse,Replace Fuse,519,Cloudy,2023-04-27 01:00:00,5,7,58.63,0.55,0.023,58.653000000000006
Open Circuit,String-10_Panel-19,Medium,3,Replace Wiring,Adjust Tilt,914,Sunny,2023-04-27 03:00:00,10,19,167.61,1.62,0.08,167.69000000000003
Short Circuit,String-8_Panel-4,Critical,9,Replace Module,Remove Obstruction,881,Cloudy,2023-04-27 04:00:00,8,4,552.02,6.62,0.34,552.36
Short Circuit,String-1_Panel-20,High,11,Replace Module,Adjust Tilt,803,Cloudy,2023-04-27 05:00:00,1,20,536.66,6.54,0.399,537.059
Short Circuit,String-7_Panel-5,Low,14,Replace Fuse,Replace Fuse,721,Rainy,2023-04-27 08:00:00,7,5,56.61,0.51,0.025,56.635
Hotspot,String-3_Panel-10,Low,11,Clean Panel,Adjust Tilt,580,Cloudy,2023-04-27 08:00:00,3,10,27.2,0.29,0.019,27.218999999999998
Hotspot,String-7_Panel-20,Critical,14,Replace Module,Replace Module,815,Cloudy,2023-04-27 10:00:00,7,20,537.39,5.99,0.383,537.773
Open Circuit,String-10_Panel-9,Medium,10,Replace Connector,Replace Connector,503,Cloudy,2023-04-27 11:00:00,10,9,98.99,0.94,0.041,99.03099999999999
Hotspot,String-2_Panel-17,Critical,4,Replace Module,Replace Module,633,Rainy,2023-04-27 11:00:00,2,17,453.79,5.49,0.286,454.076
Hotspot,String-4_Panel-3,Medium,14,Inspect Cells,Clean Panel,363,Sunny,2023-04-27 13:00:00,4,3,87.18,1.07,0.065,87.245
Open Circuit,String-3_Panel-20,High,2,Inspect Junction Box,Replace Fuse,711,Rainy,2023-04-27 14:00:00,3,20,81.69,0.91,0.057,81.747
Hotspot,String-5_Panel-11,High,2,Replace Module,Inspect Junction Box,668,Sunny,2023-04-27 14:00:00,5,11,476.3,5.49,0.255,476.555
Hotspot,String-2_Panel-3,Critical,8,Replace Module,Clean Panel,364,Rainy,2023-04-27 14:00:00,2,3,523.9,6.9,0.368,524.268
Open Circuit,String-1_Panel-11,Medium,4,Replace Wiring,Replace Wiring,989,Cloudy,2023-04-27 15:00:00,1,11,156.05,2.51,0.146,156.196
Short Circuit,String-2_Panel-14,High,2,Replace Wiring,Replace Wiring,573,Sunny,2023-04-27 17:00:00,2,14,130.41,2.25,0.146,130.55599999999998
Hotspot,String-1_Panel-2,High,5,Replace Panel Section,Replace Panel Section,425,Cloudy,2023-04-27 18:00:00,1,2,300.67,4.25,0.269,300.939
Short Circuit,String-3_Panel-11,High,10,Replace Panel Section,Replace Wiring,221,Sunny,2023-04-27 19:00:00,3,11,315.11,3.43,0.155,315.265
Hotspot,String-9_Panel-11,Critical,1,Replace Module,Replace Fuse,762,Sunny,2023-04-27 22:00:00,9,11,561.75,6.01,0.375,562.125
Open Circuit,String-10_Panel-7,Medium,9,Replace Connector,Reinstall Module,410,Cloudy,2023-04-28 00:00:00,10,7,81.02,0.9,0.052,81.072
Hotspot,String-9_Panel-16,Medium,9,Inspect Cells,Reinstall Module,574,Sunny,2023-04-28 01:00:00,9,16,87.34,0.9,0.059,87.399
Shadowing,String-6_Panel-7,Low,5,Remove Obstruction,Reinstall Module,715,Rainy,2023-04-28 02:00:00,6,7,51.68,0.45,0.025,51.705
Open Circuit,String-6_Panel-13,High,3,Inspect Junction Box,Clean Panel,291,Rainy,2023-04-28 02:00:00,6,13,65.77,0.88,0.048,65.818
Open Circuit,String-6_Panel-10,Low,12,Tighten Connection,Tighten Connection,271,Rainy,2023-04-28 02:00:00,6,10,47.54,0.54,0.025,47.565
Shadowing,String-6_Panel-12,High,12,Remove Obstruction,Reinstall Module,300,Rainy,2023-04-28 02:00:00,6,12,51.44,0.39,0.022,51.461999999999996
Short Circuit,String-1_Panel-19,Medium,8,Replace Fuse,Replace Fuse,702,Cloudy,2023-04-28 03:00:00,1,19,47.95,0.6,0.038,47.988
Hotspot,String-10_Panel-10,Critical,7,Replace Module,Replace Module,240,Sunny,2023-04-28 03:00:00,10,10,536.34,6.1,0.399,536.739
Short Circuit,String-4_Panel-6,Low,12,Replace Fuse,Inspect Junction Box,380,Rainy,2023-04-28 04:00:00,4,6,58.95,0.61,0.033,58.983000000000004
Open Circuit,String-2_Panel-14,High,12,Replace Wiring,Replace Wiring,782,Cloudy,2023-04-28 06:00:00,2,14,143.22,1.58,0.075,143.295
Hotspot,String-7_Panel-4,High,13,Replace Panel Section,Replace Panel Section,494,Sunny,2023-04-28 06:00:00,7,4,318.21,3.16,0.147,318.35699999999997
Short Circuit,String-7_Panel-6,Low,12,Inspect Junction Box,Inspect Junction Box,424,Cloudy,2023-04-28 06:00:00,7,6,62.85,0.98,0.05,62.9
Short Circuit,String-10_Panel-11,Low,8,Inspect Junction Box,Inspect Junction Box,396,Cloudy,2023-04-28 07:00:00,10,11,67.18,1.09,0.046,67.22600000000001
Open Circuit,String-5_Panel-18,Low,12,Tighten Connection,Tighten Connection,632,Rainy,2023-04-28 08:00:00,5,18,43.4,0.48,0.027,43.427
Hotspot,String-1_Panel-11,Medium,8,Replace Panel Section,Replace Panel Section,992,Sunny,2023-04-28 08:00:00,1,11,305.55,3.57,0.211,305.761
Hotspot,String-7_Panel-20,Medium,8,Inspect Cells,Inspect Cells,839,Rainy,2023-04-28 08:00:00,7,20,83.57,0.79,0.034,83.604
Hotspot,String-7_Panel-6,Medium,9,Replace Panel Section,Inspect Cells,935,Rainy,2023-04-28 09:00:00,7,6,271.22,4.08,0.253,271.473
Hotspot,String-2_Panel-16,Medium,8,Replace Panel Section,Inspect Cells,903,Sunny,2023-04-28 11:00:00,2,16,310.24,4.29,0.217,310.457
Open Circuit,String-9_Panel-1,Low,14,Replace Wiring,Replace Wiring,273,Rainy,2023-04-28 12:00:00,9,1,137.06,1.96,0.106,137.166
Hotspot,String-5_Panel-14,High,6,Replace Module,Replace Wiring,263,Rainy,2023-04-28 12:00:00,5,14,483.81,5.49,0.292,484.102
Shadowing,String-9_Panel-11,Low,10,Remove Obstruction,Adjust Tilt,275,Cloudy,2023-04-28 13:00:00,9,11,48.05,0.63,0.037,48.086999999999996
Shadowing,String-4_Panel-11,Critical,1,Reinstall Module,Inspect Junction Box,447,Cloudy,2023-04-28 14:00:00,4,11,183.84,2.87,0.134,183.974
Short Circuit,String-5_Panel-14,Low,13,Inspect Junction Box,Replace Panel Section,936,Sunny,2023-04-28 14:00:00,5,14,74.48,0.8,0.038,74.518
Hotspot,String-7_Panel-20,Medium,3,Inspect Cells,Inspect Cells,487,Rainy,2023-04-28 15:00:00,7,20,80.98,1.08,0.058,81.03800000000001
Open Circuit,String-3_Panel-7,Medium,10,Replace Connector,Inspect Cells,428,Cloudy,2023-04-28 16:00:00,3,7,99.94,1.06,0.045,99.985
Short Circuit,String-9_Panel-8,Low,14,Inspect Junction Box,Inspect Junction Box,794,Cloudy,2023-04-28 17:00:00,9,8,74.45,0.86,0.051,74.501
Hotspot,String-9_Panel-19,Medium,14,Replace Panel Section,Replace Panel Section,957,Cloudy,2023-04-28 17:00:00,9,19,331.18,3.52,0.169,331.349
Shadowing,String-9_Panel-15,Medium,7,Remove Obstruction,Replace Module,561,Sunny,2023-04-28 18:00:00,9,15,50.48,0.51,0.03,50.51
Hotspot,String-9_Panel-16,Critical,9,Replace Module,Clean Panel,710,Sunny,2023-04-28 19:00:00,9,16,554.61,6.14,0.378,554.988
Shadowing,String-10_Panel-15,Medium,6,Remove Obstruction,Replace Wiring,675,Rainy,2023-04-28 20:00:00,10,15,50.43,0.46,0.027,50.457
Hotspot,String-3_Panel-9,Low,6,Clean Panel,Adjust Tilt,323,Rainy,2023-04-28 20:00:00,3,9,36.28,0.31,0.014,36.294000000000004
Hotspot,String-2_Panel-17,Critical,4,Replace Module,Adjust Tilt,827,Rainy,2023-04-29 01:00:00,2,17,490.65,6.73,0.376,491.02599999999995
Open Circuit,String-7_Panel-20,Medium,5,Replace Connector,Replace Connector,478,Sunny,2023-04-29 01:00:00,7,20,95.52,1.03,0.054,95.574
Shadowing,String-6_Panel-15,High,9,Remove Obstruction,Adjust Tilt,333,Sunny,2023-04-29 02:00:00,6,15,55.09,0.52,0.033,55.123000000000005
Open Circuit,String-3_Panel-11,Critical,6,Replace Module,Replace Module,691,Sunny,2023-04-29 02:00:00,3,11,557.21,5.35,0.244,557.4540000000001
Open Circuit,String-5_Panel-5,Low,14,Replace Connector,Clean Panel,564,Rainy,2023-04-29 03:00:00,5,5,89.62,0.79,0.037,89.65700000000001
Shadowing,String-9_Panel-8,High,12,Adjust Tilt,Replace Module,458,Rainy,2023-04-29 06:00:00,9,8,110.76,1.89,0.091,110.851
Hotspot,String-10_Panel-12,Low,14,Remove Obstruction,Inspect Junction Box,246,Cloudy,2023-04-29 07:00:00,10,12,50.16,0.48,0.022,50.181999999999995
Hotspot,String-2_Panel-18,High,4,Replace Module,Remove Obstruction,721,Cloudy,2023-04-29 07:00:00,2,18,517.52,5.68,0.37,517.89
Shadowing,String-5_Panel-15,Low,1,Remove Obstruction,Replace Fuse,626,Rainy,2023-04-29 08:00:00,5,15,54.33,0.37,0.016,54.346
Hotspot,String-3_Panel-1,High,5,Replace Panel Section,Adjust Tilt,224,Cloudy,2023-04-29 08:00:00,3,1,308.0,4.2,0.195,308.195
Shadowing,String-8_Panel-15,Critical,5,Remove Obstruction,Tighten Connection,621,Cloudy,2023-04-29 08:00:00,8,15,48.0,0.49,0.028,48.028
Open Circuit,String-6_Panel-10,Critical,1,Replace Module,Reinstall Module,896,Cloudy,2023-04-29 08:00:00,6,10,533.82,5.15,0.313,534.133
Hotspot,String-9_Panel-3,Critical,13,Replace Module,Replace Module,815,Rainy,2023-04-29 09:00:00,9,3,556.86,5.14,0.216,557.076
Short Circuit,String-2_Panel-2,Medium,1,Replace Fuse,Replace Fuse,609,Sunny,2023-04-29 11:00:00,2,2,59.96,0.48,0.026,59.986000000000004
Open Circuit,String-10_Panel-9,Medium,12,Replace Connector,Inspect Cells,554,Sunny,2023-04-29 12:00:00,10,9,87.03,1.05,0.067,87.097
Shadowing,String-4_Panel-13,High,13,Adjust Tilt,Replace Panel Section,912,Sunny,2023-04-29 15:00:00,4,13,125.07,2.21,0.109,125.17899999999999
Short Circuit,String-2_Panel-18,Critical,4,Replace Module,Replace Module,643,Cloudy,2023-04-29 15:00:00,2,18,517.72,5.36,0.304,518.024
Open Circuit,String-5_Panel-11,Critical,9,Replace Module,Replace Module,535,Sunny,2023-04-29 16:00:00,5,11,563.13,5.6,0.349,563.479
Short Circuit,String-2_Panel-16,Critical,11,Replace Module,Replace Module,827,Rainy,2023-04-29 18:00:00,2,16,593.44,5.42,0.264,593.7040000000001
Hotspot,String-10_Panel-19,Medium,11,Inspect Cells,Inspect Cells,241,Rainy,2023-04-29 19:00:00,10,19,96.16,0.98,0.06,96.22
Hotspot,String-3_Panel-4,Medium,3,Inspect Cells,Inspect Cells,365,Sunny,2023-04-29 21:00:00,3,4,76.65,0.8,0.049,76.69900000000001
Short Circuit,String-10_Panel-7,High,2,Replace Wiring,Inspect Junction Box,934,Cloudy,2023-04-29 23:00:00,10,7,154.35,2.07,0.107,154.457
Short Circuit,String-7_Panel-6,Low,1,Inspect Junction Box,Clean Panel,304,Sunny,2023-04-30 02:00:00,7,6,70.11,0.78,0.045,70.155
Shadowing,String-8_Panel-3,Low,1,Clean Panel,Clean Panel,960,Sunny,2023-04-30 02:00:00,8,3,30.39,0.37,0.018,30.408
Open Circuit,String-5_Panel-4,High,12,Replace Wiring,Replace Wiring,543,Sunny,2023-04-30 04:00:00,5,4,138.69,1.99,0.093,138.783
Open Circuit,String-7_Panel-17,High,13,Inspect Junction Box,Inspect Junction Box,556,Rainy,2023-04-30 05:00:00,7,17,72.43,1.0,0.048,72.47800000000001
Short Circuit,String-5_Panel-8,High,4,Replace Wiring,Replace Connector,313,Cloudy,2023-04-30 08:00:00,5,8,130.37,2.06,0.128,130.498
Short Circuit,String-5_Panel-8,Critical,12,Replace Module,Replace Panel Section,279,Rainy,2023-04-30 09:00:00,5,8,523.3,6.59,0.353,523.6529999999999
Shadowing,String-10_Panel-18,Critical,1,Adjust Tilt,Replace Panel Section,988,Sunny,2023-04-30 09:00:00,10,18,122.56,1.8,0.115,122.675
Shadowing,String-10_Panel-14,Low,12,Adjust Tilt,Clean Panel,278,Cloudy,2023-04-30 10:00:00,10,14,131.59,2.13,0.13,131.72
Short Circuit,String-4_Panel-4,Medium,11,Replace Fuse,Remove Obstruction,248,Rainy,2023-04-30 12:00:00,4,4,57.78,0.49,0.028,57.808
Shadowing,String-3_Panel-6,Medium,6,Clean Panel,Replace Panel Section,648,Rainy,2023-04-30 14:00:00,3,6,29.88,0.34,0.023,29.903
Open Circuit,String-1_Panel-13,High,11,Replace Wiring,Clean Panel,750,Rainy,2023-04-30 14:00:00,1,13,150.37,1.98,0.105,150.475
Shadowing,String-10_Panel-15,High,9,Remove Obstruction,Replace Wiring,460,Sunny,2023-04-30 17:00:00,10,15,52.69,0.46,0.029,52.719
Open Circuit,String-6_Panel-9,High,7,Replace Wiring,Replace Wiring,539,Sunny,2023-04-30 19:00:00,6,9,172.19,2.24,0.132,172.322
Open Circuit,String-6_Panel-18,Low,5,Replace Connector,Adjust Tilt,910,Cloudy,2023-04-30 20:00:00,6,18,92.74,0.98,0.05,92.78999999999999
Open Circuit,String-7_Panel-2,Critical,3,Replace Module,Replace Module,601,Cloudy,2023-04-30 20:00:00,7,2,553.37,5.46,0.31,553.68
Shadowing,String-7_Panel-2,High,12,Remove Obstruction,Adjust Tilt,349,Sunny,2023-04-30 21:00:00,7,2,52.27,0.5,0.028,52.298
Open Circuit,String-5_Panel-13,Critical,7,Replace Module,Replace Connector,523,Cloudy,2023-04-30 22:00:00,5,13,537.83,5.81,0.353,538.183
Open Circuit,String-2_Panel-15,Critical,10,Replace Module,Clean Panel,587,Sunny,2023-04-30 23:00:00,2,15,538.38,5.56,0.255,538.635
Hotspot,String-5_Panel-14,Low,3,Inspect Cells,Clean Panel,998,Sunny,2023-04-30 23:00:00,5,14,81.61,0.95,0.044,81.654
Open Circuit,String-8_Panel-17,Medium,7,Replace Connector,Replace Connector,775,Sunny,2023-05-01 00:00:00,8,17,98.14,0.97,0.054,98.194
Shadowing,String-8_Panel-7,Medium,6,Remove Obstruction,Remove Obstruction,702,Rainy,2023-05-01 01:00:00,8,7,57.13,0.46,0.027,57.157000000000004
Short Circuit,String-6_Panel-3,Critical,10,Replace Module,Replace Module,363,Rainy,2023-05-01 03:00:00,6,3,510.08,6.75,0.429,510.50899999999996
Short Circuit,String-3_Panel-12,Critical,12,Replace Module,Inspect Cells,840,Sunny,2023-05-01 05:00:00,3,12,483.97,5.58,0.322,484.29200000000003
Open Circuit,String-6_Panel-15,Medium,13,Inspect Junction Box,Replace Module,795,Cloudy,2023-05-01 06:00:00,6,15,77.26,1.02,0.06,77.32000000000001
Short Circuit,String-8_Panel-18,Low,12,Inspect Junction Box,Inspect Junction Box,816,Cloudy,2023-05-01 06:00:00,8,18,72.77,0.96,0.057,72.827
Hotspot,String-10_Panel-5,Low,8,Clean Panel,Adjust Tilt,244,Rainy,2023-05-01 07:00:00,10,5,31.35,0.33,0.019,31.369
Shadowing,String-1_Panel-2,Critical,10,Replace Module,Reinstall Module,230,Rainy,2023-05-01 08:00:00,1,2,509.12,6.13,0.398,509.51800000000003
Short Circuit,String-3_Panel-13,Low,7,Inspect Junction Box,Inspect Junction Box,340,Cloudy,2023-05-01 08:00:00,3,13,67.85,0.86,0.04,67.89
Shadowing,String-7_Panel-20,High,1,Remove Obstruction,Tighten Connection,531,Cloudy,2023-05-01 09:00:00,7,20,49.04,0.54,0.034,49.074
Short Circuit,String-3_Panel-18,Low,2,Inspect Junction Box,Clean Panel,339,Sunny,2023-05-01 10:00:00,3,18,62.41,0.93,0.051,62.461
Shadowing,String-4_Panel-5,Critical,5,Reinstall Module,Reinstall Module,613,Rainy,2023-05-01 11:00:00,4,5,212.72,2.81,0.132,212.852
Shadowing,String-8_Panel-3,Critical,8,Reinstall Module,Replace Module,878,Rainy,2023-05-01 11:00:00,8,3,177.41,3.17,0.192,177.602
Shadowing,String-3_Panel-14,Low,6,Clean Panel,Clean Panel,836,Sunny,2023-05-01 12:00:00,3,14,28.43,0.29,0.013,28.443
Hotspot,String-4_Panel-10,High,2,Replace Panel Section,Adjust Tilt,655,Cloudy,2023-05-01 13:00:00,4,10,294.27,3.6,0.18,294.45
Short Circuit,String-10_Panel-4,Low,13,Inspect Junction Box,Inspect Junction Box,676,Cloudy,2023-05-01 13:00:00,10,4,70.42,1.08,0.05,70.47
Hotspot,String-1_Panel-20,Medium,2,Inspect Cells,Replace Panel Section,749,Rainy,2023-05-01 14:00:00,1,20,84.76,0.96,0.044,84.804
Hotspot,String-2_Panel-2,Critical,11,Replace Module,Replace Module,737,Cloudy,2023-05-01 15:00:00,2,2,568.35,6.78,0.437,568.787
Shadowing,String-1_Panel-14,Critical,2,Reinstall Module,Replace Fuse,956,Sunny,2023-05-01 16:00:00,1,14,220.88,2.87,0.15,221.03
Hotspot,String-4_Panel-3,Medium,14,Inspect Cells,Inspect Cells,477,Rainy,2023-05-01 18:00:00,4,3,83.85,1.1,0.064,83.91399999999999
Open Circuit,String-6_Panel-18,Critical,1,Replace Module,Replace Module,267,Cloudy,2023-05-01 18:00:00,6,18,509.38,6.6,0.319,509.699
Open Circuit,String-3_Panel-10,Low,11,Tighten Connection,Tighten Connection,836,Sunny,2023-05-01 18:00:00,3,10,38.17,0.46,0.024,38.194
Hotspot,String-3_Panel-20,Critical,9,Replace Module,Reinstall Module,984,Rainy,2023-05-01 19:00:00,3,20,516.57,5.01,0.262,516.832
Open Circuit,String-8_Panel-7,High,6,Replace Wiring,Replace Fuse,299,Cloudy,2023-05-01 19:00:00,8,7,144.24,2.38,0.156,144.39600000000002
Shadowing,String-10_Panel-12,High,4,Adjust Tilt,Inspect Junction Box,829,Cloudy,2023-05-01 20:00:00,10,12,118.27,1.83,0.08,118.35
Short Circuit,String-9_Panel-14,Medium,14,Replace Fuse,Replace Fuse,304,Rainy,2023-05-01 22:00:00,9,14,57.66,0.61,0.032,57.69199999999999
Open Circuit,String-7_Panel-14,Medium,10,Replace Connector,Inspect Cells,272,Rainy,2023-05-01 22:00:00,7,14,84.3,0.78,0.037,84.337
Shadowing,String-2_Panel-14,Critical,12,Replace Module,Reinstall Module,714,Sunny,2023-05-01 22:00:00,2,14,497.68,5.54,0.352,498.032
Shadowing,String-9_Panel-3,High,10,Adjust Tilt,Adjust Tilt,845,Cloudy,2023-05-01 23:00:00,9,3,98.19,1.98,0.125,98.315
Open Circuit,String-3_Panel-3,High,4,Replace Wiring,Replace Wiring,397,Cloudy,2023-05-01 23:00:00,3,3,145.0,2.25,0.101,145.101
Shadowing,String-7_Panel-6,Low,11,Remove Obstruction,Replace Module,951,Cloudy,2023-05-02 01:00:00,7,6,42.42,0.45,0.029,42.449000000000005
Short Circuit,String-1_Panel-16,Medium,3,Replace Fuse,Inspect Cells,529,Cloudy,2023-05-02 01:00:00,1,16,60.7,0.43,0.02,60.720000000000006
Short Circuit,String-4_Panel-11,Low,10,Inspect Junction Box,Adjust Tilt,411,Sunny,2023-05-02 01:00:00,4,11,70.24,0.99,0.055,70.295
Short Circuit,String-4_Panel-19,High,11,Replace Wiring,Replace Wiring,727,Rainy,2023-05-02 01:00:00,4,19,149.81,2.1,0.122,149.93200000000002
Hotspot,String-1_Panel-12,Medium,2,Inspect Cells,Inspect Cells,758,Rainy,2023-05-02 03:00:00,1,12,75.68,0.93,0.05,75.73
Short Circuit,String-3_Panel-19,Medium,10,Replace Fuse,Replace Fuse,544,Cloudy,2023-05-02 04:00:00,3,19,63.04,0.52,0.029,63.069
Shadowing,String-2_Panel-10,Medium,3,Remove Obstruction,Clean Panel,735,Cloudy,2023-05-02 05:00:00,2,10,53.65,0.42,0.02,53.67
Open Circuit,String-8_Panel-3,Medium,5,Inspect Junction Box,Inspect Junction Box,904,Sunny,2023-05-02 05:00:00,8,3,66.87,1.23,0.07,66.94
Open Circuit,String-10_Panel-9,Critical,7,Replace Module,Inspect Cells,543,Rainy,2023-05-02 07:00:00,10,9,501.23,5.51,0.363,501.593
Shadowing,String-2_Panel-16,Medium,14,Remove Obstruction,Remove Obstruction,433,Sunny,2023-05-02 11:00:00,2,16,50.31,0.51,0.022,50.332
Hotspot,String-9_Panel-10,Medium,4,Clean Panel,Remove Obstruction,257,Cloudy,2023-05-02 11:00:00,9,10,32.19,0.29,0.016,32.205999999999996
Open Circuit,String-6_Panel-14,High,3,Inspect Junction Box,Replace Wiring,214,Rainy,2023-05-02 11:00:00,6,14,66.08,1.06,0.066,66.146
Hotspot,String-6_Panel-13,Critical,8,Replace Module,Replace Module,686,Rainy,2023-05-02 11:00:00,6,13,539.11,6.27,0.359,539.469
Hotspot,String-4_Panel-20,Medium,12,Replace Panel Section,Inspect Cells,970,Sunny,2023-05-02 12:00:00,4,20,340.34,3.25,0.2,340.53999999999996
Hotspot,String-9_Panel-6,Medium,4,Inspect Cells,Inspect Cells,581,Rainy,2023-05-02 12:00:00,9,6,83.16,0.83,0.049,83.209
Shadowing,String-1_Panel-11,Medium,9,Remove Obstruction,Remove Obstruction,231,Sunny,2023-05-02 13:00:00,1,11,48.5,0.58,0.026,48.526
Open Circuit,String-6_Panel-2,Medium,9,Replace Wiring,Replace Connector,796,Cloudy,2023-05-02 14:00:00,6,2,162.35,2.07,0.122,162.472
Open Circuit,String-5_Panel-3,Critical,8,Replace Module,Replace Module,333,Rainy,2023-05-02 14:00:00,5,3,525.56,6.53,0.349,525.909
Open Circuit,String-6_Panel-13,Medium,2,Replace Connector,Replace Connector,603,Rainy,2023-05-02 14:00:00,6,13,89.05,0.8,0.053,89.103
Shadowing,String-4_Panel-4,Critical,13,Replace Module,Inspect Cells,857,Sunny,2023-05-02 17:00:00,4,4,506.42,4.32,0.246,506.666
Open Circuit,String-5_Panel-1,Low,3,Tighten Connection,Remove Obstruction,631,Cloudy,2023-05-02 17:00:00,5,1,41.91,0.46,0.021,41.931
Hotspot,String-6_Panel-7,High,14,Replace Panel Section,Replace Panel Section,315,Cloudy,2023-05-02 17:00:00,6,7,346.32,3.47,0.212,346.532
Short Circuit,String-1_Panel-2,Medium,13,Replace Fuse,Inspect Cells,372,Rainy,2023-05-02 19:00:00,1,2,56.32,0.51,0.033,56.353
Shadowing,String-3_Panel-18,Critical,12,Replace Module,Reinstall Module,482,Rainy,2023-05-02 19:00:00,3,18,569.62,6.75,0.405,570.025
Shadowing,String-8_Panel-3,Low,6,Reinstall Module,Inspect Cells,450,Rainy,2023-05-02 20:00:00,8,3,216.33,2.76,0.149,216.479
Hotspot,String-7_Panel-20,Critical,12,Replace Module,Replace Module,833,Cloudy,2023-05-02 21:00:00,7,20,492.08,5.42,0.338,492.418
Shadowing,String-1_Panel-2,Low,1,Clean Panel,Clean Panel,409,Sunny,2023-05-02 21:00:00,1,2,27.7,0.28,0.018,27.718
Shadowing,String-5_Panel-12,Medium,8,Remove Obstruction,Adjust Tilt,929,Sunny,2023-05-02 22:00:00,5,12,56.86,0.4,0.026,56.886
Shadowing,String-6_Panel-17,High,7,Adjust Tilt,Clean Panel,418,Rainy,2023-05-02 23:00:00,6,17,112.4,2.18,0.132,112.53200000000001
Hotspot,String-5_Panel-12,Low,6,Inspect Cells,Clean Panel,967,Sunny,2023-05-03 00:00:00,5,12,80.08,1.09,0.061,80.141
Open Circuit,String-3_Panel-11,Medium,14,Replace Wiring,Clean Panel,801,Rainy,2023-05-03 00:00:00,3,11,149.77,1.8,0.109,149.87900000000002
Hotspot,String-9_Panel-19,High,13,Replace Module,Remove Obstruction,478,Sunny,2023-05-03 00:00:00,9,19,510.3,5.83,0.338,510.63800000000003
Shadowing,String-1_Panel-3,Medium,9,Remove Obstruction,Remove Obstruction,547,Sunny,2023-05-03 03:00:00,1,3,53.7,0.51,0.034,53.734
Hotspot,String-9_Panel-7,Critical,1,Replace Module,Replace Module,482,Cloudy,2023-05-03 04:00:00,9,7,575.59,6.33,0.369,575.9590000000001
Open Circuit,String-8_Panel-11,Critical,12,Reinstall Module,Replace Module,313,Sunny,2023-05-03 04:00:00,8,11,216.65,3.17,0.171,216.821
Open Circuit,String-10_Panel-9,Critical,14,Replace Module,Replace Module,860,Sunny,2023-05-03 04:00:00,10,9,532.9,6.5,0.319,533.2189999999999
Open Circuit,String-3_Panel-15,Low,11,Tighten Connection,Remove Obstruction,964,Rainy,2023-05-03 05:00:00,3,15,39.68,0.48,0.021,39.701
Open Circuit,String-3_Panel-15,Critical,8,Replace Module,Replace Wiring,326,Sunny,2023-05-03 05:00:00,3,15,541.68,6.83,0.333,542.0129999999999
Short Circuit,String-3_Panel-14,Medium,1,Inspect Junction Box,Inspect Cells,524,Sunny,2023-05-03 08:00:00,3,14,67.41,0.96,0.063,67.473
Open Circuit,String-1_Panel-14,Medium,5,Replace Connector,Replace Connector,738,Sunny,2023-05-03 09:00:00,1,14,101.96,0.94,0.053,102.01299999999999
Shadowing,String-8_Panel-15,High,6,Adjust Tilt,Adjust Tilt,947,Rainy,2023-05-03 10:00:00,8,15,122.65,2.07,0.113,122.763
Short Circuit,String-6_Panel-18,High,10,Replace Module,Replace Wiring,557,Sunny,2023-05-03 10:00:00,6,18,487.23,5.3,0.348,487.57800000000003
Shadowing,String-1_Panel-6,High,8,Remove Obstruction,Clean Panel,514,Cloudy,2023-05-03 12:00:00,1,6,50.46,0.57,0.029,50.489000000000004
Short Circuit,String-1_Panel-13,Medium,10,Replace Fuse,Clean Panel,710,Rainy,2023-05-03 13:00:00,1,13,58.03,0.53,0.027,58.057
Open Circuit,String-1_Panel-18,High,2,Inspect Junction Box,Clean Panel,226,Rainy,2023-05-03 14:00:00,1,18,63.52,0.98,0.042,63.562000000000005
Hotspot,String-6_Panel-16,Critical,5,Replace Module,Replace Module,748,Rainy,2023-05-03 14:00:00,6,16,499.24,5.77,0.314,499.55400000000003
Short Circuit,String-3_Panel-18,High,4,Replace Wiring,Adjust Tilt,279,Rainy,2023-05-03 14:00:00,3,18,175.34,1.56,0.081,175.421
Open Circuit,String-8_Panel-15,Critical,7,Reinstall Module,Tighten Connection,549,Sunny,2023-05-03 14:00:00,8,15,195.95,2.77,0.134,196.08399999999997
Short Circuit,String-7_Panel-9,Medium,4,Replace Fuse,Replace Connector,416,Rainy,2023-05-03 16:00:00,7,9,63.2,0.54,0.031,63.231
Shadowing,String-5_Panel-9,High,7,Adjust Tilt,Adjust Tilt,668,Sunny,2023-05-03 16:00:00,5,9,130.49,2.3,0.124,130.614
Open Circuit,String-3_Panel-1,Low,10,Replace Connector,Tighten Connection,845,Sunny,2023-05-03 17:00:00,3,1,86.07,1.06,0.049,86.119
Short Circuit,String-5_Panel-7,Medium,7,Replace Fuse,Replace Connector,678,Sunny,2023-05-03 20:00:00,5,7,56.08,0.41,0.025,56.105
Hotspot,String-5_Panel-15,Low,1,Inspect Cells,Reinstall Module,678,Sunny,2023-05-03 20:00:00,5,15,85.48,1.04,0.05,85.53
Short Circuit,String-2_Panel-5,High,9,Replace Module,Inspect Cells,304,Cloudy,2023-05-03 21:00:00,2,5,563.51,6.11,0.373,563.883
Shadowing,String-1_Panel-13,Critical,12,Replace Module,Reinstall Module,346,Cloudy,2023-05-03 21:00:00,1,13,535.41,5.23,0.273,535.683
Hotspot,String-8_Panel-18,Critical,1,Replace Wiring,Remove Obstruction,903,Cloudy,2023-05-03 22:00:00,8,18,158.04,1.87,0.094,158.134
Open Circuit,String-2_Panel-3,High,8,Replace Wiring,Replace Wiring,519,Sunny,2023-05-03 23:00:00,2,3,151.2,1.76,0.105,151.30499999999998
Short Circuit,String-9_Panel-13,Critical,5,Replace Wiring,Replace Module,859,Sunny,2023-05-03 23:00:00,9,13,145.11,2.41,0.137,145.247
Hotspot,String-8_Panel-13,Critical,8,Replace Wiring,Inspect Junction Box,305,Sunny,2023-05-04 00:00:00,8,13,151.62,2.34,0.14,151.76
Open Circuit,String-5_Panel-7,Low,10,Tighten Connection,Clean Panel,205,Cloudy,2023-05-04 00:00:00,5,7,39.49,0.48,0.022,39.512
Shadowing,String-2_Panel-17,Medium,10,Clean Panel,Clean Panel,724,Rainy,2023-05-04 02:00:00,2,17,30.59,0.25,0.014,30.604
Shadowing,String-10_Panel-7,Critical,4,Reinstall Module,Replace Fuse,908,Cloudy,2023-05-04 04:00:00,10,7,208.26,2.92,0.162,208.422
Hotspot,String-1_Panel-12,Critical,8,Replace Module,Replace Panel Section,643,Sunny,2023-05-04 04:00:00,1,12,562.86,6.53,0.421,563.2810000000001
Open Circuit,String-1_Panel-16,Low,12,Tighten Connection,Adjust Tilt,556,Sunny,2023-05-04 06:00:00,1,16,35.86,0.44,0.021,35.881
Shadowing,String-8_Panel-3,Critical,14,Replace Module,Replace Fuse,420,Cloudy,2023-05-04 06:00:00,8,3,464.83,6.39,0.353,465.183
Shadowing,String-1_Panel-9,Medium,3,Reinstall Module,Remove Obstruction,359,Cloudy,2023-05-04 06:00:00,1,9,212.64,2.88,0.141,212.78099999999998
Hotspot,String-6_Panel-2,Low,11,Clean Panel,Replace Fuse,436,Rainy,2023-05-04 06:00:00,6,2,32.21,0.28,0.014,32.224000000000004
Hotspot,String-4_Panel-17,Medium,5,Inspect Cells,Inspect Cells,587,Sunny,2023-05-04 07:00:00,4,17,74.46,0.93,0.055,74.515
Hotspot,String-1_Panel-14,High,9,Replace Module,Replace Panel Section,357,Sunny,2023-05-04 07:00:00,1,14,490.2,6.59,0.394,490.594
Short Circuit,String-10_Panel-7,Low,12,Inspect Junction Box,Reinstall Module,498,Cloudy,2023-05-04 07:00:00,10,7,66.87,0.98,0.049,66.91900000000001
Hotspot,String-4_Panel-6,Critical,9,Replace Module,Remove Obstruction,873,Sunny,2023-05-04 08:00:00,4,6,471.37,6.48,0.301,471.671
Hotspot,String-6_Panel-3,Medium,7,Inspect Cells,Inspect Cells,850,Cloudy,2023-05-04 09:00:00,6,3,80.09,0.96,0.055,80.14500000000001
Shadowing,String-5_Panel-7,Medium,6,Adjust Tilt,Reinstall Module,537,Rainy,2023-05-04 09:00:00,5,7,105.78,1.89,0.107,105.887
Short Circuit,String-9_Panel-2,Medium,14,Replace Fuse,Replace Fuse,988,Sunny,2023-05-04 09:00:00,9,2,62.51,0.49,0.021,62.531
Open Circuit,String-8_Panel-2,High,5,Replace Wiring,Tighten Connection,246,Rainy,2023-05-04 09:00:00,8,2,156.97,2.19,0.109,157.079
Open Circuit,String-2_Panel-7,Low,3,Tighten Connection,Tighten Connection,878,Sunny,2023-05-04 10:00:00,2,7,44.91,0.58,0.034,44.943999999999996
Open Circuit,String-9_Panel-6,Low,5,Tighten Connection,Replace Wiring,818,Sunny,2023-05-04 10:00:00,9,6,37.3,0.44,0.027,37.327
Open Circuit,String-9_Panel-2,Medium,7,Replace Module,Replace Connector,912,Rainy,2023-05-04 11:00:00,9,2,522.53,4.73,0.29,522.8199999999999
Open Circuit,String-4_Panel-17,Critical,3,Replace Module,Reinstall Module,718,Cloudy,2023-05-04 11:00:00,4,17,573.56,6.42,0.378,573.938
Short Circuit,String-2_Panel-20,Medium,14,Replace Fuse,Replace Fuse,501,Sunny,2023-05-04 12:00:00,2,20,56.19,0.52,0.028,56.217999999999996
Shadowing,String-10_Panel-15,Low,14,Remove Obstruction,Clean Panel,841,Cloudy,2023-05-04 12:00:00,10,15,51.77,0.54,0.03,51.800000000000004
Hotspot,String-5_Panel-16,Critical,5,Replace Module,Replace Module,398,Rainy,2023-05-04 14:00:00,5,16,472.9,6.16,0.299,473.19899999999996
Shadowing,String-4_Panel-12,Low,2,Clean Panel,Replace Wiring,526,Sunny,2023-05-04 14:00:00,4,12,29.76,0.33,0.019,29.779
Open Circuit,String-3_Panel-6,High,9,Replace Wiring,Replace Wiring,583,Sunny,2023-05-04 15:00:00,3,6,166.78,2.1,0.127,166.907
Shadowing,String-10_Panel-6,Critical,9,Reinstall Module,Tighten Connection,415,Sunny,2023-05-04 16:00:00,10,6,195.95,2.38,0.131,196.081
Open Circuit,String-2_Panel-2,High,9,Replace Wiring,Replace Wiring,284,Sunny,2023-05-04 19:00:00,2,2,146.14,2.12,0.092,146.232
Open Circuit,String-4_Panel-16,High,8,Inspect Junction Box,Reinstall Module,580,Rainy,2023-05-04 21:00:00,4,16,63.03,0.89,0.047,63.077
Shadowing,String-5_Panel-5,Critical,3,Reinstall Module,Inspect Junction Box,536,Rainy,2023-05-04 21:00:00,5,5,204.65,2.79,0.135,204.785
Open Circuit,String-1_Panel-3,Medium,6,Replace Wiring,Remove Obstruction,870,Rainy,2023-05-04 21:00:00,1,3,163.03,2.22,0.106,163.136
Shadowing,String-9_Panel-17,Medium,5,Remove Obstruction,Replace Fuse,267,Sunny,2023-05-04 21:00:00,9,17,56.54,0.56,0.034,56.574
Hotspot,String-7_Panel-6,Low,8,Clean Panel,Clean Panel,745,Cloudy,2023-05-04 21:00:00,7,6,27.14,0.34,0.021,27.161
Hotspot,String-5_Panel-11,Medium,2,Inspect Cells,Replace Panel Section,862,Cloudy,2023-05-04 23:00:00,5,11,75.09,0.97,0.061,75.15100000000001
Hotspot,String-2_Panel-1,Low,9,Inspect Cells,Replace Module,814,Sunny,2023-05-04 23:00:00,2,1,85.11,0.91,0.045,85.155
Hotspot,String-8_Panel-11,Medium,8,Inspect Cells,Replace Panel Section,763,Rainy,2023-05-05 00:00:00,8,11,97.05,1.1,0.059,97.109
Hotspot,String-8_Panel-3,High,13,Replace Panel Section,Replace Panel Section,493,Cloudy,2023-05-05 00:00:00,8,3,326.35,4.6,0.226,326.576
Shadowing,String-8_Panel-2,Medium,7,Remove Obstruction,Tighten Connection,374,Sunny,2023-05-05 01:00:00,8,2,50.65,0.52,0.023,50.673
Short Circuit,String-2_Panel-17,High,5,Replace Wiring,Replace Wiring,679,Cloudy,2023-05-05 04:00:00,2,17,153.83,1.85,0.096,153.92600000000002
Shadowing,String-1_Panel-12,Critical,6,Reinstall Module,Reinstall Module,418,Sunny,2023-05-05 04:00:00,1,12,173.18,2.16,0.094,173.274
Hotspot,String-10_Panel-14,Low,3,Clean Panel,Clean Panel,737,Cloudy,2023-05-05 04:00:00,10,14,29.1,0.29,0.018,29.118000000000002
Short Circuit,String-2_Panel-13,Critical,13,Replace Module,Replace Panel Section,770,Rainy,2023-05-05 04:00:00,2,13,578.12,6.38,0.359,578.479
Short Circuit,String-1_Panel-17,Low,1,Inspect Junction Box,Inspect Junction Box,609,Rainy,2023-05-05 05:00:00,1,17,72.82,1.04,0.067,72.88699999999999
Short Circuit,String-4_Panel-20,High,12,Replace Module,Replace Wiring,595,Rainy,2023-05-05 06:00:00,4,20,466.52,6.69,0.38,466.9
Shadowing,String-3_Panel-15,High,12,Adjust Tilt,Replace Wiring,888,Rainy,2023-05-05 07:00:00,3,15,114.37,2.01,0.11,114.48
Short Circuit,String-8_Panel-8,Low,12,Replace Fuse,Replace Connector,335,Rainy,2023-05-05 07:00:00,8,8,57.83,0.61,0.031,57.861
Short Circuit,String-2_Panel-5,Medium,10,Replace Fuse,Remove Obstruction,695,Sunny,2023-05-05 08:00:00,2,5,56.71,0.47,0.026,56.736000000000004
Shadowing,String-8_Panel-9,High,1,Adjust Tilt,Adjust Tilt,828,Rainy,2023-05-05 08:00:00,8,9,126.77,1.94,0.098,126.868
Short Circuit,String-3_Panel-17,High,8,Replace Wiring,Replace Wiring,435,Cloudy,2023-05-05 09:00:00,3,17,151.21,2.11,0.125,151.335
Hotspot,String-3_Panel-13,Medium,13,Replace Panel Section,Replace Connector,988,Sunny,2023-05-05 10:00:00,3,13,318.12,3.82,0.172,318.29200000000003
Open Circuit,String-9_Panel-18,High,1,Replace Wiring,Reinstall Module,867,Sunny,2023-05-05 11:00:00,9,18,145.43,2.48,0.126,145.556
Short Circuit,String-1_Panel-5,Low,7,Replace Fuse,Inspect Junction Box,301,Rainy,2023-05-05 12:00:00,1,5,63.45,0.47,0.03,63.480000000000004
Short Circuit,String-7_Panel-12,Critical,9,Replace Module,Replace Module,756,Cloudy,2023-05-05 14:00:00,7,12,459.45,5.67,0.366,459.816
Open Circuit,String-1_Panel-5,Critical,3,Replace Module,Remove Obstruction,378,Rainy,2023-05-05 16:00:00,1,5,494.83,6.9,0.425,495.255
Open Circuit,String-5_Panel-11,High,1,Replace Wiring,Adjust Tilt,542,Sunny,2023-05-05 18:00:00,5,11,158.62,2.36,0.121,158.741
Hotspot,String-8_Panel-8,Medium,5,Inspect Cells,Replace Module,736,Rainy,2023-05-05 18:00:00,8,8,91.76,1.06,0.064,91.824
Hotspot,String-7_Panel-7,Critical,5,Replace Module,Replace Module,967,Cloudy,2023-05-05 19:00:00,7,7,551.21,7.32,0.474,551.6840000000001
Shadowing,String-7_Panel-18,Low,3,Clean Panel,Replace Connector,693,Sunny,2023-05-05 20:00:00,7,18,27.7,0.26,0.017,27.717
Hotspot,String-10_Panel-11,Medium,12,Inspect Cells,Inspect Cells,686,Cloudy,2023-05-05 21:00:00,10,11,92.68,0.94,0.061,92.74100000000001
Hotspot,String-2_Panel-13,High,9,Replace Module,Replace Panel Section,363,Rainy,2023-05-05 22:00:00,2,13,491.93,6.39,0.289,492.219
Shadowing,String-10_Panel-16,Medium,9,Remove Obstruction,Remove Obstruction,611,Sunny,2023-05-05 22:00:00,10,16,50.72,0.47,0.026,50.746
Open Circuit,String-1_Panel-4,Low,13,Tighten Connection,Tighten Connection,747,Rainy,2023-05-05 22:00:00,1,4,41.1,0.54,0.034,41.134
Shadowing,String-3_Panel-18,Low,13,Remove Obstruction,Clean Panel,931,Rainy,2023-05-05 23:00:00,3,18,52.1,0.53,0.03,52.13
Short Circuit,String-8_Panel-16,Low,11,Replace Wiring,Inspect Junction Box,853,Cloudy,2023-05-06 00:00:00,8,16,154.48,2.19,0.104,154.584
Short Circuit,String-3_Panel-4,Low,14,Replace Fuse,Inspect Junction Box,642,Rainy,2023-05-06 03:00:00,3,4,62.0,0.44,0.022,62.022
Hotspot,String-3_Panel-15,Critical,2,Replace Module,Replace Module,787,Cloudy,2023-05-06 04:00:00,3,15,501.9,6.14,0.278,502.178
Open Circuit,String-9_Panel-2,Critical,4,Replace Module,Reinstall Module,241,Cloudy,2023-05-06 05:00:00,9,2,473.25,5.19,0.233,473.483
Shadowing,String-5_Panel-18,Low,9,Remove Obstruction,Replace Wiring,606,Rainy,2023-05-06 05:00:00,5,18,37.52,0.49,0.028,37.548
Open Circuit,String-2_Panel-15,Medium,10,Replace Wiring,Replace Connector,820,Cloudy,2023-05-06 06:00:00,2,15,171.56,1.77,0.082,171.642
Short Circuit,String-6_Panel-13,Critical,12,Replace Module,Replace Module,503,Cloudy,2023-05-06 06:00:00,6,13,459.07,5.06,0.255,459.325
Hotspot,String-10_Panel-1,Critical,5,Replace Module,Replace Wiring,960,Sunny,2023-05-06 08:00:00,10,1,510.62,5.87,0.375,510.995
Shadowing,String-2_Panel-20,Medium,10,Remove Obstruction,Replace Connector,736,Sunny,2023-05-06 10:00:00,2,20,52.65,0.48,0.03,52.68
Short Circuit,String-5_Panel-8,Low,12,Inspect Junction Box,Inspect Cells,211,Sunny,2023-05-06 13:00:00,5,8,63.87,0.84,0.038,63.907999999999994
Shadowing,String-3_Panel-3,Critical,1,Reinstall Module,Inspect Junction Box,972,Rainy,2023-05-06 14:00:00,3,3,210.39,2.88,0.144,210.534
Shadowing,String-2_Panel-19,Low,1,Remove Obstruction,Clean Panel,273,Cloudy,2023-05-06 15:00:00,2,19,49.75,0.43,0.027,49.777
Open Circuit,String-8_Panel-19,High,13,Replace Wiring,Replace Panel Section,999,Cloudy,2023-05-06 16:00:00,8,19,143.05,2.16,0.141,143.191
Shadowing,String-4_Panel-9,Low,12,Remove Obstruction,Adjust Tilt,501,Cloudy,2023-05-06 17:00:00,4,9,46.18,0.5,0.026,46.206
Hotspot,String-3_Panel-3,High,13,Replace Panel Section,Replace Panel Section,578,Rainy,2023-05-06 17:00:00,3,3,322.96,4.17,0.218,323.178
Open Circuit,String-2_Panel-9,Low,13,Replace Wiring,Tighten Connection,495,Cloudy,2023-05-06 19:00:00,2,9,156.65,1.88,0.114,156.764
Hotspot,String-8_Panel-13,Critical,2,Replace Module,Replace Module,474,Sunny,2023-05-06 20:00:00,8,13,558.27,6.48,0.275,558.545
Open Circuit,String-9_Panel-4,Medium,7,Replace Wiring,Replace Connector,712,Cloudy,2023-05-06 20:00:00,9,4,157.71,2.17,0.14,157.85
Short Circuit,String-9_Panel-6,Low,14,Inspect Junction Box,Replace Connector,368,Sunny,2023-05-06 21:00:00,9,6,69.81,1.02,0.067,69.877
Open Circuit,String-9_Panel-16,Low,4,Replace Connector,Tighten Connection,379,Sunny,2023-05-06 21:00:00,9,16,86.47,0.84,0.054,86.524
Short Circuit,String-5_Panel-20,Critical,4,Replace Module,Tighten Connection,707,Sunny,2023-05-06 22:00:00,5,20,511.43,5.13,0.284,511.714
Shadowing,String-3_Panel-8,Low,2,Remove Obstruction,Clean Panel,718,Sunny,2023-05-06 23:00:00,3,8,55.72,0.4,0.02,55.74
Hotspot,String-7_Panel-8,High,8,Replace Panel Section,Inspect Cells,637,Sunny,2023-05-06 23:00:00,7,8,255.05,3.81,0.216,255.26600000000002
Open Circuit,String-9_Panel-2,Low,7,Tighten Connection,Tighten Connection,739,Rainy,2023-05-07 00:00:00,9,2,38.95,0.51,0.027,38.977000000000004
Open Circuit,String-10_Panel-18,Low,10,Replace Wiring,Replace Fuse,810,Cloudy,2023-05-07 01:00:00,10,18,129.4,2.02,0.091,129.491
Hotspot,String-3_Panel-20,Medium,8,Inspect Cells,Inspect Cells,317,Rainy,2023-05-07 01:00:00,3,20,97.66,0.85,0.044,97.704
Shadowing,String-4_Panel-11,Medium,11,Clean Panel,Remove Obstruction,508,Cloudy,2023-05-07 03:00:00,4,11,27.77,0.26,0.012,27.782
Short Circuit,String-6_Panel-5,High,12,Replace Module,Remove Obstruction,745,Cloudy,2023-05-07 03:00:00,6,5,521.11,5.6,0.246,521.356
Short Circuit,String-2_Panel-8,High,12,Replace Module,Replace Wiring,864,Sunny,2023-05-07 03:00:00,2,8,496.57,5.66,0.269,496.839
Shadowing,String-5_Panel-13,Critical,1,Reinstall Module,Replace Fuse,988,Cloudy,2023-05-07 04:00:00,5,13,195.86,2.87,0.144,196.00400000000002
Hotspot,String-7_Panel-6,Low,7,Inspect Cells,Clean Panel,602,Cloudy,2023-05-07 04:00:00,7,6,86.05,1.03,0.054,86.104
Open Circuit,String-7_Panel-6,Low,2,Tighten Connection,Replace Module,337,Cloudy,2023-05-07 06:00:00,7,6,39.54,0.63,0.028,39.568
Shadowing,String-3_Panel-15,Medium,1,Remove Obstruction,Inspect Junction Box,625,Sunny,2023-05-07 07:00:00,3,15,45.78,0.45,0.029,45.809000000000005
Open Circuit,String-5_Panel-19,Medium,5,Replace Connector,Replace Connector,485,Rainy,2023-05-07 07:00:00,5,19,97.61,0.95,0.052,97.662
Shadowing,String-1_Panel-14,Critical,6,Reinstall Module,Replace Module,495,Sunny,2023-05-07 08:00:00,1,14,231.95,3.0,0.173,232.123
Shadowing,String-5_Panel-14,High,14,Adjust Tilt,Adjust Tilt,962,Rainy,2023-05-07 08:00:00,5,14,125.0,1.86,0.11,125.11
Hotspot,String-1_Panel-18,Critical,11,Replace Module,Replace Module,750,Rainy,2023-05-07 10:00:00,1,18,484.65,6.96,0.415,485.065
Short Circuit,String-10_Panel-2,Low,11,Inspect Junction Box,Inspect Junction Box,963,Cloudy,2023-05-07 10:00:00,10,2,67.32,0.87,0.049,67.369
Shadowing,String-3_Panel-11,Low,12,Remove Obstruction,Clean Panel,879,Rainy,2023-05-07 10:00:00,3,11,48.29,0.35,0.021,48.311
Shadowing,String-7_Panel-6,Critical,4,Reinstall Module,Reinstall Module,971,Sunny,2023-05-07 10:00:00,7,6,191.87,3.28,0.142,192.012
Shadowing,String-5_Panel-8,Critical,1,Reinstall Module,Reinstall Module,999,Sunny,2023-05-07 13:00:00,5,8,188.68,2.83,0.148,188.828
Open Circuit,String-7_Panel-13,High,12,Inspect Junction Box,Replace Wiring,696,Rainy,2023-05-07 14:00:00,7,13,78.32,0.9,0.052,78.372
Short Circuit,String-9_Panel-18,Low,8,Inspect Junction Box,Inspect Junction Box,662,Sunny,2023-05-07 15:00:00,9,18,63.68,0.82,0.038,63.717999999999996
Shadowing,String-8_Panel-15,Critical,1,Replace Module,Reinstall Module,841,Cloudy,2023-05-07 15:00:00,8,15,528.44,6.92,0.362,528.802
Hotspot,String-2_Panel-15,Medium,1,Inspect Cells,Inspect Cells,898,Cloudy,2023-05-07 15:00:00,2,15,101.3,0.99,0.054,101.354
Open Circuit,String-8_Panel-12,Medium,3,Replace Connector,Replace Connector,707,Cloudy,2023-05-07 15:00:00,8,12,80.64,1.08,0.062,80.702
Shadowing,String-8_Panel-9,Critical,5,Reinstall Module,Reinstall Module,925,Sunny,2023-05-07 17:00:00,8,9,210.42,2.59,0.136,210.55599999999998
Hotspot,String-9_Panel-7,Medium,11,Inspect Cells,Inspect Cells,783,Sunny,2023-05-07 17:00:00,9,7,86.4,1.02,0.056,86.456
Open Circuit,String-4_Panel-18,Low,14,Tighten Connection,Tighten Connection,352,Rainy,2023-05-07 18:00:00,4,18,43.81,0.62,0.04,43.85
Hotspot,String-3_Panel-4,High,4,Replace Panel Section,Replace Panel Section,634,Sunny,2023-05-07 19:00:00,3,4,338.44,2.62,0.124,338.564
Short Circuit,String-10_Panel-11,Critical,11,Replace Module,Replace Module,946,Rainy,2023-05-07 19:00:00,10,11,442.2,5.62,0.269,442.469
Short Circuit,String-5_Panel-19,Low,9,Inspect Junction Box,Inspect Junction Box,281,Cloudy,2023-05-07 20:00:00,5,19,68.79,1.1,0.072,68.86200000000001
Hotspot,String-8_Panel-13,Critical,11,Replace Module,Replace Module,509,Rainy,2023-05-07 22:00:00,8,13,505.05,5.63,0.353,505.403
Short Circuit,String-4_Panel-12,High,6,Replace Wiring,Adjust Tilt,284,Sunny,2023-05-07 23:00:00,4,12,155.18,1.72,0.079,155.25900000000001
Hotspot,String-10_Panel-12,Low,3,Replace Panel Section,Clean Panel,564,Cloudy,2023-05-07 23:00:00,10,12,359.84,4.34,0.257,360.097
Shadowing,String-8_Panel-12,Low,12,Remove Obstruction,Replace Connector,960,Rainy,2023-05-07 23:00:00,8,12,48.93,0.49,0.028,48.958
Hotspot,String-6_Panel-18,Medium,6,Inspect Cells,Inspect Cells,222,Rainy,2023-05-07 23:00:00,6,18,73.37,0.92,0.041,73.411
Open Circuit,String-3_Panel-3,Medium,13,Replace Connector,Remove Obstruction,575,Sunny,2023-05-08 00:00:00,3,3,87.26,0.99,0.045,87.305
Shadowing,String-6_Panel-18,High,11,Adjust Tilt,Replace Wiring,721,Rainy,2023-05-08 01:00:00,6,18,141.29,2.0,0.094,141.384
Open Circuit,String-2_Panel-3,Low,6,Tighten Connection,Replace Wiring,927,Sunny,2023-05-08 03:00:00,2,3,38.09,0.48,0.031,38.121
Shadowing,String-1_Panel-8,Critical,5,Reinstall Module,Replace Wiring,224,Rainy,2023-05-08 03:00:00,1,8,187.61,2.93,0.136,187.746
Shadowing,String-6_Panel-1,Medium,12,Remove Obstruction,Inspect Junction Box,322,Sunny,2023-05-08 03:00:00,6,1,46.8,0.5,0.032,46.831999999999994
Shadowing,String-5_Panel-9,Medium,3,Remove Obstruction,Remove Obstruction,636,Cloudy,2023-05-08 04:00:00,5,9,46.7,0.57,0.024,46.724000000000004
Shadowing,String-2_Panel-5,Critical,8,Replace Module,Inspect Cells,535,Cloudy,2023-05-08 06:00:00,2,5,513.13,4.55,0.277,513.407
Open Circuit,String-4_Panel-14,Low,2,Tighten Connection,Replace Panel Section,920,Cloudy,2023-05-08 06:00:00,4,14,41.19,0.6,0.037,41.227
Hotspot,String-9_Panel-10,Medium,13,Clean Panel,Replace Wiring,211,Sunny,2023-05-08 07:00:00,9,10,32.7,0.26,0.014,32.714000000000006
Hotspot,String-6_Panel-8,Medium,12,Replace Panel Section,Replace Module,878,Rainy,2023-05-08 08:00:00,6,8,351.25,3.57,0.229,351.479
Shadowing,String-8_Panel-14,High,12,Clean Panel,Replace Panel Section,474,Sunny,2023-05-08 08:00:00,8,14,31.76,0.31,0.013,31.773000000000003
Shadowing,String-8_Panel-4,High,9,Adjust Tilt,Adjust Tilt,535,Rainy,2023-05-08 09:00:00,8,4,110.53,2.43,0.106,110.636
Short Circuit,String-9_Panel-15,Critical,3,Replace Module,Inspect Cells,579,Cloudy,2023-05-08 09:00:00,9,15,534.17,5.7,0.308,534.478
Open Circuit,String-1_Panel-13,Low,4,Tighten Connection,Tighten Connection,231,Cloudy,2023-05-08 10:00:00,1,13,40.53,0.52,0.023,40.553000000000004
Short Circuit,String-3_Panel-13,Medium,3,Replace Fuse,Remove Obstruction,505,Rainy,2023-05-08 11:00:00,3,13,56.24,0.41,0.024,56.264
Hotspot,String-5_Panel-15,Low,14,Clean Panel,Clean Panel,242,Sunny,2023-05-08 11:00:00,5,15,25.81,0.29,0.013,25.823
Short Circuit,String-6_Panel-3,Medium,6,Replace Fuse,Reinstall Module,204,Sunny,2023-05-08 12:00:00,6,3,62.36,0.62,0.037,62.397
Short Circuit,String-5_Panel-6,Critical,8,Replace Module,Replace Fuse,925,Rainy,2023-05-08 14:00:00,5,6,614.61,5.83,0.27,614.88
Shadowing,String-9_Panel-11,High,13,Remove Obstruction,Replace Wiring,286,Sunny,2023-05-08 16:00:00,9,11,44.34,0.56,0.03,44.370000000000005
Hotspot,String-3_Panel-4,Medium,1,Inspect Cells,Inspect Cells,452,Rainy,2023-05-08 17:00:00,3,4,84.58,0.77,0.035,84.615
Short Circuit,String-3_Panel-20,High,2,Replace Wiring,Replace Panel Section,485,Sunny,2023-05-08 17:00:00,3,20,160.15,1.94,0.096,160.246
Shadowing,String-4_Panel-13,Medium,7,Remove Obstruction,Remove Obstruction,484,Rainy,2023-05-08 17:00:00,4,13,54.53,0.46,0.02,54.550000000000004
Hotspot,String-2_Panel-15,Low,13,Clean Panel,Clean Panel,601,Sunny,2023-05-08 18:00:00,2,15,30.11,0.3,0.016,30.125999999999998
Open Circuit,String-9_Panel-6,High,9,Replace Wiring,Tighten Connection,517,Rainy,2023-05-08 19:00:00,9,6,150.83,1.37,0.079,150.90900000000002
Shadowing,String-9_Panel-1,Medium,7,Remove Obstruction,Replace Module,368,Cloudy,2023-05-08 21:00:00,9,1,44.54,0.6,0.026,44.566
Short Circuit,String-1_Panel-1,Medium,3,Inspect Junction Box,Replace Fuse,355,Sunny,2023-05-08 21:00:00,1,1,74.77,0.97,0.058,74.828
Shadowing,String-3_Panel-6,High,14,Adjust Tilt,Inspect Junction Box,948,Rainy,2023-05-08 21:00:00,3,6,113.69,2.47,0.107,113.797
Hotspot,String-4_Panel-6,High,6,Replace Panel Section,Replace Panel Section,360,Cloudy,2023-05-08 22:00:00,4,6,259.7,4.49,0.278,259.978
Hotspot,String-4_Panel-2,Critical,10,Replace Module,Replace Module,272,Rainy,2023-05-08 22:00:00,4,2,589.02,6.75,0.354,589.374
Hotspot,String-10_Panel-19,Critical,2,Replace Module,Replace Fuse,810,Cloudy,2023-05-08 22:00:00,10,19,522.2,4.51,0.204,522.404
Shadowing,String-5_Panel-8,Critical,10,Replace Module,Inspect Junction Box,814,Sunny,2023-05-09 03:00:00,5,8,545.86,5.9,0.339,546.1990000000001
Hotspot,String-7_Panel-7,Medium,2,Inspect Cells,Replace Panel Section,526,Sunny,2023-05-09 04:00:00,7,7,78.44,0.88,0.042,78.482
Open Circuit,String-9_Panel-20,Medium,11,Replace Connector,Inspect Cells,228,Sunny,2023-05-09 07:00:00,9,20,103.5,1.0,0.055,103.555
Short Circuit,String-9_Panel-7,Low,2,Inspect Junction Box,Adjust Tilt,235,Sunny,2023-05-09 09:00:00,9,7,64.51,1.08,0.051,64.561
Short Circuit,String-4_Panel-17,Medium,3,Inspect Junction Box,Inspect Cells,991,Cloudy,2023-05-09 11:00:00,4,17,61.44,1.06,0.046,61.486
Shadowing,String-10_Panel-16,Medium,1,Remove Obstruction,Remove Obstruction,523,Sunny,2023-05-09 12:00:00,10,16,52.11,0.6,0.032,52.141999999999996
Hotspot,String-5_Panel-14,High,14,Replace Panel Section,Replace Panel Section,502,Rainy,2023-05-09 12:00:00,5,14,314.02,4.32,0.273,314.293
Open Circuit,String-3_Panel-13,Medium,9,Replace Wiring,Adjust Tilt,957,Cloudy,2023-05-09 12:00:00,3,13,142.41,2.06,0.09,142.5
Hotspot,String-10_Panel-6,High,9,Replace Panel Section,Replace Panel Section,448,Rainy,2023-05-09 13:00:00,10,6,325.55,3.58,0.209,325.759
Shadowing,String-7_Panel-6,Critical,11,Replace Module,Reinstall Module,848,Sunny,2023-05-09 14:00:00,7,6,501.03,5.39,0.268,501.29799999999994
Short Circuit,String-3_Panel-13,Low,9,Replace Fuse,Clean Panel,461,Rainy,2023-05-09 15:00:00,3,13,62.01,0.56,0.026,62.036
Short Circuit,String-6_Panel-19,High,12,Replace Module,Replace Wiring,485,Sunny,2023-05-09 15:00:00,6,19,495.98,7.12,0.322,496.302
Open Circuit,String-3_Panel-9,High,1,Replace Wiring,Replace Wiring,406,Cloudy,2023-05-09 15:00:00,3,9,150.36,1.96,0.097,150.45700000000002
Hotspot,String-2_Panel-11,Medium,3,Inspect Cells,Inspect Cells,604,Rainy,2023-05-09 16:00:00,2,11,92.97,1.13,0.061,93.031
Open Circuit,String-2_Panel-10,Critical,2,Replace Module,Replace Module,645,Rainy,2023-05-09 16:00:00,2,10,483.71,7.39,0.361,484.07099999999997
Hotspot,String-1_Panel-4,Medium,11,Inspect Cells,Replace Wiring,343,Sunny,2023-05-09 17:00:00,1,4,81.89,1.17,0.061,81.95100000000001
Shadowing,String-4_Panel-14,Medium,12,Remove Obstruction,Remove Obstruction,621,Sunny,2023-05-09 17:00:00,4,14,55.64,0.59,0.03,55.67
Shadowing,String-1_Panel-13,Low,3,Remove Obstruction,Replace Panel Section,678,Rainy,2023-05-09 18:00:00,1,13,52.33,0.55,0.029,52.359
Hotspot,String-6_Panel-9,Low,7,Inspect Cells,Clean Panel,888,Cloudy,2023-05-09 19:00:00,6,9,79.95,1.17,0.074,80.024
Open Circuit,String-7_Panel-3,Medium,14,Replace Wiring,Replace Fuse,860,Rainy,2023-05-09 21:00:00,7,3,135.1,1.97,0.106,135.206
Short Circuit,String-10_Panel-5,High,1,Replace Wiring,Replace Wiring,225,Cloudy,2023-05-09 21:00:00,10,5,137.29,2.07,0.129,137.41899999999998
Shadowing,String-2_Panel-20,Medium,4,Remove Obstruction,Remove Obstruction,892,Cloudy,2023-05-09 21:00:00,2,20,50.95,0.47,0.023,50.973000000000006
Short Circuit,String-2_Panel-7,Critical,14,Replace Module,Inspect Junction Box,736,Cloudy,2023-05-09 22:00:00,2,7,519.81,6.16,0.292,520.102
Shadowing,String-3_Panel-16,Medium,6,Remove Obstruction,Clean Panel,596,Rainy,2023-05-10 01:00:00,3,16,51.09,0.42,0.023,51.11300000000001
Hotspot,String-2_Panel-8,Critical,7,Replace Module,Clean Panel,536,Rainy,2023-05-10 02:00:00,2,8,526.91,6.81,0.322,527.232
Open Circuit,String-3_Panel-11,Low,6,Tighten Connection,Tighten Connection,989,Rainy,2023-05-10 03:00:00,3,11,45.68,0.51,0.03,45.71
Open Circuit,String-7_Panel-11,Medium,13,Replace Connector,Replace Connector,740,Sunny,2023-05-10 03:00:00,7,11,79.53,1.05,0.053,79.583
Hotspot,String-9_Panel-15,Medium,12,Replace Panel Section,Inspect Cells,354,Cloudy,2023-05-10 06:00:00,9,15,318.4,5.45,0.249,318.649
Open Circuit,String-10_Panel-2,High,5,Replace Wiring,Inspect Cells,258,Cloudy,2023-05-10 08:00:00,10,2,139.63,2.1,0.09,139.72
Shadowing,String-1_Panel-9,Medium,4,Remove Obstruction,Reinstall Module,854,Cloudy,2023-05-10 09:00:00,1,9,46.16,0.63,0.035,46.19499999999999
Hotspot,String-10_Panel-20,Critical,1,Replace Module,Replace Module,793,Sunny,2023-05-10 09:00:00,10,20,534.37,5.72,0.297,534.667
Shadowing,String-7_Panel-16,Low,13,Clean Panel,Clean Panel,280,Sunny,2023-05-10 11:00:00,7,16,33.7,0.31,0.015,33.715
Short Circuit,String-6_Panel-15,Low,9,Replace Fuse,Inspect Junction Box,771,Rainy,2023-05-10 11:00:00,6,15,71.62,0.51,0.024,71.644
Shadowing,String-9_Panel-18,Medium,12,Remove Obstruction,Remove Obstruction,568,Sunny,2023-05-10 12:00:00,9,18,54.35,0.53,0.026,54.376000000000005
Shadowing,String-1_Panel-7,High,5,Remove Obstruction,Clean Panel,358,Rainy,2023-05-10 12:00:00,1,7,48.31,0.43,0.023,48.333000000000006
Open Circuit,String-3_Panel-9,Low,12,Tighten Connection,Replace Connector,270,Sunny,2023-05-10 13:00:00,3,9,44.58,0.46,0.024,44.604
Hotspot,String-10_Panel-18,High,1,Replace Module,Replace Panel Section,810,Cloudy,2023-05-10 14:00:00,10,18,570.79,5.67,0.295,571.0849999999999
Shadowing,String-8_Panel-6,Critical,10,Replace Module,Reinstall Module,931,Rainy,2023-05-10 14:00:00,8,6,504.48,5.95,0.316,504.796
Shadowing,String-6_Panel-8,High,9,Adjust Tilt,Replace Panel Section,957,Sunny,2023-05-10 15:00:00,6,8,114.82,2.06,0.132,114.952
Shadowing,String-2_Panel-4,Medium,2,Remove Obstruction,Remove Obstruction,677,Cloudy,2023-05-10 15:00:00,2,4,54.63,0.61,0.038,54.668
Open Circuit,String-2_Panel-15,Low,6,Tighten Connection,Inspect Junction Box,808,Sunny,2023-05-10 15:00:00,2,15,42.93,0.49,0.024,42.954
Short Circuit,String-6_Panel-20,High,14,Replace Module,Adjust Tilt,893,Sunny,2023-05-10 16:00:00,6,20,520.74,6.42,0.296,521.0360000000001
Hotspot,String-6_Panel-18,Critical,2,Replace Module,Adjust Tilt,950,Rainy,2023-05-10 17:00:00,6,18,545.92,5.91,0.364,546.284
Shadowing,String-10_Panel-16,Medium,11,Remove Obstruction,Clean Panel,206,Cloudy,2023-05-10 18:00:00,10,16,55.04,0.55,0.025,55.065
Shadowing,String-9_Panel-6,High,10,Adjust Tilt,Adjust Tilt,801,Cloudy,2023-05-10 18:00:00,9,6,112.0,1.79,0.078,112.078
Short Circuit,String-5_Panel-20,Low,3,Inspect Junction Box,Replace Panel Section,864,Cloudy,2023-05-10 19:00:00,5,20,71.44,1.06,0.06,71.5
Short Circuit,String-1_Panel-20,Medium,3,Replace Wiring,Replace Fuse,508,Cloudy,2023-05-10 19:00:00,1,20,143.95,2.06,0.096,144.046
Shadowing,String-1_Panel-20,Medium,4,Remove Obstruction,Inspect Junction Box,647,Cloudy,2023-05-10 20:00:00,1,20,51.74,0.48,0.024,51.764
Hotspot,String-3_Panel-9,Medium,11,Inspect Cells,Inspect Cells,265,Rainy,2023-05-10 20:00:00,3,9,85.36,1.05,0.062,85.422
Short Circuit,String-8_Panel-9,Medium,2,Replace Fuse,Replace Fuse,919,Sunny,2023-05-10 20:00:00,8,9,58.84,0.53,0.026,58.86600000000001
Shadowing,String-8_Panel-7,Low,13,Clean Panel,Reinstall Module,908,Cloudy,2023-05-10 20:00:00,8,7,26.02,0.24,0.013,26.033
Short Circuit,String-1_Panel-19,Critical,2,Replace Module,Replace Module,381,Cloudy,2023-05-10 20:00:00,1,19,465.15,5.75,0.357,465.507
Hotspot,String-5_Panel-2,Critical,6,Replace Module,Replace Module,803,Rainy,2023-05-10 20:00:00,5,2,462.65,5.8,0.379,463.029
Hotspot,String-1_Panel-11,High,1,Replace Module,Replace Panel Section,653,Rainy,2023-05-10 21:00:00,1,11,536.98,5.74,0.264,537.244
Open Circuit,String-4_Panel-7,Critical,9,Replace Module,Replace Module,625,Cloudy,2023-05-10 21:00:00,4,7,537.86,7.22,0.375,538.235
Short Circuit,String-10_Panel-13,High,5,Replace Wiring,Replace Wiring,579,Sunny,2023-05-10 22:00:00,10,13,140.91,1.67,0.091,141.001
Hotspot,String-7_Panel-8,Low,8,Inspect Cells,Reinstall Module,805,Sunny,2023-05-10 22:00:00,7,8,75.44,0.94,0.041,75.481
Short Circuit,String-2_Panel-9,High,14,Replace Module,Replace Wiring,458,Cloudy,2023-05-10 23:00:00,2,9,564.68,5.63,0.365,565.045
Short Circuit,String-9_Panel-15,Critical,3,Replace Module,Replace Module,346,Rainy,2023-05-11 00:00:00,9,15,453.27,6.09,0.375,453.645
Hotspot,String-1_Panel-5,Medium,11,Inspect Cells,Inspect Cells,466,Cloudy,2023-05-11 01:00:00,1,5,82.11,1.27,0.056,82.166
Short Circuit,String-8_Panel-19,Medium,1,Replace Fuse,Replace Fuse,697,Sunny,2023-05-11 01:00:00,8,19,59.38,0.69,0.03,59.410000000000004
Open Circuit,String-4_Panel-1,Medium,6,Replace Connector,Inspect Cells,737,Sunny,2023-05-11 02:00:00,4,1,98.39,0.82,0.037,98.427
Shadowing,String-6_Panel-16,Medium,7,Remove Obstruction,Remove Obstruction,378,Cloudy,2023-05-11 03:00:00,6,16,44.61,0.52,0.023,44.633
Open Circuit,String-7_Panel-14,Low,6,Replace Wiring,Tighten Connection,568,Cloudy,2023-05-11 03:00:00,7,14,146.31,2.26,0.141,146.451
Short Circuit,String-10_Panel-18,Low,12,Inspect Junction Box,Inspect Junction Box,350,Sunny,2023-05-11 03:00:00,10,18,71.83,1.1,0.055,71.885
Hotspot,String-5_Panel-15,High,10,Replace Module,Replace Panel Section,994,Rainy,2023-05-11 04:00:00,5,15,488.87,6.04,0.377,489.247
Open Circuit,String-7_Panel-7,Medium,4,Replace Connector,Replace Connector,687,Sunny,2023-05-11 04:00:00,7,7,100.23,0.97,0.047,100.277
Shadowing,String-10_Panel-19,Medium,8,Remove Obstruction,Replace Connector,992,Rainy,2023-05-11 04:00:00,10,19,46.51,0.52,0.022,46.532
Open Circuit,String-9_Panel-1,High,7,Inspect Junction Box,Adjust Tilt,253,Cloudy,2023-05-11 04:00:00,9,1,68.47,0.99,0.058,68.528
Short Circuit,String-5_Panel-2,Critical,3,Replace Module,Clean Panel,407,Sunny,2023-05-11 05:00:00,5,2,496.55,5.44,0.354,496.904
Open Circuit,String-4_Panel-20,Medium,3,Replace Wiring,Replace Module,750,Rainy,2023-05-11 05:00:00,4,20,113.69,1.86,0.111,113.801
Short Circuit,String-7_Panel-4,High,3,Replace Wiring,Replace Connector,625,Cloudy,2023-05-11 05:00:00,7,4,147.08,2.29,0.099,147.179
Shadowing,String-3_Panel-13,Critical,12,Replace Module,Reinstall Module,498,Sunny,2023-05-11 08:00:00,3,13,496.67,5.96,0.321,496.99100000000004
Short Circuit,String-10_Panel-4,High,6,Replace Wiring,Adjust Tilt,465,Sunny,2023-05-11 09:00:00,10,4,145.17,2.02,0.099,145.26899999999998
Open Circuit,String-4_Panel-18,Low,13,Tighten Connection,Replace Fuse,412,Sunny,2023-05-11 10:00:00,4,18,38.63,0.44,0.027,38.657000000000004
Open Circuit,String-4_Panel-18,Critical,6,Replace Module,Replace Fuse,498,Rainy,2023-05-11 10:00:00,4,18,522.52,6.22,0.312,522.832
Hotspot,String-6_Panel-4,High,10,Replace Panel Section,Replace Panel Section,971,Rainy,2023-05-11 11:00:00,6,4,339.45,4.37,0.189,339.639
Hotspot,String-10_Panel-8,Critical,9,Replace Module,Remove Obstruction,406,Sunny,2023-05-11 11:00:00,10,8,532.48,6.46,0.404,532.884
Shadowing,String-10_Panel-17,High,14,Adjust Tilt,Replace Connector,747,Cloudy,2023-05-11 11:00:00,10,17,117.11,1.75,0.1,117.21
Short Circuit,String-3_Panel-3,High,12,Replace Module,Replace Wiring,315,Cloudy,2023-05-11 11:00:00,3,3,593.04,7.27,0.428,593.468
Short Circuit,String-10_Panel-3,High,10,Replace Wiring,Adjust Tilt,965,Sunny,2023-05-11 11:00:00,10,3,141.27,1.92,0.125,141.395
Short Circuit,String-4_Panel-16,Low,1,Inspect Junction Box,Adjust Tilt,355,Rainy,2023-05-11 11:00:00,4,16,62.79,0.76,0.046,62.836
Shadowing,String-9_Panel-8,High,10,Remove Obstruction,Replace Fuse,416,Rainy,2023-05-11 12:00:00,9,8,51.25,0.53,0.023,51.273
Shadowing,String-2_Panel-20,Medium,8,Remove Obstruction,Remove Obstruction,806,Sunny,2023-05-11 13:00:00,2,20,51.86,0.41,0.021,51.881
Open Circuit,String-1_Panel-19,Low,1,Tighten Connection,Tighten Connection,968,Rainy,2023-05-11 16:00:00,1,19,40.34,0.36,0.02,40.36000000000001
Open Circuit,String-9_Panel-3,Medium,1,Replace Connector,Replace Connector,203,Sunny,2023-05-11 18:00:00,9,3,87.38,0.96,0.053,87.43299999999999
Shadowing,String-8_Panel-2,High,2,Reinstall Module,Tighten Connection,514,Cloudy,2023-05-11 18:00:00,8,2,184.07,2.34,0.148,184.218
Shadowing,String-7_Panel-7,Medium,9,Clean Panel,Adjust Tilt,242,Cloudy,2023-05-11 21:00:00,7,7,29.28,0.25,0.011,29.291
Open Circuit,String-2_Panel-4,Critical,13,Replace Module,Reinstall Module,867,Rainy,2023-05-11 23:00:00,2,4,507.73,5.67,0.374,508.10400000000004
Short Circuit,String-2_Panel-19,Low,8,Inspect Junction Box,Inspect Junction Box,749,Sunny,2023-05-12 01:00:00,2,19,73.82,0.85,0.041,73.86099999999999
Open Circuit,String-3_Panel-7,High,5,Replace Wiring,Replace Panel Section,705,Sunny,2023-05-12 01:00:00,3,7,140.3,1.91,0.1,140.4
Hotspot,String-8_Panel-18,Critical,12,Replace Module,Replace Panel Section,994,Cloudy,2023-05-12 01:00:00,8,18,542.12,6.81,0.352,542.472
Hotspot,String-4_Panel-19,Medium,11,Inspect Cells,Replace Wiring,335,Rainy,2023-05-12 02:00:00,4,19,87.69,0.79,0.033,87.723
Hotspot,String-10_Panel-1,High,12,Replace Panel Section,Replace Panel Section,927,Cloudy,2023-05-12 03:00:00,10,1,314.24,4.59,0.201,314.44100000000003
Shadowing,String-1_Panel-5,Low,12,Remove Obstruction,Replace Connector,430,Cloudy,2023-05-12 04:00:00,1,5,51.06,0.51,0.029,51.089000000000006
Open Circuit,String-9_Panel-6,Medium,9,Inspect Junction Box,Replace Wiring,651,Sunny,2023-05-12 04:00:00,9,6,69.25,1.1,0.065,69.315
Hotspot,String-9_Panel-2,High,14,Replace Panel Section,Replace Panel Section,361,Sunny,2023-05-12 05:00:00,9,2,278.68,2.9,0.157,278.837
Short Circuit,String-9_Panel-15,Critical,11,Replace Module,Replace Module,983,Rainy,2023-05-12 07:00:00,9,15,502.61,6.49,0.398,503.00800000000004
Shadowing,String-5_Panel-8,Critical,10,Replace Module,Replace Wiring,619,Sunny,2023-05-12 07:00:00,5,8,491.82,5.59,0.292,492.11199999999997
Short Circuit,String-8_Panel-16,Critical,5,Replace Module,Replace Fuse,272,Cloudy,2023-05-12 08:00:00,8,16,580.06,7.22,0.424,580.4839999999999
Hotspot,String-1_Panel-10,Low,14,Clean Panel,Remove Obstruction,958,Rainy,2023-05-12 09:00:00,1,10,30.79,0.35,0.017,30.807
Open Circuit,String-2_Panel-17,Medium,14,Inspect Junction Box,Replace Wiring,322,Cloudy,2023-05-12 10:00:00,2,17,67.81,0.98,0.062,67.872
Open Circuit,String-8_Panel-18,High,3,Replace Wiring,Replace Wiring,697,Cloudy,2023-05-12 10:00:00,8,18,147.9,1.73,0.102,148.002
Shadowing,String-3_Panel-6,Medium,11,Remove Obstruction,Remove Obstruction,457,Cloudy,2023-05-12 12:00:00,3,6,52.17,0.59,0.038,52.208
Short Circuit,String-2_Panel-8,Critical,11,Replace Panel Section,Remove Obstruction,287,Sunny,2023-05-12 14:00:00,2,8,368.68,3.25,0.202,368.882
Shadowing,String-6_Panel-4,Low,6,Clean Panel,Clean Panel,406,Sunny,2023-05-12 17:00:00,6,4,28.51,0.35,0.016,28.526
Open Circuit,String-7_Panel-4,Medium,3,Replace Connector,Remove Obstruction,380,Sunny,2023-05-12 17:00:00,7,4,88.24,0.9,0.048,88.288
Open Circuit,String-7_Panel-12,High,11,Replace Wiring,Replace Module,502,Cloudy,2023-05-12 19:00:00,7,12,163.59,2.19,0.123,163.713
Short Circuit,String-1_Panel-12,Medium,2,Inspect Junction Box,Tighten Connection,326,Rainy,2023-05-12 19:00:00,1,12,72.22,0.68,0.034,72.254
Hotspot,String-8_Panel-12,Critical,7,Replace Module,Replace Module,721,Sunny,2023-05-12 19:00:00,8,12,539.34,5.73,0.25,539.59
Shadowing,String-2_Panel-18,Critical,4,Reinstall Module,Reinstall Module,590,Sunny,2023-05-12 21:00:00,2,18,182.35,3.34,0.194,182.54399999999998
Shadowing,String-1_Panel-2,Critical,6,Reinstall Module,Reinstall Module,325,Cloudy,2023-05-12 21:00:00,1,2,208.02,2.77,0.167,208.187
Open Circuit,String-2_Panel-18,High,4,Replace Wiring,Adjust Tilt,311,Sunny,2023-05-12 22:00:00,2,18,133.95,1.97,0.124,134.07399999999998
Hotspot,String-7_Panel-19,Low,6,Clean Panel,Remove Obstruction,295,Rainy,2023-05-12 23:00:00,7,19,26.24,0.29,0.014,26.253999999999998
Shadowing,String-10_Panel-12,Low,2,Remove Obstruction,Replace Connector,919,Cloudy,2023-05-13 00:00:00,10,12,42.8,0.43,0.022,42.821999999999996
Short Circuit,String-4_Panel-3,Medium,8,Replace Connector,Replace Wiring,563,Sunny,2023-05-13 00:00:00,4,3,102.74,1.02,0.06,102.8
Open Circuit,String-9_Panel-17,Low,1,Tighten Connection,Remove Obstruction,612,Sunny,2023-05-13 02:00:00,9,17,38.92,0.47,0.024,38.944
Open Circuit,String-3_Panel-11,Critical,6,Replace Module,Replace Module,953,Rainy,2023-05-13 02:00:00,3,11,492.62,6.52,0.288,492.908
Shadowing,String-1_Panel-4,Critical,7,Reinstall Module,Reinstall Module,431,Cloudy,2023-05-13 03:00:00,1,4,214.24,3.01,0.146,214.386
Hotspot,String-10_Panel-2,Medium,9,Inspect Cells,Inspect Cells,387,Rainy,2023-05-13 04:00:00,10,2,73.83,0.88,0.039,73.869
Shadowing,String-7_Panel-14,Critical,3,Remove Obstruction,Adjust Tilt,701,Sunny,2023-05-13 05:00:00,7,14,49.17,0.52,0.023,49.193000000000005
Open Circuit,String-9_Panel-14,High,14,Replace Wiring,Replace Wiring,558,Cloudy,2023-05-13 05:00:00,9,14,149.65,1.67,0.091,149.741
Open Circuit,String-1_Panel-12,High,8,Replace Wiring,Replace Wiring,927,Rainy,2023-05-13 05:00:00,1,12,154.45,2.08,0.13,154.57999999999998
Hotspot,String-7_Panel-16,Medium,8,Inspect Cells,Remove Obstruction,640,Rainy,2023-05-13 06:00:00,7,16,82.67,1.06,0.048,82.718
Hotspot,String-9_Panel-19,Critical,8,Replace Module,Replace Panel Section,913,Cloudy,2023-05-13 06:00:00,9,19,508.05,7.37,0.449,508.499
Short Circuit,String-9_Panel-5,Critical,2,Replace Module,Replace Module,368,Sunny,2023-05-13 07:00:00,9,5,564.95,5.17,0.301,565.2510000000001
Short Circuit,String-5_Panel-1,Low,8,Inspect Junction Box,Inspect Junction Box,759,Sunny,2023-05-13 09:00:00,5,1,73.97,0.94,0.044,74.014
Hotspot,String-6_Panel-13,High,2,Replace Panel Section,Tighten Connection,267,Sunny,2023-05-13 09:00:00,6,13,269.56,3.7,0.215,269.775
Shadowing,String-8_Panel-17,High,8,Adjust Tilt,Remove Obstruction,679,Cloudy,2023-05-13 09:00:00,8,17,109.65,2.02,0.096,109.74600000000001
Hotspot,String-3_Panel-10,High,12,Inspect Cells,Replace Module,874,Rainy,2023-05-13 11:00:00,3,10,83.41,0.86,0.047,83.457
Hotspot,String-6_Panel-18,Low,6,Clean Panel,Clean Panel,570,Cloudy,2023-05-13 11:00:00,6,18,28.8,0.26,0.016,28.816
Hotspot,String-1_Panel-2,High,8,Replace Panel Section,Replace Panel Section,799,Sunny,2023-05-13 12:00:00,1,2,296.09,3.37,0.148,296.238
Shadowing,String-9_Panel-11,Critical,14,Replace Module,Reinstall Module,778,Cloudy,2023-05-13 13:00:00,9,11,505.02,4.41,0.248,505.268
Open Circuit,String-8_Panel-13,High,14,Replace Wiring,Replace Wiring,257,Cloudy,2023-05-13 13:00:00,8,13,160.98,1.82,0.092,161.072
Open Circuit,String-10_Panel-11,Medium,13,Replace Connector,Replace Connector,727,Cloudy,2023-05-13 15:00:00,10,11,83.83,1.06,0.055,83.885
Hotspot,String-2_Panel-12,Medium,7,Inspect Cells,Reinstall Module,788,Sunny,2023-05-13 17:00:00,2,12,88.06,0.84,0.046,88.10600000000001
Open Circuit,String-2_Panel-1,Medium,3,Replace Connector,Replace Connector,792,Cloudy,2023-05-13 17:00:00,2,1,98.42,0.9,0.045,98.465
Short Circuit,String-8_Panel-18,Medium,3,Replace Fuse,Tighten Connection,325,Rainy,2023-05-13 17:00:00,8,18,57.93,0.51,0.033,57.963
Open Circuit,String-4_Panel-19,High,5,Replace Wiring,Reinstall Module,666,Sunny,2023-05-13 19:00:00,4,19,142.7,1.79,0.088,142.78799999999998
Hotspot,String-10_Panel-14,High,5,Replace Panel Section,Inspect Cells,217,Rainy,2023-05-13 19:00:00,10,14,322.39,4.22,0.244,322.634
Open Circuit,String-4_Panel-4,Critical,2,Replace Panel Section,Replace Module,498,Cloudy,2023-05-13 19:00:00,4,4,296.19,4.09,0.216,296.406
Short Circuit,String-1_Panel-11,Critical,1,Replace Module,Inspect Cells,477,Rainy,2023-05-13 20:00:00,1,11,564.86,5.92,0.316,565.176
Hotspot,String-6_Panel-1,Medium,8,Inspect Cells,Inspect Cells,355,Sunny,2023-05-13 20:00:00,6,1,88.14,0.99,0.047,88.187
Open Circuit,String-9_Panel-2,High,3,Replace Wiring,Replace Wiring,430,Cloudy,2023-05-13 22:00:00,9,2,137.26,2.25,0.122,137.382
Hotspot,String-2_Panel-6,Low,11,Inspect Cells,Replace Module,768,Cloudy,2023-05-13 23:00:00,2,6,73.57,1.04,0.055,73.625
Shadowing,String-8_Panel-3,Low,11,Remove Obstruction,Replace Connector,423,Rainy,2023-05-14 01:00:00,8,3,46.5,0.43,0.027,46.527
Shadowing,String-7_Panel-10,Medium,8,Remove Obstruction,Remove Obstruction,798,Cloudy,2023-05-14 01:00:00,7,10,42.14,0.45,0.022,42.162
Shadowing,String-5_Panel-1,Low,12,Remove Obstruction,Clean Panel,859,Cloudy,2023-05-14 02:00:00,5,1,56.31,0.53,0.025,56.335
Shadowing,String-2_Panel-17,Low,8,Remove Obstruction,Replace Connector,959,Rainy,2023-05-14 02:00:00,2,17,56.12,0.42,0.02,56.14
Hotspot,String-8_Panel-17,Medium,8,Inspect Cells,Clean Panel,673,Cloudy,2023-05-14 02:00:00,8,17,88.32,0.89,0.053,88.37299999999999
Short Circuit,String-9_Panel-8,Low,7,Inspect Junction Box,Inspect Junction Box,801,Cloudy,2023-05-14 02:00:00,9,8,67.12,1.08,0.067,67.187
Hotspot,String-3_Panel-11,Medium,13,Inspect Cells,Replace Fuse,407,Sunny,2023-05-14 05:00:00,3,11,87.28,0.95,0.045,87.325
Open Circuit,String-6_Panel-15,High,10,Inspect Junction Box,Inspect Cells,962,Rainy,2023-05-14 06:00:00,6,15,69.75,1.15,0.06,69.81
Shadowing,String-6_Panel-14,High,5,Adjust Tilt,Inspect Junction Box,705,Rainy,2023-05-14 06:00:00,6,14,118.78,2.19,0.116,118.896
Open Circuit,String-6_Panel-5,Medium,1,Replace Connector,Tighten Connection,729,Rainy,2023-05-14 07:00:00,6,5,93.4,0.72,0.031,93.43100000000001
Hotspot,String-2_Panel-3,Low,1,Clean Panel,Clean Panel,394,Sunny,2023-05-14 08:00:00,2,3,33.32,0.25,0.016,33.336
Open Circuit,String-4_Panel-6,Low,9,Tighten Connection,Tighten Connection,980,Rainy,2023-05-14 09:00:00,4,6,42.26,0.46,0.027,42.287
Short Circuit,String-6_Panel-15,Critical,10,Replace Module,Inspect Junction Box,726,Rainy,2023-05-14 09:00:00,6,15,496.33,7.5,0.332,496.662
Hotspot,String-2_Panel-14,Low,4,Inspect Cells,Adjust Tilt,939,Sunny,2023-05-14 10:00:00,2,14,79.6,0.88,0.043,79.643
Hotspot,String-9_Panel-17,Critical,13,Replace Module,Replace Module,901,Rainy,2023-05-14 11:00:00,9,17,509.89,5.55,0.293,510.183
Hotspot,String-6_Panel-13,Critical,10,Replace Module,Replace Module,473,Rainy,2023-05-14 11:00:00,6,13,544.11,5.34,0.247,544.357
Hotspot,String-2_Panel-18,Low,4,Clean Panel,Tighten Connection,289,Sunny,2023-05-14 12:00:00,2,18,32.78,0.3,0.02,32.800000000000004
Shadowing,String-5_Panel-5,Medium,2,Remove Obstruction,Inspect Junction Box,988,Cloudy,2023-05-14 12:00:00,5,5,42.87,0.43,0.027,42.897
Hotspot,String-5_Panel-19,High,5,Replace Module,Replace Panel Section,347,Cloudy,2023-05-14 12:00:00,5,19,434.88,5.21,0.291,435.171
Open Circuit,String-3_Panel-19,Medium,14,Replace Connector,Replace Fuse,501,Cloudy,2023-05-14 13:00:00,3,19,86.67,1.2,0.059,86.729
Short Circuit,String-6_Panel-8,Low,4,Inspect Junction Box,Replace Fuse,251,Rainy,2023-05-14 13:00:00,6,8,69.06,1.06,0.052,69.11200000000001
Shadowing,String-4_Panel-14,Medium,1,Remove Obstruction,Remove Obstruction,968,Cloudy,2023-05-14 16:00:00,4,14,51.6,0.52,0.031,51.631
Shadowing,String-6_Panel-4,Low,1,Remove Obstruction,Clean Panel,828,Rainy,2023-05-14 17:00:00,6,4,61.07,0.55,0.032,61.102
Hotspot,String-4_Panel-14,Low,1,Clean Panel,Clean Panel,398,Sunny,2023-05-14 19:00:00,4,14,30.89,0.27,0.016,30.906
Shadowing,String-7_Panel-14,Medium,11,Adjust Tilt,Inspect Cells,858,Cloudy,2023-05-14 20:00:00,7,14,106.8,1.73,0.085,106.88499999999999
Shadowing,String-1_Panel-18,High,5,Remove Obstruction,Adjust Tilt,371,Rainy,2023-05-14 21:00:00,1,18,53.99,0.53,0.028,54.018
Short Circuit,String-4_Panel-11,Low,14,Replace Fuse,Inspect Cells,255,Rainy,2023-05-14 23:00:00,4,11,61.79,0.51,0.033,61.823
Open Circuit,String-4_Panel-4,High,7,Replace Wiring,Replace Wiring,812,Rainy,2023-05-15 02:00:00,4,4,159.76,2.25,0.135,159.89499999999998
Hotspot,String-2_Panel-2,High,4,Inspect Cells,Remove Obstruction,633,Cloudy,2023-05-15 02:00:00,2,2,84.2,1.19,0.061,84.26100000000001
Shadowing,String-2_Panel-1,Critical,1,Reinstall Module,Replace Fuse,564,Cloudy,2023-05-15 03:00:00,2,1,201.21,3.17,0.183,201.393
Hotspot,String-4_Panel-18,High,12,Replace Module,Replace Fuse,745,Rainy,2023-05-15 05:00:00,4,18,485.87,6.27,0.264,486.134
Open Circuit,String-6_Panel-1,Low,12,Tighten Connection,Remove Obstruction,514,Cloudy,2023-05-15 05:00:00,6,1,45.9,0.55,0.035,45.934999999999995
Short Circuit,String-10_Panel-10,Medium,7,Replace Fuse,Replace Module,520,Cloudy,2023-05-15 06:00:00,10,10,63.5,0.52,0.029,63.529
Short Circuit,String-1_Panel-11,Critical,7,Replace Module,Replace Module,962,Rainy,2023-05-15 06:00:00,1,11,498.18,6.14,0.259,498.439
Open Circuit,String-4_Panel-18,High,14,Replace Wiring,Replace Panel Section,458,Cloudy,2023-05-15 09:00:00,4,18,150.7,1.79,0.108,150.808
Short Circuit,String-10_Panel-17,Critical,13,Replace Module,Replace Module,987,Sunny,2023-05-15 09:00:00,10,17,537.39,6.93,0.395,537.785
Hotspot,String-5_Panel-10,Critical,3,Replace Module,Replace Module,698,Rainy,2023-05-15 11:00:00,5,10,502.87,6.57,0.381,503.251
Short Circuit,String-10_Panel-20,Low,10,Inspect Junction Box,Inspect Junction Box,614,Sunny,2023-05-15 12:00:00,10,20,76.08,1.13,0.057,76.137
Open Circuit,String-5_Panel-19,Low,11,Tighten Connection,Tighten Connection,681,Rainy,2023-05-15 12:00:00,5,19,41.21,0.47,0.028,41.238
Open Circuit,String-7_Panel-19,High,1,Replace Wiring,Replace Wiring,510,Sunny,2023-05-15 13:00:00,7,19,154.56,1.87,0.111,154.671
Short Circuit,String-7_Panel-9,Medium,4,Replace Fuse,Replace Fuse,289,Sunny,2023-05-15 14:00:00,7,9,62.78,0.45,0.025,62.805
Hotspot,String-3_Panel-17,High,10,Replace Module,Replace Fuse,673,Sunny,2023-05-15 15:00:00,3,17,524.05,5.21,0.324,524.3739999999999
Open Circuit,String-4_Panel-6,Medium,5,Replace Wiring,Clean Panel,747,Sunny,2023-05-15 17:00:00,4,6,167.85,2.44,0.157,168.007
Open Circuit,String-7_Panel-10,High,4,Inspect Junction Box,Replace Wiring,554,Rainy,2023-05-15 17:00:00,7,10,77.39,1.15,0.068,77.458
Short Circuit,String-1_Panel-3,Low,10,Inspect Junction Box,Replace Module,734,Sunny,2023-05-15 17:00:00,1,3,71.84,1.06,0.046,71.88600000000001
Hotspot,String-5_Panel-11,Low,13,Inspect Cells,Clean Panel,833,Cloudy,2023-05-15 19:00:00,5,11,79.96,1.09,0.054,80.014
Hotspot,String-2_Panel-4,High,5,Replace Panel Section,Inspect Cells,313,Rainy,2023-05-15 19:00:00,2,4,314.72,3.85,0.226,314.946
Shadowing,String-7_Panel-15,Low,10,Clean Panel,Tighten Connection,482,Sunny,2023-05-15 20:00:00,7,15,28.44,0.25,0.012,28.452
Shadowing,String-9_Panel-2,High,14,Adjust Tilt,Inspect Junction Box,703,Rainy,2023-05-15 20:00:00,9,2,115.67,2.0,0.094,115.764
Open Circuit,String-7_Panel-3,Medium,9,Replace Module,Adjust Tilt,964,Cloudy,2023-05-15 21:00:00,7,3,573.11,6.61,0.32,573.4300000000001
Shadowing,String-3_Panel-13,Medium,7,Remove Obstruction,Replace Module,494,Sunny,2023-05-15 22:00:00,3,13,45.28,0.48,0.031,45.311
Open Circuit,String-8_Panel-1,Critical,10,Replace Module,Replace Module,415,Cloudy,2023-05-15 23:00:00,8,1,527.85,6.08,0.389,528.239
Short Circuit,String-8_Panel-10,Medium,7,Replace Fuse,Replace Fuse,857,Cloudy,2023-05-15 23:00:00,8,10,63.64,0.5,0.027,63.667
Short Circuit,String-8_Panel-14,Critical,11,Replace Module,Replace Module,672,Rainy,2023-05-15 23:00:00,8,14,478.94,7.84,0.474,479.414
Short Circuit,String-7_Panel-7,Critical,3,Replace Module,Replace Fuse,408,Rainy,2023-05-16 00:00:00,7,7,528.47,6.41,0.278,528.748
Short Circuit,String-6_Panel-13,Medium,9,Replace Fuse,Replace Fuse,325,Rainy,2023-05-16 02:00:00,6,13,60.04,0.5,0.025,60.065
Hotspot,String-1_Panel-13,Low,4,Clean Panel,Inspect Junction Box,469,Cloudy,2023-05-16 02:00:00,1,13,31.05,0.24,0.012,31.062
Hotspot,String-9_Panel-15,Critical,5,Replace Module,Inspect Junction Box,741,Cloudy,2023-05-16 03:00:00,9,15,552.99,6.46,0.367,553.357
Hotspot,String-6_Panel-11,High,2,Replace Panel Section,Replace Panel Section,902,Sunny,2023-05-16 04:00:00,6,11,299.71,4.67,0.307,300.017
Shadowing,String-8_Panel-1,Critical,8,Reinstall Module,Reinstall Module,542,Rainy,2023-05-16 05:00:00,8,1,211.92,3.37,0.171,212.09099999999998
Shadowing,String-3_Panel-10,Medium,10,Remove Obstruction,Replace Module,663,Cloudy,2023-05-16 06:00:00,3,10,54.15,0.53,0.032,54.181999999999995
Short Circuit,String-7_Panel-17,Critical,4,Replace Module,Replace Panel Section,334,Rainy,2023-05-16 06:00:00,7,17,561.4,5.21,0.224,561.624
Open Circuit,String-7_Panel-14,Medium,13,Replace Connector,Adjust Tilt,331,Sunny,2023-05-16 06:00:00,7,14,80.83,1.12,0.047,80.877
Shadowing,String-10_Panel-20,High,4,Adjust Tilt,Adjust Tilt,969,Sunny,2023-05-16 06:00:00,10,20,120.97,2.0,0.122,121.092
Short Circuit,String-4_Panel-12,High,12,Reinstall Module,Clean Panel,336,Sunny,2023-05-16 06:00:00,4,12,189.27,2.78,0.158,189.428
Short Circuit,String-4_Panel-16,Critical,3,Replace Module,Replace Wiring,635,Rainy,2023-05-16 08:00:00,4,16,499.02,5.22,0.294,499.31399999999996
Shadowing,String-7_Panel-7,Critical,4,Reinstall Module,Reinstall Module,377,Cloudy,2023-05-16 09:00:00,7,7,210.58,2.53,0.131,210.711
Shadowing,String-6_Panel-3,Medium,12,Remove Obstruction,Remove Obstruction,575,Rainy,2023-05-16 12:00:00,6,3,57.42,0.44,0.027,57.447
Short Circuit,String-3_Panel-2,Low,9,Inspect Junction Box,Inspect Junction Box,454,Sunny,2023-05-16 12:00:00,3,2,70.59,1.13,0.052,70.64200000000001
Open Circuit,String-3_Panel-16,Medium,11,Replace Connector,Replace Connector,615,Sunny,2023-05-16 14:00:00,3,16,86.89,1.01,0.049,86.93900000000001
Shadowing,String-3_Panel-19,Critical,7,Reinstall Module,Reinstall Module,937,Rainy,2023-05-16 16:00:00,3,19,198.53,2.53,0.112,198.642
Hotspot,String-7_Panel-6,Low,5,Inspect Cells,Tighten Connection,887,Rainy,2023-05-16 17:00:00,7,6,92.25,0.87,0.043,92.293
Shadowing,String-3_Panel-11,High,2,Adjust Tilt,Adjust Tilt,967,Sunny,2023-05-16 17:00:00,3,11,117.84,1.72,0.098,117.938
Hotspot,String-3_Panel-1,Low,8,Inspect Cells,Clean Panel,825,Rainy,2023-05-16 19:00:00,3,1,80.44,0.96,0.054,80.494
Hotspot,String-9_Panel-7,Critical,2,Replace Module,Replace Module,422,Sunny,2023-05-16 19:00:00,9,7,527.36,6.84,0.438,527.798
Shadowing,String-9_Panel-12,Low,6,Remove Obstruction,Replace Wiring,426,Rainy,2023-05-16 20:00:00,9,12,49.49,0.39,0.024,49.514
Hotspot,String-10_Panel-20,High,9,Replace Module,Replace Panel Section,482,Rainy,2023-05-16 21:00:00,10,20,526.09,6.31,0.414,526.504
Hotspot,String-5_Panel-6,High,5,Replace Panel Section,Reinstall Module,603,Cloudy,2023-05-16 22:00:00,5,6,298.88,2.62,0.154,299.034
Short Circuit,String-10_Panel-5,High,14,Reinstall Module,Replace Wiring,766,Sunny,2023-05-16 22:00:00,10,5,207.78,3.01,0.14,207.92
Shadowing,String-2_Panel-12,Medium,11,Remove Obstruction,Remove Obstruction,869,Cloudy,2023-05-16 22:00:00,2,12,44.32,0.48,0.029,44.349000000000004
Open Circuit,String-5_Panel-16,High,1,Replace Wiring,Replace Fuse,885,Sunny,2023-05-16 22:00:00,5,16,156.25,1.9,0.116,156.366
Shadowing,String-10_Panel-2,High,5,Remove Obstruction,Adjust Tilt,302,Cloudy,2023-05-16 23:00:00,10,2,46.97,0.52,0.03,47.0
Open Circuit,String-1_Panel-10,Low,14,Tighten Connection,Reinstall Module,586,Cloudy,2023-05-16 23:00:00,1,10,40.65,0.51,0.032,40.681999999999995
Open Circuit,String-1_Panel-6,High,7,Replace Wiring,Reinstall Module,733,Sunny,2023-05-17 00:00:00,1,6,137.6,1.82,0.097,137.697
Shadowing,String-5_Panel-3,Low,8,Remove Obstruction,Replace Wiring,926,Rainy,2023-05-17 00:00:00,5,3,58.26,0.42,0.019,58.278999999999996
Hotspot,String-1_Panel-7,High,9,Replace Panel Section,Replace Panel Section,979,Sunny,2023-05-17 00:00:00,1,7,322.52,3.85,0.202,322.722
Hotspot,String-4_Panel-9,High,1,Replace Panel Section,Inspect Cells,937,Sunny,2023-05-17 01:00:00,4,9,312.1,3.89,0.243,312.343
Hotspot,String-1_Panel-20,Medium,5,Replace Panel Section,Inspect Cells,886,Cloudy,2023-05-17 01:00:00,1,20,366.35,4.68,0.308,366.658
Short Circuit,String-4_Panel-14,Low,1,Inspect Junction Box,Inspect Junction Box,402,Cloudy,2023-05-17 02:00:00,4,14,68.57,0.98,0.059,68.62899999999999
Hotspot,String-6_Panel-12,Medium,8,Replace Panel Section,Inspect Junction Box,871,Cloudy,2023-05-17 02:00:00,6,12,321.2,4.07,0.191,321.39099999999996
Open Circuit,String-1_Panel-15,Low,5,Tighten Connection,Tighten Connection,375,Cloudy,2023-05-17 03:00:00,1,15,43.0,0.51,0.031,43.031
Shadowing,String-4_Panel-10,Medium,14,Adjust Tilt,Remove Obstruction,894,Rainy,2023-05-17 04:00:00,4,10,107.8,2.01,0.09,107.89
Hotspot,String-6_Panel-6,High,13,Replace Panel Section,Replace Panel Section,587,Rainy,2023-05-17 05:00:00,6,6,305.11,3.73,0.203,305.313
Hotspot,String-7_Panel-10,High,5,Replace Panel Section,Replace Panel Section,251,Rainy,2023-05-17 07:00:00,7,10,368.12,4.27,0.203,368.323
Short Circuit,String-5_Panel-18,High,14,Replace Module,Adjust Tilt,269,Cloudy,2023-05-17 07:00:00,5,18,546.84,6.81,0.303,547.143
Short Circuit,String-3_Panel-18,Low,10,Inspect Junction Box,Inspect Junction Box,758,Cloudy,2023-05-17 07:00:00,3,18,65.9,0.9,0.048,65.94800000000001
Shadowing,String-7_Panel-16,Medium,12,Remove Obstruction,Remove Obstruction,893,Rainy,2023-05-17 09:00:00,7,16,49.99,0.51,0.028,50.018
Hotspot,String-6_Panel-17,Low,7,Clean Panel,Clean Panel,726,Sunny,2023-05-17 10:00:00,6,17,28.57,0.36,0.017,28.587
Hotspot,String-6_Panel-17,High,12,Replace Module,Replace Panel Section,761,Sunny,2023-05-17 10:00:00,6,17,548.55,6.38,0.284,548.834
Short Circuit,String-9_Panel-16,Medium,10,Replace Fuse,Replace Fuse,678,Sunny,2023-05-17 11:00:00,9,16,56.01,0.46,0.027,56.037
Shadowing,String-3_Panel-11,Critical,1,Reinstall Module,Reinstall Module,234,Rainy,2023-05-17 11:00:00,3,11,194.13,2.97,0.186,194.316
Open Circuit,String-7_Panel-19,Critical,14,Replace Module,Replace Module,230,Sunny,2023-05-17 16:00:00,7,19,616.76,6.05,0.371,617.131
Open Circuit,String-4_Panel-4,High,7,Replace Wiring,Replace Wiring,251,Sunny,2023-05-17 17:00:00,4,4,143.51,1.84,0.114,143.624
Hotspot,String-1_Panel-13,Critical,8,Replace Module,Replace Module,516,Rainy,2023-05-17 20:00:00,1,13,440.26,6.2,0.313,440.573
Open Circuit,String-9_Panel-20,Medium,13,Replace Wiring,Clean Panel,985,Rainy,2023-05-17 20:00:00,9,20,145.14,1.85,0.085,145.225
Short Circuit,String-9_Panel-14,Medium,7,Replace Connector,Reinstall Module,400,Cloudy,2023-05-17 21:00:00,9,14,90.26,0.69,0.044,90.304
Open Circuit,String-5_Panel-2,High,12,Replace Wiring,Replace Wiring,298,Sunny,2023-05-17 22:00:00,5,2,148.92,1.67,0.109,149.029
Short Circuit,String-1_Panel-11,High,11,Replace Wiring,Clean Panel,658,Sunny,2023-05-17 22:00:00,1,11,142.87,1.94,0.084,142.954
Open Circuit,String-7_Panel-20,Low,9,Tighten Connection,Inspect Cells,581,Rainy,2023-05-17 22:00:00,7,20,39.74,0.58,0.038,39.778
Short Circuit,String-4_Panel-12,Low,3,Inspect Junction Box,Remove Obstruction,912,Cloudy,2023-05-17 23:00:00,4,12,74.18,1.13,0.053,74.233
Short Circuit,String-4_Panel-16,Low,12,Inspect Junction Box,Inspect Junction Box,705,Sunny,2023-05-18 00:00:00,4,16,71.39,1.19,0.059,71.449
Open Circuit,String-1_Panel-13,Critical,5,Replace Module,Replace Module,874,Rainy,2023-05-18 03:00:00,1,13,525.99,6.25,0.355,526.345
Open Circuit,String-8_Panel-1,Medium,4,Replace Connector,Replace Module,366,Sunny,2023-05-18 03:00:00,8,1,92.1,0.81,0.041,92.14099999999999
Short Circuit,String-10_Panel-5,High,13,Replace Module,Replace Wiring,789,Rainy,2023-05-18 04:00:00,10,5,528.02,5.2,0.296,528.316
Short Circuit,String-10_Panel-14,High,8,Replace Wiring,Replace Wiring,567,Cloudy,2023-05-18 05:00:00,10,14,151.66,2.04,0.101,151.761
Hotspot,String-6_Panel-6,High,11,Replace Panel Section,Replace Module,450,Sunny,2023-05-18 05:00:00,6,6,343.01,3.96,0.217,343.227
Open Circuit,String-9_Panel-8,Critical,12,Replace Module,Replace Module,898,Cloudy,2023-05-18 07:00:00,9,8,470.23,5.87,0.256,470.486
Open Circuit,String-6_Panel-19,Medium,13,Replace Connector,Replace Connector,531,Rainy,2023-05-18 07:00:00,6,19,96.99,0.9,0.039,97.029
Shadowing,String-1_Panel-12,Medium,8,Clean Panel,Remove Obstruction,410,Rainy,2023-05-18 07:00:00,1,12,27.63,0.28,0.016,27.645999999999997
Shadowing,String-3_Panel-13,Low,13,Clean Panel,Clean Panel,707,Sunny,2023-05-18 08:00:00,3,13,29.67,0.32,0.019,29.689
Open Circuit,String-7_Panel-11,High,10,Replace Wiring,Replace Wiring,877,Rainy,2023-05-18 08:00:00,7,11,148.91,1.95,0.086,148.996
Shadowing,String-1_Panel-8,High,3,Adjust Tilt,Inspect Cells,818,Sunny,2023-05-18 10:00:00,1,8,114.13,1.86,0.103,114.23299999999999
Short Circuit,String-9_Panel-17,Medium,6,Replace Fuse,Replace Fuse,332,Sunny,2023-05-18 11:00:00,9,17,54.54,0.53,0.027,54.567
Open Circuit,String-10_Panel-19,Medium,2,Replace Connector,Replace Wiring,430,Cloudy,2023-05-18 11:00:00,10,19,90.39,1.15,0.069,90.459
Open Circuit,String-9_Panel-14,Critical,12,Replace Module,Remove Obstruction,338,Rainy,2023-05-18 11:00:00,9,14,451.52,6.47,0.322,451.842
Hotspot,String-2_Panel-3,Critical,1,Replace Module,Replace Module,432,Cloudy,2023-05-18 12:00:00,2,3,500.8,6.24,0.406,501.206
Open Circuit,String-1_Panel-13,Critical,4,Replace Module,Replace Module,528,Sunny,2023-05-18 12:00:00,1,13,580.85,6.37,0.375,581.225
Hotspot,String-10_Panel-9,High,2,Replace Panel Section,Replace Panel Section,665,Sunny,2023-05-18 13:00:00,10,9,305.01,3.18,0.137,305.147
Open Circuit,String-6_Panel-13,Low,11,Tighten Connection,Clean Panel,595,Sunny,2023-05-18 15:00:00,6,13,38.46,0.42,0.022,38.482
Hotspot,String-8_Panel-5,Critical,1,Replace Module,Clean Panel,488,Sunny,2023-05-18 15:00:00,8,5,573.11,5.98,0.308,573.418
Open Circuit,String-5_Panel-12,Low,9,Tighten Connection,Adjust Tilt,933,Cloudy,2023-05-18 15:00:00,5,12,41.39,0.5,0.025,41.415
Short Circuit,String-1_Panel-13,Medium,12,Replace Fuse,Replace Panel Section,984,Sunny,2023-05-18 15:00:00,1,13,56.87,0.48,0.029,56.899
Hotspot,String-6_Panel-18,High,2,Replace Module,Replace Panel Section,773,Sunny,2023-05-18 15:00:00,6,18,520.39,6.15,0.269,520.659
Shadowing,String-1_Panel-4,High,10,Reinstall Module,Adjust Tilt,446,Sunny,2023-05-18 16:00:00,1,4,210.64,3.0,0.143,210.783
Hotspot,String-6_Panel-14,Medium,4,Replace Panel Section,Inspect Junction Box,530,Sunny,2023-05-18 16:00:00,6,14,310.08,4.16,0.224,310.304
Open Circuit,String-7_Panel-20,Medium,11,Replace Wiring,Replace Panel Section,878,Rainy,2023-05-18 17:00:00,7,20,152.33,1.98,0.089,152.419
Short Circuit,String-4_Panel-11,Medium,3,Replace Fuse,Replace Fuse,915,Cloudy,2023-05-18 19:00:00,4,11,67.34,0.43,0.02,67.36
Short Circuit,String-2_Panel-4,Medium,14,Replace Fuse,Replace Fuse,459,Sunny,2023-05-18 20:00:00,2,4,57.73,0.49,0.028,57.757999999999996
Hotspot,String-6_Panel-1,High,7,Replace Panel Section,Replace Panel Section,368,Cloudy,2023-05-18 21:00:00,6,1,354.38,3.87,0.227,354.60699999999997
Hotspot,String-10_Panel-5,Low,5,Clean Panel,Clean Panel,285,Cloudy,2023-05-18 21:00:00,10,5,33.01,0.28,0.012,33.022
Shadowing,String-6_Panel-4,Low,8,Remove Obstruction,Clean Panel,946,Cloudy,2023-05-18 23:00:00,6,4,53.37,0.53,0.032,53.401999999999994
Hotspot,String-4_Panel-1,High,10,Replace Module,Adjust Tilt,593,Sunny,2023-05-18 23:00:00,4,1,548.93,5.93,0.293,549.223
Open Circuit,String-3_Panel-14,Medium,3,Replace Connector,Inspect Cells,497,Sunny,2023-05-18 23:00:00,3,14,89.21,0.81,0.035,89.24499999999999
Open Circuit,String-4_Panel-20,High,11,Replace Wiring,Inspect Cells,726,Sunny,2023-05-18 23:00:00,4,20,133.63,1.93,0.114,133.744
Shadowing,String-6_Panel-5,Medium,2,Remove Obstruction,Reinstall Module,391,Rainy,2023-05-19 01:00:00,6,5,53.18,0.56,0.037,53.217
Open Circuit,String-7_Panel-15,Medium,3,Replace Connector,Replace Connector,644,Cloudy,2023-05-19 01:00:00,7,15,100.45,1.11,0.065,100.515
Short Circuit,String-6_Panel-16,Low,8,Replace Connector,Inspect Junction Box,421,Sunny,2023-05-19 02:00:00,6,16,82.02,0.83,0.045,82.065
Short Circuit,String-5_Panel-8,Low,11,Replace Fuse,Inspect Junction Box,732,Rainy,2023-05-19 02:00:00,5,8,56.46,0.57,0.035,56.495
Hotspot,String-5_Panel-16,Low,13,Inspect Cells,Replace Connector,552,Rainy,2023-05-19 02:00:00,5,16,78.88,1.03,0.055,78.935
Hotspot,String-4_Panel-12,Medium,11,Replace Panel Section,Remove Obstruction,903,Rainy,2023-05-19 03:00:00,4,12,320.22,4.47,0.27,320.49
Short Circuit,String-10_Panel-19,High,10,Replace Module,Tighten Connection,857,Cloudy,2023-05-19 03:00:00,10,19,525.03,6.15,0.385,525.415
Hotspot,String-1_Panel-8,High,6,Replace Panel Section,Inspect Junction Box,205,Cloudy,2023-05-19 04:00:00,1,8,330.03,4.08,0.177,330.207
Shadowing,String-4_Panel-19,Medium,14,Remove Obstruction,Replace Wiring,673,Rainy,2023-05-19 04:00:00,4,19,52.42,0.49,0.023,52.443000000000005
Open Circuit,String-2_Panel-9,High,12,Replace Wiring,Replace Connector,360,Rainy,2023-05-19 05:00:00,2,9,146.49,2.06,0.131,146.621
Short Circuit,String-6_Panel-12,Critical,5,Reinstall Module,Replace Module,330,Sunny,2023-05-19 06:00:00,6,12,207.39,2.86,0.169,207.559
Short Circuit,String-10_Panel-19,Critical,6,Replace Module,Replace Fuse,316,Rainy,2023-05-19 07:00:00,10,19,603.92,6.63,0.392,604.312
Short Circuit,String-1_Panel-3,High,9,Replace Module,Adjust Tilt,980,Rainy,2023-05-19 08:00:00,1,3,455.97,4.98,0.212,456.182
Short Circuit,String-9_Panel-6,Low,5,Replace Fuse,Replace Fuse,779,Cloudy,2023-05-19 08:00:00,9,6,60.2,0.49,0.029,60.229000000000006
Short Circuit,String-6_Panel-13,Low,13,Inspect Junction Box,Reinstall Module,662,Cloudy,2023-05-19 09:00:00,6,13,76.45,1.26,0.067,76.517
Hotspot,String-9_Panel-18,Critical,13,Replace Module,Replace Connector,345,Rainy,2023-05-19 10:00:00,9,18,565.16,6.16,0.349,565.509
Hotspot,String-10_Panel-17,Critical,6,Replace Module,Remove Obstruction,915,Sunny,2023-05-19 11:00:00,10,17,523.02,7.52,0.368,523.388
Open Circuit,String-9_Panel-16,Low,2,Replace Connector,Remove Obstruction,957,Rainy,2023-05-19 11:00:00,9,16,86.72,1.13,0.057,86.777
Open Circuit,String-1_Panel-6,High,11,Replace Wiring,Clean Panel,904,Sunny,2023-05-19 13:00:00,1,6,139.83,1.94,0.097,139.92700000000002
Open Circuit,String-3_Panel-14,High,13,Replace Wiring,Replace Wiring,719,Cloudy,2023-05-19 14:00:00,3,14,150.84,2.26,0.139,150.979
Short Circuit,String-9_Panel-5,Critical,6,Replace Module,Replace Module,945,Cloudy,2023-05-19 15:00:00,9,5,565.33,6.07,0.346,565.676
Shadowing,String-5_Panel-20,High,2,Remove Obstruction,Adjust Tilt,421,Cloudy,2023-05-19 16:00:00,5,20,51.28,0.49,0.023,51.303000000000004
Open Circuit,String-5_Panel-19,High,9,Replace Wiring,Replace Wiring,435,Cloudy,2023-05-19 17:00:00,5,19,145.95,1.57,0.091,146.041
Shadowing,String-8_Panel-2,High,8,Adjust Tilt,Adjust Tilt,924,Sunny,2023-05-19 18:00:00,8,2,117.54,1.62,0.083,117.623
Short Circuit,String-8_Panel-11,Low,8,Replace Connector,Clean Panel,919,Sunny,2023-05-19 18:00:00,8,11,75.12,0.96,0.044,75.164
Short Circuit,String-10_Panel-20,Low,2,Inspect Junction Box,Reinstall Module,718,Cloudy,2023-05-19 18:00:00,10,20,70.54,0.95,0.057,70.59700000000001
Shadowing,String-1_Panel-1,Low,5,Remove Obstruction,Clean Panel,693,Cloudy,2023-05-19 19:00:00,1,1,46.86,0.5,0.029,46.889
Hotspot,String-6_Panel-19,Medium,9,Inspect Cells,Inspect Cells,558,Sunny,2023-05-19 20:00:00,6,19,78.88,1.03,0.059,78.939
Shadowing,String-5_Panel-19,Medium,3,Remove Obstruction,Remove Obstruction,513,Rainy,2023-05-19 21:00:00,5,19,49.34,0.65,0.032,49.372
Open Circuit,String-5_Panel-11,Low,8,Tighten Connection,Tighten Connection,388,Sunny,2023-05-19 21:00:00,5,11,39.12,0.48,0.021,39.141
Shadowing,String-5_Panel-6,Critical,1,Reinstall Module,Replace Wiring,919,Rainy,2023-05-19 23:00:00,5,6,184.46,3.25,0.175,184.63500000000002
Shadowing,String-8_Panel-1,Low,4,Reinstall Module,Replace Panel Section,997,Rainy,2023-05-19 23:00:00,8,1,190.91,2.81,0.141,191.051
Shadowing,String-8_Panel-17,High,14,Remove Obstruction,Adjust Tilt,621,Cloudy,2023-05-19 23:00:00,8,17,43.0,0.47,0.028,43.028
Hotspot,String-2_Panel-16,Low,3,Clean Panel,Inspect Junction Box,640,Sunny,2023-05-19 23:00:00,2,16,30.47,0.36,0.021,30.491
Open Circuit,String-1_Panel-2,High,9,Replace Wiring,Replace Wiring,571,Cloudy,2023-05-20 02:00:00,1,2,156.29,2.45,0.104,156.394
Hotspot,String-1_Panel-5,Low,9,Inspect Cells,Replace Panel Section,757,Cloudy,2023-05-20 03:00:00,1,5,85.43,1.0,0.057,85.48700000000001
Shadowing,String-9_Panel-8,Medium,1,Remove Obstruction,Remove Obstruction,852,Rainy,2023-05-20 03:00:00,9,8,50.01,0.46,0.021,50.031
Hotspot,String-9_Panel-19,Medium,4,Inspect Cells,Inspect Junction Box,528,Cloudy,2023-05-20 04:00:00,9,19,79.45,1.06,0.068,79.518
Short Circuit,String-1_Panel-18,Medium,11,Replace Fuse,Replace Fuse,354,Cloudy,2023-05-20 06:00:00,1,18,59.09,0.53,0.035,59.125
Short Circuit,String-8_Panel-20,Critical,11,Replace Module,Remove Obstruction,475,Rainy,2023-05-20 07:00:00,8,20,526.78,5.67,0.268,527.048
Shadowing,String-5_Panel-14,Medium,4,Remove Obstruction,Remove Obstruction,780,Sunny,2023-05-20 09:00:00,5,14,50.62,0.46,0.029,50.649
Short Circuit,String-5_Panel-15,Low,6,Inspect Junction Box,Replace Wiring,909,Sunny,2023-05-20 09:00:00,5,15,77.31,0.96,0.056,77.366
Hotspot,String-7_Panel-18,Medium,3,Inspect Cells,Inspect Cells,827,Sunny,2023-05-20 10:00:00,7,18,87.29,1.08,0.047,87.337
Open Circuit,String-8_Panel-10,High,3,Replace Wiring,Replace Wiring,646,Sunny,2023-05-20 11:00:00,8,10,150.24,2.04,0.087,150.327
Open Circuit,String-4_Panel-19,High,3,Replace Wiring,Adjust Tilt,637,Sunny,2023-05-20 12:00:00,4,19,154.04,2.1,0.124,154.164
Open Circuit,String-4_Panel-11,Low,13,Tighten Connection,Tighten Connection,580,Cloudy,2023-05-20 13:00:00,4,11,40.18,0.45,0.027,40.207
Hotspot,String-1_Panel-11,Low,12,Inspect Cells,Inspect Junction Box,579,Cloudy,2023-05-20 14:00:00,1,11,90.13,0.79,0.042,90.172
Shadowing,String-9_Panel-7,Medium,9,Remove Obstruction,Replace Fuse,722,Rainy,2023-05-20 15:00:00,9,7,53.67,0.59,0.026,53.696000000000005
Shadowing,String-4_Panel-11,Low,12,Clean Panel,Tighten Connection,911,Sunny,2023-05-20 16:00:00,4,11,30.24,0.29,0.012,30.252
Hotspot,String-8_Panel-5,Low,8,Inspect Cells,Inspect Cells,751,Sunny,2023-05-20 16:00:00,8,5,87.08,0.84,0.039,87.119
Short Circuit,String-4_Panel-7,Low,13,Replace Connector,Clean Panel,550,Sunny,2023-05-20 16:00:00,4,7,87.83,0.98,0.059,87.889
Short Circuit,String-7_Panel-14,Critical,8,Replace Module,Replace Module,884,Sunny,2023-05-20 17:00:00,7,14,552.85,5.7,0.33,553.1800000000001
Short Circuit,String-9_Panel-20,Medium,7,Inspect Junction Box,Replace Fuse,633,Cloudy,2023-05-20 20:00:00,9,20,71.58,0.98,0.042,71.622
Shadowing,String-7_Panel-6,High,2,Adjust Tilt,Replace Panel Section,452,Rainy,2023-05-20 21:00:00,7,6,111.04,1.66,0.081,111.12100000000001
Hotspot,String-8_Panel-14,Critical,11,Replace Module,Replace Fuse,345,Cloudy,2023-05-21 00:00:00,8,14,522.51,5.11,0.282,522.792
Open Circuit,String-4_Panel-8,Critical,14,Replace Module,Replace Module,721,Sunny,2023-05-21 00:00:00,4,8,527.58,5.45,0.273,527.8530000000001
Short Circuit,String-5_Panel-14,Medium,8,Replace Fuse,Replace Module,679,Rainy,2023-05-21 00:00:00,5,14,64.63,0.46,0.022,64.652
Open Circuit,String-7_Panel-14,Critical,8,Replace Module,Replace Module,697,Rainy,2023-05-21 01:00:00,7,14,521.18,6.21,0.375,521.555
Hotspot,String-10_Panel-16,Critical,4,Replace Wiring,Replace Module,805,Cloudy,2023-05-21 04:00:00,10,16,118.14,1.73,0.079,118.219
Open Circuit,String-3_Panel-11,High,7,Replace Wiring,Inspect Junction Box,872,Rainy,2023-05-21 05:00:00,3,11,154.38,1.57,0.099,154.47899999999998
Open Circuit,String-8_Panel-17,High,5,Replace Wiring,Replace Wiring,687,Cloudy,2023-05-21 05:00:00,8,17,136.53,2.06,0.105,136.635
Shadowing,String-1_Panel-17,Medium,3,Adjust Tilt,Remove Obstruction,256,Rainy,2023-05-21 06:00:00,1,17,127.14,2.26,0.13,127.27
Open Circuit,String-4_Panel-17,High,12,Inspect Junction Box,Adjust Tilt,683,Cloudy,2023-05-21 08:00:00,4,17,74.82,0.96,0.052,74.872
Shadowing,String-9_Panel-18,Critical,2,Reinstall Module,Reinstall Module,697,Sunny,2023-05-21 09:00:00,9,18,208.63,2.56,0.149,208.779
Shadowing,String-9_Panel-3,Medium,4,Remove Obstruction,Remove Obstruction,874,Cloudy,2023-05-21 09:00:00,9,3,53.61,0.55,0.03,53.64
Hotspot,String-2_Panel-1,Low,5,Clean Panel,Clean Panel,638,Sunny,2023-05-21 09:00:00,2,1,31.62,0.22,0.012,31.632
Hotspot,String-2_Panel-5,High,5,Replace Panel Section,Replace Panel Section,391,Rainy,2023-05-21 11:00:00,2,5,314.78,4.6,0.233,315.013
Shadowing,String-8_Panel-1,Low,9,Remove Obstruction,Clean Panel,372,Rainy,2023-05-21 12:00:00,8,1,51.03,0.47,0.026,51.056000000000004
Open Circuit,String-8_Panel-5,Critical,1,Replace Module,Replace Module,554,Cloudy,2023-05-21 15:00:00,8,5,533.19,6.26,0.347,533.537
Hotspot,String-1_Panel-3,Critical,10,Replace Module,Replace Module,488,Cloudy,2023-05-21 15:00:00,1,3,517.63,5.87,0.344,517.974
Shadowing,String-8_Panel-10,Low,14,Remove Obstruction,Clean Panel,361,Rainy,2023-05-21 16:00:00,8,10,53.96,0.51,0.023,53.983000000000004
Short Circuit,String-9_Panel-4,High,13,Replace Module,Replace Wiring,581,Cloudy,2023-05-21 16:00:00,9,4,524.48,7.88,0.448,524.928
Short Circuit,String-5_Panel-3,Low,12,Inspect Junction Box,Inspect Junction Box,790,Cloudy,2023-05-21 16:00:00,5,3,53.34,1.01,0.062,53.402
Short Circuit,String-2_Panel-10,Low,4,Inspect Junction Box,Replace Fuse,270,Rainy,2023-05-21 16:00:00,2,10,68.98,0.94,0.043,69.02300000000001
Shadowing,String-10_Panel-7,Critical,14,Replace Module,Reinstall Module,344,Rainy,2023-05-21 16:00:00,10,7,542.97,5.17,0.326,543.296
Shadowing,String-6_Panel-12,High,11,Adjust Tilt,Clean Panel,798,Cloudy,2023-05-21 17:00:00,6,12,119.46,1.78,0.101,119.56099999999999
Open Circuit,String-7_Panel-9,Medium,1,Replace Connector,Adjust Tilt,759,Cloudy,2023-05-21 17:00:00,7,9,78.88,0.93,0.06,78.94
Open Circuit,String-8_Panel-18,High,1,Inspect Junction Box,Replace Connector,303,Sunny,2023-05-21 19:00:00,8,18,82.01,0.92,0.06,82.07000000000001
Hotspot,String-1_Panel-16,Medium,11,Replace Panel Section,Tighten Connection,938,Cloudy,2023-05-21 19:00:00,1,16,305.11,4.22,0.195,305.305
Hotspot,String-8_Panel-19,Medium,3,Inspect Cells,Replace Panel Section,484,Rainy,2023-05-21 20:00:00,8,19,100.48,1.17,0.074,100.554
Hotspot,String-3_Panel-7,Low,3,Clean Panel,Clean Panel,329,Cloudy,2023-05-21 20:00:00,3,7,27.86,0.36,0.02,27.88
Open Circuit,String-6_Panel-7,High,10,Replace Wiring,Replace Wiring,444,Sunny,2023-05-21 20:00:00,6,7,142.1,1.9,0.089,142.189
Open Circuit,String-6_Panel-5,High,4,Replace Wiring,Inspect Cells,431,Cloudy,2023-05-21 21:00:00,6,5,144.42,1.94,0.09,144.51
Shadowing,String-8_Panel-16,Low,10,Remove Obstruction,Clean Panel,757,Cloudy,2023-05-21 22:00:00,8,16,48.45,0.42,0.027,48.477000000000004
Hotspot,String-10_Panel-1,Critical,13,Replace Module,Replace Module,320,Sunny,2023-05-21 22:00:00,10,1,528.72,6.05,0.368,529.0880000000001
Short Circuit,String-7_Panel-5,Low,3,Inspect Junction Box,Inspect Junction Box,446,Cloudy,2023-05-21 22:00:00,7,5,67.38,1.05,0.052,67.432
Open Circuit,String-9_Panel-14,Low,6,Tighten Connection,Tighten Connection,765,Rainy,2023-05-21 23:00:00,9,14,37.5,0.51,0.024,37.524
Short Circuit,String-8_Panel-10,Critical,9,Replace Module,Replace Module,529,Cloudy,2023-05-22 01:00:00,8,10,487.71,5.99,0.36,488.07
Hotspot,String-3_Panel-19,Critical,13,Replace Module,Replace Module,540,Sunny,2023-05-22 01:00:00,3,19,465.45,6.12,0.369,465.819
Shadowing,String-7_Panel-7,High,9,Remove Obstruction,Adjust Tilt,526,Rainy,2023-05-22 01:00:00,7,7,52.22,0.43,0.022,52.242
Hotspot,String-6_Panel-1,Critical,13,Replace Module,Replace Connector,404,Rainy,2023-05-22 01:00:00,6,1,577.48,7.5,0.421,577.9010000000001
Short Circuit,String-1_Panel-16,Medium,1,Replace Connector,Replace Panel Section,536,Cloudy,2023-05-22 03:00:00,1,16,81.53,1.05,0.061,81.59100000000001
Short Circuit,String-6_Panel-19,Medium,3,Inspect Junction Box,Inspect Junction Box,926,Rainy,2023-05-22 03:00:00,6,19,71.59,0.91,0.054,71.644
Open Circuit,String-2_Panel-20,Medium,5,Replace Connector,Replace Connector,581,Sunny,2023-05-22 04:00:00,2,20,87.52,1.09,0.063,87.583
Open Circuit,String-4_Panel-6,Critical,3,Replace Module,Inspect Cells,785,Rainy,2023-05-22 05:00:00,4,6,536.76,6.16,0.374,537.134
Short Circuit,String-8_Panel-9,Low,6,Inspect Junction Box,Inspect Junction Box,369,Cloudy,2023-05-22 05:00:00,8,9,72.97,0.97,0.055,73.025
Short Circuit,String-2_Panel-6,Critical,8,Replace Module,Replace Module,338,Cloudy,2023-05-22 05:00:00,2,6,592.52,6.1,0.257,592.7769999999999
Shadowing,String-7_Panel-14,Critical,13,Replace Module,Replace Panel Section,568,Sunny,2023-05-22 06:00:00,7,14,524.28,5.84,0.287,524.567
Open Circuit,String-7_Panel-17,High,1,Inspect Junction Box,Tighten Connection,970,Rainy,2023-05-22 06:00:00,7,17,71.17,0.94,0.04,71.21000000000001
Short Circuit,String-1_Panel-11,High,6,Replace Wiring,Clean Panel,658,Sunny,2023-05-22 07:00:00,1,11,140.51,2.03,0.117,140.62699999999998
Short Circuit,String-6_Panel-18,Low,2,Inspect Junction Box,Inspect Junction Box,567,Sunny,2023-05-22 07:00:00,6,18,68.81,0.76,0.04,68.85000000000001
Short Circuit,String-9_Panel-4,Low,12,Inspect Junction Box,Replace Wiring,927,Cloudy,2023-05-22 09:00:00,9,4,70.67,0.88,0.039,70.709
Short Circuit,String-8_Panel-6,Critical,4,Replace Module,Replace Fuse,285,Cloudy,2023-05-22 10:00:00,8,6,461.83,6.75,0.365,462.195
Open Circuit,String-2_Panel-6,Critical,11,Replace Module,Replace Module,414,Cloudy,2023-05-22 11:00:00,2,6,425.62,6.13,0.337,425.957
Open Circuit,String-7_Panel-9,Critical,11,Replace Module,Replace Wiring,733,Sunny,2023-05-22 11:00:00,7,9,496.84,5.47,0.314,497.154
Short Circuit,String-6_Panel-4,Critical,2,Replace Module,Replace Connector,310,Sunny,2023-05-22 11:00:00,6,4,499.82,4.66,0.25,500.07
Hotspot,String-3_Panel-20,Medium,5,Inspect Cells,Inspect Cells,282,Sunny,2023-05-22 11:00:00,3,20,83.34,0.91,0.052,83.39200000000001
Open Circuit,String-8_Panel-4,Medium,13,Replace Connector,Inspect Junction Box,794,Cloudy,2023-05-22 12:00:00,8,4,95.55,0.84,0.041,95.591
Hotspot,String-4_Panel-1,High,2,Replace Module,Adjust Tilt,891,Cloudy,2023-05-22 12:00:00,4,1,495.72,5.62,0.331,496.05100000000004
Short Circuit,String-8_Panel-14,Medium,3,Replace Fuse,Replace Panel Section,311,Cloudy,2023-05-22 13:00:00,8,14,57.02,0.5,0.024,57.044000000000004
Open Circuit,String-5_Panel-12,Medium,11,Replace Connector,Adjust Tilt,356,Rainy,2023-05-22 14:00:00,5,12,93.83,0.91,0.041,93.871
Shadowing,String-7_Panel-11,Critical,3,Remove Obstruction,Replace Fuse,921,Sunny,2023-05-22 15:00:00,7,11,53.55,0.4,0.018,53.568
Open Circuit,String-8_Panel-15,Critical,10,Replace Module,Adjust Tilt,296,Sunny,2023-05-22 16:00:00,8,15,480.45,5.24,0.318,480.768
Open Circuit,String-2_Panel-5,Low,7,Tighten Connection,Tighten Connection,284,Sunny,2023-05-22 16:00:00,2,5,38.26,0.43,0.02,38.28
Shadowing,String-9_Panel-17,Low,11,Remove Obstruction,Tighten Connection,905,Rainy,2023-05-22 17:00:00,9,17,53.68,0.38,0.018,53.698
Shadowing,String-9_Panel-3,Medium,8,Remove Obstruction,Remove Obstruction,651,Rainy,2023-05-22 17:00:00,9,3,52.37,0.48,0.027,52.397
Open Circuit,String-7_Panel-3,Low,4,Tighten Connection,Tighten Connection,688,Sunny,2023-05-22 17:00:00,7,3,41.97,0.52,0.029,41.999
Short Circuit,String-4_Panel-3,High,7,Replace Wiring,Replace Connector,960,Sunny,2023-05-22 18:00:00,4,3,155.9,1.69,0.106,156.006
Short Circuit,String-1_Panel-19,Low,9,Replace Fuse,Replace Panel Section,388,Rainy,2023-05-22 20:00:00,1,19,62.03,0.45,0.028,62.058
Shadowing,String-2_Panel-14,Low,8,Remove Obstruction,Replace Module,525,Cloudy,2023-05-22 21:00:00,2,14,58.97,0.49,0.023,58.993
Hotspot,String-8_Panel-18,Critical,10,Replace Module,Replace Module,588,Cloudy,2023-05-22 23:00:00,8,18,502.04,6.06,0.286,502.326
Short Circuit,String-2_Panel-10,High,1,Replace Wiring,Inspect Junction Box,436,Sunny,2023-05-22 23:00:00,2,10,149.99,2.01,0.108,150.098
Open Circuit,String-10_Panel-12,Medium,8,Replace Connector,Replace Connector,390,Sunny,2023-05-22 23:00:00,10,12,77.08,0.97,0.062,77.142
Short Circuit,String-9_Panel-6,Medium,10,Inspect Junction Box,Replace Fuse,856,Rainy,2023-05-22 23:00:00,9,6,68.65,0.98,0.047,68.697
Short Circuit,String-8_Panel-4,Medium,4,Replace Fuse,Replace Fuse,674,Sunny,2023-05-22 23:00:00,8,4,55.52,0.39,0.017,55.537000000000006
Shadowing,String-8_Panel-8,Critical,1,Reinstall Module,Reinstall Module,715,Cloudy,2023-05-23 00:00:00,8,8,184.17,3.04,0.17,184.33999999999997
Short Circuit,String-10_Panel-10,Low,6,Replace Fuse,Replace Wiring,515,Rainy,2023-05-23 01:00:00,10,10,57.7,0.47,0.026,57.726000000000006
Open Circuit,String-1_Panel-17,Critical,1,Replace Module,Replace Module,289,Cloudy,2023-05-23 02:00:00,1,17,498.01,5.24,0.22,498.23
Short Circuit,String-1_Panel-19,Low,8,Inspect Junction Box,Inspect Junction Box,255,Sunny,2023-05-23 03:00:00,1,19,75.98,1.02,0.06,76.04
Hotspot,String-4_Panel-8,Critical,1,Replace Module,Reinstall Module,707,Cloudy,2023-05-23 05:00:00,4,8,514.88,4.52,0.246,515.126
Hotspot,String-8_Panel-11,Critical,11,Replace Module,Reinstall Module,782,Rainy,2023-05-23 05:00:00,8,11,503.35,5.33,0.25,503.6
Open Circuit,String-1_Panel-4,Low,14,Tighten Connection,Tighten Connection,396,Rainy,2023-05-23 06:00:00,1,4,38.69,0.56,0.036,38.726
Open Circuit,String-1_Panel-4,High,12,Replace Wiring,Inspect Junction Box,503,Cloudy,2023-05-23 07:00:00,1,4,138.86,1.88,0.086,138.94600000000003
Open Circuit,String-4_Panel-15,Medium,5,Replace Connector,Replace Connector,730,Sunny,2023-05-23 09:00:00,4,15,95.83,1.02,0.059,95.889
Shadowing,String-10_Panel-10,Medium,11,Remove Obstruction,Remove Obstruction,910,Cloudy,2023-05-23 09:00:00,10,10,52.15,0.46,0.026,52.176
Hotspot,String-10_Panel-1,Critical,5,Replace Module,Replace Panel Section,281,Sunny,2023-05-23 10:00:00,10,1,519.93,5.38,0.266,520.1959999999999
Open Circuit,String-2_Panel-10,Low,4,Tighten Connection,Inspect Cells,365,Sunny,2023-05-23 12:00:00,2,10,43.94,0.47,0.026,43.966
Open Circuit,String-2_Panel-3,Medium,8,Replace Connector,Replace Connector,289,Cloudy,2023-05-23 14:00:00,2,3,85.5,0.91,0.045,85.545
Hotspot,String-9_Panel-3,Medium,4,Clean Panel,Inspect Cells,400,Sunny,2023-05-23 15:00:00,9,3,27.9,0.33,0.018,27.918
Hotspot,String-9_Panel-17,Low,2,Inspect Cells,Replace Wiring,807,Cloudy,2023-05-23 15:00:00,9,17,79.06,0.99,0.062,79.122
Hotspot,String-7_Panel-5,High,14,Replace Panel Section,Replace Connector,238,Rainy,2023-05-23 16:00:00,7,5,328.93,4.91,0.252,329.182
Short Circuit,String-9_Panel-13,High,14,Replace Module,Inspect Cells,472,Rainy,2023-05-23 18:00:00,9,13,542.21,6.02,0.344,542.5540000000001
Shadowing,String-8_Panel-12,Medium,14,Remove Obstruction,Inspect Junction Box,256,Cloudy,2023-05-23 19:00:00,8,12,49.34,0.45,0.023,49.36300000000001
Open Circuit,String-9_Panel-5,Medium,7,Tighten Connection,Replace Connector,638,Cloudy,2023-05-23 21:00:00,9,5,39.08,0.45,0.025,39.105
Short Circuit,String-9_Panel-2,Low,13,Inspect Junction Box,Replace Panel Section,508,Sunny,2023-05-23 22:00:00,9,2,70.55,0.97,0.049,70.599
Open Circuit,String-6_Panel-15,High,1,Replace Wiring,Tighten Connection,730,Sunny,2023-05-23 22:00:00,6,15,127.97,2.31,0.116,128.086
Short Circuit,String-7_Panel-3,Medium,12,Replace Fuse,Replace Fuse,646,Sunny,2023-05-24 00:00:00,7,3,61.02,0.46,0.023,61.043000000000006
Shadowing,String-7_Panel-5,Low,9,Clean Panel,Replace Module,736,Sunny,2023-05-24 02:00:00,7,5,33.15,0.37,0.021,33.171
Hotspot,String-1_Panel-18,Critical,10,Replace Module,Replace Panel Section,899,Sunny,2023-05-24 03:00:00,1,18,533.96,6.04,0.29,534.25
Short Circuit,String-9_Panel-20,High,2,Replace Wiring,Replace Wiring,292,Sunny,2023-05-24 04:00:00,9,20,124.64,2.09,0.109,124.749
Shadowing,String-2_Panel-10,High,13,Adjust Tilt,Replace Fuse,931,Sunny,2023-05-24 05:00:00,2,10,97.38,1.91,0.102,97.482
Hotspot,String-3_Panel-2,Medium,7,Inspect Cells,Replace Fuse,386,Sunny,2023-05-24 05:00:00,3,2,80.54,1.09,0.062,80.602
Shadowing,String-3_Panel-16,Medium,5,Remove Obstruction,Tighten Connection,499,Sunny,2023-05-24 06:00:00,3,16,49.95,0.51,0.025,49.975
Short Circuit,String-5_Panel-19,Low,3,Inspect Junction Box,Inspect Junction Box,225,Rainy,2023-05-24 06:00:00,5,19,65.99,1.11,0.06,66.05
Open Circuit,String-5_Panel-15,High,12,Replace Wiring,Replace Fuse,213,Cloudy,2023-05-24 06:00:00,5,15,154.41,2.03,0.128,154.53799999999998
Short Circuit,String-5_Panel-17,Low,10,Replace Fuse,Inspect Junction Box,508,Rainy,2023-05-24 07:00:00,5,17,57.93,0.6,0.034,57.964
Open Circuit,String-2_Panel-7,Critical,14,Replace Module,Tighten Connection,542,Sunny,2023-05-24 07:00:00,2,7,590.48,5.12,0.267,590.7470000000001
Hotspot,String-3_Panel-15,Medium,12,Inspect Cells,Inspect Cells,544,Rainy,2023-05-24 08:00:00,3,15,82.32,1.02,0.061,82.381
Hotspot,String-1_Panel-13,Low,11,Clean Panel,Replace Wiring,541,Cloudy,2023-05-24 08:00:00,1,13,30.91,0.34,0.016,30.926
Hotspot,String-1_Panel-9,Low,8,Clean Panel,Inspect Cells,504,Rainy,2023-05-24 09:00:00,1,9,28.03,0.3,0.017,28.047
Shadowing,String-2_Panel-19,Critical,13,Replace Module,Reinstall Module,645,Sunny,2023-05-24 10:00:00,2,19,512.27,5.31,0.331,512.601
Hotspot,String-1_Panel-10,High,12,Replace Panel Section,Replace Panel Section,764,Sunny,2023-05-24 10:00:00,1,10,310.71,4.68,0.211,310.921
Shadowing,String-10_Panel-4,High,9,Remove Obstruction,Adjust Tilt,586,Cloudy,2023-05-24 10:00:00,10,4,52.59,0.53,0.033,52.623000000000005
Shadowing,String-4_Panel-3,Low,6,Remove Obstruction,Replace Module,355,Rainy,2023-05-24 10:00:00,4,3,51.47,0.62,0.03,51.5
Open Circuit,String-9_Panel-6,Medium,4,Replace Connector,Replace Connector,305,Cloudy,2023-05-24 11:00:00,9,6,96.49,1.08,0.066,96.556
Hotspot,String-4_Panel-10,Low,6,Clean Panel,Clean Panel,441,Sunny,2023-05-24 12:00:00,4,10,30.45,0.32,0.021,30.471
Shadowing,String-6_Panel-2,Low,3,Clean Panel,Clean Panel,808,Sunny,2023-05-24 14:00:00,6,2,26.75,0.31,0.015,26.765
Shadowing,String-6_Panel-5,High,6,Adjust Tilt,Replace Wiring,644,Rainy,2023-05-24 14:00:00,6,5,116.24,2.31,0.116,116.356
Open Circuit,String-7_Panel-19,High,11,Replace Wiring,Replace Wiring,779,Cloudy,2023-05-24 15:00:00,7,19,133.26,2.19,0.115,133.375
Open Circuit,String-1_Panel-18,Critical,13,Replace Module,Replace Fuse,283,Sunny,2023-05-24 15:00:00,1,18,439.8,6.65,0.281,440.081
Short Circuit,String-5_Panel-16,High,9,Replace Wiring,Replace Wiring,662,Cloudy,2023-05-24 16:00:00,5,16,155.67,1.89,0.102,155.772
Short Circuit,String-5_Panel-16,High,13,Replace Panel Section,Adjust Tilt,618,Rainy,2023-05-24 16:00:00,5,16,289.64,3.87,0.193,289.83299999999997
Short Circuit,String-5_Panel-4,Medium,7,Replace Fuse,Replace Fuse,228,Cloudy,2023-05-24 17:00:00,5,4,61.47,0.47,0.03,61.5
Shadowing,String-8_Panel-11,High,13,Adjust Tilt,Reinstall Module,679,Sunny,2023-05-24 17:00:00,8,11,121.49,2.09,0.098,121.588
Hotspot,String-1_Panel-16,Low,6,Clean Panel,Replace Wiring,299,Cloudy,2023-05-24 18:00:00,1,16,29.17,0.31,0.018,29.188000000000002
Shadowing,String-7_Panel-17,High,1,Remove Obstruction,Clean Panel,228,Cloudy,2023-05-24 19:00:00,7,17,40.28,0.54,0.026,40.306000000000004
Shadowing,String-1_Panel-11,High,13,Reinstall Module,Adjust Tilt,741,Rainy,2023-05-24 20:00:00,1,11,209.02,2.54,0.151,209.17100000000002
Hotspot,String-1_Panel-1,Medium,14,Inspect Cells,Adjust Tilt,816,Sunny,2023-05-24 20:00:00,1,1,77.58,1.09,0.071,77.651
Shadowing,String-1_Panel-20,Critical,3,Reinstall Module,Reinstall Module,454,Sunny,2023-05-24 22:00:00,1,20,185.14,3.19,0.188,185.32799999999997
Open Circuit,String-10_Panel-20,Low,6,Tighten Connection,Tighten Connection,997,Sunny,2023-05-24 23:00:00,10,20,37.03,0.55,0.024,37.054
Hotspot,String-6_Panel-19,High,10,Replace Wiring,Replace Panel Section,350,Rainy,2023-05-25 00:00:00,6,19,158.66,2.2,0.14,158.79999999999998
Short Circuit,String-8_Panel-4,Low,11,Inspect Junction Box,Replace Fuse,365,Sunny,2023-05-25 00:00:00,8,4,68.85,0.92,0.042,68.892
Shadowing,String-9_Panel-1,Medium,4,Remove Obstruction,Clean Panel,228,Rainy,2023-05-25 01:00:00,9,1,47.89,0.47,0.022,47.912
Short Circuit,String-9_Panel-2,Low,10,Inspect Junction Box,Inspect Junction Box,666,Sunny,2023-05-25 01:00:00,9,2,76.63,1.05,0.05,76.67999999999999
Shadowing,String-3_Panel-6,Low,4,Inspect Cells,Replace Panel Section,503,Sunny,2023-05-25 02:00:00,3,6,80.2,0.78,0.039,80.239
Shadowing,String-2_Panel-15,Low,9,Remove Obstruction,Reinstall Module,907,Rainy,2023-05-25 02:00:00,2,15,46.91,0.48,0.022,46.931999999999995
Short Circuit,String-6_Panel-4,Critical,6,Replace Module,Adjust Tilt,472,Sunny,2023-05-25 03:00:00,6,4,482.59,4.92,0.242,482.832
Short Circuit,String-7_Panel-5,Critical,13,Replace Module,Replace Fuse,386,Cloudy,2023-05-25 05:00:00,7,5,503.59,6.06,0.299,503.88899999999995
Short Circuit,String-10_Panel-9,Medium,14,Replace Fuse,Inspect Junction Box,309,Rainy,2023-05-25 07:00:00,10,9,63.25,0.4,0.02,63.27
Short Circuit,String-5_Panel-17,Medium,7,Inspect Junction Box,Replace Module,692,Cloudy,2023-05-25 08:00:00,5,17,70.63,0.99,0.059,70.689
Hotspot,String-6_Panel-19,High,6,Replace Module,Replace Panel Section,411,Sunny,2023-05-25 08:00:00,6,19,528.51,5.5,0.302,528.812
Open Circuit,String-7_Panel-12,High,13,Replace Wiring,Replace Wiring,238,Rainy,2023-05-25 08:00:00,7,12,164.21,1.83,0.106,164.316
Open Circuit,String-6_Panel-19,Low,13,Tighten Connection,Replace Connector,994,Sunny,2023-05-25 10:00:00,6,19,39.8,0.43,0.021,39.821
Shadowing,String-8_Panel-12,Critical,2,Reinstall Module,Replace Panel Section,817,Rainy,2023-05-25 10:00:00,8,12,194.49,3.52,0.169,194.65900000000002
Shadowing,String-4_Panel-18,Medium,7,Remove Obstruction,Replace Fuse,541,Cloudy,2023-05-25 10:00:00,4,18,50.71,0.37,0.021,50.731
Hotspot,String-6_Panel-5,Critical,6,Replace Module,Replace Fuse,474,Sunny,2023-05-25 11:00:00,6,5,523.88,5.52,0.266,524.146
Short Circuit,String-3_Panel-4,Critical,7,Replace Module,Replace Connector,568,Sunny,2023-05-25 12:00:00,3,4,527.08,5.24,0.27,527.35
Shadowing,String-7_Panel-5,High,4,Adjust Tilt,Adjust Tilt,861,Sunny,2023-05-25 13:00:00,7,5,131.49,1.95,0.086,131.57600000000002
Shadowing,String-5_Panel-18,Medium,1,Remove Obstruction,Inspect Cells,774,Sunny,2023-05-25 14:00:00,5,18,49.29,0.55,0.024,49.314
Short Circuit,String-7_Panel-15,Medium,13,Replace Fuse,Replace Fuse,638,Rainy,2023-05-25 15:00:00,7,15,62.78,0.46,0.026,62.806000000000004
Open Circuit,String-10_Panel-17,Critical,1,Replace Module,Adjust Tilt,470,Sunny,2023-05-25 16:00:00,10,17,496.52,5.59,0.268,496.78799999999995
Short Circuit,String-5_Panel-7,Critical,4,Replace Module,Replace Module,955,Sunny,2023-05-25 16:00:00,5,7,461.38,6.35,0.418,461.798
Hotspot,String-3_Panel-4,High,9,Replace Panel Section,Replace Panel Section,496,Cloudy,2023-05-25 17:00:00,3,4,337.55,3.36,0.169,337.719
Short Circuit,String-7_Panel-5,Medium,9,Replace Fuse,Replace Wiring,338,Cloudy,2023-05-25 18:00:00,7,5,56.39,0.51,0.023,56.413000000000004
Short Circuit,String-10_Panel-10,Low,12,Inspect Junction Box,Replace Fuse,475,Cloudy,2023-05-25 19:00:00,10,10,62.88,0.9,0.056,62.936
Short Circuit,String-8_Panel-18,High,8,Replace Wiring,Replace Wiring,656,Cloudy,2023-05-25 19:00:00,8,18,147.83,2.48,0.124,147.954
Hotspot,String-7_Panel-16,Low,9,Clean Panel,Inspect Junction Box,303,Rainy,2023-05-25 20:00:00,7,16,27.66,0.26,0.017,27.677
Hotspot,String-6_Panel-4,Low,12,Clean Panel,Clean Panel,341,Sunny,2023-05-25 20:00:00,6,4,29.9,0.27,0.012,29.912
Open Circuit,String-4_Panel-9,High,8,Replace Wiring,Replace Module,486,Sunny,2023-05-26 00:00:00,4,9,140.5,2.07,0.099,140.599
Open Circuit,String-2_Panel-12,Low,14,Tighten Connection,Tighten Connection,731,Rainy,2023-05-26 00:00:00,2,12,41.76,0.49,0.026,41.786
Open Circuit,String-8_Panel-15,High,5,Inspect Junction Box,Adjust Tilt,937,Rainy,2023-05-26 02:00:00,8,15,62.48,1.09,0.057,62.537
Short Circuit,String-1_Panel-4,Medium,13,Replace Fuse,Replace Fuse,921,Rainy,2023-05-26 02:00:00,1,4,57.76,0.57,0.026,57.786
Hotspot,String-10_Panel-1,Medium,2,Inspect Cells,Replace Connector,581,Sunny,2023-05-26 02:00:00,10,1,90.27,1.04,0.058,90.328
Hotspot,String-8_Panel-10,High,1,Replace Panel Section,Remove Obstruction,644,Rainy,2023-05-26 04:00:00,8,10,315.97,3.54,0.172,316.14200000000005
Hotspot,String-6_Panel-9,Low,10,Clean Panel,Replace Connector,364,Rainy,2023-05-26 07:00:00,6,9,32.02,0.28,0.015,32.035000000000004
Hotspot,String-9_Panel-7,High,13,Replace Panel Section,Inspect Junction Box,596,Cloudy,2023-05-26 07:00:00,9,7,292.28,4.37,0.185,292.465
Shadowing,String-1_Panel-20,Low,14,Remove Obstruction,Clean Panel,302,Sunny,2023-05-26 07:00:00,1,20,45.19,0.49,0.022,45.211999999999996
Hotspot,String-7_Panel-6,Critical,4,Replace Module,Replace Module,930,Sunny,2023-05-26 07:00:00,7,6,467.62,5.23,0.283,467.903
Open Circuit,String-8_Panel-20,Medium,6,Replace Connector,Replace Panel Section,423,Rainy,2023-05-26 07:00:00,8,20,105.36,0.92,0.054,105.414
Short Circuit,String-10_Panel-11,Low,2,Inspect Junction Box,Replace Module,445,Cloudy,2023-05-26 10:00:00,10,11,71.46,0.93,0.045,71.505
Open Circuit,String-10_Panel-6,Low,9,Tighten Connection,Replace Wiring,496,Cloudy,2023-05-26 10:00:00,10,6,38.57,0.48,0.026,38.596000000000004
Open Circuit,String-2_Panel-14,Critical,12,Replace Module,Replace Module,396,Rainy,2023-05-26 11:00:00,2,14,518.98,6.65,0.38,519.36
Shadowing,String-8_Panel-2,Critical,6,Reinstall Module,Reinstall Module,610,Sunny,2023-05-26 11:00:00,8,2,217.45,3.21,0.184,217.634
Short Circuit,String-3_Panel-17,Critical,7,Replace Module,Replace Fuse,411,Rainy,2023-05-26 12:00:00,3,17,493.88,5.65,0.251,494.131
Hotspot,String-5_Panel-13,Medium,1,Inspect Cells,Replace Connector,492,Rainy,2023-05-26 12:00:00,5,13,83.18,1.02,0.048,83.22800000000001
Hotspot,String-5_Panel-7,Critical,5,Reinstall Module,Replace Module,820,Rainy,2023-05-26 14:00:00,5,7,208.45,2.69,0.174,208.624
Short Circuit,String-8_Panel-5,Critical,11,Replace Module,Replace Panel Section,995,Rainy,2023-05-26 15:00:00,8,5,511.41,6.58,0.381,511.791
Short Circuit,String-8_Panel-8,Low,4,Inspect Junction Box,Inspect Junction Box,510,Sunny,2023-05-26 16:00:00,8,8,73.04,0.98,0.046,73.08600000000001
Shadowing,String-2_Panel-11,Critical,11,Replace Module,Reinstall Module,767,Cloudy,2023-05-26 16:00:00,2,11,453.55,7.16,0.446,453.99600000000004
Short Circuit,String-1_Panel-17,High,1,Replace Wiring,Remove Obstruction,321,Cloudy,2023-05-26 18:00:00,1,17,159.52,1.93,0.09,159.61
Hotspot,String-9_Panel-16,High,8,Replace Module,Inspect Cells,363,Sunny,2023-05-26 18:00:00,9,16,497.84,5.83,0.335,498.17499999999995
Open Circuit,String-10_Panel-10,Critical,12,Replace Module,Replace Module,841,Rainy,2023-05-26 18:00:00,10,10,539.03,6.76,0.425,539.4549999999999
Short Circuit,String-2_Panel-4,High,13,Replace Module,Replace Wiring,305,Sunny,2023-05-26 18:00:00,2,4,533.8,7.23,0.327,534.127
Hotspot,String-2_Panel-12,Low,8,Clean Panel,Clean Panel,304,Rainy,2023-05-26 19:00:00,2,12,32.59,0.32,0.014,32.604000000000006
Open Circuit,String-3_Panel-11,High,11,Replace Wiring,Replace Wiring,982,Cloudy,2023-05-26 19:00:00,3,11,152.17,2.12,0.096,152.266
Hotspot,String-10_Panel-14,Medium,10,Inspect Cells,Inspect Junction Box,278,Sunny,2023-05-26 22:00:00,10,14,87.81,1.1,0.06,87.87
Shadowing,String-5_Panel-9,High,11,Adjust Tilt,Tighten Connection,632,Cloudy,2023-05-27 00:00:00,5,9,91.74,2.4,0.125,91.865
Shadowing,String-2_Panel-12,Critical,8,Reinstall Module,Replace Module,232,Rainy,2023-05-27 01:00:00,2,12,186.83,2.6,0.12,186.95000000000002
Hotspot,String-7_Panel-10,Critical,1,Replace Module,Replace Module,768,Sunny,2023-05-27 01:00:00,7,10,496.59,5.47,0.334,496.924
Open Circuit,String-9_Panel-6,Critical,12,Replace Module,Replace Module,644,Cloudy,2023-05-27 02:00:00,9,6,542.04,7.46,0.441,542.481
Hotspot,String-6_Panel-18,Critical,12,Replace Module,Replace Module,287,Sunny,2023-05-27 03:00:00,6,18,566.7,5.73,0.274,566.974
Short Circuit,String-5_Panel-12,Critical,12,Replace Module,Replace Module,586,Cloudy,2023-05-27 04:00:00,5,12,514.53,6.08,0.261,514.7909999999999
Hotspot,String-6_Panel-17,Critical,13,Replace Module,Replace Module,966,Sunny,2023-05-27 05:00:00,6,17,492.56,5.69,0.317,492.877
Shadowing,String-7_Panel-19,Low,5,Remove Obstruction,Remove Obstruction,685,Rainy,2023-05-27 06:00:00,7,19,54.36,0.5,0.024,54.384
Shadowing,String-5_Panel-17,Low,3,Remove Obstruction,Clean Panel,723,Rainy,2023-05-27 06:00:00,5,17,48.82,0.41,0.026,48.846000000000004
Open Circuit,String-9_Panel-15,High,5,Replace Wiring,Inspect Cells,901,Cloudy,2023-05-27 06:00:00,9,15,153.06,1.94,0.088,153.148
Shadowing,String-6_Panel-7,Critical,3,Reinstall Module,Replace Module,921,Cloudy,2023-05-27 08:00:00,6,7,206.67,3.09,0.139,206.809
Open Circuit,String-8_Panel-5,Critical,11,Replace Module,Replace Module,414,Rainy,2023-05-27 08:00:00,8,5,509.46,6.3,0.319,509.779
Shadowing,String-2_Panel-8,Critical,11,Replace Module,Inspect Cells,209,Cloudy,2023-05-27 09:00:00,2,8,508.69,6.4,0.296,508.986
Hotspot,String-9_Panel-13,Low,2,Clean Panel,Clean Panel,547,Sunny,2023-05-27 11:00:00,9,13,29.53,0.34,0.015,29.545
Hotspot,String-10_Panel-13,High,9,Replace Panel Section,Replace Panel Section,413,Rainy,2023-05-27 12:00:00,10,13,355.34,4.22,0.265,355.60499999999996
Hotspot,String-4_Panel-9,Critical,4,Replace Module,Tighten Connection,628,Cloudy,2023-05-27 12:00:00,4,9,494.4,7.53,0.374,494.774
Hotspot,String-5_Panel-8,Medium,9,Inspect Cells,Inspect Cells,303,Sunny,2023-05-27 12:00:00,5,8,94.11,0.96,0.051,94.161
Hotspot,String-1_Panel-2,High,7,Replace Panel Section,Reinstall Module,663,Cloudy,2023-05-27 12:00:00,1,2,356.53,3.48,0.169,356.69899999999996
Open Circuit,String-7_Panel-2,Critical,3,Replace Module,Replace Module,495,Cloudy,2023-05-27 12:00:00,7,2,430.92,5.87,0.329,431.249
Hotspot,String-3_Panel-11,Critical,6,Replace Module,Replace Panel Section,943,Sunny,2023-05-27 13:00:00,3,11,510.94,8.11,0.388,511.328
Open Circuit,String-4_Panel-6,Critical,1,Replace Module,Replace Module,741,Sunny,2023-05-27 13:00:00,4,6,460.12,6.4,0.415,460.535
Hotspot,String-1_Panel-11,Low,9,Clean Panel,Reinstall Module,595,Rainy,2023-05-27 15:00:00,1,11,29.19,0.31,0.018,29.208000000000002
Shadowing,String-5_Panel-5,Low,3,Reinstall Module,Clean Panel,282,Cloudy,2023-05-27 15:00:00,5,5,178.45,2.63,0.112,178.56199999999998
Hotspot,String-9_Panel-14,Critical,10,Replace Module,Replace Module,957,Rainy,2023-05-27 16:00:00,9,14,524.14,5.49,0.269,524.409
Shadowing,String-10_Panel-1,Critical,6,Reinstall Module,Reinstall Module,957,Sunny,2023-05-27 16:00:00,10,1,198.56,3.32,0.18,198.74
Shadowing,String-2_Panel-12,High,9,Adjust Tilt,Replace Fuse,715,Sunny,2023-05-27 17:00:00,2,12,135.58,1.83,0.105,135.685
Short Circuit,String-9_Panel-5,Medium,13,Replace Fuse,Replace Fuse,977,Cloudy,2023-05-27 19:00:00,9,5,58.3,0.54,0.025,58.324999999999996
Hotspot,String-1_Panel-2,High,11,Replace Panel Section,Replace Panel Section,857,Rainy,2023-05-27 21:00:00,1,2,369.34,3.19,0.141,369.481
Shadowing,String-5_Panel-15,Critical,6,Reinstall Module,Reinstall Module,905,Cloudy,2023-05-27 21:00:00,5,15,201.44,3.2,0.14,201.57999999999998
Hotspot,String-5_Panel-12,Critical,4,Replace Module,Reinstall Module,736,Sunny,2023-05-28 01:00:00,5,12,555.68,5.47,0.305,555.9849999999999
Open Circuit,String-9_Panel-17,Low,13,Replace Wiring,Clean Panel,200,Rainy,2023-05-28 01:00:00,9,17,172.41,1.79,0.118,172.528
Hotspot,String-3_Panel-15,Medium,12,Replace Panel Section,Tighten Connection,998,Cloudy,2023-05-28 02:00:00,3,15,329.87,3.79,0.189,330.059
Short Circuit,String-7_Panel-15,Critical,4,Replace Module,Tighten Connection,248,Sunny,2023-05-28 03:00:00,7,15,510.71,4.59,0.267,510.977
Short Circuit,String-8_Panel-17,Medium,9,Replace Fuse,Replace Fuse,423,Sunny,2023-05-28 06:00:00,8,17,58.74,0.44,0.027,58.767
Shadowing,String-6_Panel-20,Low,13,Remove Obstruction,Clean Panel,467,Cloudy,2023-05-28 06:00:00,6,20,49.12,0.46,0.022,49.141999999999996
Short Circuit,String-5_Panel-20,Low,14,Inspect Junction Box,Inspect Cells,628,Cloudy,2023-05-28 09:00:00,5,20,71.99,1.01,0.063,72.053
Short Circuit,String-3_Panel-7,Low,4,Replace Connector,Clean Panel,367,Rainy,2023-05-28 11:00:00,3,7,90.9,0.99,0.047,90.947
Short Circuit,String-4_Panel-18,Low,11,Replace Fuse,Inspect Junction Box,782,Rainy,2023-05-28 12:00:00,4,18,58.62,0.53,0.026,58.646
Open Circuit,String-6_Panel-14,High,10,Replace Wiring,Replace Wiring,755,Cloudy,2023-05-28 12:00:00,6,14,147.24,2.16,0.141,147.381
Open Circuit,String-4_Panel-10,Critical,4,Replace Module,Replace Module,947,Sunny,2023-05-28 12:00:00,4,10,480.52,5.82,0.33,480.84999999999997
Open Circuit,String-10_Panel-4,Low,12,Replace Wiring,Adjust Tilt,498,Rainy,2023-05-28 12:00:00,10,4,151.96,1.93,0.104,152.06400000000002
Hotspot,String-5_Panel-6,Critical,2,Reinstall Module,Tighten Connection,471,Sunny,2023-05-28 13:00:00,5,6,195.41,3.8,0.165,195.575
Hotspot,String-4_Panel-20,Critical,5,Replace Module,Replace Module,899,Sunny,2023-05-28 14:00:00,4,20,477.91,5.88,0.303,478.213
Shadowing,String-9_Panel-12,Medium,4,Remove Obstruction,Tighten Connection,344,Sunny,2023-05-28 15:00:00,9,12,46.77,0.66,0.028,46.798
Shadowing,String-1_Panel-11,Low,3,Remove Obstruction,Tighten Connection,274,Cloudy,2023-05-28 15:00:00,1,11,51.86,0.47,0.026,51.886
Open Circuit,String-5_Panel-15,Low,12,Tighten Connection,Inspect Cells,905,Rainy,2023-05-28 16:00:00,5,15,39.36,0.47,0.022,39.382
Open Circuit,String-1_Panel-14,High,12,Replace Wiring,Replace Wiring,218,Sunny,2023-05-28 17:00:00,1,14,129.89,1.73,0.089,129.97899999999998
Shadowing,String-1_Panel-18,Low,12,Remove Obstruction,Replace Connector,960,Rainy,2023-05-28 17:00:00,1,18,55.4,0.48,0.02,55.42
Open Circuit,String-2_Panel-4,Critical,9,Replace Module,Replace Module,472,Cloudy,2023-05-28 19:00:00,2,4,521.15,6.93,0.37,521.52
Shadowing,String-5_Panel-1,High,5,Remove Obstruction,Adjust Tilt,292,Cloudy,2023-05-28 21:00:00,5,1,52.94,0.49,0.023,52.963
Shadowing,String-5_Panel-3,Critical,3,Reinstall Module,Replace Module,423,Sunny,2023-05-28 22:00:00,5,3,186.89,3.01,0.19,187.07999999999998
Open Circuit,String-8_Panel-4,Low,13,Replace Wiring,Replace Wiring,587,Cloudy,2023-05-29 00:00:00,8,4,137.97,1.69,0.093,138.063
Short Circuit,String-5_Panel-4,Low,14,Replace Fuse,Replace Fuse,810,Rainy,2023-05-29 01:00:00,5,4,60.62,0.45,0.028,60.647999999999996
Shadowing,String-10_Panel-4,Low,6,Remove Obstruction,Clean Panel,522,Rainy,2023-05-29 01:00:00,10,4,42.46,0.48,0.027,42.487
Shadowing,String-3_Panel-17,Medium,14,Remove Obstruction,Inspect Cells,292,Cloudy,2023-05-29 01:00:00,3,17,52.82,0.49,0.026,52.846000000000004
Shadowing,String-3_Panel-12,Critical,3,Replace Module,Inspect Cells,760,Cloudy,2023-05-29 01:00:00,3,12,485.54,7.17,0.471,486.011
Hotspot,String-7_Panel-1,Critical,8,Replace Module,Adjust Tilt,846,Rainy,2023-05-29 02:00:00,7,1,526.86,7.87,0.364,527.224
Open Circuit,String-10_Panel-7,Critical,1,Replace Module,Replace Module,527,Sunny,2023-05-29 02:00:00,10,7,467.96,5.49,0.282,468.24199999999996
Open Circuit,String-7_Panel-6,Low,3,Tighten Connection,Tighten Connection,852,Cloudy,2023-05-29 03:00:00,7,6,47.4,0.48,0.025,47.425
Shadowing,String-3_Panel-20,Low,6,Remove Obstruction,Tighten Connection,361,Cloudy,2023-05-29 04:00:00,3,20,46.41,0.57,0.025,46.434999999999995
Shadowing,String-5_Panel-3,Low,6,Remove Obstruction,Clean Panel,925,Cloudy,2023-05-29 04:00:00,5,3,48.06,0.39,0.021,48.081
Shadowing,String-10_Panel-6,Low,1,Remove Obstruction,Clean Panel,446,Cloudy,2023-05-29 04:00:00,10,6,56.88,0.54,0.023,56.903000000000006
Hotspot,String-5_Panel-13,Medium,3,Inspect Cells,Inspect Cells,814,Cloudy,2023-05-29 05:00:00,5,13,97.71,1.23,0.056,97.76599999999999
Short Circuit,String-9_Panel-1,High,1,Replace Wiring,Replace Wiring,935,Rainy,2023-05-29 05:00:00,9,1,149.79,1.86,0.12,149.91
Shadowing,String-1_Panel-17,Critical,13,Replace Module,Reinstall Module,461,Rainy,2023-05-29 08:00:00,1,17,458.17,4.93,0.324,458.494
Hotspot,String-2_Panel-6,High,7,Replace Panel Section,Replace Panel Section,616,Cloudy,2023-05-29 08:00:00,2,6,347.76,3.25,0.145,347.905
Hotspot,String-10_Panel-15,High,13,Replace Module,Replace Panel Section,774,Sunny,2023-05-29 10:00:00,10,15,489.62,7.25,0.44,490.06
Short Circuit,String-2_Panel-4,Medium,10,Replace Fuse,Replace Fuse,354,Sunny,2023-05-29 10:00:00,2,4,52.48,0.58,0.038,52.517999999999994
Hotspot,String-5_Panel-18,Critical,5,Replace Module,Reinstall Module,760,Cloudy,2023-05-29 10:00:00,5,18,482.31,5.76,0.357,482.66700000000003
Hotspot,String-4_Panel-12,Medium,14,Replace Panel Section,Inspect Cells,867,Sunny,2023-05-29 11:00:00,4,12,316.91,4.05,0.198,317.108
Short Circuit,String-8_Panel-19,Medium,11,Replace Fuse,Replace Wiring,652,Rainy,2023-05-29 11:00:00,8,19,51.27,0.47,0.026,51.29600000000001
Short Circuit,String-10_Panel-9,High,2,Replace Wiring,Replace Wiring,943,Cloudy,2023-05-29 12:00:00,10,9,147.49,1.92,0.095,147.585
Hotspot,String-4_Panel-20,High,9,Replace Module,Inspect Cells,480,Cloudy,2023-05-29 12:00:00,4,20,494.62,7.01,0.456,495.076
Short Circuit,String-5_Panel-10,Critical,14,Replace Module,Replace Module,448,Sunny,2023-05-29 12:00:00,5,10,549.99,6.03,0.367,550.357
Hotspot,String-8_Panel-12,High,10,Replace Panel Section,Replace Panel Section,916,Sunny,2023-05-29 12:00:00,8,12,301.25,3.83,0.218,301.468
Short Circuit,String-10_Panel-5,High,4,Replace Wiring,Replace Wiring,255,Rainy,2023-05-29 13:00:00,10,5,143.75,2.08,0.115,143.865
Hotspot,String-8_Panel-10,Low,10,Clean Panel,Replace Connector,321,Cloudy,2023-05-29 14:00:00,8,10,35.21,0.31,0.019,35.229
Hotspot,String-7_Panel-12,High,12,Replace Panel Section,Replace Panel Section,364,Rainy,2023-05-29 15:00:00,7,12,349.77,3.9,0.232,350.002
Hotspot,String-9_Panel-5,Low,3,Clean Panel,Replace Connector,203,Rainy,2023-05-29 15:00:00,9,5,33.53,0.28,0.015,33.545
Short Circuit,String-1_Panel-15,High,9,Replace Module,Replace Connector,407,Sunny,2023-05-29 18:00:00,1,15,495.29,6.0,0.322,495.612
Open Circuit,String-5_Panel-5,High,1,Replace Wiring,Replace Fuse,766,Cloudy,2023-05-29 18:00:00,5,5,163.36,2.21,0.1,163.46
Short Circuit,String-8_Panel-2,Low,11,Inspect Junction Box,Inspect Junction Box,609,Cloudy,2023-05-29 18:00:00,8,2,83.91,0.96,0.048,83.958
Shadowing,String-2_Panel-8,Medium,6,Remove Obstruction,Remove Obstruction,520,Sunny,2023-05-29 19:00:00,2,8,44.34,0.59,0.035,44.375
Open Circuit,String-5_Panel-2,Critical,10,Replace Module,Replace Module,369,Rainy,2023-05-29 20:00:00,5,2,526.62,5.61,0.243,526.863
Short Circuit,String-4_Panel-16,Medium,9,Replace Fuse,Replace Fuse,872,Cloudy,2023-05-29 21:00:00,4,16,56.22,0.53,0.027,56.247
Short Circuit,String-10_Panel-20,Low,10,Inspect Junction Box,Tighten Connection,467,Cloudy,2023-05-29 21:00:00,10,20,72.44,1.04,0.054,72.494
Open Circuit,String-6_Panel-11,Low,2,Replace Wiring,Inspect Cells,312,Rainy,2023-05-29 22:00:00,6,11,132.5,1.63,0.098,132.598
Hotspot,String-1_Panel-9,Low,7,Clean Panel,Adjust Tilt,567,Cloudy,2023-05-29 22:00:00,1,9,33.55,0.35,0.021,33.571
Short Circuit,String-1_Panel-15,High,2,Replace Wiring,Replace Module,251,Cloudy,2023-05-29 23:00:00,1,15,150.11,1.8,0.08,150.19000000000003
Shadowing,String-10_Panel-19,Critical,11,Replace Module,Replace Module,991,Rainy,2023-05-29 23:00:00,10,19,495.51,6.95,0.31,495.82
Hotspot,String-5_Panel-3,Medium,4,Inspect Cells,Inspect Cells,433,Rainy,2023-05-30 02:00:00,5,3,78.4,0.96,0.062,78.462
Shadowing,String-6_Panel-3,Critical,4,Reinstall Module,Reinstall Module,655,Rainy,2023-05-30 03:00:00,6,3,190.86,3.03,0.141,191.001
Short Circuit,String-8_Panel-7,Low,6,Inspect Junction Box,Adjust Tilt,571,Cloudy,2023-05-30 03:00:00,8,7,72.19,1.03,0.066,72.256
Hotspot,String-4_Panel-20,High,7,Replace Module,Replace Panel Section,256,Cloudy,2023-05-30 04:00:00,4,20,497.08,5.18,0.295,497.375
Hotspot,String-3_Panel-11,Medium,6,Inspect Cells,Inspect Cells,245,Rainy,2023-05-30 05:00:00,3,11,84.22,1.1,0.049,84.269
Shadowing,String-7_Panel-3,Critical,14,Replace Module,Replace Wiring,787,Rainy,2023-05-30 06:00:00,7,3,531.36,6.56,0.33,531.69
Short Circuit,String-7_Panel-10,Medium,4,Replace Fuse,Replace Module,275,Rainy,2023-05-30 07:00:00,7,10,58.7,0.6,0.039,58.739000000000004
Open Circuit,String-9_Panel-5,Medium,12,Replace Wiring,Replace Connector,989,Cloudy,2023-05-30 07:00:00,9,5,127.55,2.16,0.106,127.65599999999999
Short Circuit,String-2_Panel-10,High,8,Replace Wiring,Replace Wiring,875,Cloudy,2023-05-30 07:00:00,2,10,158.3,1.83,0.077,158.377
Hotspot,String-7_Panel-3,High,13,Replace Panel Section,Adjust Tilt,727,Cloudy,2023-05-30 08:00:00,7,3,306.24,4.0,0.207,306.447
Open Circuit,String-10_Panel-13,High,8,Replace Wiring,Replace Connector,667,Cloudy,2023-05-30 08:00:00,10,13,147.32,1.72,0.078,147.398
Shadowing,String-9_Panel-8,Critical,2,Reinstall Module,Reinstall Module,388,Sunny,2023-05-30 09:00:00,9,8,202.8,2.42,0.144,202.94400000000002
Open Circuit,String-6_Panel-17,Critical,9,Replace Module,Inspect Cells,608,Sunny,2023-05-30 09:00:00,6,17,512.67,6.12,0.354,513.024
Hotspot,String-1_Panel-10,Low,7,Clean Panel,Clean Panel,292,Cloudy,2023-05-30 09:00:00,1,10,30.79,0.34,0.018,30.808
Short Circuit,String-2_Panel-2,Critical,14,Replace Module,Replace Module,769,Sunny,2023-05-30 10:00:00,2,2,563.03,6.09,0.261,563.2909999999999
Short Circuit,String-1_Panel-15,Critical,11,Replace Module,Replace Module,895,Cloudy,2023-05-30 11:00:00,1,15,536.79,6.89,0.426,537.216
Hotspot,String-8_Panel-8,Low,14,Clean Panel,Inspect Cells,312,Rainy,2023-05-30 14:00:00,8,8,28.94,0.28,0.016,28.956
Hotspot,String-10_Panel-7,Low,2,Inspect Cells,Clean Panel,780,Rainy,2023-05-30 14:00:00,10,7,79.83,0.87,0.046,79.876
Hotspot,String-10_Panel-4,High,3,Replace Panel Section,Replace Panel Section,432,Sunny,2023-05-30 15:00:00,10,4,280.34,4.95,0.227,280.56699999999995
Open Circuit,String-5_Panel-5,Medium,14,Replace Wiring,Inspect Junction Box,982,Sunny,2023-05-30 15:00:00,5,5,172.84,2.1,0.095,172.935
Hotspot,String-6_Panel-3,Low,8,Inspect Cells,Reinstall Module,589,Cloudy,2023-05-30 20:00:00,6,3,74.8,1.0,0.051,74.851
Shadowing,String-6_Panel-18,Medium,13,Remove Obstruction,Remove Obstruction,839,Sunny,2023-05-30 21:00:00,6,18,56.23,0.52,0.027,56.257
Short Circuit,String-2_Panel-8,Critical,11,Replace Module,Replace Module,703,Cloudy,2023-05-30 21:00:00,2,8,480.18,5.39,0.25,480.43
Short Circuit,String-2_Panel-7,High,9,Replace Module,Replace Wiring,442,Cloudy,2023-05-30 21:00:00,2,7,587.88,6.14,0.285,588.165
Hotspot,String-9_Panel-4,Critical,8,Replace Module,Replace Module,945,Rainy,2023-05-30 22:00:00,9,4,584.43,5.3,0.318,584.7479999999999
Short Circuit,String-2_Panel-18,Critical,3,Replace Module,Remove Obstruction,238,Cloudy,2023-05-31 01:00:00,2,18,539.26,5.38,0.25,539.51
Open Circuit,String-4_Panel-10,Low,8,Tighten Connection,Tighten Connection,319,Cloudy,2023-05-31 01:00:00,4,10,37.72,0.59,0.036,37.756
Hotspot,String-7_Panel-11,Low,11,Clean Panel,Clean Panel,529,Rainy,2023-05-31 02:00:00,7,11,30.28,0.29,0.018,30.298000000000002
Hotspot,String-7_Panel-5,Critical,2,Replace Module,Replace Module,332,Sunny,2023-05-31 03:00:00,7,5,520.07,5.6,0.27,520.34
Hotspot,String-5_Panel-16,Medium,12,Inspect Cells,Inspect Junction Box,421,Rainy,2023-05-31 03:00:00,5,16,87.81,0.95,0.049,87.85900000000001
Hotspot,String-1_Panel-11,High,7,Replace Panel Section,Replace Module,846,Cloudy,2023-05-31 04:00:00,1,11,315.25,3.85,0.245,315.495
Short Circuit,String-8_Panel-9,High,8,Replace Wiring,Inspect Junction Box,709,Rainy,2023-05-31 04:00:00,8,9,159.15,1.58,0.085,159.235
Open Circuit,String-6_Panel-17,High,11,Replace Wiring,Replace Wiring,780,Cloudy,2023-05-31 04:00:00,6,17,151.63,2.15,0.1,151.73
Shadowing,String-7_Panel-16,Medium,5,Remove Obstruction,Inspect Cells,999,Sunny,2023-05-31 04:00:00,7,16,47.17,0.45,0.025,47.195
Open Circuit,String-5_Panel-12,Low,1,Tighten Connection,Inspect Junction Box,781,Cloudy,2023-05-31 05:00:00,5,12,39.21,0.54,0.031,39.241
Short Circuit,String-7_Panel-8,Medium,5,Replace Fuse,Tighten Connection,749,Cloudy,2023-05-31 05:00:00,7,8,62.92,0.36,0.02,62.940000000000005
Open Circuit,String-2_Panel-9,Critical,13,Replace Panel Section,Inspect Cells,520,Rainy,2023-05-31 07:00:00,2,9,349.88,3.92,0.216,350.096
Short Circuit,String-3_Panel-17,Low,7,Inspect Junction Box,Replace Module,816,Rainy,2023-05-31 07:00:00,3,17,66.32,0.64,0.034,66.354
Shadowing,String-4_Panel-18,High,10,Remove Obstruction,Inspect Junction Box,678,Rainy,2023-05-31 10:00:00,4,18,54.23,0.47,0.027,54.257
Open Circuit,String-5_Panel-4,High,10,Replace Wiring,Replace Module,938,Sunny,2023-05-31 11:00:00,5,4,122.02,1.61,0.072,122.092
Short Circuit,String-1_Panel-20,Medium,1,Replace Fuse,Clean Panel,586,Rainy,2023-05-31 11:00:00,1,20,62.96,0.42,0.019,62.979
Hotspot,String-1_Panel-10,Medium,1,Inspect Cells,Reinstall Module,467,Rainy,2023-05-31 11:00:00,1,10,84.8,0.86,0.056,84.856
Open Circuit,String-1_Panel-9,Medium,13,Replace Connector,Inspect Junction Box,272,Sunny,2023-05-31 11:00:00,1,9,88.85,1.07,0.069,88.919
Shadowing,String-9_Panel-18,High,7,Adjust Tilt,Inspect Junction Box,681,Cloudy,2023-05-31 15:00:00,9,18,128.4,1.63,0.103,128.50300000000001
Shadowing,String-5_Panel-1,Critical,14,Replace Module,Reinstall Module,971,Rainy,2023-05-31 16:00:00,5,1,508.83,5.94,0.251,509.08099999999996
Open Circuit,String-1_Panel-17,High,6,Replace Wiring,Inspect Cells,408,Sunny,2023-05-31 17:00:00,1,17,142.07,1.28,0.075,142.14499999999998
Hotspot,String-2_Panel-7,Critical,5,Replace Module,Reinstall Module,493,Rainy,2023-05-31 18:00:00,2,7,533.73,4.93,0.29,534.02
Hotspot,String-4_Panel-3,High,2,Replace Panel Section,Replace Panel Section,549,Cloudy,2023-05-31 19:00:00,4,3,308.55,3.8,0.192,308.742
Hotspot,String-5_Panel-3,Critical,8,Replace Wiring,Replace Module,284,Sunny,2023-05-31 20:00:00,5,3,156.44,1.81,0.091,156.531
Shadowing,String-6_Panel-5,High,5,Adjust Tilt,Replace Connector,400,Cloudy,2023-05-31 20:00:00,6,5,130.86,1.96,0.112,130.972
Hotspot,String-8_Panel-20,Critical,14,Replace Module,Replace Module,285,Rainy,2023-05-31 21:00:00,8,20,548.81,5.52,0.335,549.145
Shadowing,String-3_Panel-19,High,5,Adjust Tilt,Reinstall Module,643,Rainy,2023-05-31 21:00:00,3,19,122.93,1.63,0.103,123.033
Short Circuit,String-9_Panel-7,Medium,10,Replace Fuse,Replace Fuse,491,Rainy,2023-05-31 21:00:00,9,7,56.37,0.55,0.036,56.406
Shadowing,String-10_Panel-17,High,6,Remove Obstruction,Replace Fuse,222,Sunny,2023-05-31 22:00:00,10,17,51.66,0.4,0.02,51.68
Hotspot,String-2_Panel-16,High,7,Replace Module,Replace Panel Section,652,Sunny,2023-05-31 22:00:00,2,16,560.01,5.15,0.217,560.227
Shadowing,String-3_Panel-14,High,14,Remove Obstruction,Reinstall Module,227,Rainy,2023-06-01 00:00:00,3,14,40.74,0.41,0.027,40.767
Short Circuit,String-1_Panel-20,Critical,4,Replace Module,Replace Module,676,Rainy,2023-06-01 03:00:00,1,20,535.35,5.75,0.375,535.725
Shadowing,String-1_Panel-14,Medium,10,Remove Obstruction,Remove Obstruction,802,Rainy,2023-06-01 04:00:00,1,14,45.66,0.51,0.03,45.69
Open Circuit,String-9_Panel-14,High,11,Replace Wiring,Replace Wiring,409,Sunny,2023-06-01 05:00:00,9,14,168.56,1.96,0.094,168.654
Open Circuit,String-4_Panel-10,Critical,7,Replace Module,Replace Module,581,Cloudy,2023-06-01 06:00:00,4,10,462.24,5.74,0.312,462.552
Shadowing,String-4_Panel-9,Low,14,Remove Obstruction,Replace Panel Section,915,Cloudy,2023-06-01 07:00:00,4,9,48.51,0.47,0.03,48.54
Shadowing,String-9_Panel-17,Medium,11,Remove Obstruction,Adjust Tilt,226,Rainy,2023-06-01 07:00:00,9,17,56.06,0.51,0.029,56.089000000000006
Hotspot,String-6_Panel-8,Medium,2,Clean Panel,Inspect Cells,353,Cloudy,2023-06-01 09:00:00,6,8,31.49,0.34,0.016,31.505999999999997
Shadowing,String-9_Panel-16,High,4,Adjust Tilt,Inspect Cells,663,Rainy,2023-06-01 10:00:00,9,16,118.01,1.95,0.109,118.119
Hotspot,String-4_Panel-20,Low,5,Replace Module,Clean Panel,935,Sunny,2023-06-01 10:00:00,4,20,552.96,6.09,0.369,553.3290000000001
Open Circuit,String-3_Panel-14,High,13,Replace Wiring,Replace Wiring,420,Rainy,2023-06-01 11:00:00,3,14,143.24,2.21,0.11,143.35000000000002
Short Circuit,String-10_Panel-12,Low,7,Inspect Junction Box,Inspect Junction Box,673,Sunny,2023-06-01 13:00:00,10,12,73.79,1.02,0.044,73.834
Shadowing,String-6_Panel-5,Low,3,Clean Panel,Clean Panel,414,Sunny,2023-06-01 14:00:00,6,5,27.85,0.31,0.019,27.869
Open Circuit,String-9_Panel-4,Critical,5,Replace Module,Replace Wiring,931,Rainy,2023-06-01 14:00:00,9,4,464.69,6.34,0.356,465.046
Short Circuit,String-4_Panel-19,Low,10,Replace Fuse,Clean Panel,474,Cloudy,2023-06-01 15:00:00,4,19,57.95,0.5,0.022,57.972
Hotspot,String-8_Panel-19,Low,13,Inspect Cells,Reinstall Module,899,Sunny,2023-06-01 15:00:00,8,19,85.56,1.01,0.053,85.613
Short Circuit,String-6_Panel-7,Low,14,Inspect Junction Box,Inspect Junction Box,468,Sunny,2023-06-01 17:00:00,6,7,73.18,0.91,0.049,73.22900000000001
Open Circuit,String-5_Panel-2,Critical,10,Replace Module,Replace Module,922,Sunny,2023-06-01 17:00:00,5,2,515.45,5.16,0.222,515.672
Hotspot,String-4_Panel-15,Low,9,Clean Panel,Replace Panel Section,249,Rainy,2023-06-01 18:00:00,4,15,32.75,0.29,0.012,32.762
Short Circuit,String-8_Panel-20,Low,1,Inspect Junction Box,Inspect Junction Box,523,Rainy,2023-06-01 18:00:00,8,20,74.78,0.95,0.059,74.839
Shadowing,String-7_Panel-3,Medium,11,Adjust Tilt,Inspect Junction Box,929,Sunny,2023-06-01 18:00:00,7,3,128.98,2.07,0.117,129.09699999999998
Short Circuit,String-8_Panel-20,High,5,Replace Wiring,Replace Wiring,512,Cloudy,2023-06-01 18:00:00,8,20,129.3,1.8,0.114,129.41400000000002
Hotspot,String-7_Panel-9,High,7,Replace Panel Section,Replace Panel Section,932,Rainy,2023-06-01 20:00:00,7,9,377.89,4.86,0.298,378.188
Hotspot,String-5_Panel-18,Critical,11,Replace Module,Replace Module,862,Cloudy,2023-06-01 20:00:00,5,18,486.96,5.51,0.243,487.203
Short Circuit,String-5_Panel-18,High,10,Replace Module,Adjust Tilt,649,Sunny,2023-06-01 20:00:00,5,18,487.41,7.07,0.326,487.73600000000005
Short Circuit,String-9_Panel-5,Critical,13,Replace Module,Inspect Junction Box,733,Rainy,2023-06-01 22:00:00,9,5,515.36,6.56,0.428,515.788
Hotspot,String-10_Panel-14,Medium,14,Inspect Cells,Inspect Cells,477,Rainy,2023-06-01 22:00:00,10,14,85.36,0.87,0.045,85.405
Shadowing,String-7_Panel-9,Low,3,Remove Obstruction,Clean Panel,563,Cloudy,2023-06-01 22:00:00,7,9,47.65,0.46,0.026,47.676
Shadowing,String-1_Panel-17,Critical,13,Replace Module,Reinstall Module,701,Sunny,2023-06-01 22:00:00,1,17,529.2,5.84,0.25,529.45
Shadowing,String-7_Panel-20,High,9,Adjust Tilt,Reinstall Module,575,Rainy,2023-06-02 00:00:00,7,20,111.66,2.16,0.138,111.798
Open Circuit,String-5_Panel-11,Critical,6,Replace Module,Replace Wiring,943,Sunny,2023-06-02 00:00:00,5,11,499.88,5.43,0.331,500.211
Short Circuit,String-2_Panel-18,High,11,Replace Module,Inspect Cells,573,Sunny,2023-06-02 01:00:00,2,18,597.82,5.95,0.315,598.1350000000001
Shadowing,String-7_Panel-7,Low,5,Clean Panel,Inspect Junction Box,801,Sunny,2023-06-02 02:00:00,7,7,32.21,0.28,0.016,32.226
Hotspot,String-6_Panel-10,Low,3,Clean Panel,Clean Panel,620,Cloudy,2023-06-02 02:00:00,6,10,28.55,0.35,0.022,28.572
Hotspot,String-9_Panel-17,Low,12,Inspect Cells,Replace Module,973,Rainy,2023-06-02 02:00:00,9,17,94.51,0.87,0.053,94.563
Open Circuit,String-7_Panel-8,Critical,14,Replace Module,Replace Module,984,Rainy,2023-06-02 04:00:00,7,8,578.24,6.12,0.273,578.513
Open Circuit,String-10_Panel-8,High,13,Replace Wiring,Adjust Tilt,936,Sunny,2023-06-02 05:00:00,10,8,146.77,2.06,0.117,146.887
Short Circuit,String-2_Panel-20,High,9,Replace Module,Replace Wiring,595,Rainy,2023-06-02 06:00:00,2,20,457.02,4.82,0.281,457.301
Open Circuit,String-8_Panel-7,Low,10,Replace Wiring,Adjust Tilt,336,Cloudy,2023-06-02 06:00:00,8,7,159.76,1.61,0.075,159.83499999999998
Open Circuit,String-5_Panel-2,Medium,6,Replace Wiring,Clean Panel,380,Cloudy,2023-06-02 07:00:00,5,2,156.32,2.48,0.116,156.436
Short Circuit,String-8_Panel-4,Low,9,Replace Fuse,Tighten Connection,637,Rainy,2023-06-02 09:00:00,8,4,61.75,0.58,0.035,61.785
Short Circuit,String-10_Panel-2,Medium,3,Inspect Junction Box,Tighten Connection,930,Sunny,2023-06-02 09:00:00,10,2,67.42,0.86,0.042,67.462
Hotspot,String-2_Panel-11,High,5,Replace Panel Section,Replace Connector,362,Sunny,2023-06-02 10:00:00,2,11,318.97,4.08,0.195,319.165
Open Circuit,String-4_Panel-17,Medium,5,Replace Wiring,Replace Connector,685,Sunny,2023-06-02 11:00:00,4,17,147.37,2.01,0.122,147.49200000000002
Hotspot,String-2_Panel-6,Critical,1,Replace Wiring,Tighten Connection,225,Rainy,2023-06-02 12:00:00,2,6,169.52,2.04,0.108,169.62800000000001
Shadowing,String-9_Panel-9,High,4,Adjust Tilt,Tighten Connection,576,Rainy,2023-06-02 12:00:00,9,9,102.55,2.16,0.116,102.666
Hotspot,String-2_Panel-10,High,5,Inspect Cells,Replace Panel Section,901,Sunny,2023-06-02 13:00:00,2,10,90.89,1.17,0.076,90.966
Shadowing,String-7_Panel-8,Medium,14,Remove Obstruction,Remove Obstruction,746,Rainy,2023-06-02 14:00:00,7,8,52.22,0.58,0.034,52.254
Open Circuit,String-6_Panel-7,Low,1,Tighten Connection,Tighten Connection,492,Cloudy,2023-06-02 14:00:00,6,7,33.29,0.45,0.022,33.312
Shadowing,String-8_Panel-12,Critical,11,Replace Module,Remove Obstruction,237,Sunny,2023-06-02 14:00:00,8,12,541.78,6.3,0.282,542.062
Short Circuit,String-3_Panel-17,High,9,Replace Wiring,Inspect Junction Box,220,Cloudy,2023-06-02 15:00:00,3,17,146.39,2.19,0.113,146.503
Shadowing,String-6_Panel-2,Critical,5,Reinstall Module,Clean Panel,386,Rainy,2023-06-02 15:00:00,6,2,202.34,2.87,0.186,202.526
Hotspot,String-6_Panel-1,Low,7,Inspect Cells,Clean Panel,907,Sunny,2023-06-02 16:00:00,6,1,84.88,1.01,0.044,84.92399999999999
Shadowing,String-7_Panel-1,Medium,3,Remove Obstruction,Adjust Tilt,251,Cloudy,2023-06-02 19:00:00,7,1,52.79,0.51,0.026,52.816
Hotspot,String-4_Panel-8,Low,3,Clean Panel,Replace Wiring,313,Rainy,2023-06-02 21:00:00,4,8,29.1,0.25,0.014,29.114
Open Circuit,String-9_Panel-9,Low,3,Tighten Connection,Tighten Connection,473,Sunny,2023-06-02 22:00:00,9,9,40.4,0.53,0.03,40.43
Open Circuit,String-6_Panel-1,Medium,5,Replace Connector,Replace Connector,535,Rainy,2023-06-03 00:00:00,6,1,102.89,1.09,0.059,102.949
Short Circuit,String-9_Panel-9,Medium,1,Replace Fuse,Remove Obstruction,261,Cloudy,2023-06-03 01:00:00,9,9,64.71,0.48,0.028,64.738
Shadowing,String-1_Panel-18,Critical,3,Reinstall Module,Reinstall Module,890,Sunny,2023-06-03 01:00:00,1,18,217.23,2.6,0.155,217.385
Open Circuit,String-3_Panel-16,High,8,Replace Wiring,Clean Panel,570,Cloudy,2023-06-03 02:00:00,3,16,142.64,2.41,0.139,142.779
Hotspot,String-3_Panel-14,Low,12,Inspect Cells,Remove Obstruction,764,Sunny,2023-06-03 04:00:00,3,14,95.75,0.91,0.041,95.791
Open Circuit,String-9_Panel-16,Medium,9,Replace Connector,Replace Connector,385,Sunny,2023-06-03 04:00:00,9,16,95.79,1.08,0.057,95.84700000000001
Hotspot,String-4_Panel-15,Low,9,Clean Panel,Clean Panel,580,Cloudy,2023-06-03 05:00:00,4,15,28.83,0.3,0.02,28.849999999999998
Open Circuit,String-10_Panel-8,High,7,Replace Wiring,Replace Module,575,Rainy,2023-06-03 05:00:00,10,8,141.54,2.14,0.103,141.643
Hotspot,String-7_Panel-3,Medium,11,Inspect Cells,Inspect Cells,464,Rainy,2023-06-03 06:00:00,7,3,86.4,1.01,0.064,86.464
Short Circuit,String-8_Panel-3,Medium,10,Replace Fuse,Reinstall Module,275,Rainy,2023-06-03 06:00:00,8,3,58.75,0.51,0.028,58.778
Shadowing,String-1_Panel-1,Critical,5,Reinstall Module,Replace Connector,856,Cloudy,2023-06-03 08:00:00,1,1,225.16,3.36,0.204,225.364
Short Circuit,String-8_Panel-2,Medium,7,Replace Fuse,Remove Obstruction,979,Sunny,2023-06-03 10:00:00,8,2,56.34,0.45,0.026,56.36600000000001
Shadowing,String-5_Panel-3,Critical,3,Reinstall Module,Replace Panel Section,714,Rainy,2023-06-03 10:00:00,5,3,183.84,3.04,0.159,183.999
Short Circuit,String-5_Panel-16,Medium,12,Replace Fuse,Adjust Tilt,880,Sunny,2023-06-03 10:00:00,5,16,58.51,0.44,0.027,58.537
Hotspot,String-4_Panel-19,Critical,6,Replace Module,Replace Connector,376,Sunny,2023-06-03 11:00:00,4,19,497.27,5.49,0.261,497.531
Open Circuit,String-6_Panel-11,Low,4,Tighten Connection,Replace Panel Section,714,Cloudy,2023-06-03 11:00:00,6,11,39.97,0.47,0.021,39.991
Shadowing,String-7_Panel-11,Medium,5,Remove Obstruction,Replace Wiring,404,Cloudy,2023-06-03 11:00:00,7,11,52.67,0.48,0.03,52.7
Shadowing,String-9_Panel-14,Low,3,Remove Obstruction,Clean Panel,403,Cloudy,2023-06-03 12:00:00,9,14,44.92,0.57,0.034,44.954
Shadowing,String-6_Panel-1,Medium,13,Remove Obstruction,Remove Obstruction,428,Rainy,2023-06-03 12:00:00,6,1,49.81,0.46,0.029,49.839000000000006
Open Circuit,String-1_Panel-8,Medium,2,Replace Connector,Replace Connector,229,Rainy,2023-06-03 13:00:00,1,8,78.0,0.91,0.047,78.047
Short Circuit,String-3_Panel-19,Medium,8,Replace Fuse,Tighten Connection,556,Sunny,2023-06-03 14:00:00,3,19,55.39,0.41,0.025,55.415
Hotspot,String-7_Panel-17,High,7,Replace Module,Replace Panel Section,694,Sunny,2023-06-03 15:00:00,7,17,503.99,5.75,0.278,504.26800000000003
Hotspot,String-2_Panel-20,Critical,6,Replace Module,Inspect Junction Box,322,Cloudy,2023-06-03 16:00:00,2,20,562.96,6.9,0.307,563.267
Open Circuit,String-1_Panel-4,Low,1,Tighten Connection,Replace Panel Section,356,Sunny,2023-06-03 16:00:00,1,4,34.8,0.45,0.027,34.827
Hotspot,String-6_Panel-10,High,4,Replace Panel Section,Replace Fuse,573,Cloudy,2023-06-03 17:00:00,6,10,308.38,4.41,0.282,308.662
Shadowing,String-5_Panel-17,Medium,12,Remove Obstruction,Adjust Tilt,984,Sunny,2023-06-03 17:00:00,5,17,56.32,0.56,0.034,56.354
Short Circuit,String-2_Panel-6,High,9,Replace Wiring,Replace Wiring,305,Sunny,2023-06-03 17:00:00,2,6,145.06,1.98,0.126,145.186
Short Circuit,String-8_Panel-11,High,8,Replace Wiring,Replace Wiring,551,Cloudy,2023-06-03 17:00:00,8,11,131.93,2.35,0.108,132.038
Hotspot,String-10_Panel-7,Low,14,Clean Panel,Remove Obstruction,243,Cloudy,2023-06-03 17:00:00,10,7,29.17,0.35,0.021,29.191000000000003
Open Circuit,String-1_Panel-3,Low,3,Tighten Connection,Remove Obstruction,415,Cloudy,2023-06-03 19:00:00,1,3,34.12,0.56,0.028,34.147999999999996
Short Circuit,String-5_Panel-19,Medium,3,Inspect Junction Box,Remove Obstruction,366,Rainy,2023-06-03 21:00:00,5,19,68.9,1.02,0.062,68.962
Hotspot,String-7_Panel-5,Critical,4,Replace Module,Replace Panel Section,701,Rainy,2023-06-03 21:00:00,7,5,555.29,6.42,0.412,555.702
Short Circuit,String-3_Panel-11,Critical,14,Replace Module,Clean Panel,615,Cloudy,2023-06-03 22:00:00,3,11,487.1,6.21,0.409,487.509
Shadowing,String-5_Panel-8,Medium,10,Adjust Tilt,Remove Obstruction,967,Sunny,2023-06-03 22:00:00,5,8,135.0,1.66,0.071,135.071
Shadowing,String-8_Panel-10,Critical,13,Replace Module,Reinstall Module,953,Sunny,2023-06-03 23:00:00,8,10,465.13,5.47,0.279,465.409
Short Circuit,String-5_Panel-15,Low,3,Inspect Junction Box,Reinstall Module,524,Rainy,2023-06-04 00:00:00,5,15,67.04,1.14,0.059,67.099
Short Circuit,String-10_Panel-14,Medium,9,Replace Fuse,Replace Fuse,255,Sunny,2023-06-04 00:00:00,10,14,57.78,0.49,0.031,57.811
Hotspot,String-2_Panel-3,Medium,1,Inspect Cells,Inspect Cells,219,Rainy,2023-06-04 01:00:00,2,3,91.18,0.86,0.056,91.236
Short Circuit,String-7_Panel-11,High,11,Replace Wiring,Replace Wiring,472,Rainy,2023-06-04 02:00:00,7,11,155.7,2.08,0.129,155.82899999999998
Shadowing,String-2_Panel-11,Medium,10,Remove Obstruction,Replace Module,630,Sunny,2023-06-04 04:00:00,2,11,53.0,0.45,0.028,53.028
Hotspot,String-7_Panel-18,Medium,8,Inspect Cells,Inspect Junction Box,558,Sunny,2023-06-04 04:00:00,7,18,88.6,0.86,0.042,88.642
Open Circuit,String-1_Panel-8,Critical,14,Replace Module,Inspect Cells,287,Cloudy,2023-06-04 04:00:00,1,8,497.27,6.12,0.334,497.604
Hotspot,String-2_Panel-11,Low,3,Clean Panel,Clean Panel,370,Rainy,2023-06-04 05:00:00,2,11,27.25,0.25,0.015,27.265
Hotspot,String-4_Panel-12,Critical,6,Replace Module,Replace Module,262,Sunny,2023-06-04 06:00:00,4,12,531.91,6.08,0.261,532.1709999999999
Open Circuit,String-4_Panel-12,Low,5,Replace Wiring,Tighten Connection,556,Rainy,2023-06-04 06:00:00,4,12,142.57,2.04,0.092,142.662
Open Circuit,String-9_Panel-10,Critical,3,Replace Module,Replace Module,211,Rainy,2023-06-04 06:00:00,9,10,509.1,7.83,0.39,509.49
Shadowing,String-10_Panel-4,Critical,13,Replace Module,Replace Wiring,495,Cloudy,2023-06-04 06:00:00,10,4,508.0,5.62,0.32,508.32
Shadowing,String-10_Panel-13,Critical,13,Replace Module,Replace Connector,743,Cloudy,2023-06-04 07:00:00,10,13,564.46,6.57,0.342,564.802
Hotspot,String-1_Panel-1,Medium,3,Clean Panel,Replace Wiring,402,Cloudy,2023-06-04 07:00:00,1,1,26.56,0.26,0.015,26.575
Shadowing,String-4_Panel-13,Critical,14,Replace Module,Tighten Connection,992,Cloudy,2023-06-04 07:00:00,4,13,516.28,6.5,0.335,516.615
Short Circuit,String-4_Panel-16,Critical,11,Replace Module,Replace Module,281,Rainy,2023-06-04 07:00:00,4,16,560.22,6.27,0.336,560.556
Shadowing,String-4_Panel-3,Low,12,Remove Obstruction,Clean Panel,986,Rainy,2023-06-04 08:00:00,4,3,41.64,0.43,0.027,41.667
Open Circuit,String-1_Panel-18,Low,4,Replace Connector,Replace Connector,410,Cloudy,2023-06-04 08:00:00,1,18,89.92,1.13,0.074,89.994
Open Circuit,String-1_Panel-13,High,3,Replace Wiring,Inspect Cells,566,Cloudy,2023-06-04 08:00:00,1,13,148.03,1.85,0.105,148.135
Short Circuit,String-6_Panel-12,High,8,Replace Wiring,Reinstall Module,856,Sunny,2023-06-04 09:00:00,6,12,160.36,1.87,0.123,160.483
Short Circuit,String-5_Panel-11,Medium,13,Replace Fuse,Replace Fuse,957,Sunny,2023-06-04 11:00:00,5,11,56.45,0.63,0.037,56.487
Hotspot,String-6_Panel-11,Critical,4,Replace Module,Replace Module,659,Rainy,2023-06-04 12:00:00,6,11,477.22,6.17,0.327,477.547
Short Circuit,String-4_Panel-5,High,4,Replace Wiring,Inspect Cells,333,Cloudy,2023-06-04 14:00:00,4,5,147.3,2.2,0.142,147.442
Shadowing,String-10_Panel-13,High,11,Remove Obstruction,Reinstall Module,348,Rainy,2023-06-04 15:00:00,10,13,52.39,0.5,0.024,52.414
Open Circuit,String-10_Panel-1,Low,1,Tighten Connection,Replace Connector,951,Cloudy,2023-06-04 16:00:00,10,1,39.75,0.51,0.032,39.782
Hotspot,String-9_Panel-11,Critical,9,Replace Module,Replace Module,726,Rainy,2023-06-04 17:00:00,9,11,527.04,5.93,0.354,527.394
Hotspot,String-6_Panel-11,Critical,9,Replace Module,Replace Panel Section,323,Sunny,2023-06-04 17:00:00,6,11,506.15,5.78,0.274,506.424
Short Circuit,String-7_Panel-4,Low,1,Inspect Junction Box,Inspect Junction Box,257,Sunny,2023-06-04 18:00:00,7,4,71.23,1.12,0.068,71.298
Short Circuit,String-8_Panel-2,Critical,14,Replace Module,Remove Obstruction,838,Sunny,2023-06-04 18:00:00,8,2,442.05,6.48,0.396,442.446
Hotspot,String-7_Panel-9,Low,10,Inspect Cells,Clean Panel,599,Sunny,2023-06-04 18:00:00,7,9,82.72,0.87,0.045,82.765
Open Circuit,String-2_Panel-17,High,1,Replace Wiring,Clean Panel,239,Sunny,2023-06-04 19:00:00,2,17,162.78,2.22,0.144,162.924
Short Circuit,String-9_Panel-14,Low,13,Inspect Junction Box,Remove Obstruction,308,Sunny,2023-06-04 20:00:00,9,14,79.68,0.75,0.034,79.71400000000001
Short Circuit,String-2_Panel-9,Medium,12,Replace Fuse,Replace Wiring,685,Rainy,2023-06-04 21:00:00,2,9,51.32,0.54,0.035,51.355
Shadowing,String-4_Panel-2,Low,6,Reinstall Module,Replace Panel Section,340,Rainy,2023-06-04 22:00:00,4,2,192.17,2.92,0.144,192.314
Short Circuit,String-9_Panel-14,Low,10,Replace Fuse,Replace Panel Section,888,Rainy,2023-06-04 22:00:00,9,14,52.87,0.42,0.024,52.894
Short Circuit,String-10_Panel-11,High,8,Replace Wiring,Replace Wiring,268,Sunny,2023-06-04 23:00:00,10,11,164.38,1.99,0.128,164.50799999999998
Hotspot,String-1_Panel-16,Low,9,Clean Panel,Clean Panel,233,Cloudy,2023-06-04 23:00:00,1,16,24.84,0.33,0.018,24.858
Short Circuit,String-5_Panel-6,Critical,5,Replace Module,Inspect Junction Box,600,Cloudy,2023-06-04 23:00:00,5,6,472.27,4.76,0.238,472.508
Open Circuit,String-9_Panel-14,High,6,Replace Module,Tighten Connection,838,Cloudy,2023-06-05 00:00:00,9,14,480.01,5.83,0.27,480.28
Hotspot,String-5_Panel-15,High,4,Replace Wiring,Clean Panel,383,Rainy,2023-06-05 00:00:00,5,15,152.23,1.94,0.115,152.345
Hotspot,String-3_Panel-4,High,9,Replace Panel Section,Reinstall Module,533,Cloudy,2023-06-05 01:00:00,3,4,276.37,4.08,0.221,276.591
Open Circuit,String-8_Panel-6,Low,5,Tighten Connection,Tighten Connection,288,Cloudy,2023-06-05 03:00:00,8,6,36.7,0.51,0.025,36.725
Hotspot,String-7_Panel-10,Critical,11,Replace Module,Replace Module,690,Rainy,2023-06-05 03:00:00,7,10,524.01,7.0,0.312,524.322
Short Circuit,String-9_Panel-3,Medium,14,Replace Fuse,Replace Fuse,941,Cloudy,2023-06-05 04:00:00,9,3,55.96,0.59,0.029,55.989000000000004
Short Circuit,String-9_Panel-13,High,4,Replace Wiring,Reinstall Module,286,Sunny,2023-06-05 04:00:00,9,13,156.49,2.3,0.11,156.60000000000002
Open Circuit,String-9_Panel-4,Critical,1,Replace Module,Replace Module,722,Sunny,2023-06-05 05:00:00,9,4,553.1,6.77,0.334,553.434
Shadowing,String-5_Panel-5,High,11,Adjust Tilt,Adjust Tilt,813,Rainy,2023-06-05 06:00:00,5,5,145.24,2.05,0.092,145.33200000000002
Open Circuit,String-10_Panel-3,Low,7,Tighten Connection,Tighten Connection,766,Sunny,2023-06-05 10:00:00,10,3,41.22,0.46,0.024,41.244
Shadowing,String-8_Panel-4,Medium,3,Adjust Tilt,Remove Obstruction,270,Sunny,2023-06-05 12:00:00,8,4,125.26,1.86,0.087,125.34700000000001
Hotspot,String-8_Panel-3,High,3,Replace Panel Section,Clean Panel,992,Sunny,2023-06-05 12:00:00,8,3,344.05,3.6,0.185,344.235
Short Circuit,String-9_Panel-19,Medium,3,Replace Fuse,Replace Fuse,720,Sunny,2023-06-05 13:00:00,9,19,62.48,0.48,0.027,62.507
Hotspot,String-5_Panel-10,Medium,12,Inspect Cells,Inspect Cells,510,Sunny,2023-06-05 14:00:00,5,10,85.25,0.87,0.038,85.288
Open Circuit,String-9_Panel-3,Medium,13,Replace Wiring,Reinstall Module,959,Cloudy,2023-06-05 15:00:00,9,3,152.87,1.52,0.089,152.959
Open Circuit,String-6_Panel-14,Critical,4,Replace Module,Replace Module,811,Sunny,2023-06-05 16:00:00,6,14,446.3,4.81,0.28,446.58
Hotspot,String-3_Panel-13,High,10,Replace Panel Section,Adjust Tilt,224,Cloudy,2023-06-05 16:00:00,3,13,314.31,3.88,0.22,314.53000000000003
Open Circuit,String-10_Panel-12,High,6,Replace Wiring,Replace Wiring,212,Cloudy,2023-06-05 17:00:00,10,12,142.13,2.09,0.126,142.256
Shadowing,String-4_Panel-19,Low,8,Remove Obstruction,Reinstall Module,591,Rainy,2023-06-05 17:00:00,4,19,53.29,0.56,0.03,53.32
Hotspot,String-5_Panel-7,Medium,3,Inspect Cells,Inspect Cells,952,Cloudy,2023-06-05 18:00:00,5,7,72.4,0.91,0.052,72.45200000000001
Short Circuit,String-4_Panel-20,Low,12,Replace Wiring,Inspect Junction Box,478,Rainy,2023-06-05 19:00:00,4,20,140.68,1.75,0.1,140.78
Hotspot,String-8_Panel-8,High,10,Replace Panel Section,Replace Panel Section,414,Cloudy,2023-06-05 21:00:00,8,8,382.22,3.77,0.237,382.45700000000005
Open Circuit,String-7_Panel-5,High,11,Replace Wiring,Remove Obstruction,261,Rainy,2023-06-05 21:00:00,7,5,134.26,2.3,0.106,134.36599999999999
Short Circuit,String-5_Panel-7,High,8,Replace Wiring,Replace Wiring,528,Rainy,2023-06-05 22:00:00,5,7,159.67,2.33,0.127,159.797
Open Circuit,String-4_Panel-15,High,4,Inspect Junction Box,Replace Wiring,521,Rainy,2023-06-05 23:00:00,4,15,68.31,1.21,0.059,68.369
Open Circuit,String-7_Panel-10,High,2,Replace Wiring,Replace Wiring,870,Cloudy,2023-06-05 23:00:00,7,10,123.37,2.11,0.11,123.48
Shadowing,String-1_Panel-10,Critical,1,Reinstall Module,Reinstall Module,420,Cloudy,2023-06-06 00:00:00,1,10,214.37,3.15,0.167,214.537
Shadowing,String-9_Panel-20,Low,14,Reinstall Module,Clean Panel,960,Rainy,2023-06-06 02:00:00,9,20,204.3,3.08,0.152,204.452
Open Circuit,String-1_Panel-10,Medium,4,Replace Connector,Replace Module,334,Cloudy,2023-06-06 04:00:00,1,10,94.14,1.18,0.068,94.208
Shadowing,String-7_Panel-4,High,2,Remove Obstruction,Replace Wiring,223,Cloudy,2023-06-06 04:00:00,7,4,50.09,0.57,0.029,50.11900000000001
Shadowing,String-3_Panel-16,Medium,5,Remove Obstruction,Remove Obstruction,410,Sunny,2023-06-06 05:00:00,3,16,53.66,0.51,0.029,53.689
Shadowing,String-9_Panel-16,Low,10,Remove Obstruction,Adjust Tilt,923,Cloudy,2023-06-06 05:00:00,9,16,51.02,0.5,0.025,51.045
Shadowing,String-3_Panel-3,Critical,7,Reinstall Module,Reinstall Module,859,Rainy,2023-06-06 05:00:00,3,3,188.02,3.42,0.157,188.17700000000002
Shadowing,String-8_Panel-18,Low,6,Remove Obstruction,Replace Connector,723,Rainy,2023-06-06 06:00:00,8,18,44.08,0.49,0.032,44.111999999999995
Open Circuit,String-1_Panel-9,Critical,7,Replace Module,Replace Module,246,Cloudy,2023-06-06 07:00:00,1,9,544.03,6.07,0.377,544.4069999999999
Short Circuit,String-9_Panel-10,Low,4,Inspect Junction Box,Inspect Cells,435,Rainy,2023-06-06 08:00:00,9,10,78.24,1.13,0.054,78.294
Hotspot,String-1_Panel-9,Critical,14,Replace Module,Tighten Connection,950,Cloudy,2023-06-06 08:00:00,1,9,529.86,5.97,0.314,530.174
Open Circuit,String-8_Panel-15,High,10,Replace Wiring,Replace Wiring,875,Cloudy,2023-06-06 09:00:00,8,15,143.07,2.03,0.116,143.186
Hotspot,String-4_Panel-10,Low,9,Inspect Cells,Clean Panel,265,Cloudy,2023-06-06 10:00:00,4,10,75.06,1.02,0.044,75.104
Open Circuit,String-7_Panel-12,Low,9,Tighten Connection,Tighten Connection,409,Sunny,2023-06-06 11:00:00,7,12,39.22,0.52,0.03,39.25
Short Circuit,String-5_Panel-1,Medium,11,Replace Wiring,Remove Obstruction,461,Sunny,2023-06-06 13:00:00,5,1,139.81,1.92,0.086,139.89600000000002
Hotspot,String-5_Panel-19,Medium,9,Clean Panel,Inspect Junction Box,758,Cloudy,2023-06-06 16:00:00,5,19,28.01,0.28,0.012,28.022000000000002
Shadowing,String-9_Panel-11,High,5,Adjust Tilt,Adjust Tilt,593,Sunny,2023-06-06 16:00:00,9,11,125.62,2.08,0.118,125.738
Short Circuit,String-2_Panel-4,Low,14,Replace Fuse,Inspect Junction Box,791,Rainy,2023-06-06 17:00:00,2,4,66.21,0.56,0.033,66.243
Shadowing,String-3_Panel-1,Low,3,Remove Obstruction,Clean Panel,438,Rainy,2023-06-06 17:00:00,3,1,54.9,0.52,0.028,54.928
Open Circuit,String-3_Panel-18,High,13,Replace Wiring,Clean Panel,263,Sunny,2023-06-06 19:00:00,3,18,154.3,1.99,0.124,154.424
Open Circuit,String-4_Panel-8,Low,1,Tighten Connection,Tighten Connection,353,Sunny,2023-06-06 20:00:00,4,8,40.6,0.48,0.032,40.632
Open Circuit,String-7_Panel-15,Critical,13,Replace Module,Tighten Connection,927,Cloudy,2023-06-06 21:00:00,7,15,541.93,5.73,0.357,542.2869999999999
Hotspot,String-2_Panel-9,High,4,Replace Panel Section,Remove Obstruction,593,Sunny,2023-06-06 21:00:00,2,9,332.33,3.83,0.192,332.522
Open Circuit,String-7_Panel-12,Critical,14,Replace Module,Replace Module,603,Cloudy,2023-06-06 22:00:00,7,12,528.52,6.12,0.258,528.778
Open Circuit,String-1_Panel-13,Low,9,Tighten Connection,Inspect Cells,901,Cloudy,2023-06-07 00:00:00,1,13,45.39,0.46,0.024,45.414
Shadowing,String-10_Panel-16,Medium,9,Remove Obstruction,Remove Obstruction,843,Rainy,2023-06-07 01:00:00,10,16,45.05,0.54,0.033,45.083
Shadowing,String-9_Panel-14,Critical,12,Replace Module,Reinstall Module,825,Cloudy,2023-06-07 02:00:00,9,14,500.45,5.63,0.305,500.755
Open Circuit,String-2_Panel-16,Critical,14,Replace Module,Reinstall Module,683,Cloudy,2023-06-07 02:00:00,2,16,467.97,4.38,0.26,468.23
Open Circuit,String-4_Panel-7,Critical,4,Replace Module,Replace Module,860,Sunny,2023-06-07 02:00:00,4,7,432.08,6.61,0.297,432.377
Hotspot,String-4_Panel-12,Low,5,Inspect Cells,Clean Panel,801,Sunny,2023-06-07 03:00:00,4,12,83.88,1.16,0.073,83.95299999999999
Open Circuit,String-7_Panel-1,Medium,6,Tighten Connection,Replace Connector,783,Sunny,2023-06-07 03:00:00,7,1,45.12,0.47,0.025,45.144999999999996
Short Circuit,String-7_Panel-14,High,2,Replace Wiring,Replace Wiring,734,Sunny,2023-06-07 05:00:00,7,14,149.04,2.41,0.112,149.152
Hotspot,String-7_Panel-6,Medium,7,Inspect Cells,Inspect Cells,907,Cloudy,2023-06-07 05:00:00,7,6,81.5,1.04,0.052,81.552
Open Circuit,String-1_Panel-10,Low,4,Tighten Connection,Tighten Connection,388,Cloudy,2023-06-07 06:00:00,1,10,39.73,0.66,0.035,39.76499999999999
Shadowing,String-2_Panel-13,High,9,Adjust Tilt,Adjust Tilt,566,Cloudy,2023-06-07 06:00:00,2,13,129.62,2.18,0.115,129.735
Open Circuit,String-6_Panel-6,High,8,Replace Wiring,Replace Wiring,817,Sunny,2023-06-07 06:00:00,6,6,144.91,2.24,0.102,145.012
Short Circuit,String-1_Panel-7,Critical,2,Replace Panel Section,Replace Connector,401,Cloudy,2023-06-07 07:00:00,1,7,328.65,3.21,0.168,328.818
Short Circuit,String-1_Panel-1,Low,1,Inspect Junction Box,Clean Panel,409,Cloudy,2023-06-07 08:00:00,1,1,71.61,0.99,0.054,71.664
Hotspot,String-4_Panel-14,Critical,11,Replace Module,Replace Module,820,Rainy,2023-06-07 09:00:00,4,14,502.98,5.57,0.27,503.25
Hotspot,String-3_Panel-2,Medium,3,Inspect Cells,Inspect Cells,344,Sunny,2023-06-07 09:00:00,3,2,81.84,1.26,0.074,81.914
Short Circuit,String-5_Panel-4,High,4,Replace Wiring,Replace Fuse,361,Cloudy,2023-06-07 10:00:00,5,4,138.38,2.49,0.126,138.506
Open Circuit,String-1_Panel-18,Medium,14,Replace Connector,Replace Panel Section,259,Rainy,2023-06-07 10:00:00,1,18,90.21,1.11,0.073,90.28299999999999
Open Circuit,String-9_Panel-5,Low,5,Tighten Connection,Tighten Connection,470,Cloudy,2023-06-07 11:00:00,9,5,39.24,0.47,0.021,39.261
Short Circuit,String-7_Panel-15,Low,8,Replace Fuse,Inspect Junction Box,766,Rainy,2023-06-07 13:00:00,7,15,61.78,0.5,0.031,61.811
Open Circuit,String-1_Panel-9,Critical,4,Replace Module,Replace Panel Section,206,Rainy,2023-06-07 13:00:00,1,9,564.31,6.22,0.374,564.684
Hotspot,String-1_Panel-13,Low,11,Inspect Cells,Clean Panel,885,Rainy,2023-06-07 14:00:00,1,13,86.01,1.22,0.063,86.07300000000001
Hotspot,String-10_Panel-14,High,1,Replace Module,Remove Obstruction,788,Rainy,2023-06-07 15:00:00,10,14,498.6,4.63,0.271,498.87100000000004
Open Circuit,String-4_Panel-2,Critical,3,Replace Module,Replace Connector,744,Cloudy,2023-06-07 16:00:00,4,2,500.57,5.92,0.256,500.82599999999996
Open Circuit,String-4_Panel-5,Medium,5,Replace Wiring,Clean Panel,846,Rainy,2023-06-07 16:00:00,4,5,154.21,1.86,0.098,154.30800000000002
Hotspot,String-8_Panel-3,Medium,14,Inspect Cells,Inspect Cells,269,Rainy,2023-06-07 17:00:00,8,3,89.17,1.16,0.068,89.238
Short Circuit,String-1_Panel-18,Critical,12,Replace Module,Replace Module,825,Cloudy,2023-06-07 19:00:00,1,18,530.14,4.63,0.206,530.346
Open Circuit,String-6_Panel-9,Low,9,Tighten Connection,Replace Fuse,497,Sunny,2023-06-07 19:00:00,6,9,38.12,0.57,0.028,38.147999999999996
Short Circuit,String-10_Panel-9,Medium,2,Replace Fuse,Replace Fuse,501,Rainy,2023-06-07 20:00:00,10,9,56.08,0.5,0.027,56.107
Shadowing,String-9_Panel-10,Low,13,Remove Obstruction,Tighten Connection,550,Cloudy,2023-06-07 20:00:00,9,10,46.86,0.62,0.036,46.896
Open Circuit,String-9_Panel-13,Low,1,Tighten Connection,Tighten Connection,465,Rainy,2023-06-07 22:00:00,9,13,40.36,0.48,0.024,40.384
Hotspot,String-7_Panel-1,Low,11,Inspect Cells,Clean Panel,948,Cloudy,2023-06-07 23:00:00,7,1,93.4,1.2,0.075,93.47500000000001
Open Circuit,String-9_Panel-2,Critical,1,Replace Module,Replace Module,642,Sunny,2023-06-08 01:00:00,9,2,565.79,6.4,0.342,566.132
Short Circuit,String-10_Panel-12,Medium,8,Replace Fuse,Remove Obstruction,526,Rainy,2023-06-08 03:00:00,10,12,59.56,0.49,0.031,59.591
Shadowing,String-6_Panel-7,Critical,13,Replace Module,Reinstall Module,641,Rainy,2023-06-08 03:00:00,6,7,559.72,7.13,0.452,560.172
Hotspot,String-4_Panel-16,High,12,Replace Module,Replace Connector,510,Rainy,2023-06-08 04:00:00,4,16,515.55,4.23,0.249,515.799
Open Circuit,String-1_Panel-2,High,9,Replace Wiring,Replace Panel Section,564,Sunny,2023-06-08 04:00:00,1,2,145.27,1.74,0.106,145.376
Short Circuit,String-9_Panel-8,Low,6,Inspect Junction Box,Inspect Cells,498,Cloudy,2023-06-08 05:00:00,9,8,62.66,0.94,0.061,62.721
Open Circuit,String-5_Panel-18,Low,9,Tighten Connection,Tighten Connection,857,Rainy,2023-06-08 05:00:00,5,18,43.86,0.46,0.028,43.888
Shadowing,String-9_Panel-5,High,14,Adjust Tilt,Replace Wiring,530,Rainy,2023-06-08 05:00:00,9,5,121.88,2.22,0.145,122.02499999999999
Hotspot,String-6_Panel-19,Low,13,Inspect Cells,Replace Panel Section,838,Rainy,2023-06-08 07:00:00,6,19,84.77,0.8,0.041,84.81099999999999
Shadowing,String-2_Panel-12,Low,14,Clean Panel,Adjust Tilt,488,Sunny,2023-06-08 08:00:00,2,12,29.95,0.31,0.02,29.97
Short Circuit,String-2_Panel-14,Medium,12,Replace Fuse,Replace Fuse,230,Sunny,2023-06-08 09:00:00,2,14,65.48,0.5,0.027,65.507
Open Circuit,String-4_Panel-10,Medium,3,Replace Wiring,Replace Fuse,898,Sunny,2023-06-08 10:00:00,4,10,144.5,2.46,0.128,144.628
Open Circuit,String-3_Panel-11,Low,6,Tighten Connection,Inspect Cells,656,Cloudy,2023-06-08 11:00:00,3,11,43.36,0.44,0.027,43.387
Shadowing,String-9_Panel-4,Medium,11,Remove Obstruction,Remove Obstruction,429,Sunny,2023-06-08 16:00:00,9,4,47.27,0.51,0.022,47.292
Shadowing,String-9_Panel-9,Low,1,Inspect Cells,Clean Panel,986,Sunny,2023-06-08 16:00:00,9,9,81.67,0.96,0.059,81.729
Open Circuit,String-5_Panel-3,Critical,10,Replace Module,Replace Module,779,Sunny,2023-06-08 16:00:00,5,3,512.52,6.8,0.444,512.9639999999999
Open Circuit,String-8_Panel-1,Low,7,Tighten Connection,Remove Obstruction,621,Sunny,2023-06-08 18:00:00,8,1,41.11,0.58,0.028,41.138
Open Circuit,String-9_Panel-18,Critical,4,Replace Module,Replace Module,437,Cloudy,2023-06-08 19:00:00,9,18,498.0,6.67,0.436,498.436
Hotspot,String-1_Panel-4,High,10,Replace Panel Section,Replace Panel Section,795,Rainy,2023-06-08 20:00:00,1,4,319.42,3.5,0.231,319.651
Shadowing,String-2_Panel-15,Low,12,Clean Panel,Reinstall Module,428,Sunny,2023-06-09 00:00:00,2,15,29.64,0.25,0.011,29.651
Short Circuit,String-3_Panel-17,High,11,Replace Wiring,Replace Wiring,827,Rainy,2023-06-09 04:00:00,3,17,163.38,2.45,0.125,163.505
Open Circuit,String-4_Panel-8,Critical,13,Replace Module,Replace Module,746,Sunny,2023-06-09 05:00:00,4,8,562.4,6.29,0.333,562.733
Open Circuit,String-8_Panel-17,Low,5,Replace Connector,Clean Panel,415,Rainy,2023-06-09 05:00:00,8,17,76.14,1.2,0.067,76.207
Shadowing,String-7_Panel-17,Critical,6,Reinstall Module,Replace Connector,328,Rainy,2023-06-09 06:00:00,7,17,222.12,3.19,0.153,222.273
Short Circuit,String-8_Panel-14,Medium,10,Replace Fuse,Replace Fuse,815,Sunny,2023-06-09 06:00:00,8,14,61.5,0.63,0.04,61.54
Hotspot,String-6_Panel-5,Low,2,Clean Panel,Clean Panel,246,Sunny,2023-06-09 07:00:00,6,5,28.77,0.27,0.016,28.785999999999998
Hotspot,String-8_Panel-17,High,6,Replace Module,Replace Panel Section,621,Sunny,2023-06-09 08:00:00,8,17,513.11,6.86,0.418,513.528
Open Circuit,String-1_Panel-7,Medium,14,Inspect Junction Box,Replace Connector,563,Sunny,2023-06-09 10:00:00,1,7,60.52,1.06,0.055,60.575
Hotspot,String-4_Panel-8,Low,11,Clean Panel,Replace Connector,382,Cloudy,2023-06-09 10:00:00,4,8,30.09,0.31,0.016,30.105999999999998
Short Circuit,String-3_Panel-10,High,14,Replace Module,Replace Panel Section,721,Cloudy,2023-06-09 10:00:00,3,10,560.68,5.46,0.262,560.9419999999999
Shadowing,String-9_Panel-10,Medium,9,Remove Obstruction,Remove Obstruction,884,Sunny,2023-06-09 10:00:00,9,10,51.62,0.5,0.027,51.647
Open Circuit,String-3_Panel-11,High,8,Inspect Junction Box,Inspect Junction Box,694,Rainy,2023-06-09 11:00:00,3,11,60.58,0.99,0.059,60.638999999999996
Shadowing,String-7_Panel-6,High,6,Adjust Tilt,Reinstall Module,459,Rainy,2023-06-09 12:00:00,7,6,103.56,1.99,0.102,103.662
Shadowing,String-4_Panel-19,Low,7,Remove Obstruction,Inspect Junction Box,730,Rainy,2023-06-09 13:00:00,4,19,51.15,0.44,0.024,51.174
Hotspot,String-6_Panel-5,Low,8,Inspect Cells,Reinstall Module,902,Cloudy,2023-06-09 14:00:00,6,5,75.63,1.16,0.074,75.704
Shadowing,String-1_Panel-8,Critical,2,Reinstall Module,Inspect Junction Box,219,Sunny,2023-06-09 15:00:00,1,8,192.01,3.76,0.186,192.196
Hotspot,String-10_Panel-1,Medium,3,Inspect Cells,Inspect Cells,417,Sunny,2023-06-09 18:00:00,10,1,87.33,1.13,0.067,87.39699999999999
Hotspot,String-6_Panel-12,Critical,1,Replace Module,Clean Panel,336,Sunny,2023-06-09 20:00:00,6,12,464.61,5.49,0.267,464.877
Hotspot,String-3_Panel-11,Critical,8,Replace Module,Replace Panel Section,702,Rainy,2023-06-09 20:00:00,3,11,600.25,5.45,0.285,600.535
Short Circuit,String-4_Panel-16,Critical,2,Replace Panel Section,Replace Module,936,Sunny,2023-06-09 21:00:00,4,16,330.74,4.3,0.267,331.007
Short Circuit,String-10_Panel-1,High,10,Replace Wiring,Adjust Tilt,892,Rainy,2023-06-09 23:00:00,10,1,139.84,1.87,0.096,139.936
Hotspot,String-8_Panel-19,High,14,Replace Module,Replace Panel Section,498,Rainy,2023-06-10 04:00:00,8,19,572.51,5.83,0.297,572.807
Hotspot,String-8_Panel-4,High,14,Replace Panel Section,Replace Connector,900,Rainy,2023-06-10 06:00:00,8,4,293.74,4.89,0.224,293.964
Short Circuit,String-10_Panel-19,High,10,Inspect Junction Box,Replace Panel Section,744,Cloudy,2023-06-10 07:00:00,10,19,76.04,1.0,0.051,76.09100000000001
Hotspot,String-1_Panel-3,Medium,9,Replace Panel Section,Inspect Cells,953,Cloudy,2023-06-10 08:00:00,1,3,281.59,2.97,0.193,281.78299999999996
Shadowing,String-4_Panel-11,Critical,11,Replace Module,Tighten Connection,897,Sunny,2023-06-10 09:00:00,4,11,523.25,6.15,0.368,523.618
Open Circuit,String-8_Panel-19,Medium,13,Replace Wiring,Replace Connector,983,Sunny,2023-06-10 09:00:00,8,19,139.16,2.25,0.122,139.282
Open Circuit,String-9_Panel-5,High,13,Replace Wiring,Inspect Junction Box,234,Cloudy,2023-06-10 09:00:00,9,5,142.54,2.16,0.111,142.65099999999998
Shadowing,String-10_Panel-9,High,12,Adjust Tilt,Adjust Tilt,997,Cloudy,2023-06-10 11:00:00,10,9,118.84,2.44,0.128,118.968
Short Circuit,String-7_Panel-17,Critical,6,Replace Module,Replace Module,553,Sunny,2023-06-10 13:00:00,7,17,571.61,6.27,0.32,571.9300000000001
Shadowing,String-3_Panel-5,Low,14,Remove Obstruction,Reinstall Module,931,Cloudy,2023-06-10 14:00:00,3,5,55.49,0.52,0.022,55.512
Open Circuit,String-3_Panel-20,Low,6,Replace Wiring,Adjust Tilt,539,Sunny,2023-06-10 15:00:00,3,20,166.55,2.3,0.107,166.657
Hotspot,String-6_Panel-4,Low,8,Inspect Cells,Clean Panel,586,Cloudy,2023-06-10 16:00:00,6,4,58.56,1.05,0.045,58.605000000000004
Hotspot,String-5_Panel-13,Low,7,Clean Panel,Clean Panel,331,Cloudy,2023-06-10 17:00:00,5,13,29.92,0.32,0.016,29.936
Open Circuit,String-5_Panel-13,Critical,5,Replace Module,Replace Module,953,Sunny,2023-06-10 17:00:00,5,13,548.2,5.81,0.257,548.457
Short Circuit,String-7_Panel-8,High,13,Replace Module,Replace Fuse,418,Sunny,2023-06-10 17:00:00,7,8,552.4,6.39,0.42,552.8199999999999
Hotspot,String-3_Panel-10,Low,9,Inspect Cells,Replace Wiring,588,Rainy,2023-06-10 17:00:00,3,10,92.87,1.12,0.068,92.938
Short Circuit,String-9_Panel-1,Medium,2,Replace Fuse,Replace Fuse,863,Rainy,2023-06-10 18:00:00,9,1,64.75,0.51,0.03,64.78
Shadowing,String-8_Panel-14,Critical,5,Reinstall Module,Remove Obstruction,663,Sunny,2023-06-10 18:00:00,8,14,217.56,2.77,0.15,217.71
Hotspot,String-2_Panel-3,Critical,14,Replace Module,Adjust Tilt,916,Rainy,2023-06-10 18:00:00,2,3,432.56,6.46,0.281,432.841
Hotspot,String-4_Panel-8,Medium,14,Inspect Cells,Replace Wiring,555,Sunny,2023-06-10 22:00:00,4,8,97.8,1.03,0.06,97.86
Open Circuit,String-8_Panel-16,Medium,3,Replace Connector,Inspect Cells,328,Sunny,2023-06-10 22:00:00,8,16,88.08,0.91,0.045,88.125
Short Circuit,String-5_Panel-15,Critical,8,Replace Module,Inspect Cells,820,Rainy,2023-06-10 23:00:00,5,15,506.33,5.46,0.313,506.643
Short Circuit,String-4_Panel-2,Low,7,Inspect Junction Box,Remove Obstruction,446,Sunny,2023-06-11 00:00:00,4,2,72.19,0.88,0.049,72.239
Open Circuit,String-8_Panel-14,Low,8,Tighten Connection,Replace Module,721,Sunny,2023-06-11 00:00:00,8,14,41.0,0.53,0.033,41.033
Open Circuit,String-10_Panel-13,Medium,7,Replace Wiring,Reinstall Module,892,Sunny,2023-06-11 02:00:00,10,13,156.61,2.38,0.132,156.74200000000002
Open Circuit,String-6_Panel-5,Medium,3,Replace Wiring,Remove Obstruction,974,Sunny,2023-06-11 04:00:00,6,5,182.16,2.74,0.155,182.315
Short Circuit,String-4_Panel-6,Medium,13,Replace Fuse,Tighten Connection,226,Cloudy,2023-06-11 04:00:00,4,6,49.45,0.5,0.03,49.480000000000004
Short Circuit,String-1_Panel-7,Low,8,Replace Connector,Inspect Cells,615,Rainy,2023-06-11 05:00:00,1,7,89.45,1.08,0.062,89.512
Hotspot,String-7_Panel-20,High,12,Replace Module,Replace Panel Section,258,Cloudy,2023-06-11 07:00:00,7,20,491.13,5.61,0.348,491.478
Hotspot,String-8_Panel-8,Critical,7,Replace Module,Replace Module,859,Rainy,2023-06-11 07:00:00,8,8,555.09,5.65,0.325,555.4150000000001
Hotspot,String-1_Panel-15,High,9,Replace Module,Clean Panel,300,Sunny,2023-06-11 08:00:00,1,15,543.72,5.86,0.309,544.029
Open Circuit,String-1_Panel-18,Critical,13,Replace Module,Replace Module,482,Rainy,2023-06-11 10:00:00,1,18,481.75,5.18,0.268,482.018
Hotspot,String-6_Panel-9,Medium,9,Replace Panel Section,Replace Module,988,Cloudy,2023-06-11 11:00:00,6,9,330.35,3.58,0.224,330.574
Open Circuit,String-5_Panel-2,High,1,Replace Wiring,Reinstall Module,626,Rainy,2023-06-11 12:00:00,5,2,173.1,1.85,0.1,173.2
Shadowing,String-10_Panel-10,Critical,5,Reinstall Module,Reinstall Module,248,Rainy,2023-06-11 13:00:00,10,10,161.89,3.39,0.151,162.041
Shadowing,String-6_Panel-17,Medium,3,Adjust Tilt,Inspect Cells,264,Rainy,2023-06-11 14:00:00,6,17,129.37,1.77,0.106,129.476
Hotspot,String-1_Panel-5,Medium,2,Inspect Cells,Replace Connector,345,Sunny,2023-06-11 15:00:00,1,5,79.49,0.97,0.061,79.551
Short Circuit,String-4_Panel-5,Low,10,Replace Fuse,Inspect Cells,953,Rainy,2023-06-11 15:00:00,4,5,59.48,0.63,0.035,59.51499999999999
Hotspot,String-10_Panel-6,Critical,11,Replace Module,Replace Module,784,Rainy,2023-06-11 15:00:00,10,6,582.06,4.83,0.266,582.3259999999999
Shadowing,String-6_Panel-5,Medium,9,Remove Obstruction,Replace Panel Section,332,Cloudy,2023-06-11 16:00:00,6,5,47.86,0.59,0.026,47.886
Shadowing,String-7_Panel-12,Critical,3,Replace Module,Reinstall Module,303,Rainy,2023-06-11 17:00:00,7,12,433.14,5.06,0.282,433.42199999999997
Shadowing,String-9_Panel-5,Low,10,Adjust Tilt,Clean Panel,257,Rainy,2023-06-11 20:00:00,9,5,128.97,2.19,0.1,129.07
Shadowing,String-6_Panel-20,Low,4,Clean Panel,Clean Panel,953,Sunny,2023-06-11 21:00:00,6,20,28.68,0.33,0.019,28.698999999999998
Hotspot,String-10_Panel-8,Medium,12,Replace Panel Section,Reinstall Module,907,Rainy,2023-06-11 22:00:00,10,8,299.6,3.46,0.211,299.81100000000004
Shadowing,String-9_Panel-9,Low,3,Remove Obstruction,Reinstall Module,351,Cloudy,2023-06-11 22:00:00,9,9,51.49,0.48,0.031,51.521
Shadowing,String-1_Panel-20,High,4,Adjust Tilt,Adjust Tilt,807,Rainy,2023-06-11 23:00:00,1,20,120.98,2.12,0.105,121.08500000000001
Open Circuit,String-6_Panel-16,Medium,12,Replace Wiring,Adjust Tilt,774,Sunny,2023-06-11 23:00:00,6,16,157.37,2.25,0.123,157.493
Shadowing,String-10_Panel-17,Critical,5,Reinstall Module,Reinstall Module,281,Cloudy,2023-06-11 23:00:00,10,17,209.62,2.96,0.132,209.752
Shadowing,String-5_Panel-12,Low,12,Clean Panel,Clean Panel,293,Sunny,2023-06-12 00:00:00,5,12,30.16,0.26,0.011,30.171
Open Circuit,String-10_Panel-3,Medium,14,Replace Connector,Replace Connector,563,Cloudy,2023-06-12 00:00:00,10,3,78.23,1.03,0.056,78.286
Hotspot,String-8_Panel-9,Low,10,Clean Panel,Clean Panel,738,Sunny,2023-06-12 00:00:00,8,9,28.92,0.31,0.015,28.935000000000002
Short Circuit,String-7_Panel-18,Low,12,Replace Wiring,Inspect Junction Box,328,Cloudy,2023-06-12 01:00:00,7,18,156.15,2.01,0.117,156.267
Open Circuit,String-10_Panel-15,High,2,Inspect Junction Box,Replace Wiring,201,Rainy,2023-06-12 03:00:00,10,15,77.49,1.02,0.054,77.544
Shadowing,String-4_Panel-2,Low,10,Remove Obstruction,Clean Panel,668,Cloudy,2023-06-12 04:00:00,4,2,55.67,0.58,0.038,55.708
Short Circuit,String-8_Panel-18,Low,8,Inspect Junction Box,Replace Fuse,265,Cloudy,2023-06-12 04:00:00,8,18,68.31,0.83,0.035,68.345
Short Circuit,String-7_Panel-18,Critical,8,Replace Module,Tighten Connection,674,Cloudy,2023-06-12 05:00:00,7,18,565.53,6.26,0.317,565.847
Hotspot,String-7_Panel-16,Medium,2,Inspect Cells,Replace Wiring,756,Sunny,2023-06-12 07:00:00,7,16,90.92,1.11,0.068,90.988
Short Circuit,String-4_Panel-18,High,13,Replace Panel Section,Replace Wiring,862,Rainy,2023-06-12 09:00:00,4,18,345.3,4.3,0.227,345.527
Hotspot,String-10_Panel-17,Medium,13,Replace Panel Section,Inspect Cells,911,Sunny,2023-06-12 09:00:00,10,17,352.55,3.39,0.194,352.744
Hotspot,String-1_Panel-4,Low,7,Inspect Cells,Replace Fuse,556,Sunny,2023-06-12 11:00:00,1,4,83.93,0.9,0.039,83.96900000000001
Open Circuit,String-9_Panel-7,Critical,9,Replace Module,Replace Module,243,Cloudy,2023-06-12 11:00:00,9,7,574.51,6.9,0.344,574.854
Shadowing,String-1_Panel-10,Medium,10,Remove Obstruction,Clean Panel,712,Rainy,2023-06-12 13:00:00,1,10,43.22,0.42,0.022,43.242
Open Circuit,String-8_Panel-7,High,3,Replace Wiring,Replace Wiring,346,Cloudy,2023-06-12 13:00:00,8,7,149.59,1.88,0.112,149.702
Open Circuit,String-10_Panel-4,Critical,10,Replace Module,Replace Module,404,Rainy,2023-06-12 14:00:00,10,4,580.63,7.37,0.312,580.942
Shadowing,String-9_Panel-12,Critical,11,Replace Module,Reinstall Module,596,Rainy,2023-06-12 16:00:00,9,12,542.56,6.71,0.282,542.842
Short Circuit,String-7_Panel-3,Medium,4,Replace Fuse,Replace Fuse,479,Cloudy,2023-06-12 17:00:00,7,3,72.44,0.44,0.028,72.468
Open Circuit,String-1_Panel-6,Low,14,Tighten Connection,Tighten Connection,731,Cloudy,2023-06-12 20:00:00,1,6,36.98,0.59,0.028,37.007999999999996
Shadowing,String-7_Panel-19,Medium,11,Remove Obstruction,Remove Obstruction,832,Cloudy,2023-06-12 20:00:00,7,19,47.82,0.45,0.025,47.845
Short Circuit,String-7_Panel-14,Critical,6,Reinstall Module,Replace Module,391,Rainy,2023-06-12 22:00:00,7,14,205.79,3.51,0.2,205.98999999999998
Shadowing,String-7_Panel-4,Critical,4,Reinstall Module,Replace Module,357,Cloudy,2023-06-13 00:00:00,7,4,208.18,3.11,0.19,208.37
Open Circuit,String-1_Panel-18,Critical,10,Replace Module,Replace Module,273,Sunny,2023-06-13 00:00:00,1,18,514.0,5.15,0.266,514.266
Short Circuit,String-8_Panel-13,Medium,14,Replace Fuse,Clean Panel,509,Rainy,2023-06-13 00:00:00,8,13,63.65,0.56,0.026,63.676
Shadowing,String-9_Panel-12,Medium,4,Remove Obstruction,Remove Obstruction,811,Sunny,2023-06-13 03:00:00,9,12,49.49,0.59,0.031,49.521
Open Circuit,String-10_Panel-5,Critical,11,Replace Module,Replace Module,838,Rainy,2023-06-13 03:00:00,10,5,577.76,7.04,0.414,578.174
Short Circuit,String-7_Panel-2,High,14,Replace Module,Replace Wiring,753,Sunny,2023-06-13 04:00:00,7,2,534.7,6.28,0.348,535.048
Hotspot,String-4_Panel-5,High,4,Replace Panel Section,Replace Wiring,582,Rainy,2023-06-13 05:00:00,4,5,290.58,3.46,0.176,290.756
Shadowing,String-9_Panel-14,Medium,11,Remove Obstruction,Replace Connector,712,Sunny,2023-06-13 05:00:00,9,14,49.57,0.48,0.027,49.597
Open Circuit,String-5_Panel-13,Critical,7,Replace Module,Replace Module,644,Cloudy,2023-06-13 05:00:00,5,13,526.21,5.93,0.301,526.5110000000001
Short Circuit,String-2_Panel-13,Medium,11,Replace Fuse,Replace Fuse,736,Sunny,2023-06-13 07:00:00,2,13,69.66,0.53,0.034,69.694
Open Circuit,String-2_Panel-17,High,6,Replace Connector,Replace Wiring,737,Sunny,2023-06-13 07:00:00,2,17,94.66,1.0,0.049,94.709
Short Circuit,String-9_Panel-4,Medium,14,Replace Fuse,Replace Fuse,530,Cloudy,2023-06-13 07:00:00,9,4,55.86,0.47,0.023,55.883
Hotspot,String-6_Panel-9,High,4,Replace Panel Section,Replace Module,376,Sunny,2023-06-13 08:00:00,6,9,340.58,4.25,0.216,340.796
Open Circuit,String-5_Panel-10,Medium,2,Replace Connector,Replace Connector,211,Cloudy,2023-06-13 08:00:00,5,10,94.86,1.05,0.065,94.925
Shadowing,String-2_Panel-12,Low,2,Clean Panel,Clean Panel,580,Sunny,2023-06-13 09:00:00,2,12,27.51,0.28,0.012,27.522000000000002
Shadowing,String-3_Panel-4,Medium,4,Remove Obstruction,Replace Panel Section,393,Sunny,2023-06-13 09:00:00,3,4,39.76,0.44,0.025,39.785
Shadowing,String-9_Panel-16,Critical,3,Reinstall Module,Replace Panel Section,543,Rainy,2023-06-13 09:00:00,9,16,205.9,2.86,0.168,206.068
Open Circuit,String-2_Panel-16,Medium,8,Replace Connector,Replace Panel Section,755,Cloudy,2023-06-13 10:00:00,2,16,75.94,1.03,0.055,75.995
Shadowing,String-3_Panel-1,Medium,14,Remove Obstruction,Remove Obstruction,901,Rainy,2023-06-13 11:00:00,3,1,49.52,0.39,0.018,49.538000000000004
Open Circuit,String-10_Panel-5,High,12,Replace Wiring,Replace Panel Section,283,Cloudy,2023-06-13 14:00:00,10,5,165.35,2.06,0.098,165.448
Hotspot,String-8_Panel-2,High,13,Replace Panel Section,Replace Panel Section,686,Rainy,2023-06-13 15:00:00,8,2,380.61,3.4,0.146,380.75600000000003
Open Circuit,String-9_Panel-7,Low,4,Tighten Connection,Replace Panel Section,428,Sunny,2023-06-13 15:00:00,9,7,36.68,0.44,0.023,36.703
Open Circuit,String-5_Panel-9,High,12,Replace Wiring,Clean Panel,916,Sunny,2023-06-13 16:00:00,5,9,157.63,2.31,0.121,157.751
Hotspot,String-10_Panel-6,Medium,6,Inspect Cells,Replace Panel Section,424,Cloudy,2023-06-13 16:00:00,10,6,78.13,1.06,0.055,78.185
Hotspot,String-8_Panel-11,High,9,Replace Module,Replace Panel Section,743,Rainy,2023-06-13 18:00:00,8,11,530.0,6.2,0.318,530.318
Hotspot,String-1_Panel-17,Critical,6,Replace Module,Replace Module,283,Cloudy,2023-06-13 18:00:00,1,17,524.08,5.87,0.384,524.464
Hotspot,String-2_Panel-1,High,3,Replace Panel Section,Tighten Connection,817,Sunny,2023-06-13 18:00:00,2,1,377.05,4.09,0.245,377.295
Short Circuit,String-2_Panel-1,High,13,Replace Module,Replace Wiring,833,Cloudy,2023-06-13 19:00:00,2,1,530.64,5.53,0.356,530.996
Open Circuit,String-10_Panel-16,Medium,3,Replace Connector,Replace Panel Section,791,Cloudy,2023-06-13 22:00:00,10,16,93.18,0.95,0.062,93.242
Short Circuit,String-6_Panel-12,Medium,10,Replace Fuse,Replace Module,948,Cloudy,2023-06-13 22:00:00,6,12,60.09,0.44,0.02,60.11000000000001
Short Circuit,String-6_Panel-18,High,3,Replace Wiring,Replace Wiring,534,Rainy,2023-06-13 23:00:00,6,18,152.84,2.23,0.124,152.964
Hotspot,String-6_Panel-8,Low,3,Clean Panel,Clean Panel,351,Cloudy,2023-06-13 23:00:00,6,8,29.74,0.28,0.018,29.758
Open Circuit,String-7_Panel-2,Critical,14,Replace Module,Replace Module,494,Rainy,2023-06-13 23:00:00,7,2,535.11,6.35,0.405,535.515
Shadowing,String-10_Panel-1,Low,3,Remove Obstruction,Clean Panel,354,Cloudy,2023-06-14 00:00:00,10,1,49.64,0.56,0.036,49.676
Hotspot,String-6_Panel-19,Critical,8,Replace Panel Section,Replace Module,752,Sunny,2023-06-14 00:00:00,6,19,383.47,4.37,0.229,383.699
Short Circuit,String-5_Panel-18,Critical,13,Replace Module,Replace Module,315,Sunny,2023-06-14 00:00:00,5,18,527.71,6.56,0.418,528.128
Open Circuit,String-7_Panel-9,Critical,7,Replace Module,Clean Panel,470,Sunny,2023-06-14 01:00:00,7,9,457.8,5.25,0.274,458.074
Short Circuit,String-5_Panel-13,Critical,3,Replace Module,Replace Module,595,Cloudy,2023-06-14 02:00:00,5,13,447.01,4.96,0.214,447.224
Shadowing,String-10_Panel-15,High,6,Adjust Tilt,Replace Connector,772,Cloudy,2023-06-14 02:00:00,10,15,117.86,1.83,0.095,117.955
Hotspot,String-2_Panel-2,Medium,14,Inspect Cells,Replace Fuse,553,Cloudy,2023-06-14 02:00:00,2,2,75.0,1.06,0.062,75.062
Hotspot,String-7_Panel-2,Medium,13,Inspect Cells,Inspect Cells,483,Sunny,2023-06-14 06:00:00,7,2,81.36,1.04,0.066,81.426
Hotspot,String-3_Panel-17,High,2,Replace Module,Replace Panel Section,645,Cloudy,2023-06-14 12:00:00,3,17,490.69,4.57,0.264,490.954
Short Circuit,String-4_Panel-20,High,14,Replace Module,Replace Wiring,917,Sunny,2023-06-14 13:00:00,4,20,523.29,5.63,0.333,523.6229999999999
Shadowing,String-1_Panel-13,High,10,Adjust Tilt,Adjust Tilt,672,Rainy,2023-06-14 14:00:00,1,13,120.12,2.12,0.134,120.254
Hotspot,String-2_Panel-12,High,8,Replace Panel Section,Reinstall Module,973,Cloudy,2023-06-14 14:00:00,2,12,361.93,4.34,0.274,362.204
Shadowing,String-10_Panel-8,Medium,4,Remove Obstruction,Replace Panel Section,784,Cloudy,2023-06-14 16:00:00,10,8,52.95,0.5,0.026,52.976000000000006
Open Circuit,String-2_Panel-11,Critical,13,Replace Module,Inspect Junction Box,990,Rainy,2023-06-14 16:00:00,2,11,573.93,5.35,0.225,574.155
Short Circuit,String-2_Panel-6,Medium,4,Replace Fuse,Replace Module,659,Rainy,2023-06-14 17:00:00,2,6,65.71,0.52,0.023,65.73299999999999
Hotspot,String-3_Panel-8,Critical,11,Replace Module,Remove Obstruction,560,Rainy,2023-06-14 17:00:00,3,8,449.02,4.37,0.261,449.281
Open Circuit,String-9_Panel-1,Medium,9,Inspect Junction Box,Replace Connector,664,Sunny,2023-06-14 17:00:00,9,1,71.73,0.93,0.06,71.79
Shadowing,String-6_Panel-15,High,11,Reinstall Module,Reinstall Module,666,Rainy,2023-06-14 20:00:00,6,15,184.84,2.88,0.186,185.026
Short Circuit,String-10_Panel-14,High,11,Replace Module,Replace Wiring,796,Cloudy,2023-06-14 21:00:00,10,14,461.21,4.48,0.2,461.40999999999997
Shadowing,String-6_Panel-17,Medium,1,Remove Obstruction,Inspect Cells,817,Cloudy,2023-06-14 23:00:00,6,17,54.09,0.44,0.026,54.11600000000001
Hotspot,String-4_Panel-7,High,4,Replace Module,Replace Panel Section,786,Sunny,2023-06-14 23:00:00,4,7,559.8,6.01,0.259,560.059
Hotspot,String-1_Panel-12,High,5,Replace Module,Replace Connector,956,Cloudy,2023-06-15 00:00:00,1,12,525.53,5.7,0.335,525.865
Shadowing,String-10_Panel-5,Medium,4,Remove Obstruction,Remove Obstruction,953,Sunny,2023-06-15 00:00:00,10,5,57.51,0.59,0.028,57.538
Hotspot,String-7_Panel-19,High,12,Replace Module,Replace Panel Section,389,Rainy,2023-06-15 01:00:00,7,19,501.82,6.0,0.277,502.097
Shadowing,String-5_Panel-13,Critical,8,Replace Module,Reinstall Module,325,Sunny,2023-06-15 02:00:00,5,13,448.14,4.74,0.279,448.419
Hotspot,String-1_Panel-19,Low,2,Inspect Cells,Clean Panel,991,Rainy,2023-06-15 03:00:00,1,19,81.2,0.82,0.049,81.24900000000001
Open Circuit,String-7_Panel-3,High,9,Replace Wiring,Replace Module,251,Cloudy,2023-06-15 06:00:00,7,3,154.69,1.8,0.079,154.769
Short Circuit,String-1_Panel-19,Medium,6,Replace Fuse,Replace Fuse,954,Cloudy,2023-06-15 08:00:00,1,19,55.3,0.4,0.019,55.318999999999996
Hotspot,String-10_Panel-13,Critical,10,Replace Module,Remove Obstruction,812,Cloudy,2023-06-15 09:00:00,10,13,536.56,5.76,0.321,536.881
Shadowing,String-8_Panel-2,Low,2,Remove Obstruction,Clean Panel,685,Rainy,2023-06-15 10:00:00,8,2,55.86,0.54,0.03,55.89
Shadowing,String-5_Panel-14,High,6,Adjust Tilt,Replace Module,631,Cloudy,2023-06-15 12:00:00,5,14,114.4,2.01,0.122,114.522
Short Circuit,String-5_Panel-1,Medium,6,Replace Fuse,Inspect Junction Box,352,Cloudy,2023-06-15 12:00:00,5,1,57.36,0.49,0.023,57.383
Shadowing,String-2_Panel-16,Medium,13,Adjust Tilt,Replace Wiring,319,Cloudy,2023-06-15 15:00:00,2,16,123.83,1.68,0.084,123.914
Hotspot,String-3_Panel-19,High,7,Replace Module,Replace Panel Section,348,Rainy,2023-06-15 15:00:00,3,19,532.93,5.85,0.25,533.18
Open Circuit,String-4_Panel-9,High,5,Replace Wiring,Replace Wiring,641,Sunny,2023-06-15 16:00:00,4,9,145.62,1.84,0.097,145.717
Open Circuit,String-10_Panel-5,Low,3,Tighten Connection,Tighten Connection,749,Rainy,2023-06-15 17:00:00,10,5,41.88,0.47,0.025,41.905
Short Circuit,String-4_Panel-14,Low,11,Inspect Junction Box,Inspect Cells,264,Sunny,2023-06-15 17:00:00,4,14,68.98,0.93,0.058,69.03800000000001
Shadowing,String-2_Panel-13,High,10,Remove Obstruction,Adjust Tilt,401,Rainy,2023-06-15 19:00:00,2,13,51.27,0.5,0.029,51.29900000000001
Short Circuit,String-9_Panel-9,Low,12,Inspect Junction Box,Inspect Junction Box,218,Cloudy,2023-06-15 20:00:00,9,9,74.14,0.93,0.046,74.186
Open Circuit,String-9_Panel-13,Critical,12,Replace Module,Inspect Cells,469,Sunny,2023-06-15 20:00:00,9,13,552.14,6.28,0.37,552.51
Shadowing,String-6_Panel-12,Low,4,Clean Panel,Tighten Connection,427,Sunny,2023-06-15 21:00:00,6,12,29.62,0.3,0.015,29.635
Hotspot,String-7_Panel-20,Low,3,Clean Panel,Clean Panel,408,Sunny,2023-06-15 23:00:00,7,20,30.38,0.23,0.011,30.391
Hotspot,String-6_Panel-15,Low,10,Clean Panel,Adjust Tilt,394,Sunny,2023-06-15 23:00:00,6,15,27.66,0.31,0.014,27.674
Short Circuit,String-10_Panel-9,Low,12,Replace Fuse,Inspect Junction Box,353,Rainy,2023-06-15 23:00:00,10,9,55.95,0.38,0.024,55.974000000000004
Short Circuit,String-9_Panel-20,Medium,4,Replace Fuse,Replace Connector,535,Cloudy,2023-06-16 00:00:00,9,20,69.4,0.49,0.029,69.429
Open Circuit,String-1_Panel-19,Critical,3,Replace Module,Adjust Tilt,264,Cloudy,2023-06-16 01:00:00,1,19,554.91,6.02,0.386,555.2959999999999
Short Circuit,String-8_Panel-9,Medium,6,Replace Fuse,Replace Fuse,343,Sunny,2023-06-16 03:00:00,8,9,64.45,0.53,0.03,64.48
Short Circuit,String-7_Panel-3,Low,1,Replace Fuse,Replace Panel Section,536,Sunny,2023-06-16 04:00:00,7,3,59.33,0.48,0.027,59.357
Shadowing,String-6_Panel-12,Medium,10,Remove Obstruction,Remove Obstruction,661,Rainy,2023-06-16 04:00:00,6,12,48.65,0.57,0.033,48.683
Short Circuit,String-8_Panel-1,Medium,8,Replace Fuse,Replace Fuse,727,Cloudy,2023-06-16 04:00:00,8,1,66.88,0.53,0.025,66.905
Hotspot,String-3_Panel-3,Critical,6,Replace Module,Tighten Connection,550,Rainy,2023-06-16 07:00:00,3,3,541.17,5.53,0.316,541.486
Hotspot,String-5_Panel-11,High,12,Replace Panel Section,Inspect Cells,483,Cloudy,2023-06-16 08:00:00,5,11,307.54,3.94,0.186,307.726
Short Circuit,String-1_Panel-6,Medium,5,Replace Wiring,Replace Module,686,Rainy,2023-06-16 09:00:00,1,6,156.22,1.73,0.077,156.297
Short Circuit,String-6_Panel-17,Medium,13,Replace Fuse,Replace Fuse,657,Cloudy,2023-06-16 09:00:00,6,17,61.3,0.52,0.033,61.333
Open Circuit,String-7_Panel-18,Low,13,Tighten Connection,Tighten Connection,914,Sunny,2023-06-16 09:00:00,7,18,45.09,0.55,0.036,45.126000000000005
Short Circuit,String-2_Panel-1,Medium,5,Replace Fuse,Clean Panel,707,Sunny,2023-06-16 09:00:00,2,1,56.53,0.49,0.03,56.56
Open Circuit,String-4_Panel-6,Critical,12,Reinstall Module,Replace Module,971,Rainy,2023-06-16 09:00:00,4,6,220.1,3.35,0.212,220.31199999999998
Shadowing,String-3_Panel-3,Medium,10,Remove Obstruction,Remove Obstruction,702,Cloudy,2023-06-16 10:00:00,3,3,52.71,0.55,0.03,52.74
Short Circuit,String-5_Panel-4,Low,3,Inspect Junction Box,Replace Module,805,Sunny,2023-06-16 10:00:00,5,4,72.25,1.07,0.046,72.296
Shadowing,String-6_Panel-6,High,12,Remove Obstruction,Replace Fuse,258,Sunny,2023-06-16 10:00:00,6,6,46.88,0.46,0.024,46.904
Shadowing,String-2_Panel-5,Critical,3,Reinstall Module,Reinstall Module,490,Sunny,2023-06-16 12:00:00,2,5,188.69,2.47,0.144,188.834
Shadowing,String-9_Panel-7,Medium,13,Remove Obstruction,Inspect Junction Box,229,Sunny,2023-06-16 12:00:00,9,7,51.39,0.42,0.019,51.409
Hotspot,String-3_Panel-16,Low,6,Inspect Cells,Inspect Junction Box,805,Rainy,2023-06-16 14:00:00,3,16,83.75,1.02,0.066,83.816
Short Circuit,String-6_Panel-17,Critical,8,Replace Module,Replace Module,892,Cloudy,2023-06-16 18:00:00,6,17,463.67,6.37,0.379,464.04900000000004
Short Circuit,String-6_Panel-9,Critical,3,Replace Module,Replace Module,921,Rainy,2023-06-16 18:00:00,6,9,510.32,5.77,0.262,510.582
Hotspot,String-8_Panel-16,Medium,5,Inspect Cells,Inspect Cells,288,Cloudy,2023-06-16 19:00:00,8,16,86.72,1.19,0.078,86.798
Shadowing,String-7_Panel-15,Critical,6,Reinstall Module,Adjust Tilt,932,Rainy,2023-06-16 19:00:00,7,15,214.03,2.1,0.1,214.13
Short Circuit,String-4_Panel-8,High,13,Replace Module,Replace Connector,531,Cloudy,2023-06-16 21:00:00,4,8,435.02,7.75,0.446,435.466
Hotspot,String-3_Panel-3,Critical,13,Replace Module,Replace Module,240,Rainy,2023-06-16 22:00:00,3,3,573.68,6.78,0.33,574.01
Short Circuit,String-1_Panel-3,Medium,12,Replace Fuse,Inspect Junction Box,329,Rainy,2023-06-16 22:00:00,1,3,58.27,0.45,0.024,58.294000000000004
Open Circuit,String-10_Panel-8,Medium,12,Replace Connector,Replace Connector,583,Sunny,2023-06-16 23:00:00,10,8,86.95,0.9,0.045,86.995
Hotspot,String-2_Panel-4,Low,8,Inspect Cells,Replace Fuse,806,Sunny,2023-06-16 23:00:00,2,4,78.9,0.96,0.055,78.95500000000001
Hotspot,String-2_Panel-9,Medium,9,Inspect Cells,Inspect Cells,355,Cloudy,2023-06-17 00:00:00,2,9,80.63,0.94,0.062,80.692
Shadowing,String-9_Panel-1,Critical,7,Reinstall Module,Replace Wiring,753,Sunny,2023-06-17 00:00:00,9,1,196.73,2.87,0.13,196.85999999999999
Short Circuit,String-10_Panel-8,Medium,9,Replace Fuse,Replace Fuse,738,Sunny,2023-06-17 01:00:00,10,8,62.18,0.44,0.021,62.201
Shadowing,String-7_Panel-15,High,6,Adjust Tilt,Inspect Junction Box,639,Rainy,2023-06-17 02:00:00,7,15,122.46,1.57,0.093,122.553
Shadowing,String-6_Panel-16,Critical,1,Reinstall Module,Inspect Junction Box,776,Sunny,2023-06-17 04:00:00,6,16,223.37,2.71,0.174,223.544
Hotspot,String-5_Panel-3,High,14,Replace Panel Section,Replace Panel Section,383,Rainy,2023-06-17 05:00:00,5,3,325.84,3.32,0.158,325.998
Short Circuit,String-4_Panel-8,Medium,6,Replace Fuse,Replace Fuse,586,Cloudy,2023-06-17 05:00:00,4,8,57.75,0.6,0.039,57.789
Shadowing,String-10_Panel-13,Medium,4,Remove Obstruction,Remove Obstruction,392,Sunny,2023-06-17 05:00:00,10,13,49.55,0.58,0.029,49.579
Short Circuit,String-7_Panel-12,Low,6,Inspect Junction Box,Replace Fuse,943,Cloudy,2023-06-17 06:00:00,7,12,71.52,1.13,0.049,71.569
Short Circuit,String-8_Panel-8,Low,13,Replace Fuse,Replace Connector,705,Rainy,2023-06-17 06:00:00,8,8,53.94,0.41,0.021,53.961
Shadowing,String-8_Panel-12,Low,3,Clean Panel,Clean Panel,572,Sunny,2023-06-17 06:00:00,8,12,30.93,0.34,0.018,30.948
Open Circuit,String-7_Panel-4,Low,14,Tighten Connection,Tighten Connection,255,Cloudy,2023-06-17 08:00:00,7,4,35.42,0.36,0.024,35.444
Open Circuit,String-10_Panel-12,Critical,6,Replace Module,Replace Module,565,Rainy,2023-06-17 08:00:00,10,12,541.92,6.1,0.337,542.257
Hotspot,String-7_Panel-3,Critical,13,Replace Module,Replace Module,742,Cloudy,2023-06-17 09:00:00,7,3,460.46,5.43,0.256,460.71599999999995
Short Circuit,String-6_Panel-1,Medium,6,Replace Fuse,Replace Fuse,982,Rainy,2023-06-17 09:00:00,6,1,63.16,0.45,0.028,63.187999999999995
Hotspot,String-9_Panel-11,Low,7,Inspect Cells,Remove Obstruction,945,Rainy,2023-06-17 10:00:00,9,11,81.49,0.96,0.057,81.547
Hotspot,String-1_Panel-17,Medium,12,Inspect Cells,Inspect Cells,324,Sunny,2023-06-17 10:00:00,1,17,83.72,0.86,0.054,83.774
Shadowing,String-10_Panel-2,Low,9,Remove Obstruction,Clean Panel,296,Rainy,2023-06-17 11:00:00,10,2,51.06,0.42,0.024,51.084
Shadowing,String-5_Panel-15,High,8,Remove Obstruction,Tighten Connection,400,Sunny,2023-06-17 11:00:00,5,15,54.84,0.51,0.033,54.873000000000005
Open Circuit,String-1_Panel-20,High,13,Inspect Junction Box,Replace Wiring,327,Rainy,2023-06-17 12:00:00,1,20,67.04,0.8,0.051,67.09100000000001
Shadowing,String-3_Panel-3,High,1,Adjust Tilt,Clean Panel,574,Cloudy,2023-06-17 14:00:00,3,3,122.98,1.78,0.08,123.06
Open Circuit,String-7_Panel-4,Critical,11,Replace Module,Inspect Cells,837,Cloudy,2023-06-17 14:00:00,7,4,552.96,4.71,0.207,553.167
Open Circuit,String-9_Panel-11,High,14,Replace Wiring,Tighten Connection,638,Cloudy,2023-06-17 14:00:00,9,11,138.19,2.38,0.119,138.309
Shadowing,String-2_Panel-17,Low,12,Remove Obstruction,Clean Panel,329,Cloudy,2023-06-17 15:00:00,2,17,56.49,0.5,0.029,56.519000000000005
Open Circuit,String-5_Panel-6,Low,1,Tighten Connection,Replace Connector,873,Sunny,2023-06-17 18:00:00,5,6,36.01,0.52,0.028,36.038
Shadowing,String-5_Panel-7,Critical,13,Replace Module,Replace Wiring,537,Sunny,2023-06-17 18:00:00,5,7,510.24,7.16,0.31,510.55
Short Circuit,String-2_Panel-15,High,9,Replace Wiring,Replace Wiring,687,Sunny,2023-06-17 18:00:00,2,15,165.97,1.62,0.076,166.046
Hotspot,String-1_Panel-3,Medium,3,Inspect Cells,Inspect Cells,503,Cloudy,2023-06-17 19:00:00,1,3,82.46,1.08,0.06,82.52
Hotspot,String-1_Panel-3,Critical,12,Replace Module,Replace Wiring,259,Cloudy,2023-06-17 20:00:00,1,3,499.31,6.59,0.291,499.601
Hotspot,String-4_Panel-16,High,14,Replace Module,Replace Panel Section,597,Sunny,2023-06-17 21:00:00,4,16,490.33,5.5,0.248,490.578
Hotspot,String-4_Panel-12,High,14,Replace Module,Remove Obstruction,986,Rainy,2023-06-17 22:00:00,4,12,515.2,7.0,0.415,515.615
Short Circuit,String-8_Panel-14,Low,6,Inspect Junction Box,Reinstall Module,886,Cloudy,2023-06-18 00:00:00,8,14,69.61,1.07,0.051,69.661
Open Circuit,String-3_Panel-5,Critical,6,Reinstall Module,Replace Module,378,Sunny,2023-06-18 00:00:00,3,5,190.16,3.1,0.195,190.355
Shadowing,String-5_Panel-2,High,8,Remove Obstruction,Adjust Tilt,294,Sunny,2023-06-18 01:00:00,5,2,50.8,0.59,0.035,50.834999999999994
Short Circuit,String-9_Panel-16,High,7,Replace Module,Remove Obstruction,908,Sunny,2023-06-18 03:00:00,9,16,499.69,5.9,0.347,500.037
Open Circuit,String-8_Panel-4,Medium,1,Replace Connector,Replace Connector,645,Cloudy,2023-06-18 04:00:00,8,4,86.77,1.18,0.063,86.833
Short Circuit,String-8_Panel-13,Critical,1,Replace Module,Replace Module,905,Sunny,2023-06-18 04:00:00,8,13,533.15,6.53,0.377,533.5269999999999
Shadowing,String-2_Panel-9,Critical,4,Reinstall Module,Inspect Cells,795,Rainy,2023-06-18 04:00:00,2,9,191.38,2.97,0.139,191.519
Hotspot,String-2_Panel-20,Low,7,Inspect Cells,Inspect Junction Box,578,Rainy,2023-06-18 06:00:00,2,20,81.6,0.87,0.044,81.64399999999999
Shadowing,String-4_Panel-4,Low,7,Clean Panel,Replace Wiring,805,Sunny,2023-06-18 06:00:00,4,4,30.96,0.34,0.016,30.976
Open Circuit,String-6_Panel-19,High,2,Replace Wiring,Replace Wiring,536,Sunny,2023-06-18 09:00:00,6,19,176.16,2.27,0.105,176.265
Open Circuit,String-7_Panel-2,Low,12,Tighten Connection,Tighten Connection,984,Rainy,2023-06-18 09:00:00,7,2,41.5,0.47,0.026,41.526
Short Circuit,String-3_Panel-5,Low,10,Replace Fuse,Replace Fuse,938,Rainy,2023-06-18 10:00:00,3,5,53.22,0.48,0.024,53.244
Open Circuit,String-3_Panel-13,High,1,Replace Wiring,Replace Wiring,221,Rainy,2023-06-18 10:00:00,3,13,149.21,1.74,0.103,149.31300000000002
Open Circuit,String-9_Panel-14,Low,11,Replace Wiring,Adjust Tilt,572,Cloudy,2023-06-18 11:00:00,9,14,175.34,2.08,0.124,175.464
Shadowing,String-10_Panel-4,High,6,Adjust Tilt,Adjust Tilt,967,Sunny,2023-06-18 11:00:00,10,4,124.43,2.53,0.164,124.59400000000001
Shadowing,String-3_Panel-7,Critical,13,Replace Module,Replace Connector,898,Rainy,2023-06-18 14:00:00,3,7,404.06,7.91,0.374,404.434
Open Circuit,String-9_Panel-17,High,2,Replace Wiring,Reinstall Module,507,Cloudy,2023-06-18 14:00:00,9,17,147.53,1.73,0.101,147.631
Short Circuit,String-10_Panel-17,Critical,9,Replace Module,Replace Module,765,Sunny,2023-06-18 14:00:00,10,17,531.83,4.51,0.244,532.0740000000001
Shadowing,String-5_Panel-5,High,9,Adjust Tilt,Replace Wiring,414,Cloudy,2023-06-18 19:00:00,5,5,131.01,1.8,0.102,131.112
Hotspot,String-5_Panel-12,Critical,13,Replace Module,Inspect Cells,369,Rainy,2023-06-18 20:00:00,5,12,514.2,5.76,0.317,514.517
Hotspot,String-4_Panel-3,Medium,13,Inspect Cells,Inspect Cells,639,Sunny,2023-06-18 21:00:00,4,3,76.92,1.06,0.054,76.974
Open Circuit,String-4_Panel-19,Low,14,Tighten Connection,Tighten Connection,857,Rainy,2023-06-18 22:00:00,4,19,36.59,0.44,0.028,36.618
Short Circuit,String-1_Panel-8,Critical,7,Replace Module,Replace Module,570,Cloudy,2023-06-18 22:00:00,1,8,479.86,6.13,0.311,480.171
Shadowing,String-4_Panel-9,Critical,3,Reinstall Module,Inspect Cells,819,Sunny,2023-06-18 23:00:00,4,9,199.04,2.56,0.157,199.197
Shadowing,String-2_Panel-15,Critical,14,Replace Module,Reinstall Module,910,Cloudy,2023-06-19 01:00:00,2,15,512.61,5.89,0.252,512.862
Short Circuit,String-6_Panel-20,Critical,2,Replace Module,Clean Panel,929,Cloudy,2023-06-19 01:00:00,6,20,548.75,6.03,0.33,549.08
Open Circuit,String-7_Panel-9,Low,10,Tighten Connection,Replace Panel Section,802,Cloudy,2023-06-19 02:00:00,7,9,41.03,0.62,0.029,41.059000000000005
Hotspot,String-7_Panel-10,Medium,13,Replace Panel Section,Tighten Connection,956,Sunny,2023-06-19 02:00:00,7,10,341.34,4.06,0.189,341.529
Shadowing,String-9_Panel-15,High,1,Adjust Tilt,Tighten Connection,679,Sunny,2023-06-19 03:00:00,9,15,130.82,2.03,0.12,130.94
Hotspot,String-1_Panel-14,Medium,5,Inspect Cells,Replace Panel Section,753,Rainy,2023-06-19 03:00:00,1,14,83.35,0.88,0.055,83.405
Open Circuit,String-2_Panel-3,Low,9,Tighten Connection,Reinstall Module,919,Cloudy,2023-06-19 03:00:00,2,3,42.19,0.51,0.025,42.214999999999996
Shadowing,String-8_Panel-1,Low,4,Remove Obstruction,Replace Panel Section,301,Cloudy,2023-06-19 04:00:00,8,1,46.16,0.5,0.028,46.187999999999995
Open Circuit,String-9_Panel-16,Low,4,Tighten Connection,Replace Connector,897,Rainy,2023-06-19 05:00:00,9,16,33.18,0.42,0.026,33.206
Shadowing,String-8_Panel-16,Low,11,Clean Panel,Replace Connector,339,Sunny,2023-06-19 06:00:00,8,16,27.86,0.31,0.019,27.878999999999998
Short Circuit,String-5_Panel-3,Critical,10,Replace Module,Replace Module,377,Cloudy,2023-06-19 08:00:00,5,3,514.66,7.01,0.389,515.049
Hotspot,String-1_Panel-3,Medium,2,Inspect Cells,Inspect Cells,931,Cloudy,2023-06-19 08:00:00,1,3,84.08,0.99,0.062,84.142
Short Circuit,String-4_Panel-4,High,8,Replace Wiring,Replace Wiring,855,Cloudy,2023-06-19 10:00:00,4,4,151.27,2.03,0.109,151.37900000000002
Hotspot,String-10_Panel-14,Low,7,Clean Panel,Replace Fuse,475,Rainy,2023-06-19 10:00:00,10,14,27.84,0.34,0.019,27.858999999999998
Shadowing,String-10_Panel-13,High,14,Adjust Tilt,Adjust Tilt,981,Sunny,2023-06-19 10:00:00,10,13,132.89,2.12,0.103,132.993
Open Circuit,String-1_Panel-13,Critical,5,Replace Module,Replace Wiring,393,Cloudy,2023-06-19 11:00:00,1,13,485.39,7.37,0.439,485.829
Hotspot,String-2_Panel-16,Low,11,Clean Panel,Inspect Cells,283,Rainy,2023-06-19 12:00:00,2,16,29.71,0.3,0.017,29.727
Shadowing,String-8_Panel-18,Medium,14,Remove Obstruction,Remove Obstruction,345,Rainy,2023-06-19 12:00:00,8,18,50.54,0.46,0.022,50.562
Shadowing,String-4_Panel-11,Low,10,Remove Obstruction,Clean Panel,555,Rainy,2023-06-19 13:00:00,4,11,57.24,0.49,0.022,57.262
Short Circuit,String-8_Panel-6,High,1,Replace Wiring,Replace Wiring,408,Cloudy,2023-06-19 13:00:00,8,6,133.6,2.03,0.131,133.731
Short Circuit,String-3_Panel-12,Low,7,Inspect Junction Box,Clean Panel,643,Rainy,2023-06-19 14:00:00,3,12,71.38,0.81,0.035,71.41499999999999
Hotspot,String-9_Panel-7,Low,1,Inspect Cells,Replace Module,972,Cloudy,2023-06-19 14:00:00,9,7,77.79,1.01,0.064,77.854
Shadowing,String-2_Panel-14,Medium,2,Remove Obstruction,Replace Module,573,Rainy,2023-06-19 15:00:00,2,14,56.87,0.51,0.032,56.901999999999994
Hotspot,String-6_Panel-6,Medium,8,Inspect Cells,Replace Module,575,Sunny,2023-06-19 15:00:00,6,6,88.81,1.17,0.074,88.884
Open Circuit,String-6_Panel-2,High,9,Replace Wiring,Replace Wiring,901,Sunny,2023-06-19 16:00:00,6,2,154.15,2.29,0.144,154.294
Shadowing,String-2_Panel-12,High,13,Adjust Tilt,Adjust Tilt,907,Sunny,2023-06-19 17:00:00,2,12,125.1,1.92,0.099,125.199
Hotspot,String-7_Panel-11,Low,12,Clean Panel,Inspect Cells,495,Rainy,2023-06-19 17:00:00,7,11,32.73,0.35,0.019,32.748999999999995
Open Circuit,String-6_Panel-16,Medium,2,Replace Module,Reinstall Module,900,Rainy,2023-06-19 18:00:00,6,16,489.06,5.35,0.278,489.338
Shadowing,String-5_Panel-12,Medium,8,Remove Obstruction,Remove Obstruction,866,Rainy,2023-06-19 19:00:00,5,12,46.28,0.55,0.024,46.304
Hotspot,String-5_Panel-10,Medium,5,Inspect Cells,Clean Panel,821,Cloudy,2023-06-19 20:00:00,5,10,81.29,1.19,0.062,81.352
Open Circuit,String-7_Panel-6,Low,9,Replace Connector,Clean Panel,227,Cloudy,2023-06-19 20:00:00,7,6,101.95,1.04,0.058,102.00800000000001
Hotspot,String-3_Panel-4,Medium,1,Inspect Cells,Replace Module,411,Rainy,2023-06-19 20:00:00,3,4,95.82,1.12,0.054,95.874
Shadowing,String-7_Panel-20,Low,12,Remove Obstruction,Clean Panel,470,Rainy,2023-06-19 22:00:00,7,20,46.14,0.41,0.023,46.163000000000004
Hotspot,String-3_Panel-15,Critical,12,Replace Module,Inspect Cells,413,Sunny,2023-06-19 23:00:00,3,15,481.59,5.09,0.272,481.86199999999997
Hotspot,String-4_Panel-8,High,14,Replace Panel Section,Replace Panel Section,870,Rainy,2023-06-20 01:00:00,4,8,278.07,3.53,0.174,278.24399999999997
Open Circuit,String-2_Panel-5,Medium,5,Replace Connector,Inspect Junction Box,380,Sunny,2023-06-20 02:00:00,2,5,93.34,0.95,0.043,93.38300000000001
Short Circuit,String-10_Panel-15,Low,7,Inspect Junction Box,Replace Fuse,801,Cloudy,2023-06-20 02:00:00,10,15,67.52,0.99,0.055,67.575
Open Circuit,String-8_Panel-3,Critical,3,Replace Module,Replace Module,873,Cloudy,2023-06-20 03:00:00,8,3,495.86,5.56,0.358,496.218
Open Circuit,String-2_Panel-4,Medium,9,Replace Wiring,Clean Panel,247,Rainy,2023-06-20 05:00:00,2,4,162.53,2.18,0.114,162.644
Open Circuit,String-10_Panel-13,Medium,14,Replace Connector,Replace Connector,531,Rainy,2023-06-20 05:00:00,10,13,81.4,0.98,0.053,81.453
Hotspot,String-1_Panel-6,High,7,Replace Panel Section,Clean Panel,247,Sunny,2023-06-20 08:00:00,1,6,293.69,3.92,0.166,293.856
Hotspot,String-8_Panel-20,High,6,Replace Module,Replace Fuse,353,Sunny,2023-06-20 08:00:00,8,20,515.48,5.67,0.253,515.7330000000001
Hotspot,String-6_Panel-7,Low,11,Inspect Cells,Replace Module,898,Sunny,2023-06-20 09:00:00,6,7,88.09,1.1,0.061,88.15100000000001
Open Circuit,String-1_Panel-12,Low,7,Tighten Connection,Replace Wiring,209,Cloudy,2023-06-20 09:00:00,1,12,42.86,0.6,0.032,42.891999999999996
Hotspot,String-8_Panel-5,High,4,Replace Panel Section,Replace Panel Section,432,Sunny,2023-06-20 11:00:00,8,5,379.51,4.58,0.211,379.721
Hotspot,String-2_Panel-20,Critical,2,Replace Module,Reinstall Module,781,Sunny,2023-06-20 12:00:00,2,20,555.25,6.51,0.41,555.66
Open Circuit,String-6_Panel-2,Critical,13,Replace Module,Remove Obstruction,304,Cloudy,2023-06-20 12:00:00,6,2,500.25,5.3,0.228,500.478
Shadowing,String-8_Panel-5,Critical,10,Replace Module,Replace Panel Section,658,Rainy,2023-06-20 12:00:00,8,5,491.67,6.37,0.329,491.999
Open Circuit,String-5_Panel-20,Low,8,Tighten Connection,Replace Module,612,Sunny,2023-06-20 12:00:00,5,20,41.53,0.42,0.021,41.551
Open Circuit,String-7_Panel-10,Critical,2,Replace Module,Replace Module,305,Rainy,2023-06-20 12:00:00,7,10,528.57,6.11,0.272,528.8420000000001
Hotspot,String-8_Panel-12,High,13,Replace Panel Section,Adjust Tilt,268,Cloudy,2023-06-20 13:00:00,8,12,310.21,4.16,0.201,310.411
Short Circuit,String-6_Panel-6,High,11,Replace Wiring,Replace Wiring,817,Rainy,2023-06-20 14:00:00,6,6,152.38,2.53,0.131,152.511
Hotspot,String-4_Panel-17,Low,1,Clean Panel,Clean Panel,486,Rainy,2023-06-20 16:00:00,4,17,28.64,0.37,0.022,28.662
Hotspot,String-9_Panel-13,Medium,13,Inspect Cells,Inspect Junction Box,436,Sunny,2023-06-20 16:00:00,9,13,74.08,0.91,0.048,74.128
Open Circuit,String-10_Panel-17,Critical,14,Replace Module,Inspect Junction Box,205,Sunny,2023-06-20 17:00:00,10,17,445.12,5.74,0.294,445.414
Short Circuit,String-1_Panel-1,Medium,14,Replace Fuse,Replace Fuse,571,Cloudy,2023-06-20 17:00:00,1,1,65.67,0.54,0.031,65.70100000000001
Short Circuit,String-10_Panel-11,Medium,12,Replace Fuse,Replace Fuse,608,Sunny,2023-06-20 20:00:00,10,11,55.71,0.55,0.029,55.739000000000004
Hotspot,String-1_Panel-9,Critical,3,Replace Panel Section,Replace Fuse,365,Sunny,2023-06-20 20:00:00,1,9,330.1,4.2,0.197,330.297
Short Circuit,String-6_Panel-5,Critical,11,Replace Wiring,Clean Panel,281,Rainy,2023-06-21 01:00:00,6,5,162.65,2.43,0.155,162.805
Hotspot,String-5_Panel-12,Low,5,Clean Panel,Clean Panel,216,Rainy,2023-06-21 05:00:00,5,12,28.57,0.29,0.013,28.583000000000002
Short Circuit,String-3_Panel-6,Medium,11,Replace Fuse,Inspect Junction Box,908,Rainy,2023-06-21 05:00:00,3,6,58.27,0.54,0.03,58.300000000000004
Open Circuit,String-7_Panel-1,High,10,Replace Wiring,Replace Panel Section,711,Rainy,2023-06-21 06:00:00,7,1,162.05,2.09,0.097,162.14700000000002
Hotspot,String-5_Panel-6,High,4,Replace Panel Section,Replace Connector,453,Rainy,2023-06-21 08:00:00,5,6,307.18,3.73,0.158,307.338
Short Circuit,String-9_Panel-4,Low,14,Replace Connector,Replace Panel Section,805,Cloudy,2023-06-21 09:00:00,9,4,102.92,1.23,0.065,102.985
Short Circuit,String-7_Panel-2,Critical,10,Replace Module,Replace Module,445,Cloudy,2023-06-21 09:00:00,7,2,524.94,5.02,0.266,525.206
Open Circuit,String-1_Panel-6,Low,6,Tighten Connection,Replace Connector,700,Sunny,2023-06-21 10:00:00,1,6,37.47,0.6,0.03,37.5
Short Circuit,String-7_Panel-16,Medium,13,Replace Fuse,Reinstall Module,822,Cloudy,2023-06-21 11:00:00,7,16,61.85,0.45,0.028,61.878
Short Circuit,String-5_Panel-17,High,2,Replace Wiring,Replace Wiring,435,Rainy,2023-06-21 14:00:00,5,17,157.99,2.25,0.101,158.091
Open Circuit,String-6_Panel-9,High,5,Replace Wiring,Replace Module,638,Cloudy,2023-06-21 14:00:00,6,9,159.13,1.84,0.101,159.231
Short Circuit,String-4_Panel-19,High,10,Replace Wiring,Remove Obstruction,558,Sunny,2023-06-21 16:00:00,4,19,162.03,2.08,0.105,162.135
Open Circuit,String-6_Panel-18,Critical,5,Replace Module,Replace Wiring,702,Rainy,2023-06-21 16:00:00,6,18,508.39,6.73,0.403,508.793
Hotspot,String-7_Panel-6,Critical,7,Replace Module,Remove Obstruction,760,Cloudy,2023-06-21 17:00:00,7,6,480.72,6.43,0.4,481.12
Hotspot,String-2_Panel-10,Low,6,Clean Panel,Tighten Connection,238,Cloudy,2023-06-21 19:00:00,2,10,26.51,0.35,0.019,26.529
Short Circuit,String-3_Panel-20,Low,3,Inspect Junction Box,Inspect Junction Box,534,Rainy,2023-06-21 19:00:00,3,20,68.88,0.93,0.039,68.919
Hotspot,String-3_Panel-6,High,6,Replace Panel Section,Replace Panel Section,403,Cloudy,2023-06-21 20:00:00,3,6,297.35,4.34,0.249,297.59900000000005
Short Circuit,String-9_Panel-8,High,2,Replace Wiring,Replace Wiring,651,Sunny,2023-06-21 20:00:00,9,8,161.8,1.85,0.116,161.91600000000003
Hotspot,String-9_Panel-11,Critical,10,Replace Module,Replace Module,970,Cloudy,2023-06-21 20:00:00,9,11,440.77,4.86,0.303,441.073
Hotspot,String-8_Panel-17,Critical,13,Replace Module,Replace Module,436,Rainy,2023-06-21 20:00:00,8,17,539.72,6.25,0.29,540.01
Hotspot,String-4_Panel-3,Critical,12,Replace Module,Replace Module,423,Sunny,2023-06-21 22:00:00,4,3,543.76,6.22,0.392,544.152
Shadowing,String-7_Panel-8,Low,13,Remove Obstruction,Inspect Junction Box,227,Rainy,2023-06-21 22:00:00,7,8,52.4,0.44,0.022,52.422
Hotspot,String-4_Panel-19,Low,14,Clean Panel,Clean Panel,713,Sunny,2023-06-21 23:00:00,4,19,31.59,0.35,0.016,31.605999999999998
Open Circuit,String-2_Panel-12,Medium,3,Replace Connector,Replace Connector,297,Sunny,2023-06-22 00:00:00,2,12,92.38,0.85,0.046,92.426
Open Circuit,String-7_Panel-4,Medium,5,Replace Connector,Replace Connector,640,Cloudy,2023-06-22 00:00:00,7,4,82.67,1.04,0.068,82.738
Hotspot,String-2_Panel-7,Medium,5,Inspect Cells,Reinstall Module,634,Rainy,2023-06-22 02:00:00,2,7,82.07,1.09,0.05,82.11999999999999
Shadowing,String-4_Panel-17,Medium,8,Remove Obstruction,Remove Obstruction,618,Sunny,2023-06-22 03:00:00,4,17,52.05,0.45,0.027,52.077
Short Circuit,String-8_Panel-5,High,6,Replace Wiring,Tighten Connection,334,Cloudy,2023-06-22 04:00:00,8,5,140.77,1.95,0.1,140.87
Shadowing,String-4_Panel-2,Low,6,Clean Panel,Replace Connector,290,Sunny,2023-06-22 05:00:00,4,2,34.43,0.29,0.015,34.445
Hotspot,String-8_Panel-13,Critical,12,Replace Module,Replace Module,981,Sunny,2023-06-22 05:00:00,8,13,578.04,6.32,0.38,578.42
Hotspot,String-9_Panel-3,High,14,Replace Panel Section,Replace Panel Section,427,Cloudy,2023-06-22 06:00:00,9,3,308.81,3.55,0.209,309.019
Shadowing,String-3_Panel-5,Critical,6,Reinstall Module,Reinstall Module,865,Rainy,2023-06-22 07:00:00,3,5,200.83,2.37,0.137,200.967
Shadowing,String-8_Panel-16,Critical,14,Reinstall Module,Inspect Junction Box,821,Sunny,2023-06-22 07:00:00,8,16,219.3,3.06,0.163,219.46300000000002
Open Circuit,String-2_Panel-3,Critical,10,Replace Module,Replace Connector,609,Sunny,2023-06-22 08:00:00,2,3,478.77,5.34,0.333,479.103
Hotspot,String-10_Panel-8,High,6,Replace Panel Section,Replace Panel Section,777,Sunny,2023-06-22 08:00:00,10,8,318.17,3.19,0.138,318.308
Shadowing,String-6_Panel-10,Low,2,Clean Panel,Replace Connector,986,Sunny,2023-06-22 09:00:00,6,10,30.34,0.28,0.015,30.355
Open Circuit,String-9_Panel-19,Low,11,Replace Wiring,Tighten Connection,273,Cloudy,2023-06-22 09:00:00,9,19,137.23,2.26,0.123,137.35299999999998
Hotspot,String-2_Panel-18,Low,1,Clean Panel,Clean Panel,512,Rainy,2023-06-22 10:00:00,2,18,31.15,0.31,0.014,31.163999999999998
Shadowing,String-2_Panel-13,High,6,Remove Obstruction,Reinstall Module,319,Cloudy,2023-06-22 12:00:00,2,13,48.13,0.49,0.032,48.162
Hotspot,String-7_Panel-8,Medium,6,Replace Module,Inspect Cells,942,Rainy,2023-06-22 14:00:00,7,8,578.85,5.12,0.279,579.129
Shadowing,String-7_Panel-3,Medium,10,Remove Obstruction,Remove Obstruction,367,Sunny,2023-06-22 14:00:00,7,3,53.36,0.61,0.039,53.399
Open Circuit,String-8_Panel-1,Medium,7,Replace Wiring,Replace Connector,707,Sunny,2023-06-22 15:00:00,8,1,140.45,2.31,0.146,140.59599999999998
Hotspot,String-6_Panel-14,High,1,Replace Module,Remove Obstruction,557,Cloudy,2023-06-22 15:00:00,6,14,563.45,6.57,0.43,563.88
Shadowing,String-3_Panel-16,High,13,Adjust Tilt,Reinstall Module,627,Sunny,2023-06-22 16:00:00,3,16,125.28,2.24,0.121,125.401
Short Circuit,String-6_Panel-15,Low,10,Inspect Junction Box,Replace Panel Section,799,Sunny,2023-06-22 16:00:00,6,15,68.62,0.81,0.05,68.67
Shadowing,String-9_Panel-19,Critical,10,Replace Module,Replace Connector,533,Rainy,2023-06-22 16:00:00,9,19,528.68,5.34,0.227,528.9069999999999
Hotspot,String-7_Panel-12,Low,3,Clean Panel,Replace Wiring,485,Cloudy,2023-06-22 19:00:00,7,12,30.37,0.28,0.016,30.386
Hotspot,String-9_Panel-17,Critical,11,Replace Wiring,Replace Module,791,Rainy,2023-06-22 21:00:00,9,17,160.23,2.0,0.111,160.34099999999998
Shadowing,String-4_Panel-9,Critical,8,Replace Module,Reinstall Module,302,Cloudy,2023-06-22 22:00:00,4,9,576.14,6.01,0.266,576.406
Open Circuit,String-1_Panel-13,High,2,Replace Wiring,Inspect Junction Box,417,Sunny,2023-06-22 22:00:00,1,13,120.48,2.25,0.112,120.592
Hotspot,String-8_Panel-2,Low,1,Clean Panel,Replace Connector,719,Cloudy,2023-06-23 02:00:00,8,2,30.51,0.33,0.02,30.53
Open Circuit,String-4_Panel-10,Medium,2,Replace Connector,Replace Wiring,619,Cloudy,2023-06-23 03:00:00,4,10,91.4,0.97,0.045,91.44500000000001
Open Circuit,String-4_Panel-8,Medium,4,Replace Wiring,Replace Connector,688,Rainy,2023-06-23 04:00:00,4,8,155.05,2.34,0.134,155.184
Shadowing,String-10_Panel-2,Medium,12,Adjust Tilt,Remove Obstruction,458,Cloudy,2023-06-23 04:00:00,10,2,134.17,2.09,0.117,134.28699999999998
Open Circuit,String-6_Panel-18,Medium,4,Replace Connector,Replace Fuse,327,Sunny,2023-06-23 05:00:00,6,18,107.32,1.2,0.068,107.38799999999999
Open Circuit,String-8_Panel-18,Low,7,Replace Wiring,Adjust Tilt,478,Cloudy,2023-06-23 05:00:00,8,18,140.43,2.53,0.144,140.574
Open Circuit,String-2_Panel-15,Medium,12,Replace Wiring,Replace Fuse,852,Sunny,2023-06-23 05:00:00,2,15,147.27,1.48,0.063,147.333
Hotspot,String-3_Panel-4,Medium,12,Inspect Cells,Replace Module,497,Rainy,2023-06-23 05:00:00,3,4,77.63,1.05,0.056,77.68599999999999
Hotspot,String-8_Panel-8,Medium,2,Inspect Cells,Inspect Cells,330,Cloudy,2023-06-23 06:00:00,8,8,97.22,1.07,0.067,97.28699999999999
Shadowing,String-9_Panel-14,Medium,6,Remove Obstruction,Tighten Connection,546,Sunny,2023-06-23 08:00:00,9,14,45.91,0.59,0.039,45.949
Open Circuit,String-6_Panel-17,Low,12,Tighten Connection,Tighten Connection,316,Rainy,2023-06-23 11:00:00,6,17,40.67,0.46,0.025,40.695
Short Circuit,String-7_Panel-7,Low,10,Inspect Junction Box,Replace Connector,371,Sunny,2023-06-23 12:00:00,7,7,67.11,0.89,0.047,67.157
Short Circuit,String-10_Panel-5,Low,3,Inspect Junction Box,Inspect Junction Box,635,Rainy,2023-06-23 13:00:00,10,5,67.52,1.01,0.056,67.576
Hotspot,String-5_Panel-12,Medium,3,Inspect Cells,Reinstall Module,200,Rainy,2023-06-23 14:00:00,5,12,87.01,1.14,0.061,87.07100000000001
Hotspot,String-10_Panel-2,High,11,Replace Panel Section,Clean Panel,679,Sunny,2023-06-23 14:00:00,10,2,308.92,4.34,0.202,309.122
Open Circuit,String-7_Panel-2,Medium,14,Replace Wiring,Replace Connector,840,Cloudy,2023-06-23 15:00:00,7,2,139.67,2.22,0.135,139.80499999999998
Hotspot,String-3_Panel-12,High,3,Replace Module,Replace Connector,386,Sunny,2023-06-23 15:00:00,3,12,487.66,6.35,0.343,488.00300000000004
Open Circuit,String-10_Panel-6,Critical,9,Replace Panel Section,Tighten Connection,235,Sunny,2023-06-23 17:00:00,10,6,306.61,3.73,0.162,306.772
Hotspot,String-7_Panel-13,Medium,1,Inspect Cells,Reinstall Module,697,Sunny,2023-06-23 17:00:00,7,13,82.31,1.13,0.073,82.383
Short Circuit,String-5_Panel-20,Medium,6,Replace Fuse,Replace Fuse,557,Rainy,2023-06-23 18:00:00,5,20,64.6,0.53,0.027,64.627
Shadowing,String-1_Panel-11,Low,2,Clean Panel,Clean Panel,408,Sunny,2023-06-23 22:00:00,1,11,26.04,0.27,0.017,26.057
Shadowing,String-3_Panel-6,Medium,4,Remove Obstruction,Remove Obstruction,268,Rainy,2023-06-23 23:00:00,3,6,47.01,0.56,0.024,47.034
Hotspot,String-3_Panel-3,Medium,12,Inspect Cells,Inspect Cells,578,Rainy,2023-06-24 01:00:00,3,3,100.04,0.91,0.043,100.08300000000001
Short Circuit,String-2_Panel-17,Low,10,Replace Fuse,Inspect Junction Box,210,Rainy,2023-06-24 01:00:00,2,17,67.64,0.49,0.024,67.664
Hotspot,String-6_Panel-4,High,4,Replace Panel Section,Replace Panel Section,564,Rainy,2023-06-24 02:00:00,6,4,351.76,3.97,0.181,351.941
Short Circuit,String-6_Panel-11,Critical,4,Replace Module,Adjust Tilt,490,Sunny,2023-06-24 03:00:00,6,11,493.9,4.3,0.233,494.133
Hotspot,String-2_Panel-19,High,6,Replace Module,Remove Obstruction,601,Rainy,2023-06-24 04:00:00,2,19,490.47,5.23,0.301,490.771
Hotspot,String-6_Panel-8,High,5,Replace Panel Section,Reinstall Module,834,Sunny,2023-06-24 07:00:00,6,8,282.85,4.39,0.226,283.076
Shadowing,String-3_Panel-5,Low,10,Clean Panel,Clean Panel,674,Sunny,2023-06-24 09:00:00,3,5,29.04,0.3,0.019,29.058999999999997
Hotspot,String-8_Panel-13,Low,5,Inspect Cells,Replace Connector,758,Rainy,2023-06-24 10:00:00,8,13,90.1,1.02,0.05,90.14999999999999
Shadowing,String-8_Panel-7,High,4,Remove Obstruction,Replace Panel Section,487,Cloudy,2023-06-24 11:00:00,8,7,52.01,0.46,0.022,52.032
Hotspot,String-8_Panel-7,Low,8,Clean Panel,Tighten Connection,507,Sunny,2023-06-24 11:00:00,8,7,32.3,0.32,0.02,32.32
Short Circuit,String-4_Panel-2,High,11,Replace Module,Reinstall Module,843,Sunny,2023-06-24 14:00:00,4,2,537.02,6.91,0.367,537.387
Hotspot,String-4_Panel-16,Medium,10,Replace Panel Section,Remove Obstruction,615,Cloudy,2023-06-24 17:00:00,4,16,305.55,3.29,0.155,305.705
Hotspot,String-9_Panel-16,Low,1,Inspect Cells,Inspect Cells,838,Cloudy,2023-06-24 18:00:00,9,16,82.88,1.18,0.059,82.939
Shadowing,String-5_Panel-19,Critical,7,Replace Module,Adjust Tilt,642,Sunny,2023-06-24 18:00:00,5,19,495.19,5.56,0.312,495.502
Hotspot,String-9_Panel-20,Medium,12,Replace Panel Section,Inspect Cells,835,Rainy,2023-06-24 19:00:00,9,20,319.71,3.39,0.15,319.85999999999996
Short Circuit,String-6_Panel-14,High,7,Replace Wiring,Replace Wiring,481,Rainy,2023-06-24 21:00:00,6,14,148.26,2.59,0.115,148.375
Open Circuit,String-6_Panel-12,High,14,Replace Connector,Replace Wiring,397,Rainy,2023-06-24 23:00:00,6,12,101.45,1.17,0.068,101.518
Open Circuit,String-3_Panel-5,Medium,1,Tighten Connection,Replace Connector,218,Rainy,2023-06-24 23:00:00,3,5,38.74,0.44,0.022,38.762
Short Circuit,String-6_Panel-17,Medium,10,Replace Wiring,Replace Fuse,720,Sunny,2023-06-25 03:00:00,6,17,149.99,2.0,0.096,150.086
Open Circuit,String-2_Panel-2,Low,11,Tighten Connection,Clean Panel,293,Sunny,2023-06-25 04:00:00,2,2,47.34,0.48,0.024,47.364000000000004
Open Circuit,String-7_Panel-8,Critical,8,Replace Module,Replace Module,634,Sunny,2023-06-25 04:00:00,7,8,493.95,5.81,0.352,494.30199999999996
Open Circuit,String-6_Panel-4,Low,4,Replace Connector,Tighten Connection,931,Rainy,2023-06-25 04:00:00,6,4,89.98,1.0,0.046,90.02600000000001
Open Circuit,String-5_Panel-8,Medium,13,Replace Wiring,Inspect Cells,839,Rainy,2023-06-25 05:00:00,5,8,152.73,2.17,0.117,152.84699999999998
Shadowing,String-7_Panel-16,High,5,Remove Obstruction,Adjust Tilt,207,Sunny,2023-06-25 05:00:00,7,16,50.93,0.49,0.024,50.954
Hotspot,String-5_Panel-3,High,8,Replace Panel Section,Clean Panel,690,Sunny,2023-06-25 06:00:00,5,3,328.26,3.92,0.227,328.48699999999997
Shadowing,String-2_Panel-2,Critical,10,Replace Module,Reinstall Module,887,Sunny,2023-06-25 06:00:00,2,2,515.46,6.02,0.326,515.7860000000001
Open Circuit,String-7_Panel-15,Medium,10,Replace Connector,Replace Connector,249,Sunny,2023-06-25 06:00:00,7,15,85.98,1.09,0.064,86.044
Shadowing,String-7_Panel-1,High,13,Remove Obstruction,Replace Connector,620,Rainy,2023-06-25 07:00:00,7,1,57.14,0.46,0.023,57.163000000000004
Shadowing,String-1_Panel-8,Critical,3,Reinstall Module,Replace Module,857,Sunny,2023-06-25 08:00:00,1,8,169.45,3.3,0.146,169.59599999999998
Shadowing,String-7_Panel-4,Critical,14,Replace Module,Adjust Tilt,477,Rainy,2023-06-25 09:00:00,7,4,479.05,6.24,0.406,479.456
Open Circuit,String-1_Panel-1,Medium,10,Replace Connector,Replace Fuse,379,Cloudy,2023-06-25 09:00:00,1,1,84.54,0.94,0.053,84.593
Shadowing,String-4_Panel-11,Low,14,Remove Obstruction,Replace Connector,362,Cloudy,2023-06-25 09:00:00,4,11,46.27,0.5,0.023,46.293000000000006
Shadowing,String-6_Panel-9,High,3,Adjust Tilt,Replace Panel Section,738,Rainy,2023-06-25 11:00:00,6,9,127.87,2.2,0.13,128.0
Open Circuit,String-5_Panel-20,Medium,8,Replace Connector,Replace Connector,202,Rainy,2023-06-25 11:00:00,5,20,97.52,0.93,0.043,97.563
Open Circuit,String-5_Panel-9,Critical,10,Replace Wiring,Replace Connector,901,Sunny,2023-06-25 12:00:00,5,9,138.73,2.09,0.112,138.84199999999998
Open Circuit,String-4_Panel-15,Low,1,Tighten Connection,Inspect Junction Box,926,Cloudy,2023-06-25 12:00:00,4,15,40.41,0.47,0.02,40.43
Open Circuit,String-3_Panel-11,Critical,9,Replace Module,Replace Module,330,Sunny,2023-06-25 14:00:00,3,11,458.89,7.04,0.3,459.19
Short Circuit,String-2_Panel-18,Medium,9,Replace Fuse,Tighten Connection,651,Sunny,2023-06-25 15:00:00,2,18,54.97,0.44,0.026,54.996
Hotspot,String-7_Panel-19,Low,8,Clean Panel,Clean Panel,221,Cloudy,2023-06-25 16:00:00,7,19,32.24,0.26,0.015,32.255
Shadowing,String-3_Panel-17,Medium,14,Remove Obstruction,Replace Connector,344,Rainy,2023-06-25 16:00:00,3,17,49.63,0.44,0.027,49.657000000000004
Short Circuit,String-1_Panel-19,Low,13,Inspect Junction Box,Inspect Junction Box,584,Cloudy,2023-06-25 17:00:00,1,19,79.79,0.83,0.051,79.84100000000001
Short Circuit,String-8_Panel-17,Critical,13,Replace Module,Replace Module,644,Cloudy,2023-06-25 17:00:00,8,17,559.63,6.16,0.379,560.009
Shadowing,String-4_Panel-6,Low,11,Remove Obstruction,Clean Panel,219,Cloudy,2023-06-25 18:00:00,4,6,53.86,0.56,0.036,53.896
Short Circuit,String-7_Panel-14,Medium,10,Replace Fuse,Replace Panel Section,486,Rainy,2023-06-25 21:00:00,7,14,57.06,0.47,0.024,57.084
Shadowing,String-7_Panel-9,High,13,Adjust Tilt,Tighten Connection,729,Sunny,2023-06-25 21:00:00,7,9,107.41,2.32,0.138,107.548
Open Circuit,String-10_Panel-2,High,12,Replace Wiring,Adjust Tilt,278,Cloudy,2023-06-25 23:00:00,10,2,147.17,2.09,0.097,147.267
Shadowing,String-3_Panel-19,High,3,Adjust Tilt,Adjust Tilt,977,Rainy,2023-06-25 23:00:00,3,19,138.77,2.37,0.104,138.87400000000002
Short Circuit,String-10_Panel-9,Critical,11,Reinstall Module,Replace Module,467,Sunny,2023-06-25 23:00:00,10,9,194.95,3.18,0.195,195.14499999999998
Short Circuit,String-9_Panel-7,High,13,Replace Module,Replace Wiring,772,Rainy,2023-06-26 00:00:00,9,7,594.16,7.17,0.417,594.577
Open Circuit,String-3_Panel-7,High,9,Replace Wiring,Reinstall Module,458,Rainy,2023-06-26 00:00:00,3,7,148.05,1.82,0.104,148.15400000000002
Short Circuit,String-10_Panel-17,High,9,Replace Module,Adjust Tilt,327,Sunny,2023-06-26 01:00:00,10,17,510.62,6.69,0.42,511.04
Shadowing,String-5_Panel-12,Medium,3,Remove Obstruction,Remove Obstruction,459,Rainy,2023-06-26 02:00:00,5,12,39.53,0.4,0.021,39.551
Open Circuit,String-3_Panel-8,High,12,Replace Wiring,Replace Wiring,467,Rainy,2023-06-26 03:00:00,3,8,142.13,2.04,0.108,142.238
Open Circuit,String-2_Panel-11,Medium,4,Replace Connector,Replace Connector,696,Sunny,2023-06-26 03:00:00,2,11,81.28,0.89,0.05,81.33
Open Circuit,String-10_Panel-13,High,9,Inspect Junction Box,Replace Wiring,265,Rainy,2023-06-26 04:00:00,10,13,66.89,0.93,0.06,66.95
Open Circuit,String-1_Panel-7,Medium,10,Tighten Connection,Tighten Connection,258,Cloudy,2023-06-26 07:00:00,1,7,36.83,0.48,0.021,36.851
Open Circuit,String-5_Panel-6,Medium,3,Replace Wiring,Replace Connector,774,Sunny,2023-06-26 08:00:00,5,6,159.71,1.96,0.122,159.83200000000002
Open Circuit,String-1_Panel-9,Critical,11,Replace Module,Replace Module,606,Rainy,2023-06-26 11:00:00,1,9,472.06,5.96,0.331,472.391
Short Circuit,String-6_Panel-17,Low,11,Inspect Junction Box,Inspect Junction Box,507,Sunny,2023-06-26 13:00:00,6,17,63.13,0.99,0.056,63.186
Shadowing,String-3_Panel-1,High,10,Remove Obstruction,Adjust Tilt,370,Sunny,2023-06-26 14:00:00,3,1,46.59,0.49,0.027,46.617000000000004
Open Circuit,String-9_Panel-2,Medium,1,Replace Connector,Replace Panel Section,555,Sunny,2023-06-26 16:00:00,9,2,79.49,0.91,0.05,79.53999999999999
Short Circuit,String-1_Panel-19,High,8,Replace Wiring,Replace Wiring,814,Cloudy,2023-06-26 16:00:00,1,19,145.13,1.95,0.127,145.257
Short Circuit,String-5_Panel-7,High,6,Replace Wiring,Replace Wiring,492,Rainy,2023-06-26 17:00:00,5,7,142.49,2.12,0.113,142.603
Shadowing,String-5_Panel-11,High,1,Adjust Tilt,Adjust Tilt,743,Rainy,2023-06-26 21:00:00,5,11,116.59,2.07,0.116,116.706
Hotspot,String-8_Panel-4,Critical,5,Replace Module,Replace Fuse,370,Rainy,2023-06-26 21:00:00,8,4,534.21,4.9,0.217,534.427
Short Circuit,String-4_Panel-5,Low,11,Replace Fuse,Adjust Tilt,676,Rainy,2023-06-26 21:00:00,4,5,61.76,0.5,0.025,61.785
Short Circuit,String-10_Panel-17,Critical,13,Replace Module,Replace Module,518,Cloudy,2023-06-26 23:00:00,10,17,506.3,5.56,0.345,506.64500000000004
Shadowing,String-10_Panel-14,High,8,Adjust Tilt,Adjust Tilt,566,Cloudy,2023-06-27 00:00:00,10,14,137.67,1.83,0.116,137.786
Open Circuit,String-8_Panel-7,Medium,10,Inspect Junction Box,Reinstall Module,746,Rainy,2023-06-27 00:00:00,8,7,75.85,0.99,0.061,75.911
Short Circuit,String-5_Panel-13,Critical,14,Replace Module,Replace Module,719,Sunny,2023-06-27 01:00:00,5,13,552.46,5.6,0.275,552.735
Open Circuit,String-1_Panel-8,Low,2,Tighten Connection,Tighten Connection,457,Cloudy,2023-06-27 01:00:00,1,8,39.98,0.43,0.028,40.007999999999996
Short Circuit,String-6_Panel-16,Critical,7,Replace Module,Replace Module,557,Rainy,2023-06-27 02:00:00,6,16,492.86,6.67,0.333,493.19300000000004
Short Circuit,String-8_Panel-18,Medium,10,Replace Fuse,Replace Fuse,604,Rainy,2023-06-27 04:00:00,8,18,63.6,0.53,0.027,63.627
Hotspot,String-7_Panel-16,Medium,14,Clean Panel,Inspect Cells,822,Rainy,2023-06-27 05:00:00,7,16,34.45,0.31,0.015,34.465
Hotspot,String-2_Panel-9,Critical,4,Replace Module,Remove Obstruction,337,Sunny,2023-06-27 05:00:00,2,9,536.96,6.34,0.282,537.2420000000001
Open Circuit,String-6_Panel-16,Low,3,Tighten Connection,Replace Panel Section,957,Sunny,2023-06-27 06:00:00,6,16,37.47,0.44,0.021,37.491
Short Circuit,String-6_Panel-15,High,1,Replace Wiring,Replace Module,476,Sunny,2023-06-27 06:00:00,6,15,169.85,1.48,0.079,169.929
Open Circuit,String-4_Panel-7,Low,14,Tighten Connection,Adjust Tilt,251,Cloudy,2023-06-27 06:00:00,4,7,40.28,0.56,0.031,40.311
Open Circuit,String-5_Panel-18,Low,13,Tighten Connection,Remove Obstruction,527,Rainy,2023-06-27 06:00:00,5,18,44.61,0.51,0.032,44.641999999999996
Hotspot,String-10_Panel-18,Low,7,Clean Panel,Remove Obstruction,253,Cloudy,2023-06-27 06:00:00,10,18,29.75,0.32,0.015,29.765
Short Circuit,String-8_Panel-6,Critical,14,Replace Module,Replace Fuse,638,Rainy,2023-06-27 06:00:00,8,6,547.36,5.95,0.274,547.634
Short Circuit,String-7_Panel-6,Medium,13,Replace Fuse,Replace Fuse,539,Rainy,2023-06-27 08:00:00,7,6,54.79,0.48,0.03,54.82
Open Circuit,String-1_Panel-1,High,4,Replace Wiring,Replace Wiring,291,Rainy,2023-06-27 08:00:00,1,1,126.49,1.81,0.092,126.582
Shadowing,String-8_Panel-4,Low,10,Remove Obstruction,Remove Obstruction,607,Cloudy,2023-06-27 09:00:00,8,4,47.53,0.57,0.034,47.564
Shadowing,String-8_Panel-14,Medium,4,Remove Obstruction,Replace Panel Section,514,Cloudy,2023-06-27 09:00:00,8,14,52.81,0.67,0.032,52.842
Open Circuit,String-1_Panel-11,Critical,11,Replace Module,Replace Module,547,Sunny,2023-06-27 09:00:00,1,11,525.55,6.62,0.41,525.9599999999999
Hotspot,String-10_Panel-4,Low,7,Inspect Cells,Inspect Junction Box,624,Cloudy,2023-06-27 10:00:00,10,4,74.3,1.0,0.058,74.358
Shadowing,String-6_Panel-5,Low,6,Remove Obstruction,Clean Panel,447,Rainy,2023-06-27 10:00:00,6,5,54.38,0.47,0.02,54.400000000000006
Hotspot,String-10_Panel-12,Critical,5,Replace Module,Replace Module,525,Cloudy,2023-06-27 11:00:00,10,12,526.62,5.91,0.373,526.993
Shadowing,String-10_Panel-7,Medium,5,Remove Obstruction,Remove Obstruction,208,Rainy,2023-06-27 11:00:00,10,7,46.58,0.52,0.031,46.611
Shadowing,String-1_Panel-19,High,2,Remove Obstruction,Adjust Tilt,496,Cloudy,2023-06-27 12:00:00,1,19,48.24,0.54,0.035,48.275
Open Circuit,String-4_Panel-16,Low,11,Tighten Connection,Reinstall Module,225,Cloudy,2023-06-27 13:00:00,4,16,42.17,0.44,0.022,42.192
Open Circuit,String-3_Panel-9,Critical,14,Replace Module,Replace Module,413,Sunny,2023-06-27 13:00:00,3,9,482.08,6.07,0.394,482.474
Hotspot,String-2_Panel-16,High,9,Replace Module,Replace Panel Section,591,Sunny,2023-06-27 13:00:00,2,16,573.13,6.56,0.424,573.554
Short Circuit,String-8_Panel-8,Critical,4,Replace Module,Replace Wiring,381,Cloudy,2023-06-27 15:00:00,8,8,563.75,5.81,0.37,564.12
Open Circuit,String-1_Panel-4,Low,13,Tighten Connection,Tighten Connection,919,Cloudy,2023-06-27 16:00:00,1,4,45.57,0.49,0.026,45.596000000000004
Hotspot,String-5_Panel-6,Medium,3,Inspect Cells,Inspect Cells,865,Sunny,2023-06-27 16:00:00,5,6,91.85,1.02,0.051,91.901
Open Circuit,String-3_Panel-13,Low,1,Tighten Connection,Adjust Tilt,602,Sunny,2023-06-27 17:00:00,3,13,40.78,0.5,0.023,40.803000000000004
Hotspot,String-8_Panel-10,Critical,6,Replace Module,Replace Module,670,Cloudy,2023-06-27 17:00:00,8,10,456.0,5.58,0.281,456.281
Open Circuit,String-1_Panel-6,Medium,7,Replace Wiring,Remove Obstruction,871,Cloudy,2023-06-27 18:00:00,1,6,123.66,2.21,0.129,123.789
Open Circuit,String-8_Panel-1,Critical,3,Replace Module,Inspect Cells,533,Rainy,2023-06-27 18:00:00,8,1,557.66,6.28,0.272,557.932
Open Circuit,String-7_Panel-20,Low,14,Tighten Connection,Replace Module,363,Rainy,2023-06-27 20:00:00,7,20,38.54,0.45,0.029,38.569
Short Circuit,String-4_Panel-3,High,6,Replace Wiring,Tighten Connection,904,Cloudy,2023-06-27 20:00:00,4,3,161.03,1.99,0.092,161.122
Open Circuit,String-2_Panel-1,Medium,8,Replace Connector,Replace Connector,800,Rainy,2023-06-27 20:00:00,2,1,81.37,1.02,0.059,81.429
Shadowing,String-4_Panel-8,Low,14,Clean Panel,Clean Panel,786,Sunny,2023-06-27 21:00:00,4,8,29.83,0.29,0.016,29.845999999999997
Hotspot,String-5_Panel-3,Medium,6,Inspect Cells,Replace Panel Section,431,Cloudy,2023-06-28 00:00:00,5,3,87.0,1.07,0.048,87.048
Open Circuit,String-10_Panel-18,High,7,Inspect Junction Box,Replace Wiring,753,Rainy,2023-06-28 01:00:00,10,18,74.24,1.19,0.056,74.29599999999999
Hotspot,String-3_Panel-5,High,3,Replace Panel Section,Replace Panel Section,900,Rainy,2023-06-28 02:00:00,3,5,279.02,3.99,0.177,279.197
Hotspot,String-2_Panel-20,Low,1,Clean Panel,Inspect Junction Box,548,Cloudy,2023-06-28 03:00:00,2,20,31.68,0.34,0.019,31.698999999999998
Short Circuit,String-9_Panel-4,Low,13,Replace Fuse,Clean Panel,661,Rainy,2023-06-28 03:00:00,9,4,66.01,0.52,0.031,66.04100000000001
Shadowing,String-5_Panel-20,Critical,2,Reinstall Module,Replace Connector,759,Sunny,2023-06-28 04:00:00,5,20,211.58,3.06,0.159,211.739
Shadowing,String-6_Panel-10,Critical,9,Reinstall Module,Reinstall Module,747,Rainy,2023-06-28 04:00:00,6,10,215.99,3.15,0.187,216.17700000000002
Open Circuit,String-5_Panel-18,High,4,Replace Wiring,Remove Obstruction,477,Cloudy,2023-06-28 04:00:00,5,18,148.28,1.61,0.074,148.354
Hotspot,String-3_Panel-18,Low,7,Inspect Cells,Clean Panel,937,Rainy,2023-06-28 06:00:00,3,18,94.51,0.85,0.044,94.554
Shadowing,String-3_Panel-13,Medium,13,Remove Obstruction,Remove Obstruction,699,Rainy,2023-06-28 07:00:00,3,13,46.47,0.47,0.029,46.499
Hotspot,String-6_Panel-7,Low,9,Clean Panel,Clean Panel,670,Rainy,2023-06-28 07:00:00,6,7,28.94,0.32,0.014,28.954
Open Circuit,String-9_Panel-8,Low,12,Replace Wiring,Tighten Connection,976,Sunny,2023-06-28 07:00:00,9,8,163.22,1.73,0.098,163.318
Open Circuit,String-10_Panel-8,Critical,9,Replace Module,Replace Connector,941,Rainy,2023-06-28 08:00:00,10,8,580.99,7.12,0.345,581.335
Open Circuit,String-9_Panel-15,Critical,5,Replace Module,Adjust Tilt,510,Sunny,2023-06-28 09:00:00,9,15,488.72,5.29,0.251,488.971
Open Circuit,String-10_Panel-19,Low,14,Replace Wiring,Replace Connector,882,Cloudy,2023-06-28 10:00:00,10,19,150.14,2.2,0.125,150.265
Open Circuit,String-8_Panel-6,High,14,Replace Wiring,Replace Wiring,841,Sunny,2023-06-28 13:00:00,8,6,144.17,1.99,0.114,144.284
Short Circuit,String-10_Panel-16,Low,3,Inspect Junction Box,Adjust Tilt,666,Sunny,2023-06-28 15:00:00,10,16,66.44,1.09,0.067,66.50699999999999
Shadowing,String-10_Panel-8,High,9,Adjust Tilt,Adjust Tilt,631,Cloudy,2023-06-28 16:00:00,10,8,121.36,2.09,0.135,121.495
Open Circuit,String-5_Panel-18,Critical,13,Replace Module,Replace Module,973,Sunny,2023-06-28 16:00:00,5,18,545.19,5.4,0.349,545.5390000000001
Short Circuit,String-5_Panel-6,High,7,Replace Wiring,Inspect Cells,609,Cloudy,2023-06-28 17:00:00,5,6,153.06,1.9,0.103,153.163
Shadowing,String-6_Panel-7,High,3,Remove Obstruction,Remove Obstruction,212,Rainy,2023-06-28 18:00:00,6,7,51.38,0.56,0.036,51.416000000000004
Hotspot,String-5_Panel-15,Low,14,Clean Panel,Clean Panel,246,Rainy,2023-06-28 19:00:00,5,15,33.18,0.3,0.014,33.194
Short Circuit,String-7_Panel-17,High,4,Replace Wiring,Replace Wiring,321,Rainy,2023-06-28 20:00:00,7,17,143.56,1.76,0.083,143.643
Short Circuit,String-10_Panel-1,High,9,Replace Module,Clean Panel,533,Cloudy,2023-06-28 21:00:00,10,1,548.18,7.43,0.445,548.625
Open Circuit,String-5_Panel-20,Medium,12,Replace Connector,Replace Module,399,Rainy,2023-06-28 21:00:00,5,20,83.16,1.09,0.056,83.216
Short Circuit,String-8_Panel-15,Low,14,Inspect Junction Box,Clean Panel,437,Sunny,2023-06-28 21:00:00,8,15,74.67,0.99,0.058,74.72800000000001
Hotspot,String-8_Panel-12,Medium,13,Inspect Cells,Inspect Cells,578,Rainy,2023-06-28 22:00:00,8,12,83.46,0.71,0.034,83.494
Shadowing,String-3_Panel-5,Medium,3,Remove Obstruction,Inspect Junction Box,548,Sunny,2023-06-28 23:00:00,3,5,53.79,0.57,0.025,53.815
Short Circuit,String-7_Panel-16,High,4,Replace Wiring,Remove Obstruction,793,Rainy,2023-06-29 00:00:00,7,16,155.29,1.46,0.093,155.38299999999998
Shadowing,String-10_Panel-16,Low,9,Adjust Tilt,Clean Panel,684,Rainy,2023-06-29 00:00:00,10,16,132.72,2.39,0.142,132.862
Shadowing,String-8_Panel-6,Low,13,Inspect Cells,Replace Wiring,310,Sunny,2023-06-29 01:00:00,8,6,83.39,0.84,0.035,83.425
Short Circuit,String-8_Panel-17,Medium,5,Replace Fuse,Replace Fuse,735,Sunny,2023-06-29 02:00:00,8,17,60.07,0.59,0.029,60.099000000000004
Short Circuit,String-5_Panel-17,Low,4,Inspect Junction Box,Inspect Junction Box,716,Cloudy,2023-06-29 03:00:00,5,17,70.09,1.01,0.05,70.14
Open Circuit,String-2_Panel-5,High,1,Replace Wiring,Replace Fuse,218,Cloudy,2023-06-29 04:00:00,2,5,157.52,1.83,0.102,157.622
Open Circuit,String-2_Panel-11,Medium,8,Replace Connector,Replace Connector,280,Rainy,2023-06-29 05:00:00,2,11,99.87,0.8,0.038,99.908
Short Circuit,String-4_Panel-12,High,4,Replace Wiring,Replace Wiring,727,Rainy,2023-06-29 05:00:00,4,12,127.07,1.86,0.114,127.184
Short Circuit,String-9_Panel-5,Low,12,Inspect Junction Box,Replace Panel Section,373,Cloudy,2023-06-29 07:00:00,9,5,70.0,0.84,0.041,70.041
Hotspot,String-2_Panel-10,Critical,1,Replace Module,Reinstall Module,695,Sunny,2023-06-29 07:00:00,2,10,522.79,5.84,0.32,523.11
Open Circuit,String-5_Panel-8,Low,10,Tighten Connection,Replace Module,300,Sunny,2023-06-29 07:00:00,5,8,39.89,0.47,0.025,39.915
Short Circuit,String-10_Panel-1,Critical,14,Replace Module,Replace Module,617,Rainy,2023-06-29 08:00:00,10,1,510.02,5.73,0.246,510.26599999999996
Shadowing,String-10_Panel-3,Medium,1,Remove Obstruction,Replace Module,587,Sunny,2023-06-29 08:00:00,10,3,57.11,0.4,0.023,57.133
Open Circuit,String-9_Panel-9,Medium,13,Replace Wiring,Replace Connector,902,Cloudy,2023-06-29 10:00:00,9,9,147.13,1.66,0.097,147.227
Shadowing,String-5_Panel-20,Low,4,Reinstall Module,Inspect Cells,789,Cloudy,2023-06-29 13:00:00,5,20,205.07,2.69,0.14,205.20999999999998
Open Circuit,String-4_Panel-7,Medium,13,Replace Connector,Replace Connector,714,Rainy,2023-06-29 14:00:00,4,7,102.45,1.02,0.048,102.498
Shadowing,String-8_Panel-8,Medium,14,Remove Obstruction,Remove Obstruction,334,Rainy,2023-06-29 14:00:00,8,8,46.61,0.48,0.025,46.635
Short Circuit,String-6_Panel-8,High,14,Replace Module,Replace Wiring,767,Rainy,2023-06-29 15:00:00,6,8,526.32,6.22,0.353,526.673
Open Circuit,String-8_Panel-3,Medium,6,Replace Wiring,Inspect Cells,930,Rainy,2023-06-29 15:00:00,8,3,149.96,1.72,0.081,150.041
Open Circuit,String-6_Panel-5,High,3,Replace Wiring,Inspect Junction Box,344,Rainy,2023-06-29 16:00:00,6,5,165.16,2.06,0.13,165.29
Short Circuit,String-9_Panel-18,Low,8,Inspect Junction Box,Inspect Junction Box,934,Cloudy,2023-06-29 17:00:00,9,18,73.49,0.97,0.058,73.548
Open Circuit,String-4_Panel-17,High,13,Replace Wiring,Replace Module,481,Cloudy,2023-06-29 19:00:00,4,17,156.76,2.21,0.117,156.87699999999998
Shadowing,String-1_Panel-8,Low,1,Remove Obstruction,Clean Panel,877,Rainy,2023-06-29 20:00:00,1,8,47.08,0.51,0.028,47.108
Shadowing,String-10_Panel-14,Medium,7,Remove Obstruction,Replace Panel Section,857,Cloudy,2023-06-29 20:00:00,10,14,50.34,0.51,0.03,50.370000000000005
Open Circuit,String-9_Panel-15,High,10,Inspect Junction Box,Replace Wiring,257,Rainy,2023-06-29 20:00:00,9,15,71.19,1.09,0.052,71.242
Open Circuit,String-10_Panel-16,High,5,Replace Connector,Inspect Cells,422,Rainy,2023-06-29 20:00:00,10,16,84.55,0.98,0.042,84.592
Hotspot,String-4_Panel-12,Medium,5,Inspect Cells,Inspect Cells,382,Cloudy,2023-06-29 21:00:00,4,12,81.15,0.81,0.034,81.18400000000001
Open Circuit,String-1_Panel-6,Low,11,Tighten Connection,Tighten Connection,627,Cloudy,2023-06-29 21:00:00,1,6,41.53,0.49,0.027,41.557
Short Circuit,String-10_Panel-15,Low,8,Inspect Junction Box,Inspect Junction Box,862,Cloudy,2023-06-29 21:00:00,10,15,72.34,1.17,0.054,72.394
Short Circuit,String-2_Panel-3,Medium,13,Replace Fuse,Replace Fuse,991,Cloudy,2023-06-29 22:00:00,2,3,54.38,0.49,0.031,54.411
Open Circuit,String-3_Panel-16,Medium,13,Replace Wiring,Clean Panel,803,Sunny,2023-06-29 22:00:00,3,16,136.07,2.16,0.122,136.192
Hotspot,String-7_Panel-17,Critical,1,Replace Module,Tighten Connection,383,Cloudy,2023-06-30 00:00:00,7,17,421.59,6.3,0.367,421.957
Shadowing,String-8_Panel-8,High,10,Remove Obstruction,Adjust Tilt,278,Cloudy,2023-06-30 02:00:00,8,8,48.93,0.46,0.026,48.956
Open Circuit,String-9_Panel-1,Low,14,Replace Wiring,Tighten Connection,447,Sunny,2023-06-30 03:00:00,9,1,146.06,1.93,0.089,146.149
Shadowing,String-1_Panel-15,High,1,Remove Obstruction,Adjust Tilt,267,Sunny,2023-06-30 03:00:00,1,15,48.62,0.57,0.037,48.657
Hotspot,String-7_Panel-6,Medium,10,Replace Panel Section,Replace Fuse,934,Cloudy,2023-06-30 06:00:00,7,6,275.22,4.58,0.283,275.50300000000004
Shadowing,String-10_Panel-3,Low,2,Clean Panel,Replace Wiring,443,Sunny,2023-06-30 07:00:00,10,3,29.07,0.3,0.016,29.086
Hotspot,String-10_Panel-3,Medium,8,Clean Panel,Replace Panel Section,819,Cloudy,2023-06-30 08:00:00,10,3,28.74,0.32,0.02,28.759999999999998
Open Circuit,String-8_Panel-8,Low,6,Tighten Connection,Tighten Connection,472,Rainy,2023-06-30 09:00:00,8,8,39.03,0.37,0.022,39.052
Shadowing,String-3_Panel-7,Critical,5,Reinstall Module,Reinstall Module,990,Sunny,2023-06-30 09:00:00,3,7,197.18,3.24,0.138,197.318
Short Circuit,String-9_Panel-13,High,9,Replace Module,Remove Obstruction,680,Sunny,2023-06-30 12:00:00,9,13,542.87,5.99,0.292,543.162
Hotspot,String-5_Panel-20,Medium,7,Inspect Cells,Inspect Cells,475,Cloudy,2023-06-30 13:00:00,5,20,78.46,0.86,0.041,78.50099999999999
Shadowing,String-10_Panel-9,High,12,Adjust Tilt,Replace Wiring,978,Rainy,2023-06-30 13:00:00,10,9,113.47,2.34,0.107,113.577
Hotspot,String-8_Panel-1,Low,12,Clean Panel,Clean Panel,365,Sunny,2023-06-30 14:00:00,8,1,28.28,0.29,0.018,28.298000000000002
Open Circuit,String-7_Panel-20,High,14,Replace Connector,Replace Wiring,457,Sunny,2023-06-30 15:00:00,7,20,89.51,1.03,0.044,89.554
Shadowing,String-7_Panel-17,Medium,5,Remove Obstruction,Remove Obstruction,912,Rainy,2023-06-30 16:00:00,7,17,44.44,0.37,0.024,44.464
Hotspot,String-5_Panel-8,Low,3,Clean Panel,Inspect Junction Box,351,Cloudy,2023-06-30 17:00:00,5,8,31.35,0.29,0.018,31.368000000000002
Hotspot,String-5_Panel-13,Critical,3,Replace Module,Adjust Tilt,625,Sunny,2023-06-30 18:00:00,5,13,518.05,6.98,0.394,518.444
Short Circuit,String-4_Panel-11,Critical,3,Reinstall Module,Tighten Connection,458,Rainy,2023-06-30 19:00:00,4,11,216.82,2.57,0.108,216.928
Short Circuit,String-6_Panel-9,Medium,13,Replace Fuse,Clean Panel,883,Sunny,2023-06-30 19:00:00,6,9,65.87,0.52,0.027,65.897
Open Circuit,String-6_Panel-2,Critical,5,Replace Module,Replace Module,321,Rainy,2023-06-30 20:00:00,6,2,462.26,7.38,0.364,462.62399999999997
Shadowing,String-7_Panel-1,Critical,10,Replace Module,Replace Panel Section,474,Rainy,2023-06-30 23:00:00,7,1,437.03,5.75,0.308,437.33799999999997
Open Circuit,String-5_Panel-20,High,9,Replace Wiring,Clean Panel,993,Rainy,2023-07-01 01:00:00,5,20,136.98,2.61,0.111,137.09099999999998
Short Circuit,String-3_Panel-19,High,1,Replace Wiring,Replace Wiring,781,Rainy,2023-07-01 02:00:00,3,19,132.87,2.01,0.13,133.0
Short Circuit,String-5_Panel-12,High,12,Replace Module,Replace Wiring,270,Sunny,2023-07-01 03:00:00,5,12,555.96,5.36,0.31,556.27
Short Circuit,String-1_Panel-5,High,1,Replace Wiring,Replace Wiring,703,Cloudy,2023-07-01 03:00:00,1,5,136.24,2.62,0.136,136.376
Shadowing,String-9_Panel-12,Medium,5,Remove Obstruction,Remove Obstruction,263,Sunny,2023-07-01 04:00:00,9,12,49.42,0.48,0.028,49.448
Hotspot,String-3_Panel-2,Low,6,Inspect Cells,Adjust Tilt,795,Sunny,2023-07-01 04:00:00,3,2,79.83,0.91,0.046,79.876
Shadowing,String-7_Panel-11,Low,9,Remove Obstruction,Replace Module,307,Rainy,2023-07-01 05:00:00,7,11,47.79,0.37,0.02,47.81
Short Circuit,String-1_Panel-5,Critical,5,Reinstall Module,Inspect Junction Box,825,Sunny,2023-07-01 05:00:00,1,5,214.84,2.91,0.175,215.01500000000001
Open Circuit,String-1_Panel-16,Critical,5,Replace Wiring,Replace Module,546,Sunny,2023-07-01 05:00:00,1,16,164.04,1.81,0.084,164.124
Short Circuit,String-9_Panel-20,Medium,12,Replace Fuse,Inspect Cells,895,Sunny,2023-07-01 05:00:00,9,20,56.79,0.53,0.029,56.819
Open Circuit,String-3_Panel-10,Critical,7,Replace Module,Replace Module,681,Sunny,2023-07-01 06:00:00,3,10,509.95,6.59,0.355,510.305
Shadowing,String-5_Panel-9,Low,4,Clean Panel,Replace Module,773,Sunny,2023-07-01 06:00:00,5,9,30.36,0.33,0.016,30.375999999999998
Hotspot,String-8_Panel-17,Low,10,Clean Panel,Clean Panel,740,Sunny,2023-07-01 06:00:00,8,17,28.87,0.36,0.021,28.891000000000002
Short Circuit,String-3_Panel-15,Low,8,Inspect Junction Box,Inspect Junction Box,817,Sunny,2023-07-01 08:00:00,3,15,67.81,0.92,0.061,67.87100000000001
Shadowing,String-1_Panel-12,Medium,5,Remove Obstruction,Remove Obstruction,665,Cloudy,2023-07-01 11:00:00,1,12,50.46,0.49,0.025,50.485
Open Circuit,String-1_Panel-4,Medium,7,Replace Connector,Replace Connector,626,Cloudy,2023-07-01 12:00:00,1,4,92.43,0.99,0.062,92.492
Hotspot,String-5_Panel-17,Low,13,Inspect Cells,Inspect Junction Box,695,Cloudy,2023-07-01 12:00:00,5,17,93.56,1.06,0.069,93.629
Hotspot,String-5_Panel-9,Critical,5,Replace Module,Replace Module,509,Rainy,2023-07-01 15:00:00,5,9,520.35,6.5,0.291,520.6410000000001
Hotspot,String-9_Panel-12,Low,13,Clean Panel,Clean Panel,471,Rainy,2023-07-01 15:00:00,9,12,32.45,0.33,0.015,32.465
Hotspot,String-8_Panel-7,Critical,3,Replace Module,Replace Module,567,Sunny,2023-07-01 16:00:00,8,7,601.42,5.61,0.289,601.709
Short Circuit,String-2_Panel-18,Critical,11,Replace Module,Remove Obstruction,331,Rainy,2023-07-01 16:00:00,2,18,511.08,5.73,0.309,511.389
Open Circuit,String-4_Panel-7,Low,3,Tighten Connection,Tighten Connection,884,Sunny,2023-07-01 18:00:00,4,7,44.4,0.44,0.019,44.419
Shadowing,String-9_Panel-6,High,4,Adjust Tilt,Adjust Tilt,562,Sunny,2023-07-01 19:00:00,9,6,106.35,2.15,0.131,106.481
Shadowing,String-8_Panel-9,Medium,14,Remove Obstruction,Remove Obstruction,394,Rainy,2023-07-01 20:00:00,8,9,45.46,0.51,0.033,45.493
Short Circuit,String-8_Panel-11,Critical,2,Replace Module,Replace Module,632,Cloudy,2023-07-01 20:00:00,8,11,496.11,6.12,0.358,496.468
Hotspot,String-9_Panel-16,Critical,3,Replace Module,Replace Module,470,Sunny,2023-07-01 21:00:00,9,16,485.95,5.29,0.223,486.173
Hotspot,String-10_Panel-18,Medium,9,Replace Panel Section,Inspect Cells,547,Cloudy,2023-07-02 00:00:00,10,18,333.8,4.7,0.261,334.06100000000004
Open Circuit,String-1_Panel-20,Medium,8,Inspect Junction Box,Replace Connector,454,Cloudy,2023-07-02 01:00:00,1,20,68.22,1.14,0.068,68.288
Short Circuit,String-7_Panel-17,Low,12,Inspect Junction Box,Inspect Junction Box,729,Cloudy,2023-07-02 02:00:00,7,17,64.44,0.91,0.039,64.479
Open Circuit,String-7_Panel-2,Critical,2,Replace Module,Replace Module,551,Cloudy,2023-07-02 02:00:00,7,2,495.97,5.45,0.315,496.285
Short Circuit,String-4_Panel-9,Low,10,Inspect Junction Box,Inspect Junction Box,829,Sunny,2023-07-02 03:00:00,4,9,78.68,0.84,0.055,78.73500000000001
Shadowing,String-7_Panel-6,Low,3,Clean Panel,Inspect Cells,930,Sunny,2023-07-02 04:00:00,7,6,28.62,0.31,0.017,28.637
Hotspot,String-7_Panel-3,High,6,Clean Panel,Replace Panel Section,992,Rainy,2023-07-02 06:00:00,7,3,30.78,0.29,0.017,30.797
Shadowing,String-5_Panel-16,Low,8,Remove Obstruction,Reinstall Module,362,Rainy,2023-07-02 06:00:00,5,16,49.31,0.53,0.029,49.339000000000006
Short Circuit,String-1_Panel-1,Critical,5,Reinstall Module,Replace Module,395,Sunny,2023-07-02 07:00:00,1,1,213.78,2.5,0.142,213.922
Hotspot,String-1_Panel-15,Critical,6,Replace Module,Replace Module,208,Rainy,2023-07-02 07:00:00,1,15,461.39,5.96,0.353,461.743
Open Circuit,String-6_Panel-3,Low,3,Tighten Connection,Tighten Connection,757,Rainy,2023-07-02 08:00:00,6,3,37.79,0.43,0.022,37.812
Shadowing,String-1_Panel-14,Low,7,Remove Obstruction,Clean Panel,652,Rainy,2023-07-02 09:00:00,1,14,46.04,0.42,0.018,46.058
Hotspot,String-6_Panel-4,High,2,Replace Panel Section,Adjust Tilt,521,Cloudy,2023-07-02 09:00:00,6,4,363.18,3.94,0.249,363.42900000000003
Short Circuit,String-8_Panel-15,Low,6,Inspect Junction Box,Replace Connector,588,Cloudy,2023-07-02 10:00:00,8,15,77.23,1.11,0.061,77.29100000000001
Open Circuit,String-6_Panel-3,Critical,13,Replace Module,Inspect Cells,570,Rainy,2023-07-02 10:00:00,6,3,495.77,6.33,0.278,496.048
Hotspot,String-7_Panel-11,High,5,Replace Panel Section,Replace Panel Section,941,Sunny,2023-07-02 10:00:00,7,11,304.03,4.69,0.232,304.262
Hotspot,String-4_Panel-7,Medium,14,Inspect Cells,Inspect Cells,607,Cloudy,2023-07-02 11:00:00,4,7,87.97,0.77,0.05,88.02
Short Circuit,String-4_Panel-9,Low,7,Replace Fuse,Inspect Junction Box,881,Rainy,2023-07-02 11:00:00,4,9,56.74,0.49,0.03,56.77
Shadowing,String-3_Panel-2,Medium,7,Remove Obstruction,Remove Obstruction,345,Cloudy,2023-07-02 14:00:00,3,2,49.01,0.61,0.039,49.049
Short Circuit,String-8_Panel-17,Critical,1,Replace Module,Replace Module,436,Sunny,2023-07-02 14:00:00,8,17,529.1,5.27,0.31,529.41
Hotspot,String-9_Panel-7,High,10,Replace Panel Section,Replace Panel Section,907,Cloudy,2023-07-02 15:00:00,9,7,288.56,3.19,0.202,288.762
Short Circuit,String-4_Panel-1,Low,12,Replace Fuse,Replace Wiring,510,Rainy,2023-07-02 16:00:00,4,1,61.84,0.44,0.026,61.86600000000001
Open Circuit,String-4_Panel-19,High,9,Replace Wiring,Remove Obstruction,542,Sunny,2023-07-02 16:00:00,4,19,167.63,2.47,0.107,167.737
Hotspot,String-10_Panel-6,High,1,Replace Panel Section,Replace Panel Section,795,Cloudy,2023-07-02 17:00:00,10,6,315.52,4.35,0.207,315.727
Hotspot,String-8_Panel-11,High,3,Replace Module,Replace Fuse,210,Cloudy,2023-07-02 17:00:00,8,11,436.5,7.07,0.41,436.91
Shadowing,String-6_Panel-10,High,3,Clean Panel,Adjust Tilt,272,Cloudy,2023-07-02 17:00:00,6,10,28.72,0.29,0.018,28.738
Shadowing,String-3_Panel-16,Critical,13,Replace Module,Replace Panel Section,712,Rainy,2023-07-02 17:00:00,3,16,473.77,5.79,0.352,474.12199999999996
Open Circuit,String-10_Panel-9,High,4,Replace Wiring,Reinstall Module,824,Rainy,2023-07-02 18:00:00,10,9,152.62,2.09,0.102,152.722
Short Circuit,String-5_Panel-7,Medium,1,Inspect Junction Box,Reinstall Module,682,Rainy,2023-07-02 18:00:00,5,7,73.88,1.13,0.064,73.94399999999999
Short Circuit,String-6_Panel-4,Low,5,Inspect Junction Box,Inspect Junction Box,421,Rainy,2023-07-02 21:00:00,6,4,72.39,1.11,0.072,72.462
Short Circuit,String-10_Panel-1,High,3,Replace Wiring,Replace Panel Section,739,Sunny,2023-07-02 22:00:00,10,1,182.12,2.29,0.131,182.251
Hotspot,String-10_Panel-6,Critical,7,Replace Module,Replace Module,793,Cloudy,2023-07-02 23:00:00,10,6,482.07,5.81,0.352,482.42199999999997
Hotspot,String-10_Panel-20,Critical,9,Replace Module,Clean Panel,775,Rainy,2023-07-03 00:00:00,10,20,541.28,5.5,0.255,541.535
Shadowing,String-4_Panel-7,High,6,Adjust Tilt,Adjust Tilt,908,Sunny,2023-07-03 01:00:00,4,7,106.66,1.61,0.073,106.73299999999999
Hotspot,String-7_Panel-10,Medium,5,Inspect Cells,Inspect Cells,681,Rainy,2023-07-03 01:00:00,7,10,79.27,0.85,0.055,79.325
Shadowing,String-10_Panel-20,High,3,Remove Obstruction,Replace Fuse,270,Cloudy,2023-07-03 02:00:00,10,20,46.95,0.5,0.028,46.978
Shadowing,String-1_Panel-3,Low,5,Remove Obstruction,Reinstall Module,274,Rainy,2023-07-03 02:00:00,1,3,47.84,0.5,0.026,47.86600000000001
Shadowing,String-9_Panel-15,Low,10,Clean Panel,Clean Panel,388,Sunny,2023-07-03 03:00:00,9,15,33.53,0.31,0.015,33.545
Hotspot,String-3_Panel-8,Medium,5,Inspect Cells,Inspect Cells,817,Cloudy,2023-07-03 03:00:00,3,8,83.75,1.06,0.046,83.796
Hotspot,String-7_Panel-3,Critical,10,Replace Module,Replace Module,376,Cloudy,2023-07-03 03:00:00,7,3,575.16,4.64,0.212,575.372
Open Circuit,String-10_Panel-10,Medium,9,Replace Connector,Replace Connector,383,Rainy,2023-07-03 04:00:00,10,10,92.44,1.0,0.06,92.5
Hotspot,String-8_Panel-10,Critical,1,Replace Module,Replace Module,252,Rainy,2023-07-03 04:00:00,8,10,465.95,6.58,0.374,466.324
Short Circuit,String-8_Panel-3,Critical,8,Replace Module,Replace Module,540,Rainy,2023-07-03 06:00:00,8,3,447.0,6.62,0.387,447.387
Short Circuit,String-10_Panel-4,High,3,Replace Wiring,Replace Fuse,241,Rainy,2023-07-03 06:00:00,10,4,148.61,1.78,0.102,148.71200000000002
Hotspot,String-2_Panel-16,Medium,12,Replace Panel Section,Inspect Cells,873,Rainy,2023-07-03 07:00:00,2,16,351.12,3.22,0.209,351.329
Hotspot,String-5_Panel-7,High,9,Replace Panel Section,Replace Panel Section,551,Rainy,2023-07-03 07:00:00,5,7,303.93,3.99,0.254,304.184
Short Circuit,String-9_Panel-14,Low,5,Inspect Junction Box,Replace Module,850,Rainy,2023-07-03 08:00:00,9,14,73.6,1.13,0.052,73.652
Shadowing,String-2_Panel-20,High,13,Adjust Tilt,Adjust Tilt,474,Cloudy,2023-07-03 09:00:00,2,20,125.38,2.07,0.099,125.479
Shadowing,String-7_Panel-9,Critical,4,Reinstall Module,Inspect Cells,790,Cloudy,2023-07-03 09:00:00,7,9,179.3,2.63,0.124,179.424
Open Circuit,String-1_Panel-8,Critical,1,Replace Module,Replace Panel Section,329,Sunny,2023-07-03 10:00:00,1,8,513.82,6.17,0.296,514.1160000000001
Shadowing,String-8_Panel-1,Medium,2,Remove Obstruction,Remove Obstruction,619,Sunny,2023-07-03 11:00:00,8,1,50.29,0.45,0.021,50.311
Short Circuit,String-2_Panel-7,Medium,13,Replace Fuse,Replace Fuse,725,Rainy,2023-07-03 13:00:00,2,7,57.0,0.43,0.023,57.023
Shadowing,String-6_Panel-9,Low,10,Clean Panel,Clean Panel,833,Sunny,2023-07-03 14:00:00,6,9,29.6,0.33,0.019,29.619
Shadowing,String-7_Panel-6,Critical,8,Reinstall Module,Reinstall Module,514,Sunny,2023-07-03 14:00:00,7,6,193.51,3.67,0.209,193.719
Open Circuit,String-1_Panel-16,High,3,Replace Wiring,Replace Wiring,287,Cloudy,2023-07-03 15:00:00,1,16,165.41,2.4,0.147,165.557
Shadowing,String-9_Panel-17,Critical,12,Replace Module,Reinstall Module,592,Cloudy,2023-07-03 15:00:00,9,17,506.25,7.03,0.304,506.554
Short Circuit,String-9_Panel-9,Critical,8,Replace Module,Replace Panel Section,633,Sunny,2023-07-03 16:00:00,9,9,490.64,5.72,0.336,490.976
Hotspot,String-2_Panel-20,Medium,11,Inspect Cells,Inspect Cells,398,Cloudy,2023-07-03 16:00:00,2,20,78.56,1.13,0.062,78.622
Shadowing,String-7_Panel-14,Low,14,Remove Obstruction,Clean Panel,657,Cloudy,2023-07-03 17:00:00,7,14,49.88,0.41,0.026,49.906000000000006
Hotspot,String-4_Panel-6,Low,9,Clean Panel,Adjust Tilt,305,Cloudy,2023-07-03 17:00:00,4,6,27.23,0.26,0.011,27.241
Short Circuit,String-9_Panel-17,Medium,9,Replace Fuse,Replace Fuse,734,Sunny,2023-07-03 18:00:00,9,17,65.07,0.53,0.023,65.09299999999999
Shadowing,String-3_Panel-18,Low,6,Remove Obstruction,Replace Fuse,207,Cloudy,2023-07-03 18:00:00,3,18,49.48,0.48,0.028,49.507999999999996
Shadowing,String-8_Panel-10,Medium,12,Remove Obstruction,Inspect Cells,731,Cloudy,2023-07-03 18:00:00,8,10,47.75,0.55,0.029,47.779
Open Circuit,String-3_Panel-1,High,4,Replace Wiring,Replace Wiring,619,Sunny,2023-07-03 18:00:00,3,1,139.9,1.83,0.082,139.982
Short Circuit,String-6_Panel-17,High,6,Replace Wiring,Replace Wiring,783,Sunny,2023-07-03 19:00:00,6,17,132.4,1.89,0.105,132.505
Hotspot,String-5_Panel-17,Critical,9,Replace Wiring,Inspect Junction Box,570,Sunny,2023-07-03 21:00:00,5,17,137.45,2.32,0.139,137.589
Short Circuit,String-9_Panel-16,Medium,2,Inspect Junction Box,Replace Wiring,995,Cloudy,2023-07-03 21:00:00,9,16,66.09,0.95,0.048,66.138
Hotspot,String-8_Panel-13,Low,4,Inspect Cells,Replace Module,623,Cloudy,2023-07-03 23:00:00,8,13,80.36,0.98,0.064,80.42399999999999
Open Circuit,String-6_Panel-3,High,1,Replace Wiring,Clean Panel,703,Rainy,2023-07-03 23:00:00,6,3,141.75,2.32,0.127,141.877
Hotspot,String-6_Panel-7,Low,13,Inspect Cells,Clean Panel,598,Cloudy,2023-07-04 00:00:00,6,7,92.0,0.84,0.044,92.044
Short Circuit,String-8_Panel-1,Critical,6,Replace Module,Replace Module,772,Rainy,2023-07-04 00:00:00,8,1,479.59,5.04,0.275,479.86499999999995
Shadowing,String-6_Panel-8,Medium,8,Remove Obstruction,Remove Obstruction,252,Cloudy,2023-07-04 00:00:00,6,8,50.91,0.5,0.029,50.939
Shadowing,String-3_Panel-10,Critical,13,Replace Module,Replace Fuse,550,Sunny,2023-07-04 01:00:00,3,10,556.34,7.06,0.327,556.667
Open Circuit,String-3_Panel-20,Low,14,Tighten Connection,Tighten Connection,874,Sunny,2023-07-04 01:00:00,3,20,44.81,0.61,0.035,44.845
Short Circuit,String-8_Panel-20,Low,9,Inspect Junction Box,Tighten Connection,801,Cloudy,2023-07-04 04:00:00,8,20,60.66,0.83,0.051,60.711
Hotspot,String-1_Panel-19,Critical,13,Replace Module,Replace Fuse,386,Cloudy,2023-07-04 04:00:00,1,19,603.79,6.01,0.324,604.1139999999999
Open Circuit,String-9_Panel-16,Critical,14,Replace Panel Section,Replace Module,402,Rainy,2023-07-04 04:00:00,9,16,307.06,3.67,0.164,307.224
Hotspot,String-10_Panel-19,Low,6,Clean Panel,Clean Panel,487,Rainy,2023-07-04 06:00:00,10,19,32.1,0.3,0.019,32.119
Open Circuit,String-4_Panel-18,High,1,Replace Connector,Replace Wiring,573,Sunny,2023-07-04 06:00:00,4,18,94.52,1.1,0.06,94.58
Hotspot,String-1_Panel-1,High,4,Replace Panel Section,Replace Wiring,242,Rainy,2023-07-04 07:00:00,1,1,292.07,3.58,0.193,292.263
Hotspot,String-9_Panel-1,Critical,1,Replace Module,Adjust Tilt,420,Cloudy,2023-07-04 07:00:00,9,1,557.87,5.72,0.35,558.22
Open Circuit,String-7_Panel-3,Critical,4,Replace Module,Tighten Connection,334,Cloudy,2023-07-04 08:00:00,7,3,525.65,5.79,0.289,525.939
Short Circuit,String-1_Panel-19,Critical,4,Replace Module,Replace Module,404,Rainy,2023-07-04 09:00:00,1,19,532.55,5.84,0.346,532.896
Open Circuit,String-7_Panel-9,High,13,Replace Wiring,Replace Wiring,628,Cloudy,2023-07-04 09:00:00,7,9,141.42,2.15,0.127,141.547
Short Circuit,String-4_Panel-19,High,4,Replace Wiring,Replace Wiring,909,Rainy,2023-07-04 09:00:00,4,19,153.27,2.19,0.139,153.40900000000002
Short Circuit,String-3_Panel-17,High,1,Replace Wiring,Replace Wiring,401,Sunny,2023-07-04 10:00:00,3,17,172.78,2.09,0.109,172.889
Hotspot,String-10_Panel-13,Low,9,Clean Panel,Clean Panel,345,Cloudy,2023-07-04 10:00:00,10,13,29.91,0.27,0.015,29.925
Open Circuit,String-1_Panel-5,Low,13,Tighten Connection,Adjust Tilt,760,Sunny,2023-07-04 10:00:00,1,5,44.05,0.44,0.028,44.077999999999996
Open Circuit,String-1_Panel-5,Critical,7,Replace Wiring,Replace Module,739,Rainy,2023-07-04 11:00:00,1,5,154.99,2.22,0.108,155.098
Open Circuit,String-9_Panel-15,Medium,3,Replace Connector,Inspect Cells,480,Cloudy,2023-07-04 12:00:00,9,15,84.31,1.05,0.055,84.36500000000001
Open Circuit,String-6_Panel-2,Medium,12,Replace Connector,Reinstall Module,649,Sunny,2023-07-04 12:00:00,6,2,81.14,1.23,0.072,81.212
Shadowing,String-6_Panel-18,Medium,9,Remove Obstruction,Remove Obstruction,470,Cloudy,2023-07-04 13:00:00,6,18,46.03,0.49,0.024,46.054
Open Circuit,String-7_Panel-9,Low,13,Tighten Connection,Clean Panel,800,Cloudy,2023-07-04 13:00:00,7,9,33.07,0.57,0.027,33.097
Short Circuit,String-10_Panel-2,Medium,4,Replace Fuse,Replace Fuse,505,Rainy,2023-07-04 14:00:00,10,2,61.27,0.46,0.029,61.29900000000001
Hotspot,String-8_Panel-9,Critical,9,Replace Module,Replace Fuse,752,Sunny,2023-07-04 15:00:00,8,9,525.18,5.49,0.272,525.452
Shadowing,String-1_Panel-5,Critical,5,Reinstall Module,Replace Connector,615,Cloudy,2023-07-04 17:00:00,1,5,201.43,3.06,0.15,201.58
Open Circuit,String-7_Panel-14,Low,9,Replace Wiring,Tighten Connection,592,Sunny,2023-07-04 19:00:00,7,14,149.98,1.67,0.077,150.057
Hotspot,String-10_Panel-11,Critical,1,Reinstall Module,Replace Module,469,Rainy,2023-07-04 19:00:00,10,11,209.71,2.76,0.136,209.846
Shadowing,String-3_Panel-14,Critical,6,Reinstall Module,Reinstall Module,222,Rainy,2023-07-04 20:00:00,3,14,200.51,2.92,0.191,200.701
Short Circuit,String-1_Panel-8,Medium,12,Replace Fuse,Adjust Tilt,949,Sunny,2023-07-04 20:00:00,1,8,51.66,0.46,0.023,51.683
Shadowing,String-5_Panel-10,High,4,Adjust Tilt,Adjust Tilt,865,Rainy,2023-07-04 21:00:00,5,10,137.57,2.55,0.123,137.69299999999998
Hotspot,String-2_Panel-7,Low,5,Inspect Cells,Remove Obstruction,809,Rainy,2023-07-04 22:00:00,2,7,88.11,1.1,0.069,88.179
Hotspot,String-8_Panel-3,Critical,5,Replace Module,Replace Module,353,Cloudy,2023-07-04 22:00:00,8,3,533.02,6.67,0.365,533.385
Open Circuit,String-1_Panel-3,Low,6,Replace Wiring,Adjust Tilt,435,Rainy,2023-07-05 00:00:00,1,3,156.27,1.78,0.076,156.346
Short Circuit,String-7_Panel-3,Critical,7,Replace Module,Replace Module,790,Sunny,2023-07-05 01:00:00,7,3,498.25,5.14,0.339,498.589
Hotspot,String-7_Panel-2,Low,13,Inspect Cells,Clean Panel,700,Cloudy,2023-07-05 02:00:00,7,2,82.12,0.97,0.048,82.168
Shadowing,String-6_Panel-12,Critical,7,Reinstall Module,Remove Obstruction,701,Cloudy,2023-07-05 03:00:00,6,12,208.89,3.07,0.143,209.033
Shadowing,String-9_Panel-3,High,6,Adjust Tilt,Adjust Tilt,763,Rainy,2023-07-05 03:00:00,9,3,111.21,2.21,0.14,111.35
Open Circuit,String-2_Panel-8,High,1,Replace Wiring,Adjust Tilt,969,Rainy,2023-07-05 06:00:00,2,8,144.79,1.96,0.103,144.893
Hotspot,String-8_Panel-12,High,8,Replace Panel Section,Replace Panel Section,332,Rainy,2023-07-05 06:00:00,8,12,306.41,3.73,0.187,306.59700000000004
Hotspot,String-10_Panel-18,High,9,Replace Module,Tighten Connection,392,Cloudy,2023-07-05 08:00:00,10,18,547.28,6.29,0.372,547.6519999999999
Hotspot,String-6_Panel-5,Medium,1,Inspect Cells,Inspect Cells,543,Rainy,2023-07-05 10:00:00,6,5,93.24,1.23,0.057,93.297
Hotspot,String-4_Panel-6,Medium,11,Replace Panel Section,Replace Panel Section,892,Sunny,2023-07-05 11:00:00,4,6,333.9,3.77,0.191,334.09099999999995
Short Circuit,String-2_Panel-7,Low,4,Replace Connector,Inspect Junction Box,647,Sunny,2023-07-05 13:00:00,2,7,85.28,0.82,0.049,85.32900000000001
Open Circuit,String-1_Panel-18,High,7,Replace Wiring,Reinstall Module,741,Sunny,2023-07-05 19:00:00,1,18,135.01,2.11,0.098,135.108
Short Circuit,String-1_Panel-9,Critical,3,Replace Panel Section,Replace Module,395,Sunny,2023-07-05 20:00:00,1,9,348.84,4.61,0.219,349.05899999999997
Short Circuit,String-5_Panel-15,Medium,9,Replace Fuse,Inspect Junction Box,472,Sunny,2023-07-05 20:00:00,5,15,65.98,0.5,0.027,66.007
Open Circuit,String-4_Panel-4,Medium,12,Replace Connector,Replace Panel Section,508,Rainy,2023-07-05 20:00:00,4,4,95.37,0.89,0.043,95.41300000000001
Shadowing,String-5_Panel-1,High,4,Remove Obstruction,Replace Fuse,430,Rainy,2023-07-05 22:00:00,5,1,49.39,0.48,0.032,49.422
Shadowing,String-3_Panel-7,Low,4,Remove Obstruction,Clean Panel,520,Rainy,2023-07-06 00:00:00,3,7,51.55,0.42,0.024,51.574
Shadowing,String-8_Panel-3,Low,14,Clean Panel,Clean Panel,601,Sunny,2023-07-06 02:00:00,8,3,29.17,0.27,0.012,29.182000000000002
Short Circuit,String-9_Panel-15,Critical,4,Replace Module,Adjust Tilt,998,Rainy,2023-07-06 03:00:00,9,15,390.91,5.39,0.26,391.17
Open Circuit,String-10_Panel-6,Critical,8,Replace Module,Replace Module,646,Sunny,2023-07-06 04:00:00,10,6,493.62,6.28,0.275,493.895
Open Circuit,String-9_Panel-16,High,14,Inspect Junction Box,Replace Wiring,741,Rainy,2023-07-06 05:00:00,9,16,72.89,1.12,0.072,72.962
Shadowing,String-4_Panel-19,High,3,Adjust Tilt,Adjust Tilt,938,Sunny,2023-07-06 05:00:00,4,19,110.22,2.11,0.123,110.343
Shadowing,String-5_Panel-14,Medium,1,Remove Obstruction,Remove Obstruction,229,Rainy,2023-07-06 10:00:00,5,14,48.26,0.45,0.029,48.289
Short Circuit,String-2_Panel-3,Medium,3,Replace Fuse,Replace Fuse,532,Rainy,2023-07-06 13:00:00,2,3,52.89,0.43,0.019,52.909
Shadowing,String-8_Panel-10,High,3,Adjust Tilt,Adjust Tilt,565,Rainy,2023-07-06 13:00:00,8,10,124.32,2.05,0.116,124.43599999999999
Short Circuit,String-6_Panel-19,Low,8,Inspect Junction Box,Inspect Junction Box,472,Cloudy,2023-07-06 13:00:00,6,19,64.84,0.88,0.041,64.881
Open Circuit,String-9_Panel-17,High,8,Replace Wiring,Inspect Cells,621,Sunny,2023-07-06 14:00:00,9,17,140.42,1.86,0.122,140.542
Open Circuit,String-7_Panel-3,High,2,Replace Wiring,Replace Fuse,409,Rainy,2023-07-06 15:00:00,7,3,153.49,2.37,0.132,153.622
Open Circuit,String-3_Panel-15,Medium,10,Replace Connector,Remove Obstruction,258,Cloudy,2023-07-06 15:00:00,3,15,97.36,0.99,0.046,97.406
Shadowing,String-1_Panel-17,High,3,Adjust Tilt,Adjust Tilt,624,Cloudy,2023-07-06 16:00:00,1,17,111.41,1.77,0.098,111.508
Hotspot,String-3_Panel-7,Medium,11,Replace Panel Section,Remove Obstruction,955,Cloudy,2023-07-06 17:00:00,3,7,330.74,4.89,0.272,331.012
Short Circuit,String-4_Panel-12,High,2,Replace Wiring,Replace Wiring,766,Rainy,2023-07-06 17:00:00,4,12,144.18,1.78,0.089,144.269
Short Circuit,String-3_Panel-10,Critical,5,Replace Module,Replace Panel Section,317,Sunny,2023-07-06 18:00:00,3,10,523.97,6.0,0.358,524.328
Open Circuit,String-6_Panel-16,Medium,6,Replace Connector,Replace Connector,237,Rainy,2023-07-06 20:00:00,6,16,90.13,0.86,0.036,90.166
Open Circuit,String-5_Panel-6,Low,1,Tighten Connection,Tighten Connection,311,Cloudy,2023-07-06 20:00:00,5,6,44.06,0.53,0.031,44.091
Open Circuit,String-1_Panel-7,High,14,Replace Wiring,Replace Wiring,645,Rainy,2023-07-06 21:00:00,1,7,143.65,2.02,0.112,143.762
Short Circuit,String-7_Panel-13,High,4,Replace Wiring,Replace Module,588,Sunny,2023-07-06 22:00:00,7,13,155.57,1.98,0.107,155.677
Shadowing,String-2_Panel-2,High,2,Adjust Tilt,Replace Wiring,724,Sunny,2023-07-06 22:00:00,2,2,107.36,1.82,0.096,107.456
Hotspot,String-9_Panel-14,Critical,14,Replace Module,Replace Fuse,476,Rainy,2023-07-07 00:00:00,9,14,555.03,6.07,0.29,555.3199999999999
Open Circuit,String-1_Panel-8,High,10,Replace Wiring,Replace Wiring,251,Sunny,2023-07-07 01:00:00,1,8,156.1,1.94,0.121,156.221
Hotspot,String-2_Panel-6,Critical,1,Replace Module,Adjust Tilt,780,Sunny,2023-07-07 01:00:00,2,6,579.85,6.55,0.43,580.28
Hotspot,String-1_Panel-11,Critical,9,Replace Module,Replace Fuse,501,Rainy,2023-07-07 02:00:00,1,11,610.14,5.07,0.273,610.413
Open Circuit,String-9_Panel-19,Low,10,Replace Wiring,Reinstall Module,810,Sunny,2023-07-07 03:00:00,9,19,115.64,2.22,0.123,115.763
Short Circuit,String-9_Panel-4,Low,7,Inspect Junction Box,Inspect Junction Box,766,Cloudy,2023-07-07 04:00:00,9,4,70.55,0.85,0.036,70.586
Shadowing,String-6_Panel-7,Low,2,Remove Obstruction,Clean Panel,564,Rainy,2023-07-07 05:00:00,6,7,50.74,0.55,0.03,50.77
Hotspot,String-5_Panel-4,Low,3,Clean Panel,Replace Wiring,354,Sunny,2023-07-07 05:00:00,5,4,31.59,0.3,0.018,31.608
Hotspot,String-1_Panel-12,Medium,4,Inspect Cells,Inspect Cells,812,Sunny,2023-07-07 05:00:00,1,12,89.3,0.86,0.045,89.345
Open Circuit,String-5_Panel-6,High,3,Replace Wiring,Replace Wiring,400,Cloudy,2023-07-07 05:00:00,5,6,164.71,2.11,0.096,164.806
Short Circuit,String-5_Panel-14,High,5,Replace Connector,Replace Wiring,850,Cloudy,2023-07-07 05:00:00,5,14,101.94,0.8,0.05,101.99
Short Circuit,String-9_Panel-3,Low,9,Inspect Junction Box,Tighten Connection,800,Sunny,2023-07-07 07:00:00,9,3,67.33,1.13,0.072,67.402
Short Circuit,String-2_Panel-10,Low,1,Inspect Junction Box,Adjust Tilt,723,Sunny,2023-07-07 07:00:00,2,10,63.04,0.94,0.061,63.101
Shadowing,String-5_Panel-14,High,3,Adjust Tilt,Tighten Connection,687,Cloudy,2023-07-07 07:00:00,5,14,117.98,1.85,0.086,118.066
Open Circuit,String-4_Panel-5,Low,9,Tighten Connection,Tighten Connection,598,Sunny,2023-07-07 07:00:00,4,5,42.06,0.61,0.04,42.1
Short Circuit,String-9_Panel-9,Medium,9,Replace Fuse,Replace Fuse,917,Sunny,2023-07-07 07:00:00,9,9,73.44,0.51,0.03,73.47
Open Circuit,String-9_Panel-3,High,8,Replace Wiring,Inspect Junction Box,354,Cloudy,2023-07-07 08:00:00,9,3,144.76,2.0,0.091,144.851
Open Circuit,String-3_Panel-17,Critical,14,Replace Module,Replace Module,803,Rainy,2023-07-07 08:00:00,3,17,476.36,5.42,0.234,476.594
Open Circuit,String-9_Panel-1,Low,7,Replace Connector,Tighten Connection,289,Sunny,2023-07-07 09:00:00,9,1,78.82,1.05,0.052,78.872
Open Circuit,String-7_Panel-12,Low,4,Tighten Connection,Tighten Connection,602,Rainy,2023-07-07 09:00:00,7,12,36.93,0.62,0.036,36.966
Short Circuit,String-6_Panel-14,Critical,12,Replace Module,Replace Panel Section,605,Rainy,2023-07-07 11:00:00,6,14,472.99,5.87,0.252,473.242
Short Circuit,String-3_Panel-15,Critical,11,Replace Module,Replace Module,516,Rainy,2023-07-07 11:00:00,3,15,520.27,6.11,0.296,520.566
Shadowing,String-7_Panel-2,Medium,10,Remove Obstruction,Remove Obstruction,615,Rainy,2023-07-07 12:00:00,7,2,49.5,0.46,0.024,49.524
Open Circuit,String-4_Panel-4,Medium,11,Replace Connector,Inspect Junction Box,476,Rainy,2023-07-07 13:00:00,4,4,89.2,0.94,0.045,89.245
Short Circuit,String-7_Panel-19,Medium,14,Replace Fuse,Replace Panel Section,710,Sunny,2023-07-07 14:00:00,7,19,59.42,0.57,0.033,59.453
Short Circuit,String-2_Panel-3,Low,11,Replace Fuse,Inspect Junction Box,950,Rainy,2023-07-07 14:00:00,2,3,66.18,0.54,0.034,66.21400000000001
Hotspot,String-9_Panel-15,High,11,Replace Module,Replace Panel Section,611,Sunny,2023-07-07 16:00:00,9,15,517.34,5.82,0.31,517.65
Shadowing,String-6_Panel-3,Low,1,Remove Obstruction,Clean Panel,907,Rainy,2023-07-07 17:00:00,6,3,52.88,0.51,0.03,52.910000000000004
Shadowing,String-4_Panel-16,Medium,4,Clean Panel,Remove Obstruction,269,Cloudy,2023-07-07 19:00:00,4,16,29.72,0.32,0.021,29.741
Hotspot,String-6_Panel-14,Critical,13,Replace Module,Tighten Connection,317,Rainy,2023-07-07 20:00:00,6,14,471.36,4.22,0.248,471.608
Hotspot,String-2_Panel-14,High,5,Replace Module,Replace Panel Section,899,Cloudy,2023-07-07 21:00:00,2,14,586.54,5.44,0.273,586.813
Short Circuit,String-9_Panel-1,Low,10,Replace Fuse,Inspect Junction Box,630,Rainy,2023-07-07 22:00:00,9,1,61.61,0.47,0.022,61.632
Hotspot,String-5_Panel-3,Medium,7,Inspect Cells,Inspect Cells,993,Cloudy,2023-07-07 22:00:00,5,3,102.3,1.0,0.054,102.354
Open Circuit,String-8_Panel-14,Medium,3,Replace Module,Replace Connector,948,Rainy,2023-07-07 23:00:00,8,14,492.13,5.88,0.267,492.397
Open Circuit,String-6_Panel-8,Medium,1,Replace Wiring,Replace Fuse,859,Sunny,2023-07-08 00:00:00,6,8,165.63,1.98,0.112,165.742
Short Circuit,String-4_Panel-19,Critical,10,Replace Module,Replace Module,375,Cloudy,2023-07-08 01:00:00,4,19,502.01,6.31,0.378,502.388
Hotspot,String-1_Panel-5,Low,2,Clean Panel,Clean Panel,497,Rainy,2023-07-08 01:00:00,1,5,32.87,0.35,0.022,32.891999999999996
Short Circuit,String-9_Panel-18,Medium,3,Replace Fuse,Reinstall Module,272,Rainy,2023-07-08 02:00:00,9,18,59.97,0.35,0.019,59.989
Short Circuit,String-5_Panel-18,Low,5,Inspect Junction Box,Reinstall Module,426,Cloudy,2023-07-08 02:00:00,5,18,76.11,1.11,0.047,76.157
Shadowing,String-3_Panel-3,Medium,6,Remove Obstruction,Remove Obstruction,906,Sunny,2023-07-08 03:00:00,3,3,56.8,0.48,0.025,56.824999999999996
Hotspot,String-2_Panel-2,Low,4,Clean Panel,Clean Panel,464,Cloudy,2023-07-08 03:00:00,2,2,28.88,0.26,0.013,28.893
Shadowing,String-10_Panel-10,Low,11,Remove Obstruction,Clean Panel,611,Rainy,2023-07-08 06:00:00,10,10,51.15,0.54,0.026,51.176
Open Circuit,String-4_Panel-15,High,6,Replace Wiring,Replace Wiring,898,Cloudy,2023-07-08 06:00:00,4,15,149.3,1.48,0.076,149.376
Open Circuit,String-7_Panel-17,Critical,2,Replace Module,Replace Wiring,477,Rainy,2023-07-08 08:00:00,7,17,524.11,5.21,0.284,524.394
Shadowing,String-8_Panel-8,Critical,6,Reinstall Module,Inspect Cells,463,Sunny,2023-07-08 08:00:00,8,8,195.87,3.64,0.18,196.05
Open Circuit,String-10_Panel-6,Low,14,Replace Wiring,Reinstall Module,715,Sunny,2023-07-08 08:00:00,10,6,153.98,1.74,0.086,154.066
Shadowing,String-1_Panel-10,Low,7,Remove Obstruction,Clean Panel,918,Cloudy,2023-07-08 09:00:00,1,10,51.11,0.49,0.026,51.136
Shadowing,String-10_Panel-13,Low,6,Remove Obstruction,Clean Panel,781,Cloudy,2023-07-08 10:00:00,10,13,51.33,0.47,0.024,51.354
Open Circuit,String-7_Panel-3,Critical,5,Replace Module,Replace Module,550,Rainy,2023-07-08 10:00:00,7,3,507.29,5.93,0.342,507.632
Hotspot,String-8_Panel-18,Critical,12,Replace Module,Replace Module,654,Sunny,2023-07-08 11:00:00,8,18,529.44,6.46,0.297,529.7370000000001
Short Circuit,String-7_Panel-18,High,12,Replace Module,Replace Panel Section,391,Rainy,2023-07-08 11:00:00,7,18,539.51,5.77,0.291,539.801
Hotspot,String-4_Panel-18,Low,13,Inspect Cells,Clean Panel,811,Cloudy,2023-07-08 12:00:00,4,18,75.29,0.8,0.05,75.34
Short Circuit,String-1_Panel-10,Critical,3,Replace Module,Replace Module,535,Sunny,2023-07-08 13:00:00,1,10,427.95,6.86,0.346,428.296
Shadowing,String-7_Panel-1,Low,3,Remove Obstruction,Tighten Connection,348,Cloudy,2023-07-08 14:00:00,7,1,54.75,0.37,0.021,54.771
Shadowing,String-7_Panel-10,Critical,2,Reinstall Module,Replace Panel Section,217,Rainy,2023-07-08 15:00:00,7,10,223.26,3.26,0.208,223.468
Short Circuit,String-9_Panel-19,Medium,6,Inspect Junction Box,Replace Fuse,477,Cloudy,2023-07-08 15:00:00,9,19,59.12,0.84,0.037,59.157
Open Circuit,String-4_Panel-12,Critical,7,Replace Module,Inspect Cells,697,Rainy,2023-07-08 16:00:00,4,12,505.51,5.95,0.328,505.83799999999997
Short Circuit,String-7_Panel-10,Critical,14,Replace Panel Section,Inspect Cells,566,Sunny,2023-07-08 17:00:00,7,10,286.65,4.2,0.204,286.854
Open Circuit,String-6_Panel-12,Low,12,Replace Connector,Reinstall Module,391,Cloudy,2023-07-08 17:00:00,6,12,92.11,0.93,0.05,92.16
Open Circuit,String-6_Panel-3,High,3,Replace Wiring,Replace Wiring,562,Cloudy,2023-07-08 19:00:00,6,3,144.87,2.15,0.111,144.981
Shadowing,String-5_Panel-3,Medium,5,Remove Obstruction,Replace Fuse,254,Cloudy,2023-07-08 20:00:00,5,3,50.12,0.55,0.025,50.144999999999996
Short Circuit,String-10_Panel-17,High,11,Replace Module,Replace Wiring,474,Rainy,2023-07-08 22:00:00,10,17,522.34,5.65,0.366,522.706
Open Circuit,String-9_Panel-6,Low,2,Tighten Connection,Replace Wiring,337,Cloudy,2023-07-08 22:00:00,9,6,40.93,0.47,0.025,40.955
Shadowing,String-2_Panel-12,Low,7,Clean Panel,Clean Panel,618,Sunny,2023-07-08 23:00:00,2,12,32.65,0.27,0.012,32.662
Hotspot,String-8_Panel-14,Low,1,Clean Panel,Clean Panel,249,Sunny,2023-07-09 00:00:00,8,14,35.65,0.33,0.019,35.669
Hotspot,String-9_Panel-20,Critical,7,Replace Module,Replace Panel Section,312,Rainy,2023-07-09 01:00:00,9,20,497.61,6.77,0.305,497.915
Open Circuit,String-2_Panel-6,High,4,Replace Wiring,Replace Wiring,934,Rainy,2023-07-09 02:00:00,2,6,154.39,2.49,0.106,154.49599999999998
Shadowing,String-4_Panel-12,High,4,Adjust Tilt,Adjust Tilt,634,Sunny,2023-07-09 02:00:00,4,12,120.18,1.78,0.111,120.29100000000001
Open Circuit,String-1_Panel-9,Critical,1,Replace Module,Replace Module,575,Rainy,2023-07-09 02:00:00,1,9,496.68,6.74,0.398,497.07800000000003
Short Circuit,String-4_Panel-10,Critical,4,Replace Module,Adjust Tilt,627,Cloudy,2023-07-09 02:00:00,4,10,542.82,5.54,0.297,543.1170000000001
Open Circuit,String-9_Panel-20,Low,9,Tighten Connection,Tighten Connection,910,Sunny,2023-07-09 03:00:00,9,20,39.96,0.47,0.03,39.99
Hotspot,String-3_Panel-3,Critical,14,Replace Module,Replace Module,961,Rainy,2023-07-09 04:00:00,3,3,484.62,6.6,0.308,484.928
Hotspot,String-2_Panel-2,Low,2,Inspect Cells,Replace Panel Section,561,Sunny,2023-07-09 04:00:00,2,2,83.18,1.04,0.046,83.22600000000001
Short Circuit,String-6_Panel-3,High,12,Replace Module,Adjust Tilt,436,Sunny,2023-07-09 06:00:00,6,3,519.61,5.83,0.352,519.962
Open Circuit,String-7_Panel-16,Medium,14,Replace Connector,Replace Module,406,Sunny,2023-07-09 12:00:00,7,16,75.07,0.86,0.046,75.116
Shadowing,String-6_Panel-5,Critical,8,Reinstall Module,Reinstall Module,857,Sunny,2023-07-09 12:00:00,6,5,188.59,2.42,0.148,188.738
Open Circuit,String-8_Panel-13,High,6,Replace Wiring,Replace Wiring,200,Cloudy,2023-07-09 12:00:00,8,13,153.12,2.03,0.102,153.222
Open Circuit,String-6_Panel-16,High,12,Replace Wiring,Remove Obstruction,919,Sunny,2023-07-09 14:00:00,6,16,150.95,2.12,0.097,151.047
Open Circuit,String-10_Panel-18,Medium,2,Replace Connector,Tighten Connection,555,Rainy,2023-07-09 14:00:00,10,18,93.2,0.9,0.054,93.254
Shadowing,String-6_Panel-1,Medium,1,Remove Obstruction,Remove Obstruction,412,Rainy,2023-07-09 14:00:00,6,1,54.57,0.57,0.029,54.599000000000004
Shadowing,String-8_Panel-8,Medium,3,Remove Obstruction,Remove Obstruction,727,Rainy,2023-07-09 15:00:00,8,8,51.14,0.5,0.031,51.171
Shadowing,String-6_Panel-17,Low,4,Remove Obstruction,Clean Panel,519,Cloudy,2023-07-09 16:00:00,6,17,42.77,0.42,0.023,42.793000000000006
Hotspot,String-7_Panel-8,High,12,Replace Panel Section,Replace Panel Section,325,Sunny,2023-07-09 16:00:00,7,8,317.23,4.68,0.25,317.48
Shadowing,String-3_Panel-14,Low,12,Remove Obstruction,Clean Panel,245,Sunny,2023-07-09 17:00:00,3,14,47.25,0.55,0.034,47.284
Open Circuit,String-4_Panel-13,Critical,10,Replace Module,Replace Module,577,Rainy,2023-07-09 18:00:00,4,13,548.4,6.58,0.311,548.711
Open Circuit,String-5_Panel-8,Low,10,Tighten Connection,Remove Obstruction,746,Sunny,2023-07-09 18:00:00,5,8,38.42,0.56,0.032,38.452
Shadowing,String-2_Panel-13,Medium,4,Remove Obstruction,Remove Obstruction,436,Rainy,2023-07-09 18:00:00,2,13,55.18,0.5,0.025,55.205
Open Circuit,String-10_Panel-2,Medium,7,Replace Connector,Adjust Tilt,614,Rainy,2023-07-09 19:00:00,10,2,75.33,0.95,0.053,75.383
Hotspot,String-3_Panel-17,Medium,9,Inspect Cells,Tighten Connection,845,Cloudy,2023-07-09 19:00:00,3,17,82.1,1.09,0.052,82.152
Open Circuit,String-1_Panel-2,Medium,12,Replace Wiring,Replace Connector,886,Sunny,2023-07-09 19:00:00,1,2,162.75,2.05,0.134,162.884
Open Circuit,String-4_Panel-17,Medium,14,Replace Connector,Replace Connector,537,Sunny,2023-07-09 19:00:00,4,17,90.41,1.19,0.055,90.465
Open Circuit,String-6_Panel-8,Medium,4,Replace Connector,Inspect Junction Box,435,Rainy,2023-07-09 19:00:00,6,8,89.16,1.27,0.067,89.22699999999999
Short Circuit,String-8_Panel-14,Low,2,Replace Connector,Replace Fuse,673,Rainy,2023-07-09 21:00:00,8,14,95.88,1.04,0.049,95.929
Hotspot,String-2_Panel-13,High,1,Replace Module,Replace Panel Section,869,Rainy,2023-07-09 21:00:00,2,13,551.73,4.43,0.216,551.946
Hotspot,String-1_Panel-7,High,4,Replace Panel Section,Inspect Junction Box,410,Rainy,2023-07-09 21:00:00,1,7,315.88,3.76,0.227,316.10699999999997
Open Circuit,String-6_Panel-5,Low,4,Tighten Connection,Inspect Junction Box,849,Cloudy,2023-07-09 21:00:00,6,5,35.02,0.39,0.022,35.042
Hotspot,String-2_Panel-5,Low,14,Inspect Cells,Adjust Tilt,851,Cloudy,2023-07-09 22:00:00,2,5,88.14,0.71,0.041,88.181
Hotspot,String-5_Panel-7,Critical,3,Replace Module,Replace Fuse,238,Rainy,2023-07-09 22:00:00,5,7,556.63,5.8,0.357,556.987
Shadowing,String-6_Panel-16,Low,3,Remove Obstruction,Clean Panel,820,Cloudy,2023-07-09 23:00:00,6,16,54.2,0.42,0.023,54.223000000000006
Short Circuit,String-7_Panel-9,Low,3,Inspect Junction Box,Inspect Cells,984,Cloudy,2023-07-09 23:00:00,7,9,67.49,0.83,0.036,67.526
Open Circuit,String-6_Panel-16,Critical,13,Replace Module,Replace Module,555,Cloudy,2023-07-09 23:00:00,6,16,486.47,5.54,0.253,486.723
Shadowing,String-9_Panel-10,Low,1,Remove Obstruction,Clean Panel,260,Sunny,2023-07-10 01:00:00,9,10,54.18,0.53,0.026,54.206
Open Circuit,String-8_Panel-3,High,12,Replace Wiring,Adjust Tilt,863,Rainy,2023-07-10 02:00:00,8,3,146.8,2.14,0.135,146.935
Short Circuit,String-7_Panel-9,Medium,7,Inspect Junction Box,Adjust Tilt,980,Sunny,2023-07-10 02:00:00,7,9,67.53,1.23,0.081,67.611
Open Circuit,String-6_Panel-7,Medium,14,Replace Connector,Replace Connector,326,Sunny,2023-07-10 03:00:00,6,7,76.51,1.05,0.067,76.577
Hotspot,String-8_Panel-2,Low,2,Inspect Cells,Clean Panel,705,Rainy,2023-07-10 05:00:00,8,2,75.23,0.87,0.047,75.277
Short Circuit,String-9_Panel-12,Medium,9,Replace Fuse,Replace Fuse,914,Cloudy,2023-07-10 05:00:00,9,12,64.28,0.57,0.027,64.307
Short Circuit,String-8_Panel-2,Medium,8,Replace Fuse,Clean Panel,670,Rainy,2023-07-10 06:00:00,8,2,52.37,0.42,0.018,52.388
Shadowing,String-6_Panel-18,High,9,Adjust Tilt,Replace Wiring,512,Cloudy,2023-07-10 06:00:00,6,18,132.37,2.1,0.101,132.471
Shadowing,String-5_Panel-4,Critical,14,Reinstall Module,Reinstall Module,414,Cloudy,2023-07-10 10:00:00,5,4,203.67,2.98,0.151,203.821
Short Circuit,String-1_Panel-12,Critical,6,Replace Module,Replace Fuse,958,Sunny,2023-07-10 11:00:00,1,12,541.35,5.87,0.384,541.734
Hotspot,String-10_Panel-3,Low,6,Clean Panel,Inspect Junction Box,589,Rainy,2023-07-10 13:00:00,10,3,31.38,0.28,0.015,31.395
Shadowing,String-7_Panel-5,Medium,2,Remove Obstruction,Remove Obstruction,934,Cloudy,2023-07-10 13:00:00,7,5,49.5,0.55,0.032,49.532
Open Circuit,String-9_Panel-20,Critical,11,Replace Module,Inspect Junction Box,661,Cloudy,2023-07-10 14:00:00,9,20,483.24,6.23,0.284,483.524
Hotspot,String-1_Panel-7,Critical,14,Replace Module,Replace Module,510,Sunny,2023-07-10 15:00:00,1,7,541.27,6.75,0.292,541.562
Shadowing,String-1_Panel-1,Critical,12,Replace Module,Reinstall Module,755,Rainy,2023-07-10 15:00:00,1,1,547.79,4.76,0.204,547.9939999999999
Shadowing,String-2_Panel-12,Low,7,Clean Panel,Clean Panel,438,Sunny,2023-07-10 16:00:00,2,12,29.34,0.35,0.015,29.355
Open Circuit,String-6_Panel-14,Critical,2,Replace Module,Replace Fuse,892,Cloudy,2023-07-10 16:00:00,6,14,545.29,4.73,0.202,545.492
Short Circuit,String-6_Panel-20,Critical,5,Replace Panel Section,Replace Module,833,Rainy,2023-07-10 16:00:00,6,20,298.33,5.19,0.317,298.647
Shadowing,String-10_Panel-9,Critical,8,Replace Module,Inspect Cells,496,Rainy,2023-07-10 16:00:00,10,9,523.05,6.09,0.359,523.409
Shadowing,String-5_Panel-15,High,9,Adjust Tilt,Adjust Tilt,595,Cloudy,2023-07-10 17:00:00,5,15,114.95,2.1,0.114,115.06400000000001
Short Circuit,String-8_Panel-17,Low,3,Inspect Junction Box,Replace Panel Section,274,Cloudy,2023-07-10 18:00:00,8,17,57.12,0.93,0.043,57.163
Short Circuit,String-6_Panel-8,Low,12,Inspect Junction Box,Inspect Junction Box,632,Cloudy,2023-07-10 18:00:00,6,8,73.29,1.15,0.057,73.34700000000001
Open Circuit,String-7_Panel-19,High,14,Replace Fuse,Replace Wiring,219,Rainy,2023-07-10 19:00:00,7,19,66.15,0.5,0.022,66.17200000000001
Short Circuit,String-6_Panel-16,Low,14,Inspect Junction Box,Inspect Junction Box,879,Cloudy,2023-07-10 21:00:00,6,16,70.02,0.75,0.049,70.069
Short Circuit,String-5_Panel-12,Critical,14,Replace Module,Replace Module,438,Sunny,2023-07-10 21:00:00,5,12,501.55,5.73,0.358,501.908
Short Circuit,String-8_Panel-10,Medium,9,Replace Fuse,Tighten Connection,337,Cloudy,2023-07-10 23:00:00,8,10,67.79,0.47,0.021,67.811
Open Circuit,String-3_Panel-19,Medium,6,Replace Connector,Reinstall Module,611,Cloudy,2023-07-10 23:00:00,3,19,86.9,0.89,0.055,86.95500000000001
Hotspot,String-2_Panel-1,Medium,13,Inspect Cells,Remove Obstruction,374,Sunny,2023-07-11 00:00:00,2,1,84.5,0.99,0.057,84.557
Short Circuit,String-5_Panel-17,Low,5,Inspect Junction Box,Inspect Junction Box,597,Cloudy,2023-07-11 00:00:00,5,17,67.44,1.05,0.056,67.496
Shadowing,String-8_Panel-14,High,14,Remove Obstruction,Remove Obstruction,877,Sunny,2023-07-11 00:00:00,8,14,47.84,0.47,0.02,47.86000000000001
Open Circuit,String-4_Panel-13,Critical,13,Replace Module,Replace Connector,839,Cloudy,2023-07-11 02:00:00,4,13,581.55,5.78,0.318,581.8679999999999
Hotspot,String-2_Panel-12,Medium,9,Inspect Cells,Inspect Cells,390,Rainy,2023-07-11 02:00:00,2,12,103.68,0.95,0.04,103.72000000000001
Short Circuit,String-9_Panel-10,High,10,Replace Wiring,Replace Wiring,705,Rainy,2023-07-11 02:00:00,9,10,145.71,1.93,0.087,145.797
Short Circuit,String-9_Panel-6,High,2,Replace Wiring,Replace Wiring,604,Cloudy,2023-07-11 03:00:00,9,6,161.05,2.1,0.137,161.187
Open Circuit,String-9_Panel-9,Medium,14,Replace Connector,Tighten Connection,695,Sunny,2023-07-11 06:00:00,9,9,97.52,1.03,0.053,97.573
Short Circuit,String-10_Panel-10,Low,1,Inspect Junction Box,Inspect Junction Box,970,Sunny,2023-07-11 07:00:00,10,10,76.21,0.87,0.047,76.25699999999999
Shadowing,String-8_Panel-18,Critical,11,Replace Module,Reinstall Module,386,Sunny,2023-07-11 07:00:00,8,18,498.68,5.75,0.291,498.971
Short Circuit,String-4_Panel-14,Low,10,Replace Fuse,Inspect Junction Box,203,Rainy,2023-07-11 08:00:00,4,14,54.33,0.56,0.035,54.364999999999995
Open Circuit,String-5_Panel-17,High,5,Replace Wiring,Replace Wiring,853,Sunny,2023-07-11 09:00:00,5,17,143.19,2.08,0.127,143.317
Short Circuit,String-2_Panel-16,Critical,5,Replace Module,Replace Module,381,Rainy,2023-07-11 09:00:00,2,16,561.61,7.6,0.335,561.945
Hotspot,String-9_Panel-3,High,12,Replace Panel Section,Replace Panel Section,370,Sunny,2023-07-11 09:00:00,9,3,313.89,4.25,0.2,314.09
Open Circuit,String-8_Panel-5,High,13,Replace Wiring,Replace Wiring,538,Sunny,2023-07-11 10:00:00,8,5,149.76,1.74,0.077,149.837
Hotspot,String-1_Panel-8,Low,10,Clean Panel,Clean Panel,313,Rainy,2023-07-11 10:00:00,1,8,32.76,0.35,0.019,32.778999999999996
Hotspot,String-4_Panel-14,Low,3,Inspect Cells,Clean Panel,619,Cloudy,2023-07-11 11:00:00,4,14,86.78,1.14,0.068,86.848
Hotspot,String-8_Panel-6,Critical,14,Replace Module,Replace Module,594,Rainy,2023-07-11 12:00:00,8,6,501.43,7.45,0.408,501.838
Hotspot,String-9_Panel-16,High,12,Replace Module,Adjust Tilt,695,Sunny,2023-07-11 14:00:00,9,16,473.02,6.08,0.272,473.292
Shadowing,String-3_Panel-8,Critical,8,Replace Module,Reinstall Module,698,Sunny,2023-07-11 14:00:00,3,8,414.06,6.13,0.393,414.453
Short Circuit,String-2_Panel-20,Low,13,Replace Wiring,Inspect Junction Box,810,Cloudy,2023-07-11 18:00:00,2,20,130.3,2.02,0.128,130.428
Hotspot,String-1_Panel-18,High,7,Replace Module,Clean Panel,558,Cloudy,2023-07-11 19:00:00,1,18,519.0,5.75,0.326,519.326
Hotspot,String-10_Panel-8,Medium,7,Inspect Cells,Replace Connector,213,Cloudy,2023-07-11 23:00:00,10,8,75.11,0.92,0.06,75.17
Open Circuit,String-8_Panel-16,High,5,Replace Wiring,Replace Wiring,463,Cloudy,2023-07-12 00:00:00,8,16,152.8,1.98,0.118,152.918
Hotspot,String-7_Panel-2,Medium,3,Inspect Cells,Replace Panel Section,471,Cloudy,2023-07-12 00:00:00,7,2,82.46,1.09,0.061,82.521
Shadowing,String-3_Panel-12,Low,3,Remove Obstruction,Clean Panel,381,Sunny,2023-07-12 05:00:00,3,12,48.09,0.34,0.018,48.108000000000004
Hotspot,String-7_Panel-5,High,4,Replace Panel Section,Inspect Cells,654,Rainy,2023-07-12 05:00:00,7,5,307.64,3.56,0.217,307.85699999999997
Open Circuit,String-1_Panel-10,Critical,6,Replace Module,Adjust Tilt,875,Sunny,2023-07-12 05:00:00,1,10,553.97,5.97,0.262,554.232
Short Circuit,String-9_Panel-9,High,5,Inspect Junction Box,Tighten Connection,844,Sunny,2023-07-12 06:00:00,9,9,61.55,0.96,0.049,61.599
Short Circuit,String-4_Panel-4,High,5,Inspect Junction Box,Replace Wiring,898,Sunny,2023-07-12 08:00:00,4,4,67.61,0.87,0.047,67.657
Short Circuit,String-10_Panel-11,Medium,11,Replace Fuse,Remove Obstruction,509,Rainy,2023-07-12 09:00:00,10,11,61.97,0.56,0.026,61.996
Open Circuit,String-4_Panel-12,High,6,Replace Wiring,Reinstall Module,384,Rainy,2023-07-12 09:00:00,4,12,137.76,1.75,0.096,137.856
Open Circuit,String-9_Panel-14,Critical,8,Replace Module,Replace Module,545,Rainy,2023-07-12 09:00:00,9,14,595.3,6.3,0.345,595.645
Hotspot,String-3_Panel-7,Low,11,Clean Panel,Clean Panel,618,Cloudy,2023-07-12 09:00:00,3,7,29.55,0.3,0.015,29.565
Open Circuit,String-4_Panel-10,Critical,8,Replace Module,Inspect Cells,451,Sunny,2023-07-12 10:00:00,4,10,571.32,6.19,0.318,571.638
Short Circuit,String-6_Panel-17,High,13,Replace Module,Tighten Connection,895,Sunny,2023-07-12 11:00:00,6,17,532.45,6.36,0.333,532.783
Hotspot,String-7_Panel-12,Medium,2,Inspect Cells,Replace Panel Section,750,Cloudy,2023-07-12 14:00:00,7,12,79.26,1.12,0.071,79.331
Open Circuit,String-3_Panel-2,Medium,11,Replace Connector,Inspect Cells,680,Rainy,2023-07-12 14:00:00,3,2,96.83,1.2,0.066,96.896
Hotspot,String-6_Panel-3,Critical,7,Replace Module,Tighten Connection,948,Rainy,2023-07-12 14:00:00,6,3,534.92,8.3,0.427,535.347
Short Circuit,String-2_Panel-13,Medium,4,Replace Fuse,Replace Fuse,343,Sunny,2023-07-12 16:00:00,2,13,54.77,0.48,0.031,54.801
Short Circuit,String-10_Panel-15,Critical,9,Replace Module,Replace Wiring,389,Cloudy,2023-07-12 16:00:00,10,15,466.16,5.46,0.324,466.48400000000004
Short Circuit,String-4_Panel-5,Low,12,Inspect Junction Box,Replace Wiring,763,Sunny,2023-07-12 17:00:00,4,5,68.48,0.99,0.056,68.536
Hotspot,String-4_Panel-6,High,7,Replace Panel Section,Replace Panel Section,873,Sunny,2023-07-12 17:00:00,4,6,301.65,3.3,0.147,301.79699999999997
Shadowing,String-9_Panel-6,Medium,5,Adjust Tilt,Inspect Junction Box,632,Rainy,2023-07-12 18:00:00,9,6,125.59,2.06,0.114,125.70400000000001
Shadowing,String-9_Panel-10,Critical,5,Remove Obstruction,Reinstall Module,340,Rainy,2023-07-12 20:00:00,9,10,45.36,0.48,0.024,45.384
Short Circuit,String-10_Panel-20,Medium,2,Inspect Junction Box,Replace Fuse,315,Rainy,2023-07-12 21:00:00,10,20,65.32,0.92,0.05,65.36999999999999
Hotspot,String-3_Panel-17,Critical,10,Replace Module,Tighten Connection,434,Cloudy,2023-07-12 22:00:00,3,17,521.82,5.74,0.304,522.124
Open Circuit,String-6_Panel-10,High,12,Replace Wiring,Replace Wiring,983,Sunny,2023-07-12 23:00:00,6,10,175.38,2.05,0.124,175.504
Open Circuit,String-3_Panel-10,Critical,4,Replace Module,Replace Panel Section,805,Rainy,2023-07-13 00:00:00,3,10,555.9,6.5,0.417,556.317
Hotspot,String-3_Panel-15,Medium,12,Inspect Cells,Inspect Cells,623,Rainy,2023-07-13 01:00:00,3,15,100.65,1.0,0.058,100.70800000000001
Open Circuit,String-9_Panel-6,High,11,Replace Wiring,Replace Wiring,757,Rainy,2023-07-13 03:00:00,9,6,156.62,2.08,0.137,156.757
Short Circuit,String-8_Panel-20,Medium,7,Replace Fuse,Replace Fuse,878,Sunny,2023-07-13 03:00:00,8,20,57.17,0.55,0.025,57.195
Short Circuit,String-7_Panel-19,Low,3,Inspect Junction Box,Inspect Junction Box,414,Cloudy,2023-07-13 03:00:00,7,19,75.5,0.97,0.057,75.557
Shadowing,String-1_Panel-13,Low,5,Remove Obstruction,Clean Panel,206,Cloudy,2023-07-13 04:00:00,1,13,52.93,0.52,0.022,52.952
Short Circuit,String-9_Panel-3,Medium,4,Replace Fuse,Replace Connector,753,Sunny,2023-07-13 05:00:00,9,3,66.46,0.54,0.023,66.48299999999999
Hotspot,String-10_Panel-3,Low,2,Clean Panel,Clean Panel,388,Cloudy,2023-07-13 06:00:00,10,3,28.88,0.31,0.017,28.897
Hotspot,String-10_Panel-16,High,1,Replace Module,Replace Panel Section,210,Rainy,2023-07-13 06:00:00,10,16,453.69,6.27,0.375,454.065
Open Circuit,String-2_Panel-3,Critical,6,Replace Module,Reinstall Module,295,Rainy,2023-07-13 06:00:00,2,3,422.14,6.14,0.34,422.47999999999996
Short Circuit,String-7_Panel-11,High,5,Replace Wiring,Tighten Connection,990,Rainy,2023-07-13 09:00:00,7,11,156.97,2.19,0.129,157.099
Short Circuit,String-8_Panel-4,Low,14,Inspect Junction Box,Clean Panel,779,Cloudy,2023-07-13 14:00:00,8,4,64.18,0.78,0.041,64.221
Open Circuit,String-7_Panel-10,Medium,3,Replace Connector,Replace Fuse,492,Rainy,2023-07-13 14:00:00,7,10,95.06,1.14,0.06,95.12
Short Circuit,String-5_Panel-15,Medium,6,Replace Fuse,Reinstall Module,848,Rainy,2023-07-13 14:00:00,5,15,63.86,0.41,0.024,63.884
Hotspot,String-4_Panel-5,High,4,Replace Panel Section,Replace Panel Section,976,Rainy,2023-07-13 16:00:00,4,5,323.23,4.32,0.246,323.476
Shadowing,String-4_Panel-13,Medium,1,Remove Obstruction,Remove Obstruction,405,Cloudy,2023-07-13 16:00:00,4,13,52.39,0.49,0.025,52.415
Shadowing,String-8_Panel-18,Low,3,Clean Panel,Clean Panel,947,Sunny,2023-07-13 17:00:00,8,18,27.8,0.28,0.017,27.817
Shadowing,String-5_Panel-20,Medium,6,Remove Obstruction,Remove Obstruction,519,Cloudy,2023-07-13 18:00:00,5,20,53.03,0.57,0.033,53.063
Shadowing,String-5_Panel-10,High,1,Adjust Tilt,Adjust Tilt,891,Cloudy,2023-07-13 18:00:00,5,10,119.98,2.17,0.138,120.11800000000001
Shadowing,String-6_Panel-16,Critical,3,Reinstall Module,Replace Fuse,501,Rainy,2023-07-13 19:00:00,6,16,195.34,2.76,0.182,195.522
Short Circuit,String-6_Panel-19,High,1,Replace Wiring,Replace Wiring,327,Cloudy,2023-07-13 22:00:00,6,19,140.14,1.89,0.08,140.22
Shadowing,String-7_Panel-18,Medium,7,Remove Obstruction,Remove Obstruction,398,Cloudy,2023-07-13 22:00:00,7,18,46.71,0.52,0.022,46.732
Open Circuit,String-3_Panel-10,Medium,9,Replace Connector,Replace Connector,462,Rainy,2023-07-13 23:00:00,3,10,88.71,0.9,0.044,88.75399999999999
Open Circuit,String-6_Panel-5,Low,13,Tighten Connection,Tighten Connection,896,Rainy,2023-07-14 05:00:00,6,5,38.38,0.5,0.031,38.411
Hotspot,String-7_Panel-6,Medium,5,Inspect Cells,Reinstall Module,213,Sunny,2023-07-14 06:00:00,7,6,76.48,1.26,0.068,76.548
Short Circuit,String-7_Panel-3,Low,9,Inspect Junction Box,Tighten Connection,269,Cloudy,2023-07-14 06:00:00,7,3,72.31,0.91,0.057,72.367
Open Circuit,String-2_Panel-15,Critical,12,Replace Module,Reinstall Module,442,Cloudy,2023-07-14 06:00:00,2,15,514.77,5.72,0.281,515.0509999999999
Hotspot,String-10_Panel-3,High,11,Replace Panel Section,Inspect Cells,384,Rainy,2023-07-14 06:00:00,10,3,313.13,4.2,0.193,313.323
Hotspot,String-1_Panel-8,High,5,Replace Panel Section,Replace Panel Section,489,Cloudy,2023-07-14 07:00:00,1,8,318.98,3.66,0.168,319.148
Open Circuit,String-4_Panel-10,Critical,3,Replace Module,Remove Obstruction,905,Rainy,2023-07-14 08:00:00,4,10,500.83,6.33,0.348,501.178
Hotspot,String-9_Panel-6,High,8,Replace Panel Section,Replace Panel Section,951,Rainy,2023-07-14 09:00:00,9,6,340.4,4.0,0.244,340.644
Shadowing,String-10_Panel-1,Critical,3,Reinstall Module,Replace Connector,215,Cloudy,2023-07-14 10:00:00,10,1,197.3,2.37,0.143,197.443
Short Circuit,String-4_Panel-15,Low,7,Inspect Junction Box,Inspect Junction Box,574,Cloudy,2023-07-14 12:00:00,4,15,67.9,0.88,0.054,67.95400000000001
Hotspot,String-1_Panel-18,Low,4,Inspect Cells,Replace Wiring,745,Sunny,2023-07-14 13:00:00,1,18,85.92,0.86,0.039,85.959
Short Circuit,String-5_Panel-1,Medium,7,Replace Fuse,Replace Fuse,951,Cloudy,2023-07-14 13:00:00,5,1,67.43,0.4,0.021,67.45100000000001
Shadowing,String-5_Panel-20,Medium,6,Adjust Tilt,Adjust Tilt,693,Cloudy,2023-07-14 14:00:00,5,20,108.8,1.82,0.105,108.905
Open Circuit,String-7_Panel-6,Medium,7,Replace Connector,Tighten Connection,310,Sunny,2023-07-14 14:00:00,7,6,82.89,1.07,0.057,82.947
Open Circuit,String-3_Panel-16,Low,7,Tighten Connection,Clean Panel,660,Rainy,2023-07-14 16:00:00,3,16,42.69,0.56,0.024,42.714
Short Circuit,String-3_Panel-3,Low,5,Replace Fuse,Inspect Junction Box,724,Rainy,2023-07-14 18:00:00,3,3,58.83,0.53,0.026,58.856
Hotspot,String-6_Panel-8,Critical,1,Replace Module,Replace Module,878,Sunny,2023-07-14 18:00:00,6,8,592.94,6.77,0.291,593.2310000000001
Shadowing,String-10_Panel-20,Medium,6,Remove Obstruction,Remove Obstruction,730,Sunny,2023-07-14 18:00:00,10,20,60.53,0.51,0.028,60.558
Open Circuit,String-7_Panel-4,Low,4,Tighten Connection,Tighten Connection,208,Rainy,2023-07-14 19:00:00,7,4,40.57,0.45,0.028,40.598
Open Circuit,String-4_Panel-4,Low,10,Tighten Connection,Tighten Connection,223,Cloudy,2023-07-14 19:00:00,4,4,34.47,0.47,0.021,34.491
Open Circuit,String-6_Panel-20,Critical,9,Replace Panel Section,Adjust Tilt,604,Sunny,2023-07-14 20:00:00,6,20,344.31,4.53,0.213,344.523
Hotspot,String-2_Panel-1,Low,5,Clean Panel,Clean Panel,403,Sunny,2023-07-14 21:00:00,2,1,34.98,0.31,0.019,34.998999999999995
Shadowing,String-10_Panel-7,Low,13,Remove Obstruction,Clean Panel,293,Rainy,2023-07-14 21:00:00,10,7,43.53,0.46,0.024,43.554
Short Circuit,String-8_Panel-18,Critical,10,Replace Module,Replace Module,872,Cloudy,2023-07-14 21:00:00,8,18,527.06,6.08,0.333,527.3929999999999
Hotspot,String-6_Panel-20,Critical,4,Replace Wiring,Replace Fuse,788,Cloudy,2023-07-14 21:00:00,6,20,132.68,1.98,0.092,132.77200000000002
Short Circuit,String-8_Panel-16,Critical,9,Reinstall Module,Remove Obstruction,506,Cloudy,2023-07-14 21:00:00,8,16,217.39,2.95,0.156,217.546
Open Circuit,String-4_Panel-10,Critical,4,Replace Module,Replace Module,934,Sunny,2023-07-14 22:00:00,4,10,467.62,5.3,0.27,467.89
Shadowing,String-9_Panel-7,High,1,Adjust Tilt,Adjust Tilt,999,Rainy,2023-07-14 22:00:00,9,7,125.55,1.93,0.116,125.666
Hotspot,String-3_Panel-3,Medium,11,Replace Panel Section,Replace Fuse,386,Cloudy,2023-07-14 23:00:00,3,3,299.35,4.13,0.187,299.53700000000003
Hotspot,String-7_Panel-5,High,8,Clean Panel,Replace Connector,974,Cloudy,2023-07-14 23:00:00,7,5,30.05,0.26,0.012,30.062
Shadowing,String-2_Panel-3,High,3,Adjust Tilt,Adjust Tilt,848,Sunny,2023-07-15 00:00:00,2,3,114.92,1.76,0.105,115.025
Hotspot,String-1_Panel-2,High,2,Replace Panel Section,Remove Obstruction,256,Sunny,2023-07-15 00:00:00,1,2,375.54,4.93,0.321,375.86100000000005
Open Circuit,String-7_Panel-10,Medium,9,Replace Connector,Clean Panel,722,Cloudy,2023-07-15 01:00:00,7,10,88.09,0.99,0.045,88.135
Hotspot,String-4_Panel-12,Low,5,Inspect Cells,Clean Panel,809,Rainy,2023-07-15 02:00:00,4,12,82.14,1.16,0.058,82.19800000000001
Short Circuit,String-10_Panel-3,High,11,Replace Wiring,Replace Wiring,480,Sunny,2023-07-15 02:00:00,10,3,146.45,2.19,0.123,146.57299999999998
Shadowing,String-9_Panel-14,Critical,6,Reinstall Module,Reinstall Module,428,Cloudy,2023-07-15 04:00:00,9,14,196.16,3.21,0.201,196.361
Hotspot,String-4_Panel-8,Critical,12,Replace Module,Replace Module,272,Cloudy,2023-07-15 04:00:00,4,8,466.17,5.01,0.282,466.452
Shadowing,String-3_Panel-1,High,10,Reinstall Module,Tighten Connection,722,Rainy,2023-07-15 05:00:00,3,1,175.4,2.47,0.16,175.56
Hotspot,String-1_Panel-17,Low,5,Inspect Cells,Clean Panel,880,Rainy,2023-07-15 06:00:00,1,17,93.39,0.96,0.049,93.43900000000001
Hotspot,String-3_Panel-11,High,8,Replace Module,Adjust Tilt,880,Rainy,2023-07-15 08:00:00,3,11,480.25,6.46,0.407,480.657
Short Circuit,String-10_Panel-20,Medium,8,Replace Fuse,Inspect Junction Box,497,Rainy,2023-07-15 08:00:00,10,20,55.74,0.6,0.038,55.778
Hotspot,String-2_Panel-12,Critical,14,Replace Module,Replace Module,316,Sunny,2023-07-15 08:00:00,2,12,520.7,6.29,0.289,520.989
Shadowing,String-2_Panel-4,High,10,Adjust Tilt,Replace Connector,641,Rainy,2023-07-15 10:00:00,2,4,137.83,2.12,0.098,137.92800000000003
Short Circuit,String-2_Panel-6,Critical,4,Replace Module,Replace Panel Section,241,Sunny,2023-07-15 10:00:00,2,6,502.47,6.6,0.327,502.797
Shadowing,String-7_Panel-1,Low,6,Remove Obstruction,Replace Panel Section,533,Rainy,2023-07-15 10:00:00,7,1,50.44,0.67,0.04,50.48
Shadowing,String-9_Panel-8,Medium,4,Remove Obstruction,Remove Obstruction,349,Sunny,2023-07-15 11:00:00,9,8,50.93,0.52,0.022,50.952
Hotspot,String-9_Panel-1,High,2,Replace Panel Section,Replace Panel Section,628,Cloudy,2023-07-15 11:00:00,9,1,314.76,4.04,0.264,315.024
Short Circuit,String-2_Panel-17,Low,14,Inspect Junction Box,Clean Panel,751,Cloudy,2023-07-15 12:00:00,2,17,71.24,0.94,0.062,71.30199999999999
Short Circuit,String-5_Panel-16,Low,7,Inspect Junction Box,Inspect Junction Box,789,Rainy,2023-07-15 13:00:00,5,16,68.59,1.07,0.064,68.654
Hotspot,String-9_Panel-18,Low,10,Clean Panel,Clean Panel,638,Sunny,2023-07-15 15:00:00,9,18,29.13,0.28,0.017,29.147
Shadowing,String-8_Panel-15,Low,4,Remove Obstruction,Replace Panel Section,961,Cloudy,2023-07-15 16:00:00,8,15,52.93,0.53,0.023,52.953
Short Circuit,String-4_Panel-15,Critical,12,Replace Module,Adjust Tilt,873,Sunny,2023-07-15 17:00:00,4,15,488.7,7.21,0.322,489.022
Short Circuit,String-9_Panel-5,Low,6,Inspect Junction Box,Clean Panel,251,Sunny,2023-07-15 18:00:00,9,5,73.59,0.89,0.053,73.643
Hotspot,String-10_Panel-5,Critical,2,Replace Module,Replace Module,380,Rainy,2023-07-15 19:00:00,10,5,491.45,5.31,0.308,491.758
Open Circuit,String-6_Panel-13,Medium,9,Replace Connector,Replace Connector,557,Sunny,2023-07-15 19:00:00,6,13,86.01,1.05,0.045,86.055
Hotspot,String-2_Panel-10,Critical,11,Replace Module,Replace Module,775,Cloudy,2023-07-15 19:00:00,2,10,474.44,5.98,0.28,474.71999999999997
Short Circuit,String-7_Panel-16,Critical,13,Replace Module,Replace Module,362,Rainy,2023-07-15 20:00:00,7,16,546.77,6.6,0.297,547.067
Shadowing,String-7_Panel-9,Low,8,Remove Obstruction,Adjust Tilt,228,Rainy,2023-07-15 20:00:00,7,9,51.09,0.61,0.033,51.123000000000005
Hotspot,String-4_Panel-16,Medium,10,Inspect Cells,Clean Panel,719,Sunny,2023-07-15 20:00:00,4,16,78.58,1.07,0.057,78.637
Open Circuit,String-2_Panel-17,Critical,3,Replace Module,Replace Connector,248,Cloudy,2023-07-15 22:00:00,2,17,511.24,5.57,0.242,511.482
Shadowing,String-2_Panel-8,Low,4,Clean Panel,Clean Panel,220,Rainy,2023-07-15 22:00:00,2,8,29.4,0.33,0.019,29.418999999999997
Hotspot,String-10_Panel-10,Critical,8,Replace Module,Replace Module,824,Sunny,2023-07-15 22:00:00,10,10,558.53,6.24,0.377,558.9069999999999
Open Circuit,String-8_Panel-11,Critical,10,Replace Module,Inspect Junction Box,846,Cloudy,2023-07-15 23:00:00,8,11,421.91,6.26,0.317,422.22700000000003
Hotspot,String-1_Panel-3,High,12,Replace Panel Section,Replace Panel Section,548,Cloudy,2023-07-15 23:00:00,1,3,270.76,3.92,0.169,270.929
Short Circuit,String-1_Panel-6,Medium,5,Replace Fuse,Replace Fuse,675,Rainy,2023-07-16 00:00:00,1,6,57.83,0.59,0.038,57.867999999999995
Open Circuit,String-10_Panel-16,Medium,11,Replace Connector,Replace Connector,246,Rainy,2023-07-16 00:00:00,10,16,88.2,1.17,0.072,88.272
Shadowing,String-6_Panel-7,Medium,1,Remove Obstruction,Replace Module,866,Sunny,2023-07-16 01:00:00,6,7,52.05,0.45,0.025,52.074999999999996
Open Circuit,String-6_Panel-16,Critical,4,Replace Module,Replace Module,335,Cloudy,2023-07-16 02:00:00,6,16,459.82,5.97,0.389,460.209
Shadowing,String-6_Panel-13,High,13,Adjust Tilt,Adjust Tilt,806,Sunny,2023-07-16 03:00:00,6,13,116.84,2.06,0.123,116.96300000000001
Open Circuit,String-1_Panel-5,Critical,4,Replace Module,Replace Connector,297,Cloudy,2023-07-16 07:00:00,1,5,467.43,5.64,0.256,467.686
Open Circuit,String-10_Panel-18,High,6,Replace Wiring,Replace Wiring,730,Cloudy,2023-07-16 08:00:00,10,18,144.07,1.94,0.127,144.197
Hotspot,String-7_Panel-6,Critical,11,Replace Module,Reinstall Module,996,Sunny,2023-07-16 10:00:00,7,6,459.7,5.61,0.288,459.988
Short Circuit,String-10_Panel-13,Critical,2,Replace Module,Replace Module,720,Sunny,2023-07-16 10:00:00,10,13,507.09,6.08,0.296,507.38599999999997
Open Circuit,String-7_Panel-11,Medium,5,Replace Connector,Replace Connector,372,Rainy,2023-07-16 11:00:00,7,11,94.91,0.92,0.049,94.959
Open Circuit,String-2_Panel-11,Critical,11,Replace Module,Replace Module,969,Sunny,2023-07-16 11:00:00,2,11,572.9,6.28,0.403,573.303
Short Circuit,String-1_Panel-12,Medium,7,Replace Fuse,Replace Fuse,921,Rainy,2023-07-16 11:00:00,1,12,61.33,0.56,0.037,61.367
Shadowing,String-2_Panel-17,Low,1,Remove Obstruction,Clean Panel,488,Rainy,2023-07-16 11:00:00,2,17,51.0,0.56,0.031,51.031
Shadowing,String-2_Panel-4,Low,9,Remove Obstruction,Adjust Tilt,248,Rainy,2023-07-16 11:00:00,2,4,49.86,0.48,0.024,49.884
Shadowing,String-8_Panel-7,Medium,11,Remove Obstruction,Remove Obstruction,611,Rainy,2023-07-16 11:00:00,8,7,56.44,0.51,0.024,56.464
Shadowing,String-8_Panel-20,Critical,14,Replace Module,Reinstall Module,787,Sunny,2023-07-16 12:00:00,8,20,467.44,7.18,0.305,467.745
Open Circuit,String-2_Panel-11,Critical,12,Replace Module,Replace Module,670,Sunny,2023-07-16 12:00:00,2,11,538.64,5.75,0.317,538.957
Shadowing,String-5_Panel-17,High,14,Reinstall Module,Adjust Tilt,860,Cloudy,2023-07-16 12:00:00,5,17,184.21,3.14,0.194,184.404
Shadowing,String-10_Panel-5,High,4,Adjust Tilt,Adjust Tilt,975,Cloudy,2023-07-16 13:00:00,10,5,116.55,1.85,0.094,116.64399999999999
Open Circuit,String-5_Panel-11,Critical,7,Replace Module,Replace Module,600,Sunny,2023-07-16 13:00:00,5,11,505.57,5.35,0.339,505.909
Shadowing,String-5_Panel-1,Low,1,Remove Obstruction,Reinstall Module,969,Cloudy,2023-07-16 14:00:00,5,1,50.01,0.61,0.03,50.04
Open Circuit,String-10_Panel-6,Critical,4,Replace Module,Replace Module,840,Cloudy,2023-07-16 14:00:00,10,6,533.9,6.36,0.281,534.1809999999999
Short Circuit,String-8_Panel-19,Low,5,Inspect Junction Box,Inspect Junction Box,526,Cloudy,2023-07-16 14:00:00,8,19,72.54,1.03,0.046,72.58600000000001
Hotspot,String-7_Panel-14,High,7,Replace Panel Section,Reinstall Module,991,Cloudy,2023-07-16 15:00:00,7,14,257.88,5.0,0.248,258.128
Shadowing,String-6_Panel-19,Medium,12,Remove Obstruction,Remove Obstruction,631,Cloudy,2023-07-16 15:00:00,6,19,50.87,0.42,0.027,50.897
Short Circuit,String-5_Panel-8,Low,8,Inspect Junction Box,Replace Panel Section,478,Sunny,2023-07-16 15:00:00,5,8,66.11,1.06,0.067,66.17699999999999
Open Circuit,String-4_Panel-12,Low,7,Tighten Connection,Tighten Connection,996,Sunny,2023-07-16 15:00:00,4,12,47.12,0.41,0.022,47.141999999999996
Hotspot,String-3_Panel-18,Medium,12,Inspect Cells,Inspect Cells,381,Rainy,2023-07-16 15:00:00,3,18,70.57,1.0,0.052,70.622
Shadowing,String-4_Panel-11,Medium,8,Remove Obstruction,Clean Panel,371,Cloudy,2023-07-16 16:00:00,4,11,54.55,0.47,0.028,54.577999999999996
Hotspot,String-10_Panel-8,Low,1,Clean Panel,Replace Module,592,Rainy,2023-07-16 17:00:00,10,8,27.54,0.29,0.014,27.554
Short Circuit,String-2_Panel-12,Critical,1,Replace Module,Replace Module,902,Rainy,2023-07-16 19:00:00,2,12,540.62,6.27,0.27,540.89
Hotspot,String-9_Panel-9,Critical,8,Replace Module,Replace Connector,992,Rainy,2023-07-16 19:00:00,9,9,531.1,6.48,0.326,531.426
Short Circuit,String-3_Panel-5,Low,8,Inspect Junction Box,Inspect Junction Box,342,Cloudy,2023-07-16 19:00:00,3,5,72.18,1.19,0.078,72.25800000000001
Shadowing,String-4_Panel-7,Medium,2,Remove Obstruction,Reinstall Module,215,Rainy,2023-07-16 19:00:00,4,7,51.96,0.54,0.027,51.987
Hotspot,String-2_Panel-9,Critical,7,Replace Module,Replace Panel Section,487,Cloudy,2023-07-16 19:00:00,2,9,550.2,6.07,0.267,550.4670000000001
Short Circuit,String-9_Panel-9,Critical,2,Replace Module,Replace Module,722,Sunny,2023-07-16 20:00:00,9,9,489.42,5.72,0.37,489.79
Shadowing,String-3_Panel-1,Critical,11,Replace Module,Reinstall Module,838,Cloudy,2023-07-16 20:00:00,3,1,581.86,6.32,0.405,582.265
Hotspot,String-10_Panel-8,High,10,Replace Panel Section,Replace Panel Section,952,Cloudy,2023-07-16 20:00:00,10,8,326.95,4.56,0.256,327.20599999999996
Shadowing,String-9_Panel-6,Medium,10,Remove Obstruction,Remove Obstruction,493,Sunny,2023-07-16 21:00:00,9,6,46.29,0.31,0.017,46.307
Hotspot,String-4_Panel-12,Medium,7,Inspect Cells,Inspect Cells,290,Sunny,2023-07-16 21:00:00,4,12,78.97,1.07,0.069,79.039
Shadowing,String-3_Panel-12,Critical,5,Reinstall Module,Clean Panel,891,Rainy,2023-07-16 23:00:00,3,12,217.82,3.63,0.173,217.993
Shadowing,String-10_Panel-18,Medium,10,Remove Obstruction,Inspect Junction Box,310,Cloudy,2023-07-17 00:00:00,10,18,57.0,0.58,0.026,57.026
Hotspot,String-9_Panel-17,Critical,2,Replace Module,Remove Obstruction,281,Rainy,2023-07-17 00:00:00,9,17,518.3,5.07,0.334,518.6339999999999
Open Circuit,String-10_Panel-16,Medium,1,Replace Connector,Tighten Connection,788,Rainy,2023-07-17 01:00:00,10,16,90.45,1.15,0.073,90.523
Hotspot,String-8_Panel-5,Medium,12,Replace Panel Section,Inspect Cells,911,Rainy,2023-07-17 02:00:00,8,5,344.68,2.83,0.173,344.853
Hotspot,String-2_Panel-16,Critical,2,Replace Wiring,Inspect Cells,491,Sunny,2023-07-17 02:00:00,2,16,148.82,2.11,0.092,148.912
Shadowing,String-7_Panel-2,Medium,3,Remove Obstruction,Remove Obstruction,376,Rainy,2023-07-17 05:00:00,7,2,45.62,0.54,0.024,45.644
Open Circuit,String-6_Panel-4,High,7,Replace Wiring,Reinstall Module,739,Rainy,2023-07-17 06:00:00,6,4,178.15,2.17,0.099,178.249
Hotspot,String-10_Panel-1,Medium,11,Inspect Cells,Replace Wiring,345,Sunny,2023-07-17 06:00:00,10,1,76.35,1.22,0.062,76.41199999999999
Hotspot,String-5_Panel-6,Critical,4,Replace Module,Replace Module,421,Cloudy,2023-07-17 06:00:00,5,6,519.09,4.83,0.245,519.335
Hotspot,String-1_Panel-1,Critical,7,Replace Module,Replace Module,516,Cloudy,2023-07-17 06:00:00,1,1,546.26,6.25,0.372,546.632
Short Circuit,String-10_Panel-6,High,2,Replace Wiring,Replace Connector,547,Rainy,2023-07-17 07:00:00,10,6,157.59,1.62,0.071,157.661
Open Circuit,String-8_Panel-18,Low,12,Replace Wiring,Replace Wiring,241,Sunny,2023-07-17 07:00:00,8,18,152.5,1.89,0.094,152.594
Shadowing,String-9_Panel-5,Medium,12,Remove Obstruction,Inspect Junction Box,492,Sunny,2023-07-17 07:00:00,9,5,51.41,0.58,0.026,51.436
Hotspot,String-1_Panel-7,Low,5,Inspect Cells,Reinstall Module,475,Cloudy,2023-07-17 09:00:00,1,7,85.94,0.97,0.047,85.987
Shadowing,String-10_Panel-19,Low,14,Remove Obstruction,Replace Panel Section,241,Rainy,2023-07-17 10:00:00,10,19,56.79,0.47,0.03,56.82
Short Circuit,String-4_Panel-8,High,14,Replace Module,Replace Wiring,479,Sunny,2023-07-17 11:00:00,4,8,483.37,4.51,0.232,483.60200000000003
Hotspot,String-1_Panel-6,High,10,Clean Panel,Replace Panel Section,821,Cloudy,2023-07-17 13:00:00,1,6,30.89,0.3,0.013,30.903000000000002
Hotspot,String-10_Panel-8,High,11,Replace Panel Section,Replace Panel Section,799,Cloudy,2023-07-17 13:00:00,10,8,327.79,4.13,0.194,327.98400000000004
Open Circuit,String-10_Panel-8,Medium,12,Inspect Junction Box,Clean Panel,218,Cloudy,2023-07-17 14:00:00,10,8,62.42,0.97,0.043,62.463
Hotspot,String-10_Panel-8,Low,13,Clean Panel,Replace Panel Section,391,Rainy,2023-07-17 15:00:00,10,8,31.0,0.27,0.015,31.015
Short Circuit,String-9_Panel-19,Medium,14,Replace Fuse,Inspect Junction Box,201,Sunny,2023-07-17 16:00:00,9,19,64.26,0.43,0.023,64.283
Open Circuit,String-5_Panel-12,Critical,13,Replace Module,Replace Module,711,Rainy,2023-07-17 17:00:00,5,12,575.73,5.08,0.224,575.9540000000001
Short Circuit,String-10_Panel-17,Critical,10,Replace Module,Replace Module,474,Sunny,2023-07-17 17:00:00,10,17,587.36,5.84,0.289,587.649
Hotspot,String-6_Panel-5,Medium,4,Inspect Cells,Inspect Cells,482,Cloudy,2023-07-17 18:00:00,6,5,92.03,0.98,0.058,92.08800000000001
Hotspot,String-1_Panel-15,High,6,Replace Module,Inspect Cells,732,Rainy,2023-07-17 18:00:00,1,15,515.89,6.34,0.349,516.239
Open Circuit,String-9_Panel-17,Low,6,Tighten Connection,Remove Obstruction,491,Cloudy,2023-07-17 18:00:00,9,17,37.18,0.48,0.022,37.202
Shadowing,String-6_Panel-5,Low,13,Clean Panel,Clean Panel,420,Sunny,2023-07-17 19:00:00,6,5,29.86,0.24,0.015,29.875
Shadowing,String-7_Panel-4,Critical,13,Replace Module,Reinstall Module,981,Sunny,2023-07-17 20:00:00,7,4,511.09,6.79,0.401,511.491
Open Circuit,String-2_Panel-18,Low,2,Tighten Connection,Tighten Connection,670,Sunny,2023-07-17 20:00:00,2,18,39.61,0.53,0.022,39.632
Shadowing,String-10_Panel-12,Low,7,Remove Obstruction,Remove Obstruction,979,Cloudy,2023-07-17 21:00:00,10,12,45.27,0.36,0.016,45.286
Short Circuit,String-3_Panel-9,High,5,Replace Wiring,Replace Wiring,259,Sunny,2023-07-17 21:00:00,3,9,152.98,2.28,0.113,153.093
Hotspot,String-3_Panel-8,Medium,4,Inspect Cells,Inspect Cells,385,Sunny,2023-07-17 22:00:00,3,8,89.06,0.96,0.049,89.10900000000001
Open Circuit,String-7_Panel-13,High,3,Replace Wiring,Replace Wiring,689,Cloudy,2023-07-17 22:00:00,7,13,167.19,2.02,0.127,167.317
Open Circuit,String-1_Panel-4,Critical,5,Replace Module,Replace Panel Section,773,Rainy,2023-07-18 01:00:00,1,4,457.62,4.84,0.284,457.904
Open Circuit,String-4_Panel-9,High,13,Replace Wiring,Adjust Tilt,264,Sunny,2023-07-18 04:00:00,4,9,140.18,2.49,0.124,140.304
Hotspot,String-3_Panel-19,Low,7,Inspect Cells,Clean Panel,806,Rainy,2023-07-18 04:00:00,3,19,95.8,1.11,0.063,95.863
Hotspot,String-4_Panel-5,Critical,13,Replace Module,Replace Module,937,Rainy,2023-07-18 07:00:00,4,5,450.97,7.08,0.395,451.365
Short Circuit,String-7_Panel-19,High,14,Replace Panel Section,Replace Wiring,445,Rainy,2023-07-18 08:00:00,7,19,360.57,4.32,0.182,360.752
Hotspot,String-4_Panel-19,Low,2,Inspect Cells,Inspect Junction Box,903,Sunny,2023-07-18 09:00:00,4,19,88.01,1.06,0.063,88.07300000000001
Hotspot,String-4_Panel-13,Critical,12,Replace Module,Replace Module,409,Cloudy,2023-07-18 12:00:00,4,13,514.59,7.03,0.369,514.9590000000001
Short Circuit,String-9_Panel-12,Medium,7,Replace Fuse,Replace Fuse,837,Sunny,2023-07-18 12:00:00,9,12,60.75,0.46,0.024,60.774
Open Circuit,String-4_Panel-10,High,5,Replace Module,Replace Connector,495,Sunny,2023-07-18 12:00:00,4,10,435.86,6.32,0.274,436.134
Hotspot,String-3_Panel-8,Medium,1,Inspect Cells,Replace Panel Section,662,Sunny,2023-07-18 13:00:00,3,8,79.37,1.12,0.047,79.417
Shadowing,String-1_Panel-4,Low,13,Clean Panel,Clean Panel,986,Sunny,2023-07-18 14:00:00,1,4,28.69,0.33,0.019,28.709
Open Circuit,String-8_Panel-9,Medium,9,Replace Wiring,Replace Connector,723,Cloudy,2023-07-18 15:00:00,8,9,160.43,1.52,0.083,160.513
Short Circuit,String-4_Panel-3,Medium,9,Replace Fuse,Inspect Junction Box,244,Cloudy,2023-07-18 16:00:00,4,3,60.21,0.47,0.031,60.241
Shadowing,String-10_Panel-18,Low,5,Remove Obstruction,Replace Module,366,Rainy,2023-07-18 16:00:00,10,18,46.02,0.5,0.032,46.052
Short Circuit,String-9_Panel-1,High,8,Replace Wiring,Tighten Connection,953,Cloudy,2023-07-18 16:00:00,9,1,156.72,2.11,0.103,156.823
Shadowing,String-5_Panel-20,Medium,9,Remove Obstruction,Remove Obstruction,276,Cloudy,2023-07-18 18:00:00,5,20,48.11,0.48,0.025,48.135
Shadowing,String-9_Panel-7,Critical,13,Replace Module,Replace Module,775,Sunny,2023-07-18 19:00:00,9,7,512.79,6.8,0.429,513.2189999999999
Shadowing,String-4_Panel-19,Medium,10,Clean Panel,Remove Obstruction,454,Sunny,2023-07-18 20:00:00,4,19,30.9,0.25,0.016,30.915999999999997
Hotspot,String-2_Panel-4,Critical,14,Replace Module,Inspect Junction Box,241,Rainy,2023-07-18 20:00:00,2,4,495.82,5.25,0.309,496.129
Hotspot,String-6_Panel-12,Critical,2,Replace Module,Clean Panel,984,Rainy,2023-07-18 21:00:00,6,12,549.02,6.7,0.428,549.448
Open Circuit,String-4_Panel-8,Medium,14,Replace Connector,Replace Connector,296,Rainy,2023-07-18 21:00:00,4,8,89.33,0.97,0.057,89.387
Hotspot,String-3_Panel-12,High,12,Replace Panel Section,Clean Panel,694,Rainy,2023-07-18 21:00:00,3,12,348.99,3.97,0.259,349.249
Hotspot,String-2_Panel-2,Critical,8,Replace Module,Replace Wiring,931,Rainy,2023-07-18 22:00:00,2,2,511.79,5.0,0.327,512.1170000000001
Hotspot,String-9_Panel-4,Critical,9,Replace Module,Replace Module,209,Rainy,2023-07-18 22:00:00,9,4,449.79,5.7,0.314,450.10400000000004
Shadowing,String-1_Panel-4,Critical,8,Reinstall Module,Clean Panel,337,Cloudy,2023-07-18 22:00:00,1,4,210.92,2.99,0.13,211.04999999999998
Shadowing,String-1_Panel-13,Medium,12,Remove Obstruction,Remove Obstruction,689,Rainy,2023-07-18 23:00:00,1,13,50.18,0.5,0.025,50.205
Shadowing,String-7_Panel-13,Low,13,Remove Obstruction,Replace Module,871,Rainy,2023-07-19 01:00:00,7,13,55.69,0.41,0.017,55.707
Shadowing,String-8_Panel-10,Medium,6,Remove Obstruction,Remove Obstruction,739,Rainy,2023-07-19 02:00:00,8,10,49.27,0.55,0.031,49.301
Shadowing,String-3_Panel-2,Critical,14,Replace Module,Replace Wiring,958,Sunny,2023-07-19 02:00:00,3,2,520.36,5.81,0.323,520.683
Open Circuit,String-1_Panel-10,High,13,Replace Wiring,Replace Wiring,740,Rainy,2023-07-19 02:00:00,1,10,150.03,2.47,0.138,150.168
Hotspot,String-10_Panel-7,Low,14,Inspect Cells,Clean Panel,560,Cloudy,2023-07-19 03:00:00,10,7,85.15,0.98,0.057,85.20700000000001
Short Circuit,String-6_Panel-12,Medium,1,Replace Fuse,Replace Wiring,816,Sunny,2023-07-19 05:00:00,6,12,57.18,0.51,0.021,57.201
Hotspot,String-10_Panel-2,High,2,Replace Panel Section,Replace Wiring,781,Cloudy,2023-07-19 05:00:00,10,2,328.33,4.17,0.229,328.55899999999997
Shadowing,String-2_Panel-12,Critical,8,Reinstall Module,Reinstall Module,324,Rainy,2023-07-19 06:00:00,2,12,201.52,3.56,0.195,201.715
Shadowing,String-9_Panel-13,Critical,5,Remove Obstruction,Adjust Tilt,517,Rainy,2023-07-19 07:00:00,9,13,60.42,0.5,0.033,60.453
Open Circuit,String-4_Panel-13,Critical,8,Replace Module,Reinstall Module,868,Rainy,2023-07-19 07:00:00,4,13,489.8,7.01,0.314,490.11400000000003
Hotspot,String-1_Panel-7,Low,1,Clean Panel,Remove Obstruction,539,Sunny,2023-07-19 08:00:00,1,7,31.09,0.29,0.018,31.108
Hotspot,String-1_Panel-18,High,1,Replace Module,Replace Connector,737,Sunny,2023-07-19 09:00:00,1,18,510.23,5.43,0.264,510.494
Short Circuit,String-6_Panel-5,Critical,9,Replace Panel Section,Adjust Tilt,665,Sunny,2023-07-19 09:00:00,6,5,359.46,4.22,0.253,359.71299999999997
Hotspot,String-3_Panel-6,High,10,Replace Panel Section,Remove Obstruction,716,Rainy,2023-07-19 11:00:00,3,6,348.04,3.57,0.213,348.25300000000004
Shadowing,String-7_Panel-3,Critical,8,Replace Module,Reinstall Module,439,Cloudy,2023-07-19 11:00:00,7,3,543.01,6.44,0.385,543.395
Short Circuit,String-1_Panel-7,Low,3,Inspect Junction Box,Inspect Junction Box,448,Cloudy,2023-07-19 12:00:00,1,7,65.36,1.07,0.058,65.418
Shadowing,String-1_Panel-11,Medium,12,Remove Obstruction,Remove Obstruction,757,Rainy,2023-07-19 12:00:00,1,11,47.43,0.46,0.021,47.451
Shadowing,String-6_Panel-15,Medium,12,Remove Obstruction,Remove Obstruction,684,Sunny,2023-07-19 15:00:00,6,15,51.3,0.42,0.024,51.324
Hotspot,String-2_Panel-9,Critical,9,Replace Module,Reinstall Module,492,Rainy,2023-07-19 16:00:00,2,9,461.41,6.93,0.382,461.79200000000003
Hotspot,String-5_Panel-11,High,5,Replace Module,Replace Fuse,737,Cloudy,2023-07-19 16:00:00,5,11,599.59,6.48,0.277,599.8670000000001
Shadowing,String-2_Panel-12,Critical,6,Reinstall Module,Replace Connector,506,Cloudy,2023-07-19 17:00:00,2,12,187.22,3.09,0.13,187.35
Short Circuit,String-1_Panel-19,Critical,3,Replace Module,Adjust Tilt,952,Rainy,2023-07-19 17:00:00,1,19,569.34,5.33,0.237,569.577
Short Circuit,String-7_Panel-11,Critical,4,Replace Module,Replace Module,951,Sunny,2023-07-19 17:00:00,7,11,573.03,5.85,0.315,573.345
Shadowing,String-1_Panel-6,High,9,Remove Obstruction,Tighten Connection,285,Sunny,2023-07-19 18:00:00,1,6,46.87,0.51,0.029,46.899
Shadowing,String-1_Panel-10,High,8,Adjust Tilt,Inspect Cells,667,Rainy,2023-07-19 18:00:00,1,10,137.73,1.6,0.103,137.833
Open Circuit,String-4_Panel-19,Medium,10,Replace Module,Replace Connector,965,Sunny,2023-07-19 18:00:00,4,19,493.6,6.95,0.451,494.05100000000004
Shadowing,String-2_Panel-6,Low,1,Remove Obstruction,Replace Module,983,Rainy,2023-07-19 19:00:00,2,6,50.49,0.56,0.032,50.522
Open Circuit,String-4_Panel-16,High,9,Inspect Junction Box,Reinstall Module,912,Rainy,2023-07-19 20:00:00,4,16,72.37,1.2,0.073,72.443
Short Circuit,String-10_Panel-1,High,6,Replace Wiring,Reinstall Module,220,Sunny,2023-07-19 20:00:00,10,1,140.8,2.11,0.117,140.917
Hotspot,String-6_Panel-3,Medium,13,Inspect Cells,Inspect Cells,691,Rainy,2023-07-19 21:00:00,6,3,85.75,1.12,0.048,85.798
Open Circuit,String-8_Panel-7,Low,2,Tighten Connection,Inspect Cells,472,Sunny,2023-07-19 21:00:00,8,7,40.41,0.52,0.028,40.437999999999995
Hotspot,String-6_Panel-8,High,2,Replace Panel Section,Replace Panel Section,957,Cloudy,2023-07-19 22:00:00,6,8,312.62,4.77,0.237,312.857
Short Circuit,String-7_Panel-6,High,7,Replace Wiring,Replace Wiring,379,Rainy,2023-07-19 23:00:00,7,6,146.35,2.13,0.098,146.448
Open Circuit,String-7_Panel-13,Low,11,Tighten Connection,Tighten Connection,456,Sunny,2023-07-20 01:00:00,7,13,42.48,0.54,0.034,42.513999999999996
Open Circuit,String-1_Panel-1,Low,12,Tighten Connection,Inspect Junction Box,493,Sunny,2023-07-20 01:00:00,1,1,32.02,0.58,0.026,32.04600000000001
Hotspot,String-6_Panel-5,Medium,10,Inspect Cells,Inspect Cells,252,Sunny,2023-07-20 01:00:00,6,5,84.85,1.08,0.052,84.902
Hotspot,String-1_Panel-19,Low,13,Remove Obstruction,Tighten Connection,429,Rainy,2023-07-20 01:00:00,1,19,55.65,0.56,0.034,55.684
Short Circuit,String-9_Panel-3,Critical,5,Replace Wiring,Replace Module,604,Sunny,2023-07-20 04:00:00,9,3,140.92,1.43,0.07,140.98999999999998
Open Circuit,String-10_Panel-17,Medium,6,Replace Connector,Replace Connector,215,Rainy,2023-07-20 06:00:00,10,17,97.98,1.14,0.057,98.037
Hotspot,String-8_Panel-7,Critical,10,Replace Module,Replace Module,865,Cloudy,2023-07-20 07:00:00,8,7,513.59,5.59,0.243,513.8330000000001
Open Circuit,String-10_Panel-6,Low,6,Tighten Connection,Tighten Connection,834,Sunny,2023-07-20 07:00:00,10,6,39.48,0.44,0.026,39.506
Shadowing,String-10_Panel-13,High,1,Remove Obstruction,Adjust Tilt,338,Rainy,2023-07-20 08:00:00,10,13,44.79,0.49,0.022,44.812
Shadowing,String-6_Panel-5,Critical,9,Reinstall Module,Reinstall Module,745,Rainy,2023-07-20 09:00:00,6,5,204.74,3.0,0.195,204.935
Open Circuit,String-5_Panel-11,Critical,5,Replace Module,Replace Panel Section,559,Cloudy,2023-07-20 09:00:00,5,11,481.2,6.0,0.331,481.531
Hotspot,String-4_Panel-8,Critical,1,Replace Module,Replace Module,329,Cloudy,2023-07-20 10:00:00,4,8,514.31,7.41,0.45,514.76
Open Circuit,String-7_Panel-13,Low,2,Tighten Connection,Inspect Cells,420,Rainy,2023-07-20 10:00:00,7,13,41.71,0.47,0.023,41.733000000000004
Short Circuit,String-8_Panel-1,Medium,5,Replace Fuse,Replace Fuse,388,Cloudy,2023-07-20 11:00:00,8,1,59.89,0.65,0.035,59.925
Shadowing,String-3_Panel-13,High,7,Adjust Tilt,Adjust Tilt,791,Rainy,2023-07-20 11:00:00,3,13,123.47,1.8,0.102,123.572
Short Circuit,String-9_Panel-14,Critical,7,Replace Panel Section,Inspect Cells,962,Cloudy,2023-07-20 11:00:00,9,14,299.78,5.14,0.266,300.046
Hotspot,String-6_Panel-5,Medium,12,Inspect Cells,Remove Obstruction,508,Cloudy,2023-07-20 12:00:00,6,5,96.16,0.96,0.054,96.214
Shadowing,String-8_Panel-1,High,8,Remove Obstruction,Adjust Tilt,577,Cloudy,2023-07-20 13:00:00,8,1,45.57,0.52,0.029,45.599000000000004
Open Circuit,String-4_Panel-2,High,1,Replace Wiring,Replace Wiring,670,Rainy,2023-07-20 13:00:00,4,2,149.87,1.87,0.112,149.982
Hotspot,String-4_Panel-4,Medium,14,Inspect Cells,Inspect Cells,449,Sunny,2023-07-20 13:00:00,4,4,70.95,1.11,0.068,71.018
Open Circuit,String-7_Panel-5,High,1,Replace Wiring,Replace Connector,663,Sunny,2023-07-20 14:00:00,7,5,153.69,2.05,0.099,153.789
Short Circuit,String-5_Panel-11,Low,6,Inspect Junction Box,Inspect Junction Box,897,Cloudy,2023-07-20 14:00:00,5,11,65.06,0.95,0.042,65.102
Open Circuit,String-10_Panel-18,Critical,5,Replace Module,Replace Module,261,Cloudy,2023-07-20 14:00:00,10,18,566.28,6.73,0.438,566.718
Shadowing,String-3_Panel-19,Low,3,Remove Obstruction,Clean Panel,348,Cloudy,2023-07-20 16:00:00,3,19,44.25,0.57,0.028,44.278
Open Circuit,String-4_Panel-20,Critical,13,Replace Module,Replace Module,637,Sunny,2023-07-20 17:00:00,4,20,525.71,5.73,0.274,525.984
Hotspot,String-10_Panel-14,High,12,Replace Panel Section,Tighten Connection,512,Sunny,2023-07-20 18:00:00,10,14,342.21,4.57,0.282,342.49199999999996
Open Circuit,String-9_Panel-8,High,2,Replace Wiring,Reinstall Module,967,Sunny,2023-07-20 20:00:00,9,8,140.85,2.3,0.116,140.966
Hotspot,String-4_Panel-12,Medium,5,Replace Panel Section,Remove Obstruction,901,Rainy,2023-07-20 20:00:00,4,12,365.54,3.95,0.22,365.76000000000005
Short Circuit,String-1_Panel-7,Medium,4,Replace Fuse,Replace Fuse,299,Sunny,2023-07-20 21:00:00,1,7,60.22,0.48,0.026,60.246
Short Circuit,String-7_Panel-15,Medium,14,Replace Fuse,Replace Connector,680,Cloudy,2023-07-20 21:00:00,7,15,51.74,0.55,0.035,51.775
Hotspot,String-1_Panel-15,Low,12,Inspect Cells,Clean Panel,576,Sunny,2023-07-20 21:00:00,1,15,86.25,0.95,0.06,86.31
Hotspot,String-7_Panel-17,High,14,Replace Wiring,Replace Panel Section,892,Sunny,2023-07-20 22:00:00,7,17,144.89,2.35,0.137,145.027
Hotspot,String-7_Panel-7,Critical,9,Replace Module,Replace Module,710,Sunny,2023-07-21 00:00:00,7,7,516.19,5.33,0.255,516.445
Open Circuit,String-2_Panel-16,Low,5,Tighten Connection,Remove Obstruction,883,Sunny,2023-07-21 01:00:00,2,16,40.44,0.49,0.029,40.469
Hotspot,String-1_Panel-16,Critical,1,Reinstall Module,Replace Module,393,Sunny,2023-07-21 02:00:00,1,16,191.84,2.89,0.174,192.014
Shadowing,String-7_Panel-9,Low,2,Remove Obstruction,Clean Panel,880,Rainy,2023-07-21 02:00:00,7,9,44.73,0.52,0.026,44.756
Short Circuit,String-6_Panel-13,High,14,Replace Module,Replace Wiring,697,Rainy,2023-07-21 02:00:00,6,13,496.26,5.49,0.334,496.594
Shadowing,String-1_Panel-14,Low,11,Adjust Tilt,Replace Connector,898,Cloudy,2023-07-21 03:00:00,1,14,111.95,2.06,0.106,112.056
Short Circuit,String-1_Panel-2,Low,14,Inspect Junction Box,Inspect Junction Box,729,Sunny,2023-07-21 03:00:00,1,2,70.27,1.28,0.066,70.336
Open Circuit,String-6_Panel-12,Low,9,Replace Wiring,Clean Panel,888,Sunny,2023-07-21 04:00:00,6,12,157.26,2.17,0.137,157.397
Hotspot,String-8_Panel-13,High,12,Replace Panel Section,Replace Panel Section,213,Cloudy,2023-07-21 05:00:00,8,13,327.01,4.01,0.23,327.24
Short Circuit,String-8_Panel-9,Medium,8,Replace Fuse,Replace Panel Section,365,Sunny,2023-07-21 05:00:00,8,9,57.18,0.47,0.03,57.21
Open Circuit,String-9_Panel-2,High,9,Replace Wiring,Tighten Connection,972,Rainy,2023-07-21 06:00:00,9,2,126.34,2.36,0.12,126.46000000000001
Shadowing,String-7_Panel-20,High,11,Adjust Tilt,Replace Module,628,Sunny,2023-07-21 06:00:00,7,20,121.64,2.16,0.115,121.755
Open Circuit,String-10_Panel-17,Critical,7,Replace Panel Section,Replace Wiring,816,Cloudy,2023-07-21 08:00:00,10,17,286.09,4.45,0.272,286.36199999999997
Shadowing,String-4_Panel-17,Low,11,Clean Panel,Clean Panel,899,Sunny,2023-07-21 09:00:00,4,17,35.5,0.29,0.018,35.518
Shadowing,String-7_Panel-20,Medium,11,Remove Obstruction,Remove Obstruction,272,Sunny,2023-07-21 09:00:00,7,20,49.29,0.63,0.033,49.323
Shadowing,String-3_Panel-17,Medium,9,Remove Obstruction,Remove Obstruction,411,Cloudy,2023-07-21 10:00:00,3,17,54.66,0.54,0.028,54.687999999999995
Open Circuit,String-1_Panel-20,High,10,Inspect Junction Box,Replace Wiring,539,Rainy,2023-07-21 11:00:00,1,20,71.28,0.92,0.061,71.34100000000001
Open Circuit,String-4_Panel-18,Critical,13,Replace Panel Section,Replace Module,252,Cloudy,2023-07-21 14:00:00,4,18,347.5,3.77,0.209,347.709
Hotspot,String-6_Panel-4,Medium,4,Inspect Cells,Inspect Cells,533,Sunny,2023-07-21 16:00:00,6,4,87.39,1.14,0.061,87.45100000000001
Open Circuit,String-10_Panel-6,High,6,Replace Wiring,Replace Wiring,806,Sunny,2023-07-21 17:00:00,10,6,120.42,2.15,0.137,120.557
Shadowing,String-3_Panel-16,Critical,4,Remove Obstruction,Adjust Tilt,931,Rainy,2023-07-21 17:00:00,3,16,54.66,0.54,0.035,54.69499999999999
Short Circuit,String-2_Panel-20,Medium,11,Replace Fuse,Remove Obstruction,629,Cloudy,2023-07-21 17:00:00,2,20,58.69,0.45,0.025,58.714999999999996
Short Circuit,String-6_Panel-7,Critical,2,Replace Module,Remove Obstruction,427,Cloudy,2023-07-21 17:00:00,6,7,445.12,5.57,0.249,445.369
Shadowing,String-6_Panel-9,Medium,1,Remove Obstruction,Replace Fuse,982,Cloudy,2023-07-21 18:00:00,6,9,44.25,0.51,0.032,44.282
Short Circuit,String-1_Panel-9,Medium,2,Replace Fuse,Replace Fuse,251,Cloudy,2023-07-21 19:00:00,1,9,59.85,0.47,0.024,59.874
Open Circuit,String-5_Panel-5,Medium,9,Replace Connector,Replace Connector,720,Cloudy,2023-07-21 19:00:00,5,5,87.72,0.9,0.043,87.763
Short Circuit,String-7_Panel-13,Critical,13,Replace Module,Replace Module,212,Sunny,2023-07-21 20:00:00,7,13,456.7,6.5,0.377,457.077
Open Circuit,String-2_Panel-13,Critical,14,Replace Module,Replace Fuse,206,Rainy,2023-07-21 21:00:00,2,13,535.65,6.64,0.429,536.079
Short Circuit,String-8_Panel-7,Low,6,Inspect Junction Box,Reinstall Module,520,Cloudy,2023-07-21 22:00:00,8,7,74.48,0.75,0.035,74.515
Short Circuit,String-8_Panel-16,High,12,Reinstall Module,Replace Wiring,721,Rainy,2023-07-21 23:00:00,8,16,217.65,3.18,0.208,217.858
Open Circuit,String-7_Panel-7,High,7,Replace Wiring,Replace Wiring,532,Rainy,2023-07-22 00:00:00,7,7,170.45,2.07,0.131,170.581
Short Circuit,String-1_Panel-13,Low,5,Inspect Junction Box,Inspect Junction Box,270,Rainy,2023-07-22 00:00:00,1,13,64.63,0.94,0.052,64.682
Open Circuit,String-7_Panel-3,Low,4,Tighten Connection,Tighten Connection,808,Rainy,2023-07-22 00:00:00,7,3,38.1,0.44,0.028,38.128
Hotspot,String-10_Panel-8,Critical,1,Replace Module,Clean Panel,286,Sunny,2023-07-22 01:00:00,10,8,590.58,6.67,0.303,590.883
Short Circuit,String-10_Panel-7,Medium,8,Replace Fuse,Tighten Connection,813,Sunny,2023-07-22 02:00:00,10,7,64.87,0.52,0.028,64.89800000000001
Shadowing,String-3_Panel-8,Critical,4,Reinstall Module,Reinstall Module,501,Cloudy,2023-07-22 03:00:00,3,8,198.35,2.93,0.136,198.486
Short Circuit,String-7_Panel-14,Critical,13,Replace Module,Adjust Tilt,289,Sunny,2023-07-22 05:00:00,7,14,525.81,5.48,0.287,526.097
Short Circuit,String-5_Panel-9,Medium,13,Replace Fuse,Replace Fuse,803,Sunny,2023-07-22 05:00:00,5,9,61.47,0.53,0.031,61.501
Short Circuit,String-9_Panel-4,Low,11,Replace Fuse,Inspect Junction Box,933,Rainy,2023-07-22 08:00:00,9,4,54.57,0.58,0.027,54.597
Shadowing,String-3_Panel-5,High,14,Adjust Tilt,Adjust Tilt,830,Sunny,2023-07-22 09:00:00,3,5,100.92,2.32,0.119,101.039
Shadowing,String-10_Panel-15,Critical,1,Reinstall Module,Tighten Connection,592,Cloudy,2023-07-22 10:00:00,10,15,203.04,3.41,0.172,203.212
Open Circuit,String-10_Panel-13,Critical,11,Replace Module,Replace Module,390,Cloudy,2023-07-22 10:00:00,10,13,561.72,6.17,0.369,562.089
Open Circuit,String-1_Panel-19,Critical,8,Replace Panel Section,Replace Connector,735,Sunny,2023-07-22 10:00:00,1,19,268.13,4.42,0.222,268.352
Short Circuit,String-9_Panel-12,Medium,7,Replace Fuse,Replace Module,325,Sunny,2023-07-22 11:00:00,9,12,56.09,0.48,0.028,56.118
Hotspot,String-7_Panel-19,Medium,10,Replace Panel Section,Remove Obstruction,861,Sunny,2023-07-22 11:00:00,7,19,305.05,4.52,0.232,305.28200000000004
Shadowing,String-6_Panel-16,High,8,Remove Obstruction,Replace Connector,515,Rainy,2023-07-22 12:00:00,6,16,49.08,0.66,0.033,49.113
Shadowing,String-6_Panel-7,Critical,6,Reinstall Module,Reinstall Module,410,Cloudy,2023-07-22 12:00:00,6,7,208.77,2.62,0.15,208.92000000000002
Hotspot,String-8_Panel-17,High,12,Replace Module,Replace Panel Section,250,Cloudy,2023-07-22 13:00:00,8,17,526.18,6.61,0.344,526.524
Shadowing,String-2_Panel-12,Low,8,Remove Obstruction,Remove Obstruction,340,Cloudy,2023-07-22 13:00:00,2,12,48.53,0.48,0.027,48.557
Open Circuit,String-4_Panel-16,Low,7,Tighten Connection,Tighten Connection,469,Rainy,2023-07-22 13:00:00,4,16,42.02,0.52,0.025,42.045
Shadowing,String-2_Panel-6,High,13,Adjust Tilt,Replace Wiring,436,Rainy,2023-07-22 13:00:00,2,6,112.25,2.1,0.089,112.339
Shadowing,String-1_Panel-12,Medium,5,Clean Panel,Replace Connector,746,Cloudy,2023-07-22 14:00:00,1,12,29.54,0.34,0.019,29.558999999999997
Short Circuit,String-7_Panel-20,Medium,14,Replace Fuse,Replace Fuse,452,Cloudy,2023-07-22 15:00:00,7,20,66.79,0.52,0.031,66.82100000000001
Shadowing,String-5_Panel-1,Medium,9,Remove Obstruction,Remove Obstruction,212,Rainy,2023-07-22 15:00:00,5,1,48.34,0.49,0.032,48.372
Shadowing,String-3_Panel-4,Medium,11,Remove Obstruction,Remove Obstruction,998,Rainy,2023-07-22 15:00:00,3,4,53.37,0.48,0.03,53.4
Shadowing,String-6_Panel-18,Low,9,Remove Obstruction,Replace Panel Section,290,Sunny,2023-07-22 16:00:00,6,18,49.18,0.46,0.022,49.202
Open Circuit,String-5_Panel-7,High,12,Replace Wiring,Replace Wiring,255,Rainy,2023-07-22 17:00:00,5,7,159.12,1.82,0.118,159.238
Hotspot,String-5_Panel-6,High,7,Replace Panel Section,Replace Panel Section,407,Rainy,2023-07-22 17:00:00,5,6,300.08,3.73,0.202,300.282
Open Circuit,String-9_Panel-5,Low,6,Tighten Connection,Clean Panel,880,Sunny,2023-07-22 18:00:00,9,5,43.57,0.44,0.024,43.594
Open Circuit,String-3_Panel-1,Medium,5,Replace Connector,Adjust Tilt,542,Cloudy,2023-07-22 18:00:00,3,1,83.21,0.83,0.042,83.252
Open Circuit,String-5_Panel-10,High,6,Inspect Junction Box,Adjust Tilt,356,Rainy,2023-07-22 21:00:00,5,10,77.4,0.98,0.058,77.45800000000001
Shadowing,String-10_Panel-15,High,13,Reinstall Module,Adjust Tilt,699,Sunny,2023-07-22 21:00:00,10,15,206.51,3.05,0.179,206.689
Hotspot,String-2_Panel-18,Medium,5,Replace Panel Section,Inspect Cells,856,Sunny,2023-07-22 21:00:00,2,18,256.46,3.59,0.236,256.69599999999997
Shadowing,String-1_Panel-2,Medium,2,Remove Obstruction,Remove Obstruction,764,Sunny,2023-07-22 22:00:00,1,2,57.42,0.48,0.021,57.441
Short Circuit,String-1_Panel-17,Low,9,Replace Fuse,Inspect Junction Box,897,Rainy,2023-07-22 22:00:00,1,17,61.33,0.53,0.034,61.364
Shadowing,String-7_Panel-1,Low,7,Remove Obstruction,Replace Connector,905,Rainy,2023-07-22 23:00:00,7,1,39.89,0.69,0.037,39.927
Shadowing,String-5_Panel-12,Critical,4,Reinstall Module,Reinstall Module,299,Sunny,2023-07-23 01:00:00,5,12,196.83,2.74,0.163,196.99300000000002
Hotspot,String-9_Panel-13,Medium,4,Inspect Cells,Remove Obstruction,843,Cloudy,2023-07-23 01:00:00,9,13,88.37,1.01,0.053,88.423
Open Circuit,String-3_Panel-15,Critical,10,Replace Wiring,Replace Module,461,Rainy,2023-07-23 01:00:00,3,15,148.65,2.1,0.125,148.775
Open Circuit,String-7_Panel-5,Medium,9,Tighten Connection,Replace Connector,542,Cloudy,2023-07-23 02:00:00,7,5,41.1,0.52,0.027,41.127
Hotspot,String-3_Panel-10,Medium,8,Replace Panel Section,Inspect Cells,228,Sunny,2023-07-23 02:00:00,3,10,279.11,3.62,0.174,279.284
Short Circuit,String-3_Panel-3,Low,12,Replace Fuse,Inspect Junction Box,582,Rainy,2023-07-23 02:00:00,3,3,56.5,0.48,0.024,56.524
Short Circuit,String-10_Panel-4,Critical,13,Replace Module,Replace Connector,913,Rainy,2023-07-23 04:00:00,10,4,513.8,4.68,0.2,514.0
Hotspot,String-7_Panel-6,Medium,4,Inspect Cells,Inspect Cells,798,Sunny,2023-07-23 04:00:00,7,6,85.4,1.0,0.065,85.465
Shadowing,String-8_Panel-17,Critical,13,Replace Module,Reinstall Module,611,Sunny,2023-07-23 05:00:00,8,17,539.73,5.9,0.294,540.024
Open Circuit,String-2_Panel-1,Medium,6,Replace Connector,Replace Wiring,698,Sunny,2023-07-23 05:00:00,2,1,86.82,0.93,0.045,86.865
Hotspot,String-10_Panel-18,Medium,4,Replace Module,Inspect Cells,826,Rainy,2023-07-23 06:00:00,10,18,548.75,6.29,0.328,549.078
Shadowing,String-1_Panel-1,High,5,Adjust Tilt,Adjust Tilt,915,Sunny,2023-07-23 07:00:00,1,1,116.31,2.36,0.145,116.455
Shadowing,String-6_Panel-17,Low,10,Remove Obstruction,Adjust Tilt,803,Cloudy,2023-07-23 08:00:00,6,17,50.45,0.54,0.026,50.476000000000006
Open Circuit,String-6_Panel-8,Low,14,Tighten Connection,Tighten Connection,614,Rainy,2023-07-23 08:00:00,6,8,33.25,0.46,0.022,33.272
Shadowing,String-2_Panel-11,Medium,14,Remove Obstruction,Remove Obstruction,292,Rainy,2023-07-23 11:00:00,2,11,50.32,0.49,0.032,50.352
Open Circuit,String-6_Panel-4,Medium,8,Replace Connector,Replace Connector,475,Cloudy,2023-07-23 11:00:00,6,4,75.92,1.17,0.06,75.98
Short Circuit,String-10_Panel-3,Medium,11,Replace Fuse,Replace Fuse,665,Rainy,2023-07-23 12:00:00,10,3,57.94,0.46,0.021,57.961
Open Circuit,String-10_Panel-16,Critical,5,Replace Module,Inspect Cells,553,Rainy,2023-07-23 13:00:00,10,16,556.66,5.3,0.261,556.9209999999999
Shadowing,String-7_Panel-8,High,6,Adjust Tilt,Adjust Tilt,686,Sunny,2023-07-23 15:00:00,7,8,118.61,1.85,0.101,118.711
Hotspot,String-2_Panel-1,Low,6,Replace Module,Clean Panel,778,Rainy,2023-07-23 15:00:00,2,1,487.41,5.05,0.217,487.627
Short Circuit,String-3_Panel-15,High,1,Replace Wiring,Replace Wiring,742,Sunny,2023-07-23 15:00:00,3,15,147.35,2.15,0.133,147.483
Open Circuit,String-3_Panel-8,Critical,5,Replace Module,Replace Module,321,Sunny,2023-07-23 16:00:00,3,8,542.82,4.53,0.209,543.029
Shadowing,String-7_Panel-10,Critical,10,Replace Module,Reinstall Module,819,Cloudy,2023-07-23 18:00:00,7,10,543.69,5.08,0.309,543.999
Shadowing,String-5_Panel-10,Critical,10,Replace Module,Replace Connector,702,Cloudy,2023-07-23 18:00:00,5,10,462.15,6.01,0.321,462.471
Hotspot,String-2_Panel-7,Medium,12,Inspect Cells,Clean Panel,522,Rainy,2023-07-23 19:00:00,2,7,90.27,0.78,0.043,90.313
Open Circuit,String-9_Panel-5,High,2,Replace Module,Replace Wiring,445,Cloudy,2023-07-23 20:00:00,9,5,595.81,8.01,0.422,596.232
Hotspot,String-9_Panel-6,High,7,Replace Module,Replace Fuse,720,Cloudy,2023-07-23 23:00:00,9,6,463.24,6.31,0.295,463.535
Shadowing,String-5_Panel-13,Low,13,Remove Obstruction,Clean Panel,848,Rainy,2023-07-23 23:00:00,5,13,49.25,0.56,0.031,49.281
Short Circuit,String-4_Panel-6,Critical,5,Replace Module,Replace Module,714,Cloudy,2023-07-24 00:00:00,4,6,535.49,4.21,0.221,535.711
Hotspot,String-7_Panel-8,Medium,2,Inspect Cells,Inspect Cells,720,Cloudy,2023-07-24 00:00:00,7,8,84.96,0.96,0.056,85.01599999999999
Hotspot,String-9_Panel-16,Low,13,Clean Panel,Replace Fuse,443,Sunny,2023-07-24 00:00:00,9,16,28.8,0.31,0.014,28.814
Short Circuit,String-3_Panel-19,Critical,7,Replace Module,Replace Connector,919,Rainy,2023-07-24 02:00:00,3,19,522.54,6.53,0.277,522.817
Open Circuit,String-7_Panel-3,Critical,5,Replace Module,Replace Module,986,Sunny,2023-07-24 04:00:00,7,3,576.54,5.29,0.313,576.853
Short Circuit,String-1_Panel-5,Critical,5,Replace Module,Replace Module,823,Rainy,2023-07-24 04:00:00,1,5,566.3,5.74,0.35,566.65
Short Circuit,String-1_Panel-6,Medium,12,Replace Fuse,Replace Module,410,Sunny,2023-07-24 04:00:00,1,6,60.99,0.54,0.024,61.014
Short Circuit,String-8_Panel-17,Low,12,Inspect Junction Box,Clean Panel,784,Cloudy,2023-07-24 06:00:00,8,17,62.49,1.05,0.056,62.546
Short Circuit,String-8_Panel-9,High,1,Replace Wiring,Replace Wiring,651,Cloudy,2023-07-24 08:00:00,8,9,147.87,2.35,0.111,147.981
Hotspot,String-8_Panel-10,High,14,Replace Panel Section,Replace Panel Section,552,Cloudy,2023-07-24 08:00:00,8,10,279.06,4.11,0.244,279.30400000000003
Shadowing,String-9_Panel-5,Critical,7,Reinstall Module,Tighten Connection,445,Rainy,2023-07-24 09:00:00,9,5,205.21,2.31,0.137,205.347
Hotspot,String-8_Panel-15,High,1,Replace Module,Replace Panel Section,431,Sunny,2023-07-24 09:00:00,8,15,524.07,5.15,0.217,524.287
Shadowing,String-3_Panel-8,Critical,7,Replace Module,Reinstall Module,756,Rainy,2023-07-24 10:00:00,3,8,528.15,5.65,0.318,528.468
Short Circuit,String-9_Panel-1,High,5,Replace Wiring,Replace Wiring,661,Sunny,2023-07-24 10:00:00,9,1,157.09,2.29,0.134,157.224
Shadowing,String-1_Panel-6,Critical,1,Reinstall Module,Inspect Cells,533,Rainy,2023-07-24 12:00:00,1,6,197.6,2.93,0.187,197.787
Shadowing,String-2_Panel-4,High,3,Remove Obstruction,Adjust Tilt,205,Rainy,2023-07-24 13:00:00,2,4,52.72,0.46,0.02,52.74
Open Circuit,String-10_Panel-1,Critical,14,Replace Module,Reinstall Module,997,Cloudy,2023-07-24 14:00:00,10,1,488.97,6.15,0.395,489.365
Shadowing,String-1_Panel-4,Low,2,Adjust Tilt,Clean Panel,342,Rainy,2023-07-24 14:00:00,1,4,115.67,2.52,0.132,115.802
Shadowing,String-7_Panel-8,Critical,14,Replace Wiring,Adjust Tilt,697,Sunny,2023-07-24 15:00:00,7,8,146.34,1.84,0.077,146.417
Open Circuit,String-4_Panel-12,Medium,8,Replace Connector,Replace Connector,268,Sunny,2023-07-24 16:00:00,4,12,89.27,0.87,0.053,89.323
Open Circuit,String-9_Panel-11,Medium,14,Replace Connector,Replace Connector,333,Sunny,2023-07-24 16:00:00,9,11,94.39,1.12,0.057,94.447
Shadowing,String-3_Panel-16,Medium,7,Remove Obstruction,Tighten Connection,811,Rainy,2023-07-24 17:00:00,3,16,50.24,0.48,0.031,50.271
Short Circuit,String-5_Panel-6,Critical,1,Replace Module,Replace Module,262,Rainy,2023-07-24 18:00:00,5,6,481.75,4.88,0.316,482.066
Open Circuit,String-6_Panel-17,Low,5,Tighten Connection,Replace Panel Section,452,Sunny,2023-07-24 18:00:00,6,17,42.89,0.47,0.029,42.919000000000004
Open Circuit,String-9_Panel-20,Medium,5,Replace Wiring,Reinstall Module,787,Cloudy,2023-07-24 18:00:00,9,20,145.61,2.3,0.124,145.734
Short Circuit,String-3_Panel-18,Critical,7,Replace Module,Replace Fuse,275,Rainy,2023-07-24 18:00:00,3,18,537.06,5.33,0.323,537.3829999999999
Hotspot,String-7_Panel-7,Critical,9,Replace Module,Replace Module,571,Cloudy,2023-07-24 19:00:00,7,7,517.15,6.05,0.349,517.499
Short Circuit,String-7_Panel-4,Critical,3,Replace Module,Replace Module,801,Cloudy,2023-07-24 19:00:00,7,4,522.38,6.57,0.395,522.775
Shadowing,String-5_Panel-19,Critical,9,Reinstall Module,Reinstall Module,271,Cloudy,2023-07-24 21:00:00,5,19,227.91,3.02,0.199,228.109
Shadowing,String-8_Panel-20,High,8,Remove Obstruction,Adjust Tilt,220,Rainy,2023-07-24 21:00:00,8,20,52.55,0.52,0.028,52.577999999999996
Shadowing,String-5_Panel-6,Medium,6,Remove Obstruction,Remove Obstruction,419,Sunny,2023-07-24 21:00:00,5,6,48.96,0.37,0.019,48.979
Hotspot,String-4_Panel-13,Medium,4,Inspect Cells,Inspect Cells,649,Rainy,2023-07-24 22:00:00,4,13,96.2,0.93,0.06,96.26
Short Circuit,String-4_Panel-1,Critical,8,Replace Module,Reinstall Module,378,Cloudy,2023-07-24 22:00:00,4,1,453.31,5.25,0.273,453.583
Hotspot,String-9_Panel-2,Low,6,Clean Panel,Inspect Junction Box,266,Rainy,2023-07-24 23:00:00,9,2,29.75,0.32,0.018,29.768
Shadowing,String-6_Panel-8,Medium,11,Remove Obstruction,Replace Fuse,534,Sunny,2023-07-25 00:00:00,6,8,50.59,0.49,0.025,50.615
Short Circuit,String-4_Panel-19,Medium,4,Replace Fuse,Replace Panel Section,209,Cloudy,2023-07-25 00:00:00,4,19,54.27,0.58,0.028,54.298
Short Circuit,String-2_Panel-14,Low,9,Inspect Junction Box,Replace Panel Section,732,Sunny,2023-07-25 00:00:00,2,14,64.18,0.87,0.05,64.23
Hotspot,String-3_Panel-1,Medium,7,Inspect Cells,Adjust Tilt,408,Rainy,2023-07-25 02:00:00,3,1,87.31,0.98,0.053,87.363
Short Circuit,String-9_Panel-6,Medium,2,Inspect Junction Box,Replace Panel Section,925,Cloudy,2023-07-25 02:00:00,9,6,69.72,0.99,0.046,69.766
Shadowing,String-4_Panel-14,Critical,2,Reinstall Module,Inspect Cells,950,Cloudy,2023-07-25 02:00:00,4,14,191.6,3.59,0.18,191.78
Shadowing,String-5_Panel-12,Critical,13,Replace Module,Reinstall Module,820,Cloudy,2023-07-25 02:00:00,5,12,540.97,4.61,0.291,541.2610000000001
Shadowing,String-4_Panel-11,Critical,11,Replace Module,Reinstall Module,879,Cloudy,2023-07-25 02:00:00,4,11,498.59,6.01,0.265,498.85499999999996
Shadowing,String-6_Panel-20,High,12,Adjust Tilt,Adjust Tilt,777,Rainy,2023-07-25 04:00:00,6,20,127.26,2.24,0.106,127.366
Short Circuit,String-1_Panel-10,Critical,10,Replace Module,Replace Module,551,Cloudy,2023-07-25 04:00:00,1,10,504.1,5.24,0.317,504.41700000000003
Short Circuit,String-8_Panel-3,Critical,10,Replace Module,Adjust Tilt,690,Cloudy,2023-07-25 05:00:00,8,3,593.05,6.05,0.389,593.439
Hotspot,String-8_Panel-6,Critical,13,Replace Module,Replace Panel Section,263,Sunny,2023-07-25 06:00:00,8,6,510.23,5.64,0.295,510.52500000000003
Short Circuit,String-8_Panel-5,High,11,Replace Module,Replace Wiring,316,Sunny,2023-07-25 07:00:00,8,5,515.59,6.29,0.347,515.937
Open Circuit,String-2_Panel-11,Critical,11,Replace Module,Replace Module,303,Sunny,2023-07-25 08:00:00,2,11,534.46,6.4,0.393,534.8530000000001
Short Circuit,String-1_Panel-8,Critical,4,Replace Module,Replace Module,209,Sunny,2023-07-25 08:00:00,1,8,481.98,5.97,0.376,482.356
Hotspot,String-5_Panel-20,Critical,13,Replace Module,Inspect Cells,496,Rainy,2023-07-25 12:00:00,5,20,498.27,6.17,0.348,498.618
Short Circuit,String-5_Panel-18,Low,2,Inspect Junction Box,Reinstall Module,375,Rainy,2023-07-25 13:00:00,5,18,76.65,1.17,0.077,76.727
Hotspot,String-2_Panel-8,High,12,Replace Panel Section,Remove Obstruction,324,Cloudy,2023-07-25 14:00:00,2,8,290.23,3.86,0.233,290.463
Short Circuit,String-1_Panel-13,Low,1,Inspect Junction Box,Inspect Junction Box,373,Cloudy,2023-07-25 15:00:00,1,13,68.66,0.93,0.04,68.7
Open Circuit,String-6_Panel-16,High,5,Inspect Junction Box,Replace Wiring,751,Rainy,2023-07-25 15:00:00,6,16,72.71,0.84,0.053,72.76299999999999
Hotspot,String-1_Panel-14,Medium,13,Replace Panel Section,Replace Connector,915,Rainy,2023-07-25 17:00:00,1,14,320.54,4.5,0.262,320.802
Open Circuit,String-7_Panel-20,Medium,8,Replace Wiring,Remove Obstruction,980,Sunny,2023-07-25 19:00:00,7,20,156.89,2.02,0.089,156.97899999999998
Short Circuit,String-4_Panel-2,Low,5,Inspect Junction Box,Replace Connector,442,Cloudy,2023-07-25 20:00:00,4,2,68.89,1.19,0.074,68.964
Shadowing,String-3_Panel-5,Low,10,Clean Panel,Clean Panel,202,Sunny,2023-07-25 20:00:00,3,5,32.28,0.3,0.019,32.299
Hotspot,String-3_Panel-18,Low,5,Clean Panel,Replace Wiring,545,Sunny,2023-07-25 20:00:00,3,18,34.68,0.37,0.023,34.703
Short Circuit,String-3_Panel-5,Critical,13,Replace Module,Replace Wiring,652,Cloudy,2023-07-25 21:00:00,3,5,527.35,6.51,0.34,527.69
Open Circuit,String-4_Panel-16,Low,6,Tighten Connection,Tighten Connection,594,Cloudy,2023-07-25 22:00:00,4,16,44.85,0.58,0.035,44.885
Open Circuit,String-5_Panel-6,Low,7,Tighten Connection,Tighten Connection,320,Cloudy,2023-07-25 23:00:00,5,6,47.29,0.56,0.024,47.314
Open Circuit,String-3_Panel-1,Low,5,Tighten Connection,Tighten Connection,228,Rainy,2023-07-25 23:00:00,3,1,38.23,0.57,0.037,38.266999999999996
Open Circuit,String-7_Panel-19,High,1,Inspect Junction Box,Replace Connector,203,Rainy,2023-07-25 23:00:00,7,19,67.71,0.97,0.053,67.76299999999999
Open Circuit,String-1_Panel-1,Low,6,Tighten Connection,Inspect Cells,952,Rainy,2023-07-25 23:00:00,1,1,39.38,0.42,0.02,39.400000000000006
Short Circuit,String-4_Panel-2,Low,3,Inspect Junction Box,Inspect Cells,874,Sunny,2023-07-26 00:00:00,4,2,67.74,1.24,0.08,67.82
Shadowing,String-3_Panel-12,Critical,3,Reinstall Module,Tighten Connection,748,Cloudy,2023-07-26 01:00:00,3,12,220.28,3.23,0.179,220.459
Short Circuit,String-1_Panel-4,High,6,Inspect Junction Box,Replace Wiring,891,Cloudy,2023-07-26 02:00:00,1,4,73.19,1.03,0.067,73.25699999999999
Open Circuit,String-8_Panel-18,Low,3,Tighten Connection,Clean Panel,254,Cloudy,2023-07-26 02:00:00,8,18,47.96,0.48,0.025,47.985
Hotspot,String-2_Panel-19,Low,13,Inspect Cells,Inspect Junction Box,667,Cloudy,2023-07-26 03:00:00,2,19,84.96,1.06,0.061,85.021
Hotspot,String-4_Panel-17,Medium,8,Inspect Cells,Inspect Cells,453,Sunny,2023-07-26 03:00:00,4,17,70.33,0.98,0.043,70.373
Open Circuit,String-10_Panel-19,Medium,12,Replace Connector,Replace Connector,905,Sunny,2023-07-26 04:00:00,10,19,84.49,1.11,0.054,84.544
Shadowing,String-5_Panel-9,Critical,1,Reinstall Module,Clean Panel,836,Rainy,2023-07-26 04:00:00,5,9,196.94,3.33,0.147,197.087
Short Circuit,String-1_Panel-15,Low,11,Inspect Junction Box,Replace Wiring,893,Sunny,2023-07-26 05:00:00,1,15,72.36,1.12,0.054,72.414
Shadowing,String-1_Panel-3,Low,1,Remove Obstruction,Inspect Cells,742,Rainy,2023-07-26 05:00:00,1,3,43.42,0.48,0.021,43.441
Hotspot,String-5_Panel-4,Medium,7,Clean Panel,Inspect Cells,849,Rainy,2023-07-26 06:00:00,5,4,31.58,0.33,0.017,31.596999999999998
Shadowing,String-4_Panel-9,Low,4,Clean Panel,Clean Panel,593,Cloudy,2023-07-26 07:00:00,4,9,31.17,0.33,0.02,31.19
Shadowing,String-5_Panel-1,Low,3,Remove Obstruction,Inspect Junction Box,652,Rainy,2023-07-26 08:00:00,5,1,49.57,0.42,0.021,49.591
Open Circuit,String-3_Panel-13,Critical,6,Replace Module,Replace Module,324,Rainy,2023-07-26 08:00:00,3,13,587.24,6.79,0.314,587.554
Hotspot,String-7_Panel-13,High,1,Replace Panel Section,Replace Fuse,816,Cloudy,2023-07-26 08:00:00,7,13,315.35,3.52,0.17,315.52000000000004
Hotspot,String-10_Panel-17,High,3,Replace Panel Section,Replace Panel Section,756,Rainy,2023-07-26 09:00:00,10,17,348.43,4.2,0.213,348.64300000000003
Short Circuit,String-4_Panel-14,Medium,4,Replace Fuse,Replace Fuse,333,Sunny,2023-07-26 09:00:00,4,14,60.5,0.39,0.024,60.524
Shadowing,String-8_Panel-11,Medium,1,Remove Obstruction,Clean Panel,486,Cloudy,2023-07-26 10:00:00,8,11,47.23,0.43,0.02,47.25
Open Circuit,String-4_Panel-10,Critical,14,Replace Module,Clean Panel,935,Cloudy,2023-07-26 10:00:00,4,10,543.27,6.17,0.348,543.6179999999999
Shadowing,String-2_Panel-15,Medium,8,Remove Obstruction,Remove Obstruction,252,Rainy,2023-07-26 11:00:00,2,15,52.54,0.46,0.03,52.57
Short Circuit,String-6_Panel-5,Low,7,Replace Fuse,Tighten Connection,786,Rainy,2023-07-26 11:00:00,6,5,58.63,0.58,0.036,58.666000000000004
Shadowing,String-3_Panel-1,Critical,2,Reinstall Module,Adjust Tilt,406,Sunny,2023-07-26 11:00:00,3,1,206.08,2.48,0.149,206.229
Short Circuit,String-5_Panel-1,Medium,14,Replace Fuse,Inspect Cells,983,Sunny,2023-07-26 12:00:00,5,1,59.73,0.44,0.023,59.753
Shadowing,String-1_Panel-5,Medium,13,Adjust Tilt,Remove Obstruction,876,Sunny,2023-07-26 12:00:00,1,5,124.18,2.0,0.095,124.275
Open Circuit,String-6_Panel-20,Critical,11,Replace Module,Replace Module,753,Sunny,2023-07-26 12:00:00,6,20,508.63,5.66,0.295,508.925
Open Circuit,String-4_Panel-11,Critical,9,Replace Wiring,Replace Module,623,Rainy,2023-07-26 12:00:00,4,11,151.03,1.9,0.087,151.117
Open Circuit,String-6_Panel-2,Medium,12,Replace Connector,Remove Obstruction,409,Sunny,2023-07-26 13:00:00,6,2,90.48,1.12,0.064,90.544
Open Circuit,String-2_Panel-11,Low,8,Tighten Connection,Replace Panel Section,342,Cloudy,2023-07-26 13:00:00,2,11,44.55,0.57,0.032,44.581999999999994
Hotspot,String-8_Panel-13,Critical,6,Replace Module,Replace Module,276,Rainy,2023-07-26 13:00:00,8,13,576.93,7.13,0.461,577.391
Hotspot,String-9_Panel-17,High,3,Replace Module,Replace Connector,390,Rainy,2023-07-26 14:00:00,9,17,546.93,6.88,0.327,547.257
Shadowing,String-5_Panel-15,Critical,12,Replace Module,Reinstall Module,962,Rainy,2023-07-26 15:00:00,5,15,487.94,6.47,0.293,488.233
Shadowing,String-1_Panel-18,Medium,5,Remove Obstruction,Remove Obstruction,754,Rainy,2023-07-26 15:00:00,1,18,57.39,0.42,0.024,57.414
Hotspot,String-2_Panel-12,High,7,Replace Module,Replace Panel Section,997,Sunny,2023-07-26 16:00:00,2,12,444.68,6.1,0.288,444.968
Short Circuit,String-7_Panel-7,Low,13,Replace Fuse,Inspect Junction Box,415,Rainy,2023-07-26 17:00:00,7,7,59.79,0.51,0.025,59.815
Open Circuit,String-8_Panel-1,Low,3,Tighten Connection,Tighten Connection,581,Rainy,2023-07-26 17:00:00,8,1,39.63,0.52,0.029,39.659000000000006
Open Circuit,String-4_Panel-14,High,2,Replace Wiring,Clean Panel,925,Cloudy,2023-07-26 18:00:00,4,14,139.85,1.98,0.092,139.942
Shadowing,String-7_Panel-3,High,4,Adjust Tilt,Inspect Cells,943,Cloudy,2023-07-26 19:00:00,7,3,128.91,2.31,0.107,129.017
Shadowing,String-7_Panel-18,High,14,Remove Obstruction,Tighten Connection,307,Cloudy,2023-07-26 20:00:00,7,18,51.42,0.55,0.029,51.449000000000005
Shadowing,String-5_Panel-9,Critical,13,Replace Module,Reinstall Module,405,Sunny,2023-07-26 21:00:00,5,9,493.55,5.91,0.319,493.869
Short Circuit,String-9_Panel-12,Critical,9,Replace Module,Replace Module,371,Rainy,2023-07-26 21:00:00,9,12,536.93,6.76,0.412,537.342
Open Circuit,String-2_Panel-13,Low,11,Tighten Connection,Remove Obstruction,706,Sunny,2023-07-26 22:00:00,2,13,41.39,0.46,0.029,41.419000000000004
Short Circuit,String-2_Panel-10,Critical,11,Replace Module,Inspect Junction Box,824,Sunny,2023-07-26 23:00:00,2,10,605.51,5.28,0.313,605.823
Open Circuit,String-10_Panel-2,Critical,11,Replace Module,Replace Module,508,Cloudy,2023-07-26 23:00:00,10,2,528.93,6.19,0.311,529.241
Open Circuit,String-8_Panel-9,High,13,Replace Wiring,Adjust Tilt,890,Sunny,2023-07-27 00:00:00,8,9,174.01,1.81,0.108,174.118
Open Circuit,String-7_Panel-10,Medium,12,Replace Connector,Reinstall Module,263,Cloudy,2023-07-27 01:00:00,7,10,101.58,1.11,0.057,101.637
Short Circuit,String-1_Panel-18,High,10,Replace Wiring,Replace Wiring,413,Rainy,2023-07-27 01:00:00,1,18,142.92,2.27,0.149,143.069
Open Circuit,String-6_Panel-9,Medium,10,Replace Wiring,Remove Obstruction,916,Cloudy,2023-07-27 01:00:00,6,9,152.27,1.86,0.079,152.34900000000002
Open Circuit,String-3_Panel-7,Medium,7,Replace Connector,Tighten Connection,565,Sunny,2023-07-27 01:00:00,3,7,101.87,0.87,0.053,101.923
Shadowing,String-5_Panel-19,Medium,14,Remove Obstruction,Replace Fuse,682,Sunny,2023-07-27 01:00:00,5,19,47.49,0.48,0.029,47.519000000000005
Hotspot,String-8_Panel-8,Low,5,Inspect Cells,Clean Panel,960,Rainy,2023-07-27 02:00:00,8,8,91.52,1.06,0.054,91.574
Short Circuit,String-3_Panel-1,Critical,10,Replace Module,Replace Panel Section,490,Cloudy,2023-07-27 04:00:00,3,1,531.52,6.45,0.34,531.86
Open Circuit,String-1_Panel-11,Critical,9,Replace Module,Clean Panel,565,Cloudy,2023-07-27 04:00:00,1,11,564.58,5.4,0.279,564.859
Hotspot,String-10_Panel-4,Low,2,Inspect Cells,Replace Module,456,Rainy,2023-07-27 05:00:00,10,4,87.31,0.99,0.061,87.37100000000001
Shadowing,String-3_Panel-13,Medium,11,Remove Obstruction,Replace Fuse,984,Cloudy,2023-07-27 05:00:00,3,13,50.57,0.48,0.024,50.594
Short Circuit,String-8_Panel-20,Low,10,Inspect Junction Box,Remove Obstruction,922,Sunny,2023-07-27 06:00:00,8,20,73.97,1.04,0.064,74.03399999999999
Shadowing,String-5_Panel-2,Critical,13,Replace Module,Reinstall Module,632,Cloudy,2023-07-27 06:00:00,5,2,490.66,7.57,0.359,491.019
Hotspot,String-9_Panel-2,Critical,10,Replace Module,Replace Module,936,Sunny,2023-07-27 07:00:00,9,2,524.71,5.79,0.3,525.01
Short Circuit,String-9_Panel-16,Medium,13,Replace Connector,Replace Wiring,541,Rainy,2023-07-27 07:00:00,9,16,86.73,0.91,0.056,86.786
Short Circuit,String-1_Panel-1,Critical,10,Replace Module,Replace Module,482,Rainy,2023-07-27 08:00:00,1,1,469.88,6.71,0.331,470.211
Hotspot,String-3_Panel-5,Medium,13,Replace Panel Section,Inspect Cells,952,Rainy,2023-07-27 08:00:00,3,5,310.25,4.26,0.18,310.43
Hotspot,String-6_Panel-10,Low,9,Replace Module,Clean Panel,887,Rainy,2023-07-27 09:00:00,6,10,474.2,5.21,0.334,474.534
Hotspot,String-3_Panel-7,High,4,Replace Panel Section,Replace Panel Section,390,Rainy,2023-07-27 09:00:00,3,7,335.45,4.12,0.189,335.639
Hotspot,String-3_Panel-20,Critical,14,Replace Module,Replace Module,538,Sunny,2023-07-27 10:00:00,3,20,512.08,5.77,0.274,512.354
Open Circuit,String-3_Panel-19,Critical,3,Replace Module,Clean Panel,440,Rainy,2023-07-27 11:00:00,3,19,522.55,6.38,0.326,522.876
Short Circuit,String-4_Panel-18,Low,3,Inspect Junction Box,Inspect Junction Box,528,Sunny,2023-07-27 13:00:00,4,18,79.91,0.88,0.053,79.963
Hotspot,String-9_Panel-7,Critical,14,Replace Module,Replace Module,379,Cloudy,2023-07-27 14:00:00,9,7,525.53,6.18,0.328,525.858
Hotspot,String-4_Panel-8,Critical,11,Replace Module,Replace Module,303,Sunny,2023-07-27 16:00:00,4,8,545.07,6.18,0.313,545.383
Shadowing,String-7_Panel-5,Low,7,Clean Panel,Replace Fuse,925,Sunny,2023-07-27 18:00:00,7,5,29.72,0.27,0.012,29.732
Open Circuit,String-3_Panel-8,Low,1,Tighten Connection,Tighten Connection,480,Rainy,2023-07-27 18:00:00,3,8,35.72,0.52,0.031,35.751
Hotspot,String-7_Panel-5,Low,9,Inspect Cells,Reinstall Module,865,Sunny,2023-07-27 18:00:00,7,5,86.8,0.74,0.043,86.843
Hotspot,String-2_Panel-1,Critical,1,Replace Module,Replace Module,438,Rainy,2023-07-27 19:00:00,2,1,511.9,5.21,0.222,512.122
Shadowing,String-3_Panel-1,High,14,Remove Obstruction,Adjust Tilt,620,Sunny,2023-07-27 19:00:00,3,1,53.52,0.46,0.024,53.544000000000004
Hotspot,String-9_Panel-7,Low,4,Clean Panel,Clean Panel,357,Sunny,2023-07-27 19:00:00,9,7,25.17,0.28,0.017,25.187
Shadowing,String-8_Panel-19,High,10,Adjust Tilt,Reinstall Module,827,Cloudy,2023-07-27 20:00:00,8,19,115.05,1.84,0.118,115.16799999999999
Short Circuit,String-2_Panel-16,High,3,Replace Wiring,Replace Wiring,307,Rainy,2023-07-27 20:00:00,2,16,155.55,2.05,0.095,155.645
Open Circuit,String-6_Panel-8,Low,7,Tighten Connection,Tighten Connection,852,Cloudy,2023-07-27 22:00:00,6,8,37.9,0.43,0.027,37.927
Hotspot,String-10_Panel-18,Medium,10,Inspect Cells,Inspect Cells,421,Sunny,2023-07-27 22:00:00,10,18,80.98,0.75,0.041,81.021
Hotspot,String-5_Panel-10,Medium,13,Inspect Cells,Inspect Cells,831,Rainy,2023-07-28 00:00:00,5,10,92.51,1.1,0.064,92.574
Shadowing,String-7_Panel-17,Medium,5,Remove Obstruction,Inspect Cells,477,Cloudy,2023-07-28 00:00:00,7,17,50.53,0.59,0.031,50.561
Short Circuit,String-4_Panel-3,Medium,11,Replace Fuse,Replace Fuse,876,Sunny,2023-07-28 01:00:00,4,3,55.37,0.57,0.029,55.399
Open Circuit,String-9_Panel-16,Critical,11,Replace Module,Replace Module,357,Sunny,2023-07-28 02:00:00,9,16,492.08,6.4,0.373,492.453
Hotspot,String-1_Panel-9,Critical,11,Replace Module,Replace Module,268,Cloudy,2023-07-28 03:00:00,1,9,485.16,5.38,0.244,485.40400000000005
Hotspot,String-8_Panel-9,High,4,Replace Panel Section,Replace Panel Section,997,Rainy,2023-07-28 03:00:00,8,9,325.27,4.73,0.232,325.502
Hotspot,String-2_Panel-19,Low,8,Clean Panel,Clean Panel,473,Sunny,2023-07-28 05:00:00,2,19,29.26,0.35,0.016,29.276
Short Circuit,String-3_Panel-15,High,1,Replace Wiring,Replace Module,505,Cloudy,2023-07-28 05:00:00,3,15,151.74,1.63,0.081,151.821
Open Circuit,String-10_Panel-15,Medium,8,Replace Wiring,Inspect Cells,792,Rainy,2023-07-28 05:00:00,10,15,137.35,2.01,0.122,137.472
Open Circuit,String-10_Panel-12,Medium,13,Replace Connector,Replace Connector,541,Sunny,2023-07-28 07:00:00,10,12,101.54,0.81,0.05,101.59
Short Circuit,String-2_Panel-9,Critical,8,Replace Module,Tighten Connection,529,Sunny,2023-07-28 07:00:00,2,9,530.18,6.38,0.342,530.5219999999999
Open Circuit,String-2_Panel-3,Critical,7,Replace Module,Replace Fuse,998,Rainy,2023-07-28 07:00:00,2,3,447.81,5.81,0.291,448.101
Open Circuit,String-8_Panel-16,Low,12,Replace Wiring,Clean Panel,339,Rainy,2023-07-28 08:00:00,8,16,172.65,1.9,0.092,172.74200000000002
